target,district,county,subcounty,population,dry_mean_h,worst_month,worst_month_mean_h,dry_share_over_1h,worst_month_share_over_1h,extra_people_over_1h,wet_day_share_over_1h
HC IV or hospital,Buikwe,Njeru Municipality,Njeru Division,98037.43713378906,0.8385583038120515,4,0.8849376224609675,0.25221044216924343,0.36306876825425494,10868.266174316404,0.52699264309786
HC IV or hospital,Wakiso,Busiro,Katabi Town Council,165169.6874730587,0.8248953927911977,4,0.8480594284980149,0.3271655909848574,0.3868226106627787,9853.531295776367,0.4298864371961607
HC IV or hospital,Wakiso,Kyadondo,Kasangati Town Council,235378.41506958008,0.676806212026697,4,0.7129643869774488,0.14302802890589025,0.1785542584563295,8362.107604980469,0.260842517682116
HC IV or hospital,Tororo,West Budama (Kisolo),Mulanda,50717.251052856445,0.982093149563466,4,1.1477329278070894,0.45057956778650693,0.6088128131037164,8025.155227661133,0.7571111222860522
HC IV or hospital,Wakiso,Kira Municipality,Kira Division,191983.50708007812,1.4121157076651667,4,1.4545871279832865,0.9044156555170803,0.9415058878965465,7120.71289062501,0.9624764494534084
HC IV or hospital,Tororo,Tororo,Osukuru,57640.14288330078,1.410457422098052,4,1.553602311239207,0.7226009195673198,0.8399779766345442,6765.630340576167,0.8734844175181007
HC IV or hospital,Wakiso,Kira Municipality,Namugongo Division,172145.81396484375,1.1441396289150512,4,1.167092537287601,0.668794977976562,0.7059454760751162,6395.302734374992,0.7059454760751162
HC IV or hospital,Wakiso,Kira Municipality,Bweyogerere Division,141789.44484329224,0.6928123892096087,4,0.7201220150840335,0.15842962574871336,0.20256845950550265,6258.42073440552,0.30515396110526366
HC IV or hospital,Mayuge,Bunya,Baitambogwe,52990.85673522949,1.196007517652858,4,1.2979537776177748,0.5864921459610439,0.7019196671941615,6116.603240966796,0.8260482433523628
HC IV or hospital,Butebo,Butebo,Petete,36117.2431640625,1.0161324357093309,4,1.1180728676423952,0.4700642309874225,0.6390568745608411,6103.548400878905,0.8684841619728199
HC IV or hospital,Mubende,Mubende Municipality,Eastern Division,35069.64717102051,1.184761794035977,10,1.2545364862265758,0.5759739920647938,0.7496071961159276,6089.255203247071,0.970489683663224
HC IV or hospital,Wakiso,Busiro,Wakiso,287273.6805419922,0.9396586169741696,4,0.977860635109352,0.3767888955304915,0.3979174240979681,6069.670166015629,0.48453271431858913
HC IV or hospital,Yumbe,Aringa,Kuru,60524.696868896484,0.8314460065254832,10,0.8884899673731926,0.24811066038535978,0.34491991566787955,5859.350830078125,0.6104624587772453
HC IV or hospital,Mbale,Bungokho,Bufumbo,20954.404907226562,0.7724171880499506,4,0.8621378760593613,0.13965903287565423,0.41340166202678535,5736.113891601563,0.6445611762214959
HC IV or hospital,Namutumba,Busiki,Nsinze,36710.85806274414,0.8546523532311183,4,0.9553534679433672,0.3111277140626993,0.46226903188036184,5548.527465820312,0.6599609856139983
HC IV or hospital,Wakiso,Makindye Ssabagabo Municipality,Ndejje Division,185163.69696044922,0.5704320948446305,4,0.5838166859510842,0.03467618576077899,0.06373129222089426,5379.950927734374,0.06603293718858805
HC IV or hospital,Wakiso,Nansana Municipality,Gombe Division,122560.44062805176,1.1129838361053441,4,1.1592465576620228,0.5273554083022218,0.5694021783202867,5153.270660400389,0.6075685272320928
HC IV or hospital,Luwero,Katikamu,Nyimbwa,46952.399826049805,0.764286312150332,4,0.8207923863136971,0.24644436104807704,0.3551519874422197,5104.083938598631,0.5147034864689042
HC IV or hospital,Arua,Terego,Manibe,37919.89994812012,0.938193407444596,10,1.008869850113777,0.3695104477797907,0.5029916896564585,5061.5953369140625,0.7157289223467926
HC IV or hospital,Kole,Kole,Aboke,60364.1686706543,1.2900830835077493,8,1.4329344235112091,0.6116198961695541,0.6948517603811052,5024.2222900390625,0.8129374967595955
HC IV or hospital,Jinja,Butembe,Mafubira,91804.63638305664,0.5503767845809943,4,0.5811714524696667,0.07049974971780353,0.12377778165414921,4891.170349121095,0.1983055541688617
HC IV or hospital,Sironko,Budadiri,Bumalimba,15983.755004882812,0.8551100684511637,5,0.9309579310680917,0.0654222895268856,0.3661387739708043,4806.57861328125,0.7105135225606449
HC IV or hospital,Luwero,Katikamu,Bombo Town Council,31932.478393554688,0.7867521424365583,4,0.8185712342439432,0.074487509909702,0.22402376492790577,4775.063232421876,0.42054694012764504
HC IV or hospital,Jinja,Kagoma,Butagaya,62247.57116699219,1.2281126647522471,4,1.3277952073545336,0.7518545645477825,0.8270738043237101,4682.2149810791025,0.9044115888895115
HC IV or hospital,Kamuli,Bugabula,Namwendwa,73770.74320983887,0.9563762905036585,4,1.0288671175440292,0.45755411761341264,0.5207384283800075,4661.153564453127,0.571131498572458
HC IV or hospital,Mayuge,Bunya,Kityerera,63168.89307022095,0.8237873143063487,4,0.891079178562333,0.33384469740999234,0.4075977462022164,4658.898452758789,0.5269110599109486
HC IV or hospital,Buikwe,Njeru Municipality,Nyenga Division,60086.06400489807,1.0687421482472017,4,1.166834618443585,0.5222278993289443,0.5995321195873273,4644.90632629394,0.6642036123510145
HC IV or hospital,Bududa,Manjiya,Nabweya,12874.250854492188,0.9004524961998656,5,0.9989694143679658,0.16032160093356462,0.5183236778710093,4609.008544921875,0.8652965936475578
HC IV or hospital,Kayunga,Ntenjeru,Kangulumira,63780.957931518555,0.8910763662632786,4,0.9587584228426713,0.38567346046087114,0.45772324101059053,4595.404022216796,0.5608609794237677
HC IV or hospital,Yumbe,Aringa,Apo,59237.895278930664,0.9615183800956428,10,1.0251153842518916,0.3902175196670376,0.4670847201378575,4553.451171874999,0.6309205500266116
HC IV or hospital,Kaliro,Bulamogi,Bumanya,35383.59526062012,0.8959753758701269,4,1.0090213971914779,0.367290354250092,0.49548282475892025,4535.910491943359,0.6662596852162833
HC IV or hospital,Arua,Ayivu,Ayivuni,29185.56478881836,1.2383972362648321,10,1.362962294042485,0.6614795720733487,0.815374915695188,4491.522521972655,0.9274404838306775
HC IV or hospital,Arua,Ayivu,Adumi,37683.91668701172,0.6795380079442173,10,0.7574222196125446,0.15118746285622153,0.26263358169268824,4199.726257324219,0.4042859032006164
HC IV or hospital,Masaka,Bukoto,Mukungwe,55422.16539764404,0.8314997870148402,4,0.9072192364092475,0.3763737843331302,0.4513905127686734,4157.589530944825,0.5250541296816442
HC IV or hospital,Mukono,Mukono,Nakisunga,63623.301933288574,1.2809396211412705,4,1.3416350793266827,0.7262149050160099,0.7901940484726071,4070.5643615722656,0.8301376607669636
HC IV or hospital,Jinja,Kagoma,Budondo,62894.72702026367,0.7345653495527106,4,0.8031264511052287,0.25187749412200483,0.3153283414892172,3990.7237243652366,0.4520797135604143
HC IV or hospital,Mayuge,Bunya,Bukabooli,66393.40028572083,1.3720835885151308,4,1.4953366621510584,0.7506728793487247,0.8107050131246805,3985.73748779297,0.8666103653655663
HC IV or hospital,Kalungu,Kalungu,Kalungu,45428.952407836914,0.8637392677548517,4,0.9512503546381647,0.3815987617961191,0.46855535645095425,3950.3470001220708,0.6004411406558843
HC IV or hospital,Kasese,Bukonjo,Mahango,23968.29100036621,1.0860379815198289,4,1.1457242705728121,0.5918242280856606,0.7489405524776671,3765.809783935548,0.9159208677627572
HC IV or hospital,Pallisa,Pallisa,Pallisa,19151.069190979004,1.147507583563776,4,1.2503691051609855,0.6118127110552914,0.8074288227757974,3746.257690429689,0.9226121569639802
HC IV or hospital,Luuka,Luuka,Bulongo,36263.12615966797,1.1273208190556152,4,1.2175059394928915,0.6099275425859022,0.7131451857312463,3742.994415283201,0.7875697889088885
HC IV or hospital,Ngora,Ngora,Ngora,33352.39194869995,0.832387125065702,5,0.941370964121041,0.2864710200873287,0.3986068532908549,3739.9982604980464,0.6376942540368556
HC IV or hospital,Butaleja,Bunyole,Himutu,22723.201400756836,1.097204257696224,4,1.1837254050751558,0.6143540128705345,0.778713428787209,3734.7721099853525,0.8898279665985993
HC IV or hospital,Mbale,Bungokho,Bungokho Mutoto,34794.840576171875,1.0189207042576758,4,1.0629506687107293,0.5172885542877391,0.6245284028063299,3731.393432617189,0.7815021312111261
HC IV or hospital,Kyegegwa,Kyaka,Kyegegwa Town Council,31992.420616149902,0.9910534078167249,4,1.0591176026246094,0.5106540238110268,0.6264221064828813,3703.7011947631863,0.805719475027053
HC IV or hospital,Luwero,Bamunanika,Kalagala,55411.90586853027,1.1980776333473835,4,1.3072809416941513,0.64495735048448,0.7110907308015548,3664.576644897463,0.8436974428644114
HC IV or hospital,Rakai,Kooki,Ddwaniro,39852.750312805176,1.674208502817116,4,1.8433490530910517,0.8234996836668341,0.9116898477740444,3514.620590209963,0.9712115149086988
HC IV or hospital,Namayingo,Bukooli,Buyinja,32983.22888183594,1.0469427443227974,4,1.1751832856623505,0.4173126439573,0.5234696413742852,3501.4005432128893,0.6739704548296142
HC IV or hospital,Kitagwenda,Kitagwenda,Ntara,23440.351760864258,0.9623065904759087,4,1.0426980470848988,0.4077911593013442,0.5564554644328683,3484.743606567383,0.7922754747784455
HC IV or hospital,Kisoro,Bufumbira,Nyarubuye,23123.096405029297,1.0527620792850645,10,1.1336676988223053,0.5370504441981072,0.6867612768002573,3461.7780151367206,0.8180728527902482
HC IV or hospital,Gulu,Gulu Municipality,Pece Division,62050.045837402344,0.7310917361168419,8,0.7421855255632038,0.10982329857267518,0.1647601866889847,3408.83642578125,0.21841087369434328
HC IV or hospital,Arua,Ayivu,Pajulu,82993.73950195312,0.5638632922759885,10,0.5979126930154449,0.1367884191760193,0.17771510340207472,3396.658569335937,0.23884502020146903
HC IV or hospital,Kaberamaido,Kaberamaido,Alwa,31927.41854095459,1.0785338386746537,9,1.1748496947023344,0.6070508735081864,0.7132935647628628,3392.0548706054674,0.8389525484221702
HC IV or hospital,Iganga,Kigulu,Nabitende,36778.095153808594,0.9390245517037014,4,0.9926579574501257,0.44299009285210916,0.5349218261706685,3381.074035644532,0.5796511632277773
HC IV or hospital,Gulu,Aswa,Bungatira,48179.60131454468,1.341730208172683,8,1.458453422542165,0.5662362039742908,0.6354522397891225,3334.8010101318373,0.69393056073509
HC IV or hospital,Ngora,Ngora,Kobwin,48502.42559850216,1.7262938515958317,5,1.9820164012970387,0.8041659783633534,0.8729106016311177,3334.280975341799,0.9318294421846528
HC IV or hospital,Bundibugyo,Bughendera,Bukonzo,16517.891593933105,0.8836219676035152,4,0.9894414268813946,0.26960753186863423,0.4675276055030562,3269.22232055664,0.7840135428840215
HC IV or hospital,Sironko,Budadiri,Buwalasi,17079.52423095703,0.8296383260637612,5,0.8912840489870544,0.14082571467038535,0.33130160292326516,3253.2375488281245,0.5380923320036911
HC IV or hospital,Tororo,Tororo,Mukuju,48686.720275878906,0.8824899650640583,4,0.9652898006021491,0.3589548959112184,0.425167882902389,3223.693176269533,0.5894650592658508
HC IV or hospital,Butaleja,Bunyole,Naweyo,28491.393188476562,1.1991070561969626,4,1.3387216573421177,0.6662901391551939,0.7790063654391448,3211.442321777343,0.9580855059054828
HC IV or hospital,Kaliro,Bulamogi,Budomero,30031.238052368164,1.3191637155178448,4,1.465471170200107,0.7817215897990399,0.888386392859888,3203.2760925292955,0.9887946745466911
HC IV or hospital,Bugweri,Bugweri,Ibulanku,34749.94812011719,1.0937094260440017,4,1.178727604060947,0.5735233496705809,0.6650808532604634,3181.6184997558585,0.7517084222406119
HC IV or hospital,Mukono,Mukono,Kyampisi,59896.09503173828,1.4837892624300342,4,1.555957690013351,0.7835353343699029,0.8362796630212957,3159.179321289065,0.8782489566350784
HC IV or hospital,Mukono,Mukono Municipality,Goma Division,134395.49374389648,0.9874038109809142,4,1.019024607486581,0.40440697446056906,0.4278267745357138,3147.5155944824255,0.4702839709693903
HC IV or hospital,Manafwa,Bubulo,Bukusu,14487.045501708984,0.9673036064251194,5,1.0478226817118017,0.47080844197863525,0.6878069231214149,3143.6668701171875,0.8782056656570577
HC IV or hospital,Mayuge,Bunya,Imanyiro,42677.53713226318,1.2521306675561052,4,1.3819385606697832,0.6223631516353941,0.6958423494656031,3135.911193847655,0.7936907169734269
HC IV or hospital,Bulambuli,Bulambuli,Kamu,7248.27880859375,1.0601319280765866,5,1.0869661257820098,0.5742709661338646,1.0,3085.802734375,1.0
HC IV or hospital,Masaka,Bukoto,Buwunga,53234.06545186043,1.7668120963148672,4,2.0050584056254763,0.7765005305504799,0.8343778904470893,3081.0471649169904,0.8949766036142117
HC IV or hospital,Mbale,Bungokho,Bukasakya,29584.464965820312,0.7733354174951635,4,0.7970392806841328,0.13672430479802936,0.24052067888891865,3070.7601928710933,0.24052067888891865
HC IV or hospital,Butebo,Butebo,Butebo,25418.631240844727,0.7279604666976568,4,0.8118796379050467,0.10344426060428753,0.22311908559931884,3041.970245361328,0.552250223288415
HC IV or hospital,Bududa,Manjiya,Bumasheti,17778.630859375,0.8580859877486554,5,0.9042910341914498,0.22355041395047315,0.39428930189519346,3035.5036621093745,0.46937642067004814
HC IV or hospital,Bukedea,Bukedea,Kidongole,37442.60664367676,1.2953656799932245,4,1.459810231794869,0.7846592733762155,0.8655224574586733,3027.728393554689,0.9539409695397542
HC IV or hospital,Sironko,Budadiri,Bunyafa,13820.596008300781,1.0779161510572695,5,1.1817007374578594,0.5817207148604414,0.8007012954992333,3026.4421386718745,1.0
HC IV or hospital,Bukedea,Bukedea,Bukedea,41781.29776763916,1.093154267491126,4,1.1856767704725943,0.574548083423865,0.6469377221411118,3024.533050537109,0.7373700949693949
HC IV or hospital,Bugweri,Bugweri,Buyanga,54392.11004638672,1.3432061454752595,4,1.451924883993406,0.7035902454235252,0.7590062460937795,3014.193206787113,0.8068211566297827
HC IV or hospital,Bududa,Manjiya,Nalwanza,14006.890197753906,1.2707492738834492,5,1.382731373428376,0.4651896807082455,0.6782650945684782,2984.5239257812495,0.7657993716636974
HC IV or hospital,Rwampara,Rwampara,Bugamba,43849.58260345459,1.0350774868640873,4,1.1155066225123254,0.48727035558544124,0.5553047639798229,2983.2804107666016,0.6990789643397158
HC IV or hospital,Mpigi,Mawokota,Nkozi,53823.5986199379,1.5463676927537247,4,1.6906236798847087,0.6689232882871722,0.724234463635765,2977.046501159666,0.8069601084802767
HC IV or hospital,Mayuge,Bunya,Kigandalo,32238.547912597656,0.8259418217802512,4,0.891310914981425,0.3182544918251795,0.41041994743436033,2971.2804565429683,0.5322091157730015
HC IV or hospital,Kumi,Kumi,Ongino,55309.397435605526,1.6680054985043997,5,1.8495142201252652,0.6700525867608461,0.722846974468548,2920.025772094728,0.8082536423238484
HC IV or hospital,Tororo,West Budama (Kisolo),Rubongi,48177.509674072266,1.025885228627078,4,1.1781474942483685,0.47592298555569096,0.5351853580756879,2855.1135253906273,0.63001501297314
HC IV or hospital,Isingiro,Isingiro,Nyakitunda,55352.287101745605,1.1865864510109174,4,1.2464960095503888,0.7008851655444218,0.7516481579999826,2809.8477325439485,0.8492514208531317
HC IV or hospital,Bududa,Manjiya,Nangako Town Council,5811.042724609375,0.863202390529834,5,0.9237406965490474,0.0,0.48213814190898246,2801.725341796875,0.48213814190898246
HC IV or hospital,Pallisa,Pallisa,Apopong,36419.43772125244,1.644552148537726,4,1.8525613825531237,0.849081380981055,0.9252535094164054,2774.1460876464853,0.9857093075308165
HC IV or hospital,Rukungiri,Bujumbura,Buhunga,26681.253219604492,0.768850378453667,4,0.8097562566225551,0.22766203638061913,0.3311104578976052,2760.133529663087,0.5811780093242618
HC IV or hospital,Kwania,Kwania,Aduku,38220.85316467285,1.2114792004600103,9,1.3194692345459684,0.6517166990319904,0.7237411768346174,2752.8369903564458,0.8940917033143465
HC IV or hospital,Kisoro,Bufumbira,Chahi,21658.188842773438,0.9338898999773374,4,0.9895418679301318,0.3724382556772247,0.4991280176186878,2743.8707885742188,0.6560863342169103
HC IV or hospital,Jinja,Kagoma,Buwenge,60763.681701660156,0.9710055301699556,4,1.0366786000043833,0.4346422698388377,0.4794625499788353,2723.445236206055,0.5451360001618237
HC IV or hospital,Bulambuli,Bulambuli,Namisuni,10369.232788085938,1.0227372462408353,5,1.0648617592398386,0.48574776629822525,0.7481888787600836,2721.31298828125,0.7481888787600836
HC IV or hospital,Bududa,Manjiya,Bushika,38343.24694824219,1.2345205987625942,5,1.332118938837943,0.7850969793724913,0.8560408031025545,2720.216552734375,1.0
HC IV or hospital,Maracha,Maracha,Oleba,38050.11767578125,1.2653642265644889,10,1.338742397582963,0.6832748788376494,0.7547473422792598,2719.535644531249,0.8291334482452541
HC IV or hospital,Rukiga,Rukiga,Kamwezi,30213.66152191162,0.9250226116581215,4,0.9978079021214508,0.3729936934348117,0.4623005688200051,2698.2877044677734,0.7069573875333054
HC IV or hospital,Wakiso,Nansana Municipality,Busukuma Division,64853.25971984863,1.4945035509125322,4,1.6096478002394632,0.8137611291569176,0.8548491150322118,2664.6898193359316,0.9215938196548782
HC IV or hospital,Tororo,West Budama (Kisolo),Paya,39824.074935913086,1.3868316580595037,4,1.5352680757954154,0.7581184956883054,0.824926613817027,2660.5715026855455,0.9295309526074471
HC IV or hospital,Yumbe,Aringa,Midigo,65036.23221206665,1.820754517092579,10,1.9566790600503945,0.6872477329465047,0.7279991797400182,2650.320556640623,0.8084271440890441
HC IV or hospital,Bududa,Manjiya,Bukibokolo,16033.520263671875,0.9765496461199574,5,1.002680307171064,0.4608573188930253,0.6224555355442095,2590.98828125,0.6224555355442095
HC IV or hospital,Buikwe,Buikwe,Ngogwe,43922.75812506676,1.1283643951416227,4,1.2241510672841183,0.5172208801493389,0.5760923917346426,2585.799163818359,0.631245681448007
HC IV or hospital,Bulambuli,Bulambuli,Sisiyi,20985.55972290039,1.2993952391122807,5,1.3485284275329572,0.8770870305583155,1.0,2579.397460937501,1.0
HC IV or hospital,Kamuli,Kamuli Municipality,Southern Division,36518.95869445801,0.7375610277631999,4,0.780543824259604,0.329229065551056,0.39970805418916683,2573.8192749023438,0.44325208208593336
HC IV or hospital,Buikwe,Lugazi Municipality,Kawolo Division,51806.61408996582,0.763179852017497,4,0.8098523072832924,0.3025413766845706,0.3520869298654486,2566.787353515625,0.41402183110979157
HC IV or hospital,Kumi,Kumi,Atutur,31480.33839416504,0.756494237820158,5,0.8021747699386742,0.2149456941002803,0.2963186598689699,2561.648498535156,0.3534880305831627
HC IV or hospital,Buhweju,Buhweju,Rwengwe,21929.829956054688,1.039187879501102,4,1.0823981710698092,0.399050448978703,0.5158605251144861,2561.625106811525,0.6698763651934996
HC IV or hospital,Mbale,Bungokho,Busoba,26777.971282958984,1.2356379567678375,4,1.3217820943934218,0.7075098633236238,0.8003677892928848,2486.5468750000027,0.8857860122426949
HC IV or hospital,Abim,Labwor,Abim Town Council,26773.978561401367,1.1193906413642056,8,1.2163048015606204,0.4464340775539626,0.5377938734264676,2446.0652160644536,0.6402088725753138
HC IV or hospital,Bugiri,Bukooli,Nankoma,53860.91598510742,0.7273809659286604,4,0.782269172723447,0.2534174081900778,0.298797777735969,2444.228271484373,0.40781601603878265
HC IV or hospital,Bunyangabu,Bunyangabu,Kisomoro,28472.744049072266,1.0062981438198333,4,1.0372827859393126,0.4686098271041203,0.5543088667999192,2440.086822509766,0.6581258119812806
HC IV or hospital,Wakiso,Busiro,Mende,41654.971603393555,1.104649859942226,4,1.1826663895934002,0.48291827731451603,0.5411714636006628,2426.5348205566393,0.6203051449332112
HC IV or hospital,Rukungiri,Rubabo,Nyakishenyi,39965.83213806152,1.4095515968572496,4,1.4980621631229905,0.7560986778495437,0.8164913653860689,2413.644012451169,0.8861273210336462
HC IV or hospital,Yumbe,Aringa,Kululu,54780.86754608154,2.134293260060059,10,2.2779443840647295,0.8922013774604655,0.9361041213059277,2405.0303955078125,0.9753598803857789
HC IV or hospital,Masaka,Bukoto,Kyanamukaaka,39890.512998104095,1.4412480779484962,4,1.6225271796718685,0.7427229773896727,0.8028960552789642,2400.3349456787123,0.8729975594667435
HC IV or hospital,Kabarole,Burahya,Karambi,35061.601989746094,0.6763043279480145,10,0.6991884197454146,0.12878362837971458,0.19685432475782672,2386.6676635742188,0.27223477866376045
HC IV or hospital,Bugiri,Bukooli,Kapyanga,84637.22543334961,1.3403612656416466,4,1.408953654382715,0.599600276643559,0.6274443387920149,2356.64416503906,0.6635410305808767
HC IV or hospital,Bundibugyo,Bwamba,Kisubba,21625.003005981445,1.2240318445898344,4,1.3403058118152569,0.5647327872022619,0.673224798742545,2346.1400756835956,0.8485836046368583
HC IV or hospital,Mpigi,Mawokota,Mpigi Town Council,56034.96708679199,0.8165193485731457,4,0.8681560891896734,0.2827240550742067,0.3245693361923963,2344.7989501953116,0.37604464652467184
HC IV or hospital,Mukono,Mukono,Nama,67459.01271057129,0.9560890532304137,4,1.002343564190266,0.4728228035626515,0.5074697361200156,2337.2478637695285,0.5544459563360121
HC IV or hospital,Kasese,Bukonjo,Kisinga,20295.490234375,1.3685901626022328,4,1.4570720663310701,0.6668007523078702,0.7819356011683245,2336.7182006835924,0.8381103614796275
HC IV or hospital,Rukiga,Rukiga,Rwamucucu,25895.703163146973,1.1136572585774702,4,1.168061343758989,0.4865579353233498,0.57673745546414,2335.2620849609375,0.7428883573932551
HC IV or hospital,Alebtong,Moroto,Aloi,39521.70399475098,1.7474789469365952,8,1.9494877718762946,0.8446293540159793,0.9034494280687785,2324.669555664063,0.9663418880656988
HC IV or hospital,Luuka,Luuka,Bukanga,50115.00735473633,1.5985638914239118,4,1.696288069820427,0.8756381075304243,0.9220207236691824,2324.465148925777,0.9563457292372315
HC IV or hospital,Soroti,Soroti,Arapai,53017.94624328613,2.1005988884280207,5,2.2521609143635337,0.8795638893906476,0.9233920470985862,2323.67890930176,0.9692129825752888
HC IV or hospital,Rubanda,Rubanda,Muko,44650.926250457764,1.009878898588373,4,1.0742968770843133,0.4954191093650413,0.5472858363151591,2315.897399902342,0.6426316237987073
HC IV or hospital,Arua,Terego,Omugo,58665.605350494385,1.1294077115602845,10,1.1910933951365583,0.5491479952340054,0.5886046291615648,2314.747314453126,0.6430000962552014
HC IV or hospital,Bukomansimbi,Bukomansimbi,Butenga,43789.42849731445,1.0301041503237869,4,1.1301852294797599,0.440517684664507,0.4932913034242571,2310.926605224608,0.6515992533313969
HC IV or hospital,Lira,Erute,Ogur,47159.0358581543,1.2415952858012111,8,1.3555450135986093,0.594960196741763,0.6437211953689571,2299.521682739258,0.7661329645952806
HC IV or hospital,Kassanda,Kassanda,Kiganda,52696.85908508301,1.12701950050283,10,1.188413524706685,0.48854344065699284,0.5320952289380677,2295.042449951172,0.6782644220409143
HC IV or hospital,Tororo,West Budama (Kisolo),Nagongera,34129.33688354492,1.0715170227611683,4,1.19057690415398,0.5346377723031317,0.6013470633079769,2276.743865966796,0.8257720394682377
HC IV or hospital,Bukedea,Bukedea,Kachumbala,70390.44876098633,1.832114486894378,4,1.9513329674258222,0.8992363017175544,0.9314695976852658,2268.916168212897,0.9520699739890138
HC IV or hospital,Kalungu,Kalungu,Lukaya Town Council,28403.794967651367,1.2195857301848112,4,1.2780606316459835,0.679839967561742,0.7585003042435082,2234.252075195313,0.8634053168787648
HC IV or hospital,Rubanda,Rubanda,Rubanda Town Council,25149.410034179688,1.0387802915897404,4,1.1167715852748838,0.5572162212321637,0.645904360365025,2230.454376220704,0.8592747130483125
HC IV or hospital,Nakaseke,Nakaseke,Kikamulo,23988.273471832275,1.0564483040206072,4,1.131019815534496,0.5658131676903079,0.6584222635772554,2221.5323181152353,0.7928432820908284
HC IV or hospital,Namutumba,Busiki,Kibaale,22998.5760345459,1.2559954725085003,4,1.4216746136882086,0.5995841733150568,0.6956532566618313,2209.452117919922,0.8527243254864095
HC IV or hospital,Nabilatuk,Pian,Nabilatuk,38188.76112365723,1.4780322577496763,4,1.620098663974044,0.6235853363568686,0.6812374256222229,2201.661865234377,0.7881069950264711
HC IV or hospital,Bugiri,Bukooli,Buwunga,60976.24951171875,1.4120897479626724,4,1.5176652915282238,0.831271124537883,0.8671390401675588,2187.0909729003906,0.898042064541667
HC IV or hospital,Kibuku,Kibuku,Kabweri,22568.797241210938,1.3536582617004564,4,1.4611939606889193,0.8497850379763564,0.9466049574211257,2185.109130859375,1.0
HC IV or hospital,Kamuli,Kamuli Municipality,Northern Division,43179.94174194336,0.3878596856324097,4,0.4163033663526633,0.055760367047832035,0.10586258584194448,2163.410888671875,0.13740085200599184
HC IV or hospital,Iganga,Kigulu,Nakigo,49306.014556884766,1.0193301376515,4,1.0718577115824552,0.525798375144624,0.5695110483011214,2155.297698974607,0.5806891351242864
HC IV or hospital,Kayunga,Ntenjeru,Nazigo,55161.14535522461,1.4763664537714964,4,1.604593172146594,0.8524201473042177,0.891273792647645,2143.211578369138,0.9356518619141613
HC IV or hospital,Lira,Erute,Adekokwok,51492.51544189453,1.0184592170073512,8,1.0459465732766264,0.46901682689058605,0.510568028630403,2139.5758972167973,0.5640241107647418
HC IV or hospital,Rukungiri,Rubabo,Nyarushanje,53117.460357666016,1.054461405007155,4,1.1080709586948687,0.5069186677499631,0.5470396884066969,2131.126724243159,0.6359066374413715
HC IV or hospital,Bugweri,Bugweri,Busembatia Town Council,17035.16619873047,1.17985632783112,4,1.295290445169464,0.875748639406715,1.0,2116.6425781249995,1.0
HC IV or hospital,Bushenyi,Igara,Ibaare,13142.956359863281,0.7714243621762548,4,0.7998649781269533,0.13524907982915504,0.29595002855027247,2112.0855560302734,0.4943784788163489
HC IV or hospital,Tororo,Tororo Municipality,Eastern Division,21445.779724121094,0.6052473957014687,4,0.6231339093031554,0.07639234749709674,0.17469274740157856,2108.1287231445312,0.17469274740157856
HC IV or hospital,Mbale,Bungokho,Namanyonyi,36894.195556640625,0.7027120693834159,4,0.7439053427935532,0.1854411840367129,0.24153856779731817,2069.667846679687,0.3204593113522572
HC IV or hospital,Namisindwa,Bubulo,Bubutu,27820.259185791016,1.4436680408892082,5,1.5311102352434898,0.7936170684246641,0.8674789127062935,2054.8556518554674,0.9200070865938951
HC IV or hospital,Bushenyi,Bushenyi Municipality,Central Divison,20369.847595214844,0.9287796471197238,4,0.9523847085240367,0.43594407184837886,0.5363766484960221,2045.7962799072257,0.6649938231929774
HC IV or hospital,Soroti,Soroti,Katine,49267.48077464104,1.4998621105689889,5,1.6014437214179442,0.7092809405122733,0.75071327089394,2041.2665405273406,0.7924465440159439
HC IV or hospital,Rukungiri,Bujumbura,Bugangari,35417.464668273926,1.0056761321996408,4,1.056893479438381,0.5134757236610394,0.5710031326573998,2037.4749755859355,0.7351847544650053
HC IV or hospital,Mityana,Mityana,Bulera,37118.95916748047,1.495193310586521,4,1.5871654389678935,0.8325039903715525,0.8870928017740392,2026.2798614501928,0.9629228550375691
HC IV or hospital,Kagadi,Buyaga,Muhorro Town Council,34570.93762207031,1.5454926767560284,4,1.6142598154227121,0.8961273037855837,0.9543324809793958,2012.2075500488288,0.9905141634073771
HC IV or hospital,Namayingo,Bukooli,Buswale,37529.19958496094,1.6038899600883307,4,1.7617632745083627,0.8062018891260266,0.8594213332969121,1997.283142089845,0.9279621563096493
HC IV or hospital,Mukono,Nakifuma,Kimenyedde,45014.810455322266,1.1711585591575375,4,1.2590881027911947,0.47089788039860137,0.5152427083851701,1996.1740264892596,0.6068962722961346
HC IV or hospital,Tororo,West Budama (Kisolo),Nabuyoga,39784.77114868164,1.7632087191389076,4,2.032248133634984,0.8591595749989851,0.9092792511926783,1993.9998474121103,0.9578920951769982
HC IV or hospital,Tororo,West Budama (Kisolo),Kirewa,36770.25491333008,1.4341924754172044,4,1.6001263954551943,0.8680911272600885,0.9219451779736092,1980.2271728515607,0.9667182148449712
HC IV or hospital,Rubanda,Rubanda,Hamurwa,31898.763061523438,1.044988925678974,4,1.0989631717887247,0.4879925396610057,0.54986660201511,1973.7060546874986,0.62664465749257
HC IV or hospital,Rubanda,Rubanda,Nyamweru,21486.708236694336,1.1250163546174423,4,1.186334660047411,0.6280641314528377,0.7191679583155725,1957.521347045898,0.8937626540190421
HC IV or hospital,Isingiro,Isingiro,Kikagate,66781.29647064209,1.6805488436339855,4,1.7734179998031738,0.8357041034733894,0.8649344632292669,1952.0413208007815,0.8999232719330534
HC IV or hospital,Kumi,Kumi Municipality,Southern Division,28665.318969726562,0.8541121378106565,5,0.8844696143970189,0.351200588300391,0.419219155539793,1949.7739257812511,0.47258653655108374
HC IV or hospital,Kamuli,Buzaaya,Kisozi,35451.99105834961,1.6679439423825793,4,1.7791982714196337,0.8607890714001264,0.9157711454905563,1949.2239990234357,0.9642371726950076
HC IV or hospital,Serere,Kasilo,Bugondo,48210.363639354706,1.275751012024172,5,1.376111828068521,0.6904825760121333,0.7306133615665101,1934.7197647094722,0.8074396098201734
HC IV or hospital,Lira,Erute,Lira,45409.471618652344,1.150268247898076,8,1.196709656943312,0.5348112647553183,0.5774066650141955,1934.2346191406211,0.6726219500005554
HC IV or hospital,Sheema,Sheema,Kigarama,24754.822784423828,1.2002259512876545,4,1.2614079161033407,0.689323544443829,0.7674014772263029,1932.8053894042966,0.8116644659848571
HC IV or hospital,Tororo,Tororo,Kwapa,23860.010803222656,1.4955061069377034,4,1.681987613435951,0.7430937492131591,0.8240526124650457,1931.6793518066404,0.8842954994827017
HC IV or hospital,Butaleja,Bunyole,Kachonga,36261.012634277344,0.5883130655970188,4,0.6515036867717677,0.1750672013062384,0.22826863468476427,1929.1378479003909,0.3840309955944132
HC IV or hospital,Nebbi,Padyere,Nebbi,31599.943283081055,1.2012607666861457,9,1.2641195649378956,0.6225220262138133,0.6835368075340916,1928.0636291503902,0.7928157419596384
HC IV or hospital,Dokolo,Dokolo,Dokolo Tc,26592.999000549316,0.8580812027424232,9,0.9229304516416263,0.328980985789735,0.4010648093851305,1916.925048828126,0.5271179356587599
HC IV or hospital,Budaka,Budaka,Kaderuna,21909.799865722656,1.3711821825335682,4,1.4992041058427028,0.7621007000634796,0.8493151468375111,1910.85107421875,1.0
HC IV or hospital,Namisindwa,Bubulo,Namabya,14776.602478027344,0.8045137393717168,5,0.8743585243591104,0.21468224753790124,0.34335235764598043,1901.3070678710942,0.48137301445306524
HC IV or hospital,Zombo,Okoro,Nyapea,24129.937385559082,0.7421656053283647,9,0.7906752041406745,0.24300396768150623,0.3215586978968423,1895.5207214355462,0.43841138003972446
HC IV or hospital,Kisoro,Bufumbira,Nyakabande,35456.326736450195,0.5263076273479665,4,0.5603401952810754,0.0598423690121752,0.11323845998683832,1893.229248046875,0.17824422721671826
HC IV or hospital,Kayunga,Ntenjeru,Kayunga,50035.29441833496,1.264971997339768,4,1.3321231452272766,0.6668160390706627,0.7044149436927541,1881.2722625732422,0.732662337560057
HC IV or hospital,Hoima,Bugahya,Kigorobya,92070.85977375507,1.5751305088082197,4,1.666741477172071,0.7038867508082843,0.7241443986452647,1865.1390533447318,0.7937363047373993
HC IV or hospital,Lira,Erute,Amach,43520.17680358887,1.3462102703414263,8,1.4759032045276537,0.7054797218499684,0.7475805621932625,1832.2360153198258,0.8386945801783658
HC IV or hospital,Sironko,Budadiri,Buteza,14962.5166015625,1.2962462501414809,5,1.4310453382853678,0.7910016816436541,0.9126474093759164,1820.1262207031255,0.9581263354905687
HC IV or hospital,Butebo,Butebo,Kanginima,12858.980560302734,0.5373155958971593,4,0.6022002846099763,0.04109286035564459,0.18134452336622045,1803.4934082031248,0.31934246018116325
HC IV or hospital,Luwero,Katikamu,Luwero,46721.331687927246,1.2298826827481453,4,1.3176542775786089,0.5243411129193377,0.5627950909701531,1796.6210632324207,0.6367521643344625
HC IV or hospital,Kibaale,Buyanja,Kibaale Town Council,9836.241241455078,1.0227987970125578,10,1.112301211005033,0.47041593945515603,0.6524104713518251,1790.1421203613277,0.8656172868197238
HC IV or hospital,Kalungu,Kalungu,Kyamulibwa,31027.30436706543,0.8446748117043374,4,0.9413494454898272,0.3177636377686864,0.37523296774493353,1783.1183929443375,0.6361403185578901
HC IV or hospital,Wakiso,Busiro,Kajjansi Town Council,150640.93717956543,0.827722358883378,4,0.8494442348001368,0.28391329170522184,0.2957372780992947,1781.1763916015627,0.3145873745244213
HC IV or hospital,Isingiro,Bukanga,Mbaare,46942.29997634888,2.1128143982811007,4,2.309545790567582,0.9110065072072749,0.948762878897548,1772.3709259033224,0.9929941548760045
HC IV or hospital,Mbarara,Kashari,Rwanyamahembe,33308.78739929199,0.8141148615557373,4,0.8483520550914909,0.3173523737929079,0.37046452167323074,1769.1012420654295,0.4636709026990432
HC IV or hospital,Budaka,Budaka,Lyama,24507.555694580078,1.453220005394109,4,1.5904290081049772,0.8298844580283141,0.901843923106039,1763.5505981445326,1.0
HC IV or hospital,Kaberamaido,Kaberamaido,Kaberamaido,24986.99102973938,0.9390933453129638,9,1.0202146144356516,0.4344649974432691,0.5047996063202307,1757.4502410888667,0.6244135568672711
HC IV or hospital,Namisindwa,Bubulo,Bumwoni,23127.866638183594,1.2581618068907219,5,1.3800881615012053,0.8092905222023958,0.8848992344216029,1748.6682128906232,1.0
HC IV or hospital,Mbale,Bungokho,Bukiende,30119.201171875,1.026403934991206,4,1.0589106773028063,0.5430684705030422,0.6009772405132964,1744.1658935546877,0.6243562646686852
HC IV or hospital,Mitooma,Ruhinda,Katenga,20058.912231445312,0.8786585509362593,4,0.9260138565079341,0.415028695929481,0.5015726586656131,1735.977752685547,0.6815389681099817
HC IV or hospital,Kisoro,Bufumbira,Bukimbiri,20767.871658325195,1.2196388302943562,4,1.3284095759332546,0.745316555288831,0.828746919521999,1732.6710968017571,0.9557528737053634
HC IV or hospital,Yumbe,Aringa,Drajini,45623.89469909668,1.744720352090636,10,1.8385247435482996,0.8757312086437689,0.9135779751203258,1726.716888427736,0.9852362139326134
HC IV or hospital,Butebo,Butebo,Kabwangasi,38166.659606933594,1.3031824998348207,4,1.3734212188240655,0.6906259310644948,0.7358666871427126,1726.6885375976535,0.7961124226271507
HC IV or hospital,Iganga,Kigulu,Nawanyingi,32201.208892822266,1.3309726129089108,4,1.4039785288685651,0.662253048507017,0.7157560983538666,1722.8628845214832,0.7506323699002768
HC IV or hospital,Kyankwanzi,Kiboga,Nkandwa,18943.615234375,1.1771937733162774,4,1.2687697127149298,0.6368295093588797,0.7277297203868058,1721.9786224365234,0.8502840389773063
HC IV or hospital,Rubirizi,Bunyaruguru,Rubiriziri Town Council,11568.940979003906,1.1128727242857657,10,1.2055483559966482,0.8516075048122079,1.0,1716.7440185546877,1.0
HC IV or hospital,Wakiso,Entebbe Municipality,Division A,66507.40141677856,0.46791415465913033,4,0.471696289489624,0.0031019102144761164,0.02881289742550601,1709.970947265625,0.042810974153443614
HC IV or hospital,Buyende,Budiope,Kidera,88675.75422239304,1.7872360272546628,4,1.872469086499753,0.6552143967514725,0.6744623186308575,1706.8239898681618,0.7294597811283752
HC IV or hospital,Kanungu,Kinkizi,Kayonza,38174.030462265015,1.0215545570051026,10,1.0902206633804365,0.4526929169853067,0.49728106702544245,1702.109397888184,0.657313828723434
HC IV or hospital,Ibanda,Ibanda Municipality,Bufunda Division,37949.23878479004,0.9465577810867469,4,0.9999030395096465,0.38495735595366043,0.42953621494585925,1691.7337646484377,0.5189299000599271
HC IV or hospital,Lira,Erute,Agweng,36140.35739898682,1.692727140752188,8,1.840190760236576,0.870325886818492,0.9168604887544676,1681.7771453857415,0.9634690081104633
HC IV or hospital,Kabarole,Burahya,Bukuuku,15173.896514892578,0.8650140996169902,4,0.907018057963888,0.20832224857977405,0.3185045658853855,1671.8950805664058,0.5893241716367361
HC IV or hospital,Katakwi,Katakwi,Katakwi,47414.34436225891,1.3152667845899086,8,1.3645354092125461,0.6312506681250747,0.6664888946898513,1670.7974090576174,0.7200973899105603
HC IV or hospital,Lwengo,Bukoto,Kyazanga,40892.922775268555,1.4794373739284952,4,1.585405488524532,0.7583884978145,0.7990709421361667,1663.6240539550781,0.8732904285733278
HC IV or hospital,Buikwe,Njeru Municipality,Wakisi Division,50409.68000411987,1.5567662693462352,4,1.6786052005392313,0.8482092183322736,0.881129300627447,1659.4908142089832,0.9477792565034505
HC IV or hospital,Kyotera,Kyotera,Kirumba,29666.605125427246,1.4474093324606958,4,1.5592819244695442,0.8335560789835688,0.8894635531932122,1658.584960937501,0.9142480932419688
HC IV or hospital,Tororo,Tororo Municipality,Western Division,30982.418884277344,0.39226617935294295,4,0.42107855695223945,0.0,0.053349056401105883,1652.8828125,0.08473199456255857
HC IV or hospital,Isingiro,Isingiro,Nyamuyanja,21841.294326782227,0.7288410428520854,4,0.7626515161162073,0.2066806669636435,0.2823165533732041,1651.9856567382808,0.3948471216704151
HC IV or hospital,Agago,Agago,Parabongo,15011.823719978333,1.4033533059926029,8,1.5609106376454058,0.6409452393657127,0.7509895912316404,1651.9664115905762,0.8450260885395995
HC IV or hospital,Manafwa,Bubulo,Khabutoola,16639.64633178711,0.7439913588845227,5,0.7601734465016836,0.0,0.09915570683751938,1649.9158935546875,0.20078566790563393
HC IV or hospital,Bundibugyo,Bwamba,Kirumya,14923.815460205078,0.8296222168168425,4,0.8882721591891807,0.1891874642406051,0.29878720675609133,1635.6463317871094,0.5618231807776715
HC IV or hospital,Butaleja,Bunyole,Busolwe,19910.46762084961,1.1273696929132673,4,1.2026624170407405,0.6443103481544257,0.7264279711953875,1635.000274658204,0.7573645060972513
HC IV or hospital,Busia,Samia-Bugwe,Sikuda,25375.919311523438,1.5083021698432064,4,1.6828919704625216,0.8970451412553937,0.9613503842280653,1631.804656982424,0.9841999090328908
HC IV or hospital,Ibanda,Ibanda,Kikyenkye,14310.723724365234,0.9880374825104766,4,1.060153493424128,0.5300103503949849,0.6438497805431148,1629.1246337890616,0.8500152308280532
HC IV or hospital,Isingiro,Isingiro,Kabuyanda,29343.1075592041,1.138271697391921,4,1.197006610527488,0.62559135397571,0.6809377821129111,1624.0361938476535,0.8085318493620903
HC IV or hospital,Bududa,Manjiya,Buwali,10130.714050292969,1.1295115263106024,5,1.2102574206884815,0.8402098005803884,1.0,1618.7888183593745,1.0
HC IV or hospital,Kasese,Bukonjo,Kisinga Town Council,29259.031661987305,1.131003960352361,4,1.1999817972944837,0.3968403537281884,0.4521144773788864,1617.267333984374,0.6539099592415755
HC IV or hospital,Sironko,Budadiri,Busulani,11819.760223388672,1.065633979312778,5,1.143220601759778,0.5307608233296323,0.6674822848513636,1616.0148925781252,0.6674822848513636
HC IV or hospital,Mitooma,Ruhinda,Mitooma,21560.154357910156,0.8143389198614337,4,0.8602432230846689,0.31272159676088407,0.3876468711982196,1615.4004821777344,0.5592188599411413
HC IV or hospital,Kakumiro,Bugangaizi,Kijangi,16003.566284179688,0.7896385193660592,4,0.860314197055748,0.2815805473274981,0.3825062118989515,1615.1705627441402,0.6566771349144247
HC IV or hospital,Kabarole,Burahya,Karangura,15141.58219909668,1.2772510761514622,4,1.3842129369121008,0.6417421339595776,0.7474872909559136,1601.148986816405,0.8991949926217809
HC IV or hospital,Mayuge,Bunya,Busakira,39704.97183227539,1.5090173800302489,4,1.6554992854230892,0.9207302759478079,0.9610312010179985,1600.1470947265618,0.9900780530906117
HC IV or hospital,Budaka,Iki-Iki,Kameruka,20245.160034179688,1.2830973083197876,4,1.4291739967170651,0.6994506430154377,0.7783458862970546,1597.2468261718739,0.8953074140001549
HC IV or hospital,Ntungamo,Ruhaama,Itojo,28869.56842803955,1.0560842066574974,4,1.1224062666811188,0.5351320192895129,0.5903060069650415,1592.8492126464841,0.7488999652563489
HC IV or hospital,Mitooma,Ruhinda,Mutara,27457.49821472168,1.437168010995118,4,1.5182081192398642,0.8125780798038837,0.87055130892902,1591.7998352050795,0.9164577018228895
HC IV or hospital,Mukono,Mukono,Ntenjeru,54706.09110850096,1.0982285656701827,4,1.1837965340750585,0.512396142897714,0.54148216046959,1591.1823272705087,0.578580060136309
HC IV or hospital,Nakaseke,Nakaseke,Semuto,33184.557273864746,0.989393604775062,4,1.0516736485067633,0.4981797535730442,0.5460788577736382,1589.5105667114256,0.6225361787456432
HC IV or hospital,Zombo,Okoro,Zombo Town Council,19103.584396362305,1.3005479498022767,9,1.3893258570198914,0.7953331917695218,0.8784606633538479,1588.0326690673828,0.961144431105307
HC IV or hospital,Pader,Aruu,Latanya,19356.80962562561,2.0811322819279714,8,2.2675519763195697,0.7717572153107312,0.8535661015312415,1583.5590362548842,0.9530564162988439
HC IV or hospital,Mbale,Bungokho,Bungokho,39345.933197021484,1.423475658441697,4,1.4913965337839703,0.8652814157075321,0.9055274015178394,1583.5158691406236,0.9055274015178394
HC IV or hospital,Bududa,Manjiya,Bududa,16918.82208251953,0.6717787383872613,5,0.7265633337031836,0.0,0.0924768856812128,1564.5999755859375,0.32675665484013755
HC IV or hospital,Tororo,Tororo,Molo,24622.695922851562,1.4216271507877178,4,1.5105727058680891,0.8372359096297701,0.9003378478787214,1553.7398376464835,0.9664562795560191
HC IV or hospital,Kabarole,Burahya,Harugogo,28292.943069458008,1.4042500703634953,4,1.488337281450307,0.747966308972509,0.8025534269604152,1544.4302215576163,0.911868442847075
HC IV or hospital,Rakai,Kooki,Byakabanda,21963.868771791458,1.4421614565415013,4,1.6033819942689496,0.7895998435627402,0.8599164258026925,1544.424184799194,0.9300745312084767
HC IV or hospital,Butaleja,Bunyole,Butaleja,21340.977767944336,1.0679201616462362,4,1.1678583318109639,0.5227676324194627,0.5947580721836341,1536.3463745117178,0.7262892426249438
HC IV or hospital,Kasese,Busongora,Kyabarungira,18495.71795654297,0.6445899221550824,10,0.7065638222812568,0.05044737197884528,0.13322635716301826,1531.0567626953125,0.49058247926453546
HC IV or hospital,Kagadi,Buyaga,Kagadi Town Council,35263.65838623047,0.5865129204819431,4,0.6146060983591047,0.08502519262421693,0.12832716242090642,1526.9858703613277,0.22750509169659594
HC IV or hospital,Mpigi,Mawokota,Kituntu,28044.747619628906,1.3523238212105577,4,1.4841068962621706,0.6930549963699044,0.7473776570622321,1523.4653091430664,0.8811984756873914
HC IV or hospital,Kalungu,Kalungu,Lwabenge,39599.38869857788,1.9842337729225867,4,2.2050232704621657,0.9422693969966041,0.9806995125121474,1521.8090820312484,1.0
HC IV or hospital,Soroti,Soroti,Soroti,25820.25813293457,0.9784640306197456,5,1.0380899661634313,0.45160652838624044,0.5103954765146811,1517.9458160400384,0.6298226698764732
HC IV or hospital,Kibuku,Kibuku,Kibuku,16671.129791259766,0.6618719407125931,4,0.7052669117397814,0.0,0.09005424092539897,1501.3059387207031,0.2693129051806899
HC IV or hospital,Kisoro,Bufumbira,Nyarusiza,33044.73182678223,1.2314976052880349,4,1.297135316233167,0.5876746356202655,0.6330466660984998,1499.3065795898438,0.6870266517658346
HC IV or hospital,Kisoro,Bufumbira,Busanza,18806.428457260132,0.8530092666070154,11,0.9030502259290322,0.36550006502276783,0.44513097499601073,1497.573011398315,0.5820728937164992
HC IV or hospital,Lwengo,Bukoto,Lwengo,57686.081771850586,1.4931148264896046,4,1.5649713431401426,0.8251631202669553,0.8510190963913513,1491.529953002927,0.8794232462063294
HC IV or hospital,Arua,Ayivu,Oluko,49300.8561630249,1.3131059288764015,10,1.4147176343802146,0.4571018690198795,0.48713675926471767,1480.7458038330071,0.5439277373421447
HC IV or hospital,Koboko,Koboko,Midia,37911.99481201172,0.9763690100596151,10,1.0127983205961146,0.41182873838052836,0.45084064806665103,1479.0193176269524,0.5095120121227119
HC IV or hospital,Ntungamo,Ruhaama,Nyakyera,47693.0672416687,1.678411199010733,4,1.796339112200087,0.872861628433575,0.9035241088666053,1462.387741088866,0.9681209155994561
HC IV or hospital,Bunyangabu,Bunyangabu,Kibiito,22401.53448486328,1.0785280153290455,10,1.1295786261788408,0.6237344992254937,0.6888345745903022,1458.341583251955,0.7540506769232926
HC IV or hospital,Bulambuli,Bulambuli,Nabbongo,14622.457702636719,1.1730416853182066,5,1.2577969523033485,0.6210503163763189,0.7196220804057957,1441.3614501953116,0.8231570511178311
HC IV or hospital,Masindi,Bujenje,Bwijanga,66550.49136447906,1.8752227796095513,10,2.0048795322033506,0.8521544503758108,0.8737569566863099,1437.6574096679744,0.9251024450233618
HC IV or hospital,Sironko,Budadiri,Nalusala,12919.209335327148,0.5996327609796067,5,0.6716439555608772,0.0,0.11116162239498414,1436.1202697753906,0.35786612962331704
HC IV or hospital,Kanungu,Kinkizi,Kanungu Town Council,18106.816986083984,1.030025143479296,4,1.0881270846871693,0.5469216163530055,0.6260395204625564,1432.57341003418,0.7985048119874447
HC IV or hospital,Nebbi,Padyere,Parombo,45334.89055633545,1.8185749693528859,9,1.9023485605425448,0.886042231346057,0.9175803662245274,1429.777893066404,0.9677333134874916
HC IV or hospital,Arua,Terego,Katrini,41472.445861816406,0.7763918766557826,10,0.8195717832908548,0.2849102818382981,0.3192275814693907,1423.2223510742197,0.35618574466695785
HC IV or hospital,Busia,Samia-Bugwe,Masinya,32816.439453125,0.8873969601551104,4,1.009515046462497,0.4358897571270759,0.4787207662702043,1405.5612182617174,0.5081039489187519
HC IV or hospital,Nebbi,Padyere,Nyaravur,29446.185062408447,1.1966335744497105,9,1.2510184456698352,0.5838963048562953,0.6315052334302322,1401.9013214111328,0.7421416046401073
HC IV or hospital,Serere,Serere,Olio,39144.69779968262,2.0195751999226577,5,2.20972167138985,0.7845354317635163,0.8202407988426182,1397.6758041381838,0.8584950395289593
HC IV or hospital,Kyotera,Kyotera,Kalisizo,20560.470024108887,0.9860184252566889,4,1.0487966615484665,0.44756211011459196,0.5150533409374047,1387.6514282226558,0.6086900063283824
HC IV or hospital,Luuka,Luuka,Nawampiti,26174.995361328125,1.435720996989393,4,1.5830790808431656,0.7544847638081508,0.8074147393397062,1385.4418640136746,0.9154131108211809
HC IV or hospital,Bushenyi,Igara,Kyeizooba,23719.611373901367,1.2007341514050671,4,1.2713957799275537,0.7018624553293642,0.7602464201260251,1384.844955444334,0.9223872831461776
HC IV or hospital,Kyenjojo,Mwenge,Kyarusozi,55198.02194213867,1.9591075345495494,4,2.1169532581955917,0.9523787085661698,0.977418403530763,1382.1416320800768,1.0
HC IV or hospital,Buikwe,Buikwe,Buikwe Town Council,20295.416107177734,1.4282052318560867,4,1.5135574514880454,0.9061359419034815,0.9735949539110189,1369.108718872072,1.0
HC IV or hospital,Nwoya,Nwoya,Anaka Payira,21328.251541137695,1.714347906372693,8,1.8889026962239326,0.7758002684927122,0.8398350119106615,1365.7491149902328,0.9451021886930153
HC IV or hospital,Masaka,Bukoto,Kyesiiga,31201.597490906715,2.0475363142029637,4,2.3546991708884595,0.9099500539309074,0.9536815008653636,1364.4910049438483,0.9832060504383756
HC IV or hospital,Manafwa,Bubulo,Nalondo,7869.782196044922,0.7866843366798018,4,0.8226525623247934,0.07979086992950124,0.2527399348797353,1361.0714721679688,0.33808206324764345
HC IV or hospital,Kyotera,Kyotera,Kakuuto,45097.08751869202,1.6186983521055893,4,1.712912275976382,0.6206490102207572,0.65082613971854,1360.9006500244102,0.6849976146711807
HC IV or hospital,Busia,Samia-Bugwe,Bulumbi,17553.279708862305,1.4366579748583275,4,1.525284065424853,0.675067223639436,0.7524387983943684,1358.1248931884777,0.7926183433475325
HC IV or hospital,Kamwenge,Kibale,Kahunge Town Council,21720.85509109497,1.4870570115825277,10,1.5603099221256669,0.8182251528226067,0.8806064126080341,1354.974304199219,0.9476417015453477
HC IV or hospital,Wakiso,Makindye Ssabagabo Municipality,Masajja Division,173317.64516448975,0.4804675489075543,4,0.4965231335449456,0.001245699802127569,0.009048299033824678,1352.328125,0.02886509459746862
HC IV or hospital,Kisoro,Bufumbira,Rubuguri Town Council,19130.177238464355,0.8653369752018332,11,0.9531077731724487,0.3414491866985442,0.4120455157197211,1350.520286560059,0.6008660783703424
HC IV or hospital,Bushenyi,Igara,Kakanju,26305.363220214844,1.3566480598819044,10,1.4372051480229864,0.8682240621088144,0.9194354672416611,1347.1346130371078,0.9849063940945922
HC IV or hospital,Kibuku,Kibuku,Nabiswa,17767.950744628906,1.3014732221568082,4,1.3412783189755648,0.8492763348080961,0.9250070037932898,1345.5787963867188,0.9250070037932898
HC IV or hospital,Tororo,Tororo,Merikit,32042.320831298828,1.714770618201924,4,1.8299146974327736,0.9581011848240116,1.0,1342.5352783203116,1.0
HC IV or hospital,Namisindwa,Bubulo,Namisindwa Town Council,6211.546325683594,0.7682061768075361,5,0.8219427633341999,0.11230317193258621,0.32796502111747594,1339.5935668945312,0.5419398894418516
HC IV or hospital,Pallisa,Pallisa,Kasodo,19254.082410812378,1.3789652865395363,4,1.5521868272604138,0.7669043654740785,0.8362111109966603,1334.437789916993,0.9281942243836729
HC IV or hospital,Mitooma,Ruhinda,Kashenshero,13939.509552001953,0.9452218823772327,4,0.9846338736360952,0.4209697431233032,0.51659911554276,1333.0265502929692,0.6639882287852148
HC IV or hospital,Kotido,Kotido Municipality,North Division,13642.723728179932,1.1743371097487996,7,1.2667046734018357,0.5770991554733175,0.6746423448059293,1330.7547836303713,0.7908106099425748
HC IV or hospital,Kyenjojo,Mwenge,Kyenjojo Town Council,32206.013481140137,0.9471288599963508,10,0.9937246809728794,0.34197406967358734,0.38323427238932,1328.826644897461,0.5322843404770182
HC IV or hospital,Mbale,Bungokho,Lwasso,13643.369018554688,0.6050256263251276,4,0.6574394687430715,0.0,0.09669866221696041,1319.2955322265625,0.09669866221696041
HC IV or hospital,Lira,Erute,Agali,32466.873977661133,1.686849936511459,8,1.8680262446178568,0.8454588902124635,0.886087463341477,1319.0827636718734,0.946067521055548
HC IV or hospital,Kisoro,Bufumbira,Muramba,46328.775314331055,1.6679318910246785,4,1.7684251037872387,0.9213474639322152,0.9497406783575402,1315.4228515625025,0.964035889002703
HC IV or hospital,Nakapiripirit,Chekwi,Kakomongole,31750.78133583069,1.5996062576313952,4,1.7440552373204148,0.7372736499537469,0.7783059749963038,1302.808380126955,0.8316904068103281
HC IV or hospital,Nwoya,Nwoya,Anaka Town Council,25266.2435836792,0.6294660839907615,8,0.6723318349201269,0.1695422895289512,0.22108502484807124,1302.291305541992,0.3208792699484698
HC IV or hospital,Namisindwa,Bubulo,Bumbo,20659.120239257812,1.0257390796699524,5,1.1173458314455975,0.5850327163255309,0.6476745061302558,1294.124267578126,0.7677475531379011
HC IV or hospital,Kakumiro,Bugangaizi,Kakindo,54719.76358795166,2.2995521369965437,4,2.494399431244021,0.9179131025979826,0.9412608302614629,1277.5821380615187,0.9784153488165334
HC IV or hospital,Amudat,Pokot,Amudat,45181.596590042114,2.6659776283714463,5,2.9052376523133443,0.7742001380670415,0.802392839176729,1273.7912483215343,0.8797213843558681
HC IV or hospital,Kabale,Ndorwa,Kyanamira,23286.744018554688,1.0975037722188483,4,1.1455532364029128,0.6300574205939142,0.6847416793269637,1273.4183349609373,0.8335194469130285
HC IV or hospital,Butaleja,Bunyole,Mazimasa,42080.28927612305,0.6831610145779775,4,0.7520566222226066,0.2374808546573789,0.2676314967638039,1268.7477416992192,0.37575190529456315
HC IV or hospital,Otuke,Otuke,Orum,17475.75905227661,1.2711116067677999,8,1.3868910577155042,0.7179662606465506,0.7905400538518563,1268.2821235656731,0.9045933177150236
HC IV or hospital,Kassanda,Kassanda,Kassanda Town Council,29410.791160583496,0.487848679162099,4,0.515092114296128,0.09100730961705908,0.13412069778358346,1267.9988555908203,0.24597281070191773
HC IV or hospital,Kisoro,Bufumbira,Nyundo,13223.883595466614,1.201202592763438,11,1.2913192700680816,0.7265264245205227,0.8223358047625831,1266.9720916748045,0.9694004446141061
HC IV or hospital,Amuria,Amuria,Kuju,23744.74599456787,1.766521179173246,8,1.9552427016792087,0.8322461315902736,0.885221979650221,1257.8980560302714,0.9805908562380888
HC IV or hospital,Iganga,Kigulu,Nambale,60795.088928222656,1.6479997604677676,4,1.7440265734969882,0.9037982396755811,0.9244827753945969,1257.5181884765598,0.9301921006724673
HC IV or hospital,Mitooma,Ruhinda,Rurehe,14950.110595703125,1.1219294132751907,4,1.1866546028606448,0.6109639183565169,0.6946576571984951,1251.2306518554697,0.8680167091547142
HC IV or hospital,Isingiro,Bukanga,Rugaaga,45375.08568286896,1.3970226014877318,4,1.501541407290072,0.6487011702449443,0.6760411619513604,1240.5544662475572,0.7556970604383738
HC IV or hospital,Ibanda,Ibanda Municipality,Bisheshe Division,40198.98294067383,1.659267196754141,4,1.7356301873236208,0.9061053237323848,0.9368976133635113,1237.81872558594,0.9533646406360672
HC IV or hospital,Nebbi,Padyere,Ndhew,26183.451919555664,1.2857965166840153,9,1.3695307003258106,0.8038404758697267,0.8509807478146743,1234.2950439453123,0.9304468489525801
HC IV or hospital,Manafwa,Bubulo,Bunabwana,13184.102081298828,1.5411878385422226,4,1.653861104121057,0.857238421249114,0.950847376701959,1234.1500244140627,1.0
HC IV or hospital,Sironko,Budadiri,Bukiise,26014.812408447266,1.5093747378070583,5,1.635123093383007,0.9525923443087837,1.0,1233.3012695312493,1.0
HC IV or hospital,Kisoro,Bufumbira,Kanaba,19043.893173217773,1.134296599569682,4,1.2242765247246408,0.700621895211316,0.7652539484134963,1230.8459167480482,0.9371352360064079
HC IV or hospital,Mityana,Mityana,Ssekanyonyi,31136.24334716797,1.0369740099625384,4,1.0994722100950758,0.5435470623256736,0.5828497055563853,1223.7366638183616,0.6525178559124084
HC IV or hospital,Bundibugyo,Bwamba,Tokwe,18901.031856536865,1.4416566432909568,4,1.5139242776608357,0.6186082298171585,0.6830814125209022,1218.6096801757812,0.709359996466209
HC IV or hospital,Ntungamo,Rushenyi,Kayonza,34319.55812072754,1.2137414321873443,4,1.2644263997806087,0.6131424070198063,0.6485690318779375,1215.8261108398447,0.7292381308882531
HC IV or hospital,Oyam,Oyam,Acaba,38795.55989074707,1.639700177010317,8,1.7836778411558052,0.8563989127839213,0.8876602080752057,1212.7994537353536,0.9371304579982882
HC IV or hospital,Kalaki,Kalaki,Otuboi,37084.18453979492,1.2169067453651925,8,1.2861910278079074,0.6321527864541147,0.6648546626625023,1212.722412109375,0.7438527718551422
HC IV or hospital,Kiruhura,Nyabushozi,Kenshunga,34455.54885101318,2.0141030632536414,4,2.1279062072079076,0.7568618564309351,0.792029861034753,1211.7329006195066,0.8768745695321655
HC IV or hospital,Busia,Samia-Bugwe,Dabani,46442.927825927734,0.6453840788804769,4,0.6805199686272458,0.054471420607704546,0.08047302765116017,1207.5907592773438,0.1304786951585618
HC IV or hospital,Kabale,Ndorwa,Kamuganguzi,27196.656648397446,1.3300332218452027,4,1.4210629253500253,0.8301265178231072,0.8745086000067055,1207.0442504882803,0.9456193175902788
HC IV or hospital,Manafwa,Bubulo,Sibanga,10242.667114257812,0.967861953326871,4,1.0232609984701224,0.4444559643463492,0.5622572272043563,1206.59912109375,0.7419418908551538
HC IV or hospital,Kasese,Busongora,Buhuhira,24367.196319580078,0.874568700139654,10,0.9607446201229849,0.3971243001952214,0.4466345933224322,1206.4270324707027,0.6325373682429021
HC IV or hospital,Lwengo,Bukoto,Ndagwe,44314.845359802246,2.2861867897783243,4,2.4736104035948907,0.8934958528025543,0.9206995296654767,1205.5267333984393,0.952164778922425
HC IV or hospital,Apac,Apac Municipality,Atik Division,11965.389892578125,0.7725371368189395,9,0.8235234591421949,0.2617829974990735,0.3623951295624218,1203.8633880615232,0.4800288470855589
HC IV or hospital,Pallisa,Pallisa,Olok,20983.87047958374,1.7004724634670207,4,1.9192228583567794,0.7981757847648189,0.8554522877873016,1201.8827209472652,0.9372048874129592
HC IV or hospital,Maracha,Maracha,Nyadri,24234.3251953125,0.6946151916933634,10,0.7262085011461042,0.24077875029079082,0.2903229088680026,1200.6692504882815,0.36083946457175586
HC IV or hospital,Kumi,Kumi,Kanyum,53851.467544555664,1.8633383104020618,5,2.065677820169671,0.9183301389794376,0.9403690283951064,1186.8265380859389,0.9625627995079648
HC IV or hospital,Bundibugyo,Bughendera,Mabere,4167.213348388672,1.0185182629956109,4,1.121402545660907,0.4804425184048301,0.7624272922238491,1175.0907135009763,0.9339873183289201
HC IV or hospital,Sheema,Sheema Municipality,Sheema Central Division,24534.37240600586,1.056958789793266,4,1.0852825729308653,0.5783813195602224,0.6260583323070885,1169.725585937501,0.65529096076999
HC IV or hospital,Mukono,Nakifuma,Nagojje,45456.87772369385,1.4029073337824014,4,1.4730979504639383,0.8305212859205545,0.8562050991743756,1167.505958557132,0.8747115789449035
HC IV or hospital,Rwampara,Rwampara,Mwizi,41732.03300476074,1.4923444025109982,4,1.588300285680801,0.8886122848186158,0.9165796178948415,1167.1336669921914,0.9700881045008597
HC IV or hospital,Masindi,Masindi Municipality,Karujubu Division,39823.81978416443,1.6995223092480654,4,1.782956820549406,0.7646255868967194,0.7939044151912816,1165.9947814941388,0.8616753690832467
HC IV or hospital,Hoima,Hoima Municipality,Bujumbura Division,32147.048797607422,0.7981663564238443,10,0.8160134918922939,0.30454297751005427,0.3407133469023872,1162.7706298828125,0.37574404449493537
HC IV or hospital,Kabale,Ndorwa,Kitumba,24831.228788375854,0.6884002899769335,4,0.7257398168589364,0.12844744962641563,0.17515812875010184,1159.8835601806638,0.3102505911251675
HC IV or hospital,Isingiro,Bukanga,Ngarama,33347.4780960083,1.5234713033014564,4,1.616629636518901,0.7928970361868494,0.8276509185376428,1158.9543304443346,0.8822532570757726
HC IV or hospital,Kitgum,Chua,Labongo Amida,18639.148882865906,1.496112144749662,7,1.5903037378697698,0.7286874642261113,0.7906971979249678,1155.8086585998542,0.8334347914752753
HC IV or hospital,Kabarole,Burahya,Busoro,32664.159118652344,1.2457884101272785,10,1.3108458161829644,0.6372479146483928,0.6725958190340575,1154.609573364261,0.7416521885923401
HC IV or hospital,Mukono,Nakifuma,Nabbaale,48922.44584655762,1.1625272356481242,4,1.222544572976464,0.4798848470399294,0.5034564199835915,1153.1790008544908,0.5263548650772213
HC IV or hospital,Omoro,Omoro,Koro,40558.3331451416,2.341429214569312,8,2.457552154014189,0.958027245236851,0.9863546749161388,1148.9133300781266,1.0
HC IV or hospital,Ntungamo,Ruhaama,Rukoni West,19972.716232299805,0.7393949027261393,4,0.7990594100809477,0.2294832747876482,0.28677296436127664,1144.2307128906255,0.5359670693219569
HC IV or hospital,Kamwenge,Kibale,Kahunge,29154.55347442627,1.3735673556126382,10,1.4922287737869186,0.6552294548751173,0.6942711766475796,1138.2439651489258,0.769689556108258
HC IV or hospital,Arua,Ayivu,Aroi,30734.82992553711,1.565094308545026,10,1.676843778531548,0.96298455550691,1.0,1137.663391113281,1.0
HC IV or hospital,Mubende,Mubende Municipality,Western Division,50136.989181518555,0.9644890277340022,10,1.0189965126560845,0.2659937286329943,0.28860419113627306,1133.6205139160177,0.5757855894380595
HC IV or hospital,Arua,Vurra,Vurra,55433.0125579834,1.5009097397161466,10,1.588633934370654,0.6402960374411406,0.6607296210875669,1132.6950988769552,0.6722137531461522
HC IV or hospital,Nebbi,Padyere,Atego,13596.70751953125,0.991300087358113,9,1.0599166535674625,0.5415880603849945,0.6246457521346739,1129.3111419677741,0.7827595629158556
HC IV or hospital,Rwampara,Rwampara,Rugando,15396.896202087402,1.3263754535971843,4,1.4242735662085089,0.706730223666264,0.7799208124159914,1126.9078979492188,0.8704325347673623
HC IV or hospital,Kyankwanzi,Kiboga,Ntwetwe,25598.085815429688,1.7971434409277427,4,1.9607860095164633,0.833971512352396,0.8778856193990602,1124.1170806884759,0.9440233831676076
HC IV or hospital,Mbale,Bungokho,Bumasikye,15536.211486816406,1.311551238584903,4,1.3795403900005692,0.8950748485468926,0.967147402205507,1119.7344360351572,1.0
HC IV or hospital,Sheema,Sheema Municipality,Kabwohe Division,23494.133712768555,0.4644663524251182,4,0.4769643397919449,0.010515637835896544,0.05784601614084018,1111.9862365722656,0.09826393086081077
HC IV or hospital,Lyantonde,Kabula,Lyantonde,24912.553115844727,1.0632687787588577,4,1.1187507013401499,0.4713279705331787,0.5157786089660137,1107.3788909912103,0.6002968552572229
HC IV or hospital,Kasese,Kasese Municipality,Nyamwamba Division,68536.845703125,1.157176080519335,10,1.1795810734125332,0.4716507941240548,0.48775951198410183,1104.0407104492172,0.5082566404746649
HC IV or hospital,Kyotera,Kyotera,Nabigasa,24993.504669189453,2.080844551895798,4,2.289203135879571,0.9348341237305429,0.9789465899820131,1102.525131225584,1.0
HC IV or hospital,Sheema,Sheema Municipality,Kagango Division,31203.884071350098,1.41402828801806,4,1.462354151262992,0.78993642853316,0.8251636118720962,1099.2249450683594,0.8618872696862376
HC IV or hospital,Lwengo,Bukoto,Kisekka,57826.395362854004,1.535636315355612,4,1.631647366912448,0.6761792277905511,0.695123282547424,1095.4664001464866,0.7393681686721356
HC IV or hospital,Kabale,Ndorwa,Rubaya,16818.697465658188,0.9672021691549492,4,1.0456653326042264,0.346286657688953,0.4107127610231529,1083.5631408691404,0.6385319377897729
HC IV or hospital,Zombo,Okoro,Paidha,18377.282257080078,1.051819857600044,9,1.1289972499600094,0.6011338026954544,0.6599146351243825,1080.231948852539,0.8570637489163765
HC IV or hospital,Ibanda,Ibanda Municipality,Kagango Division,45827.45686340332,1.2318503693296208,4,1.2888115092588464,0.5152279690054041,0.5386919601919633,1075.2950439453164,0.5892302452109971
HC IV or hospital,Mbale,Bungokho,Busiu,19482.891326904297,0.6836124667640958,4,0.723015086170175,0.11154734033092684,0.16634583349317572,1067.6330871582031,0.29611927913084135
HC IV or hospital,Kanungu,Kinkizi,Kinaaba,9726.85205078125,0.9826194741833015,4,1.067019350760635,0.4395874786458415,0.5493205307065909,1067.357162475586,0.70836943552584
HC IV or hospital,Kagadi,Buyaga,Ruteete,17241.73747253418,1.4189531068429884,4,1.5246269317208698,0.7057843533164473,0.7676544547823995,1066.7480468749995,0.9014342017222469
HC IV or hospital,Busia,Samia-Bugwe,Masafu,19029.23486328125,0.8714380274147043,4,0.9877839599924139,0.34148011214395574,0.3973393628656236,1062.9588012695303,0.5187772161027518
HC IV or hospital,Amuria,Amuria,Willa,17892.153743743896,1.9572423446540879,8,2.1807944239068666,0.873287970791062,0.9326818405899678,1062.6842498779304,0.9893282147091266
HC IV or hospital,Manafwa,Bubulo,Weswa,10663.02587890625,0.8644295459995889,5,0.8895253836857901,0.26193400118518845,0.3612005301614255,1058.481567382813,0.3612005301614255
HC IV or hospital,Maracha,Maracha,Oluffe,27968.459716796875,0.8848235242638545,10,0.9345025165034966,0.39773843650489704,0.43551534525790425,1056.5619506835935,0.5240797606567338
HC IV or hospital,Lamwo,Lamwo,Padibe Town Council,11041.646183013916,1.0809362009394206,7,1.1293686096651432,0.5192844904087117,0.6148386842474439,1055.0755996704092,0.7017181118920742
HC IV or hospital,Budaka,Budaka,Kakule,16647.608306884766,1.5356450729696418,4,1.682294715410665,0.9368024582421561,1.0,1052.0879211425784,1.0
HC IV or hospital,Kasese,Bukonjo,Ihandiro,16937.803253173828,1.538280017331083,4,1.6185384932736868,0.638378714236041,0.7001698415379322,1046.6059570312507,0.7439256706400824
HC IV or hospital,Kasese,Busongora,Kitswamba,25872.848083496094,1.9041841149119274,10,2.0561787552609614,0.7375656463522641,0.777979894930262,1045.631713867188,0.8806600782485535
HC IV or hospital,Sheema,Sheema,Kyangyenyi,13676.06071472168,1.3280607921362946,4,1.3988672729439173,0.7749427662668209,0.8513819242940148,1045.3865661621091,0.8963938400934763
HC IV or hospital,Oyam,Oyam,Aber,34072.49675369263,1.6046096869325381,8,1.7377131029859152,0.7662323207480114,0.7968847998337255,1044.4064941406252,0.8691343104020299
HC IV or hospital,Kasese,Busongora,Bwesumbu,27002.664909362793,2.054832622562522,10,2.2701587345980627,0.9613247062080511,1.0,1044.335998535155,1.0
HC IV or hospital,Rubanda,Rubanda,Bubaare,40860.58520531654,0.9948504838591765,4,1.0411996243331958,0.5163546687851287,0.5419013969599823,1043.854263305666,0.5915265770085844
HC IV or hospital,Rukungiri,Bujumbura,Bwambara,33465.016287982464,1.7992208381496122,4,1.949758803609361,0.8663340172255788,0.8975085316325881,1043.255632400512,0.9621090563148025
HC IV or hospital,Kibuku,Kibuku,Tirinyi,27010.027618408203,1.5181946099464403,4,1.5750318303599846,0.7884825252611367,0.8269748834205133,1039.6796569824216,0.8717914207356969
HC IV or hospital,Kween,Kween,Kwosir,18911.15717315674,1.348951554988237,5,1.4307280509676465,0.766711509525138,0.8216067618002879,1038.13274383545,0.832790012950833
HC IV or hospital,Isingiro,Isingiro,Birere,27980.503143310547,1.4039255303790514,4,1.448930402613887,0.7487673445998563,0.7858191153561018,1036.7271881103504,0.8501178821691623
HC IV or hospital,Bushenyi,Igara,Kyabugimbi,21923.53353881836,0.7801624060782472,4,0.8210229138670158,0.33733509367435865,0.3845973573472863,1036.1558227539056,0.4606993014063982
HC IV or hospital,Isingiro,Isingiro,Kabuyanda Town Council,21361.662399291992,0.5118541814708695,4,0.5325788788317055,0.11518097308049992,0.16359578445525363,1034.2208557128906,0.2162603493192028
HC IV or hospital,Kanungu,Kinkizi,Kirima,18959.505767822266,1.182719582291053,4,1.243355445101206,0.6251713300450483,0.6795926226885903,1031.8008117675781,0.7786515340709996
HC IV or hospital,Gulu,Aswa,Awach,25452.08308696747,1.219046984315983,8,1.3675718325292188,0.5239860638594248,0.5644868484410555,1030.829334259034,0.6192198885813816
HC IV or hospital,Namayingo,Bukooli,Namayingo Town Council,19521.723205566406,0.542051535678849,4,0.5882889776200959,0.0,0.05249912322076925,1024.8733520507812,0.0776390623385101
HC IV or hospital,Napak,Bokora,Matany,31200.95289993286,1.9685771572306667,4,2.0928936149523496,0.7519839534593702,0.7846688473623148,1019.7998352050772,0.8291169398962858
HC IV or hospital,Namutumba,Busiki,Namutumba Town Council,24579.835388183594,1.3984021154780393,4,1.5596966492815858,0.958586764500304,1.0,1017.9305114746088,1.0
HC IV or hospital,Manafwa,Bubulo,Butiru,24000.50131225586,1.1762089372860485,4,1.2557067378524658,0.7622684328924215,0.8046489576105414,1017.1538391113291,0.8759293494015724
HC IV or hospital,Oyam,Oyam,Iceme,62039.25791168213,2.0342145304386494,8,2.227140390552026,0.9647458127426954,0.981128787865729,1016.3876190185506,1.0
HC IV or hospital,Bukwo,Kongasis,Bukwo,13589.083953857422,0.5821030012574144,5,0.6440493041352909,0.09542872500396671,0.17008135310849098,1014.4608306884764,0.3319833282932517
HC IV or hospital,Pallisa,Pallisa,Kamuge,27906.287658691406,1.7684966606647579,4,1.956881127931008,0.963753722231841,1.0,1011.499053955077,1.0
HC IV or hospital,Kisoro,Bufumbira,Murora,19279.372756958008,0.5500077051666955,4,0.604710723330608,0.09727215158797721,0.14968923455975564,1010.5684814453125,0.31008403241827925
HC IV or hospital,Isingiro,Isingiro,Isingiro Town Council,35298.323525846004,1.3726168486915546,4,1.4213388346658375,0.7134540551220555,0.7420605608180394,1009.7616930007957,0.7946912024850893
HC IV or hospital,Kumi,Kumi Municipality,Northern Divison,23810.971069335938,0.7043509282543218,5,0.7284317864022656,0.23262704746847082,0.27494880087214424,1007.7220458984375,0.30663557230429334
HC IV or hospital,Kasese,Bukonjo,Munkunyu,27763.981506347656,1.3920778583655842,4,1.466120093478392,0.8924983025327806,0.9287675845542639,1006.9796752929691,0.9905579744095054
HC IV or hospital,Buikwe,Buikwe,Buikwe,21293.386291503906,1.062434941937791,4,1.1476761546151935,0.608988460861365,0.6558805555205458,998.4914855957031,0.6788292884299838
HC IV or hospital,Kasese,Bukonjo,Kyarumba,50368.6003036499,2.2400476560806846,4,2.4876483440972943,0.904982070349641,0.9247998159716484,998.1921081543006,0.974827141543056
HC IV or hospital,Rukiga,Rukiga,Kashambya,30657.842529296875,1.6459881596893764,4,1.7579039944566057,0.8932673956882161,0.925797938328621,997.3162536621105,0.9725231576233023
HC IV or hospital,Mityana,Busujju,Kakindu,22238.29510498047,1.0219847213379725,4,1.0887888015969593,0.4999105916676612,0.5446305625984276,994.4959106445302,0.6070997581002846
HC IV or hospital,Sironko,Budadiri,Buhugu,15424.041717529297,0.6421193849101269,5,0.6865935426798705,0.09844403925179118,0.1624729858877813,987.5851440429689,0.18339203067457838
HC IV or hospital,Sheema,Sheema,Kitagata,7972.655426025391,1.0335018683487815,4,1.0846444036466634,0.5435869697637807,0.6674283957028061,987.3450164794921,0.7895602007216339
HC IV or hospital,Alebtong,Moroto,Awei,32663.477615356445,2.4340292339451977,8,2.664337452425499,0.9282738311447161,0.9584884334546081,986.9139862060557,0.9704495295406848
HC IV or hospital,Kisoro,Bufumbira,Kirundo,5505.859222412109,0.9251965516317769,11,0.9960673879192931,0.38108009977164164,0.5601103182397991,985.7151794433593,0.7602711770372688
HC IV or hospital,Bundibugyo,Bwamba,Mirambi,13535.658111572266,0.5987723970266461,4,0.6490717422302213,0.0,0.07260403144548809,982.7433471679688,0.29922094677022537
HC IV or hospital,Iganga,Kigulu,Nakalama,56837.74247741699,1.163085684851206,4,1.207168057533799,0.561800879245112,0.5790883091883638,982.578491210935,0.5926304210037772
HC IV or hospital,Buliisa,Buliisa,Kigwera,19721.938551664352,0.6298028031349643,10,0.663230789015265,0.12709105425292352,0.17657685711039178,975.9559631347652,0.30394636135228437
HC IV or hospital,Kabarole,Burahya,Kicwamba,8195.771102905273,0.6336658297879679,4,0.6779011707055105,0.1052066253851772,0.22409545327981947,974.3856201171876,0.2962196122787196
HC IV or hospital,Isingiro,Isingiro,Kabingo,35306.40502738953,1.7301509136548325,4,1.847791554001193,0.8766336920745219,0.904168227126255,972.1454467773423,0.9671804512735733
HC IV or hospital,Nakasongola,Buruli,Kakooge Town Council,11258.728874206543,0.9022332118836585,4,0.9333597541914666,0.32015117697263096,0.4064803638674691,971.9569091796874,0.4647656958380595
HC IV or hospital,Kakumiro,Bugangaizi,Bwanswa,26466.760231018066,1.5779513520707449,4,1.7214735019965572,0.8630483996861001,0.8996657309926694,969.1421279907212,0.9785082523243026
HC IV or hospital,Manafwa,Bubulo,Buwagogo,9043.231811523438,0.9717157382175519,5,0.9954543536449021,0.3655095414003548,0.47172960883764786,960.5726928710934,0.563435803129647
HC IV or hospital,Kabale,Ndorwa,Maziba,24350.722442626953,1.1013077989410227,4,1.182645673467546,0.6003050366397272,0.6397127425868538,959.6061096191397,0.7360414135336341
HC IV or hospital,Ntungamo,Ruhaama,Ntungamo,38400.347816467285,1.3108168795842734,4,1.3660493987776636,0.6597412208830279,0.6846355162365139,955.9496002197268,0.7970520822589838
HC IV or hospital,Adjumani,East Moyo,Pakele,59688.187870025635,2.1923677872296397,8,2.366096110077744,0.8232040503071855,0.8390941177901557,948.4493331909156,0.8913109824239418
HC IV or hospital,Kasese,Bukonjo,Isango,10354.558822631836,0.7922132333843145,11,0.806017652076475,0.19205779361326877,0.28346412146353267,946.4721984863281,0.3361968824097757
HC IV or hospital,Moroto,Matheniko,Nadunget,65480.30608725548,3.7613607506784987,4,4.039561151566852,0.7480070249088278,0.7624038963375495,942.7115478515601,0.7720872094580311
HC IV or hospital,Bundibugyo,Bughendera,Harugale,14383.831405639648,1.4247050988232348,4,1.5404330929896095,0.6816662211625835,0.7470943417463016,941.1070556640633,0.8112218729412454
HC IV or hospital,Manafwa,Bubulo,Bugobero,17963.63720703125,0.4709378423104419,4,0.5074772622104218,0.04473796402775366,0.0970167183983247,939.1165771484374,0.1647739870494129
HC IV or hospital,Kibuku,Kibuku,Kagumu,23143.24285888672,1.5114913703806,4,1.609842555595057,0.9040661693902153,0.9441927741700157,928.659759521484,0.9755814887912629
HC IV or hospital,Luwero,Katikamu,Butuntumula,42684.84334945679,2.0660554032416973,4,2.2005665185230883,0.9236318151414782,0.945339386654976,926.5842895507834,0.9622083313915148
HC IV or hospital,Nakaseke,Nakaseke,Kasangombe,28565.841751098633,1.6854917851182178,4,1.8380530868435676,0.8113397265107847,0.8436729767845874,923.6265106201156,0.8920444345599534
HC IV or hospital,Bushenyi,Igara,Ruhumuro,15384.855987548828,1.3973484496325317,4,1.4620020564688545,0.7564935493021624,0.8165123169255221,923.3800964355468,0.8973307314882412
HC IV or hospital,Kanungu,Kinkizi,Katete,8258.695556640625,1.1435109392771812,4,1.1911805488703053,0.6480520339342851,0.7593603825980412,919.2617645263675,0.8500526692435947
HC IV or hospital,Rubirizi,Bunyaruguru,Rutoto,15634.208045959473,1.7034312240471912,10,1.8716863353402824,0.8693758061817044,0.9279805388242304,916.2385826110833,0.9806508158492615
HC IV or hospital,Buhweju,Buhweju,Karungu,19867.891403198242,1.2506598687996628,4,1.310227456025743,0.7736074477693261,0.8196681929304954,915.1298828125008,0.8651963506033339
HC IV or hospital,Kitagwenda,Kitagwenda,Mahyoro,39400.97274231911,2.2384107437149847,4,2.4396211145429065,0.9003201884747665,0.9234880540756986,912.8364410400378,0.9816396318104057
HC IV or hospital,Sheema,Sheema,Rugarama,9073.168045043945,1.0813271966440783,4,1.175238690002976,0.4911502874072464,0.5910578095567899,906.4777374267579,0.7860420339210036
HC IV or hospital,Omoro,Omoro,Ongako,31417.097423553467,1.6278888285934596,8,1.7122438781975071,0.6626324580656855,0.6914766627010382,906.20118713379,0.7318666225253679
HC IV or hospital,Kiboga,Kiboga,Kibiga,32494.69327545166,1.90371328521109,4,2.036954223124831,0.8539296712749637,0.8816782996082272,901.6831665039057,0.9046145661389787
HC IV or hospital,Bushenyi,Igara,Kyamuhunga,26604.49137878418,1.5357399775850462,10,1.650690316618792,0.771122988800746,0.8049814176256372,900.7862777709959,0.8494380147653839
HC IV or hospital,Kaliro,Bulamogi,Buyinda,25546.18531036377,1.6707089359943406,4,1.8780475152764273,0.8866534038074143,0.9218367886694437,898.8012695312513,0.9662446723743723
HC IV or hospital,Kyotera,Kyotera,Lwankoni,18557.131233215332,1.275048273763971,4,1.4012837787287833,0.7456041284003506,0.7940253506209167,898.5589752197276,0.8548845046129728
HC IV or hospital,Kiboga,Kiboga,Bukomero,19191.39510345459,1.6830388091540782,4,1.7789050061611522,0.7855501080872446,0.832327817712153,897.7295074462888,0.8985228220019921
HC IV or hospital,Kayunga,Bbaale,Bbaale,22932.848419189453,1.3160421418499006,4,1.4376754477387799,0.6118411474918365,0.650779044511162,892.9568901062001,0.7050904121864046
HC IV or hospital,Bukwo,Kongasis,Kortek,7774.04020690918,1.072054595291109,5,1.1563682536143802,0.5544660060992954,0.6691676341622531,891.6950683593755,0.7794858473785223
HC IV or hospital,Namisindwa,Bubulo,Bukhaweka,11005.821411132812,1.0930301288360667,5,1.148068801564826,0.7038479691295297,0.7838644496655263,880.6470947265625,0.7838644496655263
HC IV or hospital,Lwengo,Bukoto,Lwengo Town Council,18501.54150390625,0.6978062738925259,4,0.7401633840810898,0.11290524198033858,0.1605028079176891,880.6283416748049,0.30759127716791546
HC IV or hospital,Ntungamo,Kajara,Nyabihoko,26311.539142608643,1.2269972986359121,12,1.2616496134344106,0.6558234688994443,0.689273190053753,880.1136474609368,0.7887435450741532
HC IV or hospital,Ssembabule,Mawogola,Mijwala,37362.961963653564,1.7748789887010679,4,1.8939005441045478,0.8904312682965569,0.9139060609178353,877.0877838134796,0.9775562366741797
HC IV or hospital,Bukwo,Kongasis,Kabei,15676.886240005493,1.9178337194486663,5,2.1825270134911814,0.7172684054828212,0.7730929068864781,875.1543579101564,0.8932302632693611
HC IV or hospital,Kakumiro,Bugangaizi,Kikwaya,18402.511932373047,1.1330046449966764,4,1.2280460446601218,0.6387483488740603,0.6862835076675421,874.7663269042964,0.8140220203125764
HC IV or hospital,Bushenyi,Igara,Bumbaire,17186.173263549805,0.7001003226155331,4,0.732582848519828,0.23506141988227747,0.28585120425813126,872.8820343017582,0.41392090465974724
HC IV or hospital,Tororo,Tororo,Mella,23487.197662353516,1.5619975810083921,4,1.767770080109621,0.9439156432063125,0.9810771039112244,872.8185729980485,1.0
HC IV or hospital,Namisindwa,Bubulo,Bukhabusi,12489.441284179688,1.179483351682037,5,1.2784017913180932,0.6955900337025895,0.765335852101555,871.0863037109381,0.8574918014487296
HC IV or hospital,Busia,Samia-Bugwe,Buhehe,23660.631408691406,1.5689632705432404,4,1.7144368332237188,0.898586434096424,0.9352544435780831,867.5882568359364,0.9550417337380893
HC IV or hospital,Kabale,Ndorwa,Katuna Town Council,10951.343688964844,1.1118299708413497,4,1.2154996610510302,0.8420347426888227,0.9211508909635385,866.4281311035157,1.0
HC IV or hospital,Wakiso,Busiro,Namayumba Town Council,23769.58155822754,0.7795788164508092,4,0.804773914795713,0.31178436347508837,0.3482327058576217,866.3618469238281,0.41816992110066387
HC IV or hospital,Manafwa,Bubulo,Bukhofu,8945.236083984375,0.6879687056169731,5,0.7500717441309751,0.07917847387724682,0.1758586051785868,864.8265991210938,0.35967486567229684
HC IV or hospital,Mityana,KCCA,Central Division,33229.10221850872,0.47181568011781905,4,0.49886347705617917,0.12192578092871251,0.14774726456664114,858.0247192382809,0.18298286447466552
HC IV or hospital,Hoima,Hoima Municipality,Busiisi Division,27872.45083618164,0.9607104112297127,10,0.9848119440554524,0.45496148477765136,0.4857041857048943,856.8744201660152,0.5479473281252908
HC IV or hospital,Masindi,Masindi Municipality,Nyangahya Division,17686.357906341553,1.0419825959852742,4,1.0911106705463711,0.5144308616177621,0.561993924100501,841.2173461914064,0.6637425616642204
HC IV or hospital,Kyenjojo,Mwenge,Kyarusozi Town Council,17537.857986450195,0.6665995130288013,4,0.7207645618865738,0.16734814022031672,0.21519791246869116,839.1825103759767,0.4722084751399108
HC IV or hospital,Koboko,Koboko,Dranya,21780.43360900879,1.0092075751749354,10,1.0374305941938644,0.5346608196384569,0.5731167268653027,837.5863342285157,0.6235380748391671
HC IV or hospital,Kyegegwa,Kyaka,Kakabara,84913.34777832031,2.6932333486436835,4,2.8690810221704703,0.9612114307936093,0.9710724234046356,837.3298950195276,0.993721863595017
HC IV or hospital,Kapchorwa,Tingey,Kapsinda,10272.454093933105,1.1436526747823952,5,1.2593684837313395,0.696042222221303,0.7772804940914976,834.5164184570312,0.8864380571279776
HC IV or hospital,Gomba,Gomba,Maddu,42457.12720489502,2.9033715353273024,4,3.1016418487264668,0.8343346977845008,0.8539331170292207,832.0925788879373,0.9060780000670257
HC IV or hospital,Bugiri,Bukooli,Bulidha,36349.74098157883,1.874205825443165,4,2.062105979366605,0.8968704796092073,0.9196784364635563,829.0633239746115,0.9466375909446658
HC IV or hospital,Rubirizi,Bunyaruguru,Magambo,15207.46908569336,1.6699334895776599,10,1.7882198182340887,0.9086286782854496,0.9629446715916322,826.0087890625,1.0
HC IV or hospital,Oyam,Oyam,Kamdini,64620.69287109375,2.334079290050914,8,2.4462264605761983,0.8888905889749331,0.9016095237802169,821.9063796997054,0.9243407849007843
HC IV or hospital,Mbale,Bungokho,Budwale,9876.285583496094,1.2017619772993138,4,1.2753482866068315,0.7240299628961353,0.8072479784898454,821.8848876953124,1.0
HC IV or hospital,Gomba,Gomba,Mpenja,37790.40612030029,2.0297798703344037,4,2.1541825321922436,0.937535925994155,0.9590874468918461,814.4407272338846,0.9880282047007527
HC IV or hospital,Sironko,Budadiri,Bukyabo,8902.933349609375,0.9591941253077896,5,1.0508755962505278,0.4238078654016305,0.5152443008176153,814.0524902343747,0.8352128664142061
HC IV or hospital,Bundibugyo,Bwamba,Bundingoma,4408.181701660156,0.775988442289067,4,0.8057556975346541,0.14725941083370075,0.3314789453520965,812.0731811523436,0.4816706644107666
HC IV or hospital,Moyo,Moyo,Moyo,22620.062229156494,1.1178714128060292,8,1.2085082703098655,0.44294885626527425,0.4787795918763188,810.4934692382814,0.6385742248107935
HC IV or hospital,Bushenyi,Igara,Kyamuhunga Town Council,16035.00464630127,0.6616235444756731,10,0.6863593489207168,0.11538196071622897,0.16571065955985276,807.0209197998048,0.20556978716753616
HC IV or hospital,Amuria,Amuria,Apeduru,18893.626403808594,1.6532058540886674,8,1.8274688369251557,0.8308697326396345,0.8735274658384622,805.9592742919936,0.9444890138826714
HC IV or hospital,Yumbe,Aringa,Kei,69414.812084198,2.20834231382755,10,2.4062330960605114,0.9450838496768947,0.9566450639465204,802.5195159912123,0.977131086326513
HC IV or hospital,Butambala,Butambala,Kibibi,16722.36450958252,1.4878487443863713,4,1.5568749106211983,0.9025858357512543,0.9503137865937817,798.1241912841803,0.9774748866093408
HC IV or hospital,Kween,Kween,Kwanyiy,13879.410926818848,1.4077009442347292,5,1.5288793282427913,0.9209211422276085,0.9783758698715126,797.4377746582039,1.0
HC IV or hospital,Isingiro,Isingiro,Masha,37301.74655532837,2.241601362312384,4,2.352544264165087,0.8113523668519487,0.8325498879426394,790.7045593261734,0.8910704733181114
HC IV or hospital,Kasese,Busongora,Rukoki,18085.81739807129,1.1802720315366082,10,1.230954813969602,0.5030936747859698,0.5466527990889761,787.802368164062,0.8158145436321147
HC IV or hospital,Maracha,Maracha,Maracha Town Council,10475.745239257812,0.9191324705878728,10,0.9817381419328989,0.4226361687773812,0.4977055152221338,786.4073486328125,0.7008768627726074
HC IV or hospital,Buikwe,Buikwe,Najja,57196.61795377731,1.78793917414405,4,1.9442598673548708,0.9095251954728952,0.9232724963828447,786.2991180419949,0.9538631417761355
HC IV or hospital,Ntungamo,Ruhaama,Rukoni East,29881.61823272705,1.6861571541419917,4,1.8256573332063608,0.9625239401258597,0.9887382894577564,783.3271789550807,1.0
HC IV or hospital,Bulambuli,Bulambuli,Bulambuli Town Council,8113.130859375,0.9502005023030929,5,0.972339779651806,0.4271384845121106,0.5230203547947326,777.9021606445315,0.6041479494203431
HC IV or hospital,Kabarole,Burahya,Kiko Town Council,15092.615600585938,1.3562485842153476,10,1.4295968880174217,0.778656391966312,0.8300833714639219,776.16763305664,0.8828777403018296
HC IV or hospital,Iganga,Kigulu,Nawandala,40069.70146179199,1.6292311504724066,4,1.7286745146050053,0.8583804640454716,0.8777386856773631,775.6781616210959,0.8927994039530622
HC IV or hospital,Sironko,Budadiri,Sironko Town Council,23153.11085510254,1.7261713753957264,5,1.8765269563721392,0.9665482852030814,1.0,774.5112609863291,1.0
HC IV or hospital,Lwengo,Bukoto,Kkingo,39458.64988708496,1.8863948780612505,4,1.9805514704162814,0.8274743165713684,0.8470960265771167,774.2461853027343,0.8728147103660603
HC IV or hospital,Mubende,Mubende Municipality,Southern Division,40452.34677886963,1.54951894066783,10,1.608939485103577,0.98088406368386,1.0,773.2844848632808,1.0
HC IV or hospital,Iganga,Kigulu,Bulamogi,40654.347412109375,0.9110619644301494,4,0.9449200099182082,0.4078479759216249,0.42660657769300037,762.6187133789078,0.45664793552652744
HC IV or hospital,Mityana,Mityana,Kikandwa,35717.35859680176,1.9949311535233243,4,2.120010740162241,0.9116062046470804,0.9329254466183002,761.4670104980449,0.9671229616677883
HC IV or hospital,Bulambuli,Bulambuli,Bulegeni,7814.6966552734375,0.7095144781947731,5,0.7318396565839246,0.0,0.09731637955859129,760.4979858398438,0.09731637955859129
HC IV or hospital,Kapchorwa,Tingey,Kaptanya,10108.512386322021,0.6807888466987269,5,0.7268007340298542,0.2009287701130582,0.2761508678575086,760.3835067749025,0.35988866895618843
HC IV or hospital,Amolatar,Kioga,Amolatar Town Council,14022.976127624512,0.5945192834905485,9,0.6158864113871821,0.11084031372208593,0.16502841375961072,759.8784332275391,0.20938676839204223
HC IV or hospital,Ngora,Ngora,Ngora Town Council,17592.893768310547,0.4915267969946618,5,0.5352139563273275,0.0,0.043044128637595026,757.2707824707031,0.14285607604512238
HC IV or hospital,Butaleja,Bunyole,Busaba,32718.35612487793,1.892156826936721,4,2.102937655861277,0.8419068288212659,0.8650030189132861,755.6693725585955,0.8998130558452025
HC IV or hospital,Sironko,Budadiri,Butandiga,9119.5673828125,1.3370003718930983,5,1.4477543047125256,0.9181066381879537,1.0,746.8320312500003,1.0
HC IV or hospital,Mayuge,Bunya,Bukatube,54176.01568841934,2.2049416207813994,4,2.5325198242386797,0.9801466748513968,0.9939237280273203,746.3858489990181,1.0
HC IV or hospital,Kyenjojo,Mwenge,Butiiti,25971.71002960205,1.597442369089564,10,1.6549229477981622,0.7893359162939053,0.8180568796965446,745.9325332641605,0.8776266176322328
HC IV or hospital,Kikuube,Buhaguzi,Kikuube Town Council,25110.394874572754,0.9800712322282343,10,1.03314996801141,0.3945103557067165,0.4242121734225791,745.8243713378907,0.5046861776802375
HC IV or hospital,Mityana,Mityana Municipality,Busimbi Division,56181.38063764572,0.520438415729533,4,0.5352724271243661,0.11674162327659111,0.13000452659344555,745.1282196044931,0.151482824318178
HC IV or hospital,Kabale,Ndorwa,Ryakirimira Town Council,9658.29963684082,0.4711451013177318,4,0.5169948443196801,0.05247636515260113,0.1295744141680839,744.6360588073732,0.29351945855887357
HC IV or hospital,Soroti,Soroti,Gweri,65969.35831451416,2.5052444983300677,5,2.7187529206794294,0.9847840019560362,0.9960532046943732,743.4220733642564,1.0
HC IV or hospital,Pakwach,Jonam,Panyango,38396.37498521805,1.9001908728015022,10,2.0130440396382916,0.7497304474072579,0.7689450848066103,737.7724227905283,0.8398542333857718
HC IV or hospital,Omoro,Omoro,Omoro Town Council,27760.54274368286,2.0408889826690317,8,2.2427497745762413,0.7659301174835341,0.792374885910644,734.1211242675781,0.83587513920798
HC IV or hospital,Kakumiro,Bugangaizi,Kakumiro Town Council,14900.337265014648,0.6287497588001395,4,0.6874434511767317,0.10771607843336926,0.15696956455483113,733.8935546875001,0.40324420861699345
HC IV or hospital,Bushenyi,Igara,Nyabubare,42225.82139587402,1.1815796620516013,10,1.222647726911347,0.6117636446824622,0.6290205314444784,728.6862182617189,0.6750969594791516
HC IV or hospital,Bugiri,Bukooli,Iwemba,24095.55793762207,1.8639948454621071,4,2.139175900043187,0.9532431323891069,0.9833910745914695,726.4314880371098,1.0
HC IV or hospital,Kagadi,Buyaga,Muhorro,28552.531829833984,1.553962665761946,4,1.6453305946575534,0.7997899717470014,0.8250603120567531,721.532196044923,0.9270880704087182
HC IV or hospital,Kassanda,Kassanda,Kassanda,32108.107223510742,1.5557653994856557,4,1.6419108332790189,0.8389037750057721,0.8612228409651296,716.6229629516596,0.9041247501353715
HC IV or hospital,Buhweju,Buhweju,Nyakishana,24718.292861938477,1.4158495309733141,4,1.492951053886492,0.8283135305419993,0.8572133735082773,714.3547821044926,0.9519496338563976
HC IV or hospital,Namisindwa,Bubulo,Bupoto,12157.500045776367,1.7278780145675434,5,1.895359551274845,0.8862429347586658,0.9446152159077603,709.6610107421878,0.9446152159077603
HC IV or hospital,Yumbe,Aringa,Lodonga,50785.37648010254,1.9222585871929943,10,2.064512213533403,0.9860363967004601,1.0,709.1468505859378,1.0
HC IV or hospital,Kasese,Bukonjo,Bwera,17996.797821044922,0.5247033229195155,4,0.5395532704129219,0.053489831940673326,0.09275938101720302,706.7261352539062,0.12000682101054182
HC IV or hospital,Ntungamo,Rushenyi,Ngoma,32257.20962524414,2.0981842573774783,4,2.2173704512679207,0.7681554147873834,0.7900545995442052,706.4065933227533,0.8563349199226726
HC IV or hospital,Ntungamo,Kajara,Kibatsi,22841.858627319336,1.6897645923102487,12,1.7356919160990931,0.9545858725623756,0.9853149004853822,701.9081115722646,1.0
HC IV or hospital,Sheema,Sheema,Shuuku Town Council,17368.14825439453,0.7312175899486272,4,0.771360873149107,0.2659031201465706,0.3060243384885566,696.8312683105462,0.3918443500059272
HC IV or hospital,Sironko,Budadiri,Buwasa,10057.574584960938,0.5911210919101952,5,0.6316629524173205,0.0,0.06909713461136978,694.9495849609374,0.217427740342283
HC IV or hospital,Amuru,Kilak,Attiak,49720.06378173828,3.1467576525317225,8,3.353685940089491,0.8230845940871163,0.8370535148860928,694.5356330871616,0.8587219023969066
HC IV or hospital,Kyenjojo,Mwenge,Kyembogo,25338.522857666016,1.9834348828568955,4,2.1444584095984216,0.9521921122668356,0.9795573962622148,693.3958740234375,1.0
HC IV or hospital,Kasese,Busongora,Maliba,58348.92305755615,3.0401522141894404,4,3.3831363365066838,0.9737250026647574,0.9855677729759615,691.0128936767628,1.0
HC IV or hospital,Wakiso,Busiro,Kakiri,63663.190338134766,2.065264525328491,4,2.193950007834993,0.9381369814436552,0.9488638524378177,682.9068298339824,0.971867023075901
HC IV or hospital,Ssembabule,Mawogola,Lugusulu,41311.28746986389,2.802190344522683,4,2.9846338077192884,0.9070570712315379,0.9234727717871092,678.1537246704099,0.9529888582820941
HC IV or hospital,Mityana,Mityana Municipality,Ttamu Division,27059.7391204834,1.4022603077179312,4,1.4774008774180698,0.7668426286472803,0.7918584353629065,676.9212036132816,0.8249645446973694
HC IV or hospital,Rukungiri,Rubabo,Buyanja,36813.78160095215,1.4355027615119538,4,1.4759850987929954,0.7675839838998204,0.7859267612219293,675.2669982910139,0.8270193757359918
HC IV or hospital,Ssembabule,Lwemiyaga,Ntuusi,31807.20078086853,1.7024430166773779,4,1.8115851874540203,0.7030788697114092,0.7242713784018542,674.0743789672846,0.7863626834778955
HC IV or hospital,Wakiso,Busiro,Namayumba,30607.005783081055,1.7380366885205625,4,1.8702989733835218,0.9025912836418153,0.9242026384732092,661.4588623046889,0.9520889668386454
HC IV or hospital,Lwengo,Bukoto,Malongo,44008.46912384033,1.3020069271147268,4,1.3587158053929687,0.6959528243546976,0.7109681136705049,660.7998962402357,0.7495032729494465
HC IV or hospital,Maracha,Maracha,Kijomoro,37019.11895751953,1.6197372852862246,10,1.7130609252875633,0.9821560710540321,1.0,660.5665283203107,1.0
HC IV or hospital,Bushenyi,Igara,Bitooma,20498.300647735596,1.7699154758823303,10,1.9091220942282003,0.8570920235367165,0.889301059330155,660.2304992675789,0.9581294771015468
HC IV or hospital,Kamuli,Buzaaya,Magogo,24051.414779663086,0.6655528866468687,4,0.721644594404312,0.22031691105028456,0.2471923831737777,646.3931274414062,0.3514929452531202
HC IV or hospital,Bukwo,Kongasis,Kaptererwo,10934.399917602539,1.1802438710061567,7,1.3048249340840117,0.718785271271217,0.7778054093074676,645.349792480468,0.9279452453287635
HC IV or hospital,Kumi,Kumi,Nyero,48137.52919006348,1.6443739711286673,5,1.790139515400393,0.9567141952037571,0.9701099004252904,644.8361511230463,1.0
HC IV or hospital,Kiryandongo,Kibanda,Kiryandongo,106483.96399116516,4.608882972556618,10,4.940206017259852,0.9032900669025316,0.9093211162094932,642.2100372314442,0.9243762719685314
HC IV or hospital,Oyam,Oyam,Abok,22460.97947692871,1.943209875803611,8,2.120161084827727,0.9002663837412896,0.9287628651313573,640.0588836669907,0.9558923191849388
HC IV or hospital,Kaabong,Dodoth,Kaabong West,13719.10147857666,0.9214508446508773,4,0.9735400200655608,0.40217527416452437,0.44877572727824916,639.3163452148441,0.6473306048494254
HC IV or hospital,Soroti,Soroti Municipality,Western Division,19961.561767578125,0.6978836678102154,5,0.7184793363461391,0.0,0.03187066422103213,636.188232421875,0.03187066422103213
HC IV or hospital,Kamuli,Bugabula,Butansi,37034.720153808594,1.881449913946011,4,2.0206129013407357,0.9828308472642715,1.0,635.8547668457022,1.0
HC IV or hospital,Bushenyi,Bushenyi Municipality,Nyakabirizi Division,9626.295677185059,0.9177206686405526,4,0.9526473129928862,0.39881165582269573,0.4647723635220774,634.957275390625,0.6133407554563235
HC IV or hospital,Sheema,Sheema Municipality,Kashozi Division,16361.623947143555,1.3177686039369485,4,1.4046979526438874,0.8120236774585221,0.8505568970968089,630.4660491943359,0.9553130915985485
HC IV or hospital,Pakwach,Jonam,Pakwach,31794.11586201191,1.886876504868422,10,1.9739677182768514,0.7422906349593598,0.7620618760779231,628.6091308593761,0.814024393599136
HC IV or hospital,Mbarara,Kashari,Kakiika Division,30730.31708908081,0.9432044924103232,4,0.9667413172718484,0.3464045313648182,0.3667738743064533,625.9563674926771,0.40620080447863005
HC IV or hospital,Kamuli,Bugabula,Kitayunjwa,49418.7227935791,1.7414242207981785,4,1.8922392034640423,0.9415916498589041,0.9541540804481262,620.8192749023469,0.9762091675286193
HC IV or hospital,Bukedea,Bukedea,Bukedea Town Council,9931.665817260742,0.7332404276349693,4,0.7847603859777688,0.25799076950780414,0.319920289164827,615.0632934570312,0.44298314994287646
HC IV or hospital,Rukungiri,Rukungiri Municipality,Western Division,15061.589660644531,0.5611044510176837,4,0.569351138602734,0.12365710639969346,0.1644542751374225,614.47021484375,0.1644542751374225
HC IV or hospital,Mbarara,Kashari,Nyakayojo Division,49547.91059112549,1.4257570511030497,4,1.4839713193872202,0.759059604577872,0.7714070058315424,611.7879333496116,0.8042327872550673
HC IV or hospital,Apac,Apac Municipality,Agulu Division,17311.48748779297,0.962439205872463,9,1.0305718073106487,0.4776185319086538,0.512917146101988,611.0715179443371,0.5875673207788682
HC IV or hospital,Kaabong,Dodoth,Kaabong East,7777.75297164917,1.4557881687593468,4,1.533042531372725,0.7108545221470919,0.7891459553182893,608.9314270019535,0.8430360951934526
HC IV or hospital,Kabale,Ndorwa,Buhara,28787.006088256836,1.4152273683584458,4,1.5153902804839077,0.8071143078931481,0.8280236696075355,601.9179229736344,0.8997500511017199
HC IV or hospital,Oyam,Oyam,Oyam Town Council,15579.420753479004,0.6210901086561292,8,0.6686574601239904,0.14318405365014977,0.18171448777805058,600.2818450927734,0.2772462349603464
HC IV or hospital,Ngora,Ngora,Mukura,41939.652769327164,2.336473968081127,5,2.4892214171889826,0.9857180292051878,1.0,598.9808959960949,1.0
HC IV or hospital,Kazo,Kazo,Kazo Town Council,17400.552757263184,0.6850650705657612,4,0.7155721983039548,0.24310551994673382,0.2775226931531877,598.8778381347661,0.40909233262134825
HC IV or hospital,Kamuli,Bugabula,Nabwigulu,25359.66958618164,1.6059880879015882,4,1.7107512891165055,0.9161142184003507,0.9397264587912205,598.7986145019516,0.9711305918298447
HC IV or hospital,Kanungu,Kinkizi,Kambuga,28699.016708374023,1.012107139802855,4,1.0512470478322995,0.5395886898424964,0.5603421855279358,595.6049194335931,0.6097065517411718
HC IV or hospital,Mbale,Bungokho,Lukhonge,13257.602783203125,1.2448006973570256,4,1.3245732643591552,0.9552206335541438,1.0,593.6670532226561,1.0
HC IV or hospital,Kalaki,Kalaki,Apapai,14753.463348388672,1.811597693784042,8,1.944733675193272,0.8680253066489513,0.9082618715137288,593.628684997559,0.9416516413908846
HC IV or hospital,Kakumiro,Bugangaizi,Kitaihuka,20085.324577331543,1.9899482496484098,4,2.1538481049272535,0.9590312388679612,0.9885057008241288,592.0041351318376,1.0
HC IV or hospital,Bukwo,Kongasis,Riwo,11218.497495651245,1.0967698979671419,7,1.179008452810761,0.5195822148470675,0.5721518267906576,589.7520599365234,0.6730402205408627
HC IV or hospital,Amolatar,Kioga,Aputi,20584.18042743206,1.486898402961608,9,1.5557489746182063,0.7770824702046621,0.8053907457773434,582.702651977538,0.8614064970064522
HC IV or hospital,Pader,Aruu,Lapul,24172.18411064148,2.476699599086591,8,2.737965011447891,0.9152841061700745,0.9392437825679858,579.1577091217032,0.9645113711923571
HC IV or hospital,Serere,Kasilo,Kasilo Town Council,5630.78239440918,1.1499030197543372,5,1.2313941459040376,0.792554916318594,0.8936707248547707,569.3611145019535,1.0
HC IV or hospital,Kalaki,Kalaki,Kalaki,14748.245956420898,2.145368738939041,8,2.4056246770455165,0.936634902169861,0.9751467006242933,567.9814758300779,1.0
HC IV or hospital,Adjumani,East Moyo,Itirikwa,18824.926056861877,2.355046145178978,8,2.6030390525384326,0.751295193203464,0.781228156907949,563.4858283996596,0.8212659034805919
HC IV or hospital,Busia,Samia-Bugwe,Lunyo,19909.094680786133,1.60253104118648,4,1.7271145538442652,0.9035132303001039,0.9317084658329015,561.3416137695323,0.9317084658329015
HC IV or hospital,Bundibugyo,Bughendera,Nduguto,5101.860061645508,1.3821701617390865,4,1.5271263894963467,0.807884554589697,0.9166738877731221,555.0279541015628,1.0
HC IV or hospital,Kotido,Kotido Municipality,South Division,11292.16519165039,1.6357469499205466,7,1.7275776549397588,0.8826993034832239,0.9314398010295987,550.3857498168945,1.0
HC IV or hospital,Budaka,Budaka,Budaka Town Council,34977.728759765625,0.4680394557390286,4,0.4932322233041276,0.0223420138499542,0.03800961810401997,548.0172119140624,0.06999202013848418
HC IV or hospital,Luwero,Bamunanika,Bamunanika,37641.34233093262,2.1473610082050327,4,2.3222019154315325,0.9323967434525694,0.9469491550943685,547.7723083496091,0.9707221896076337
HC IV or hospital,Kikuube,Buhaguzi,Buhimba,40923.60939025879,2.4025122970031205,10,2.5333714717315257,0.9075851273657116,0.9208379498953058,542.3533325195322,0.9394701669752107
HC IV or hospital,Madi Okollo,Madi Okollo,Rigbo,34653.30417180061,2.4112494034112415,10,2.6041148016902262,0.9025571646361461,0.918155859397247,540.5463142395013,0.9619049696188512
HC IV or hospital,Serere,Serere,Atiira,27274.87402820587,2.2954580211552194,5,2.5102149044492306,0.9681877528500391,0.9879247170286168,538.3232116699194,1.0
HC IV or hospital,Kabale,Ndorwa,Butanda,17046.512283325195,1.4585108244104674,4,1.6055694397571683,0.9684960079258246,1.0,537.0331878662109,1.0
HC IV or hospital,Serere,Serere,Kyere,67230.14206695557,2.65853043008007,5,3.00140806440532,0.9920315373115299,1.0,535.7208786010774,1.0
HC IV or hospital,Bundibugyo,Bughendera,Ntotoro,22565.700689315796,1.7929985004959794,4,1.9382422784778124,0.9533786839567392,0.9770692020137102,534.5931396484383,1.0
HC IV or hospital,Lamwo,Lamwo,Padibe East,10823.216095924377,1.8124239405993734,7,1.921207811724082,0.7663683756295174,0.8154684221647669,531.420413970948,0.8899773229102266
HC IV or hospital,Bukwo,Kongasis,Suam,8203.615921020508,1.6210931110829387,10,1.8781372896745343,0.4203235433977646,0.4849529494210533,530.1948242187499,0.8620246634681962
HC IV or hospital,Bundibugyo,Bwamba,Bubukwanga,17124.067405700684,1.699276678475018,4,1.7522667152442999,0.932951818861682,0.9637674297869895,527.6885986328119,1.0
HC IV or hospital,Kalungu,Kalungu,Bukulula,51361.6648375988,1.5424667808237995,4,1.667258489995465,0.8338028961123146,0.8440532496015734,526.4752203822185,0.8895403819166204
HC IV or hospital,Kibuku,Kibuku,Kituti,11474.453216552734,0.8743973869262402,4,0.9234335160252627,0.35219713881053005,0.39795687857805234,525.0679931640622,0.5285269347668223
HC IV or hospital,Mityana,Busujju,Butayunja,13320.283447265625,1.1670012315315512,4,1.2613175685965157,0.5804476283819241,0.6193180176428538,517.764602661133,0.7436269019950759
HC IV or hospital,Hoima,Hoima Municipality,Kahoora Divison,55182.82540893555,0.46113783649212803,10,0.4667493527445127,0.010800423127175064,0.020066988427837457,511.3552551269532,0.048030338768315535
HC IV or hospital,Butaleja,Bunyole,Busolwe Town Council,22651.93212890625,0.29905409449239917,4,0.3156764781954727,0.0,0.02232026946428605,505.5972290039063,0.04607590677249115
HC IV or hospital,Kamwenge,Kibale,Kamwenge,31845.84626197815,2.3868655734256268,4,2.553727334042541,0.9355456889286845,0.9514169156986426,505.4326477050781,0.9676162420365156
HC IV or hospital,Sironko,Budadiri,Bukiyi,19443.296966552734,1.2984301771267515,5,1.407012543207689,0.9441298715243396,0.9700554978080943,504.079650878908,0.9700554978080943
HC IV or hospital,Sheema,Sheema,Bugongi Town Council,14134.360160827637,1.4279227078925576,4,1.5422780774235911,0.9226587618854823,0.9581050922641074,501.011199951173,1.0
HC IV or hospital,Nakapiripirit,Chekwi,Loregae,27009.0094165802,3.7410745954765328,5,4.166119019405929,0.9191522629794652,0.9375664095613699,497.34785842895394,0.9589475181430233
HC IV or hospital,Kasese,Busongora,Muhokya,26873.939007878304,1.5690489006378157,4,1.686093760456645,0.7015128813229825,0.7197522017251575,490.1623840332018,0.7848269537404107
HC IV or hospital,Masindi,Masindi Municipality,Kigulya Division,16850.658275604248,1.0014777486637956,10,1.0382612967170872,0.48875135395720326,0.5173650020391432,482.158805847168,0.6107675612627534
HC IV or hospital,Otuke,Otuke,Otuke Town Council,5265.343782424927,0.7110710160697039,8,0.7699752743669481,0.1721823554406064,0.26356717745947317,481.1725044250487,0.35270961325541195
HC IV or hospital,Kween,Kween,Kaptum,12367.214546203613,1.1351703204000592,5,1.192109578157082,0.6111880103902445,0.6499840041201347,479.798377990722,0.7211975804658982
HC IV or hospital,Buyende,Budiope,Nkondo,42064.48063707352,1.7039373669379696,4,1.815764944798325,0.9502006959642495,0.9615326358265208,476.6721649169936,0.9774318584336927
HC IV or hospital,Rwampara,Rwampara,Kinoni Town Council,18175.98583984375,1.3599227008259933,4,1.4631414283992723,0.8147186402358624,0.8409249449937687,476.3254241943349,0.9327166614071263
HC IV or hospital,Butambala,Butambala,Budde,15683.366813659668,1.551851778397508,4,1.696289413723008,0.8527276075958748,0.8828366958755832,472.21187591552757,0.9623322781627559
HC IV or hospital,Koboko,Koboko,Lobule,45170.918395996094,1.7121005885566862,10,1.8035882861508987,0.8614116106615546,0.8718604082013384,471.981781005858,0.910283676544749
HC IV or hospital,Pallisa,Butebo,Opwateta,22240.93473815918,1.8440358452890575,4,2.024251611752897,0.9789529850631056,1.0,468.1052856445304,1.0
HC IV or hospital,Manafwa,Bubulo,Busukuya,15291.715087890625,0.9531468019923757,4,1.036810575311444,0.4773518850084534,0.5079082213236988,467.2587890624992,0.6697923592555041
HC IV or hospital,Apac,Apac Municipality,Akere Division,9959.79663848877,0.9178167704231655,9,0.9704228456190016,0.46297776377137373,0.5097995817099042,466.33578491210943,0.5884455746086084
HC IV or hospital,Nebbi,Padyere,Erussi,41021.44314575195,2.1035608419529503,9,2.2262700975339,0.9663034265015186,0.9776689307262098,466.2293853759729,0.9954549393685003
HC IV or hospital,Kampala,KCCA,Makindye Division,486409.8373031616,0.42486313006617954,4,0.4276349132065146,0.00011894995643152888,0.0010772994150538308,466.15060424804693,0.01150563059194218
HC IV or hospital,Manafwa,Bubulo,Butta,4219.362976074219,0.6155480266034455,5,0.6504604625533543,0.0,0.11038553816609083,465.75665283203125,0.11038553816609083
HC IV or hospital,Abim,Labwor,Awach,14381.603191375732,2.0787347630727306,8,2.3528920429753293,0.9357649833291234,0.9679687027002004,463.1411132812498,1.0
HC IV or hospital,Serere,Kasilo,Labori,26725.162882328033,2.593564387602747,5,2.8515118101687453,0.969378124199519,0.986662668666816,461.93226623535395,0.986662668666816
HC IV or hospital,Kyenjojo,Mwenge,Katooke,48629.04903411865,2.425883907372121,10,2.599727625541919,0.9905504654063642,1.0,459.52188110351796,1.0
HC IV or hospital,Kapelebyong,Kapelebyong,Okungur,17285.087781906128,2.3089193479726093,7,2.5686188186031207,0.8827480178546077,0.9092629732535478,458.3133316040056,0.945503302848259
HC IV or hospital,Tororo,West Budama (Kisolo),Sop-Sop,17871.119659423828,1.8339112493848457,4,2.019109353153971,0.9743976856836831,1.0,457.54202270507864,1.0
HC IV or hospital,Mitooma,Ruhinda,Kabira,13614.257034301758,1.3786053084821188,4,1.4601137235542214,0.9664204082017978,1.0,457.16119384765653,1.0
HC IV or hospital,Bunyangabu,Bunyangabu,Kibiito Town Council,17861.209869384766,0.39341461518259313,10,0.41071512013638883,0.0,0.025191577736064324,449.9520568847656,0.11537856938893587
HC IV or hospital,Kanungu,Kinkizi,Rutenga,17124.085334777832,1.6364172383522197,4,1.7664170888749948,0.8336638943028343,0.8599275646954607,449.7413330078133,0.9189772648174412
HC IV or hospital,Kyankwanzi,Kiboga,Mulagi,19110.42805480957,1.3952577325849298,4,1.4724123581109696,0.6992176200416401,0.7227410683822502,449.5431671142578,0.8162327718786047
HC IV or hospital,Ibanda,Ibanda,Rukiri,29473.547637939453,2.1198873658866106,4,2.2759598357073694,0.9764796828455763,0.9916851431708221,448.15885925293145,1.0
HC IV or hospital,Butaleja,Bunyole,Butaleja Town Council,23924.380432128906,1.5552579433838376,4,1.7164525896511853,0.9813032178320216,1.0,447.3089294433599,1.0
HC IV or hospital,Amolatar,Kioga,Akwon,10051.051177024841,1.5730636200891392,9,1.6674527423596952,0.929450635697546,0.9738602581539356,446.36338806152327,1.0
HC IV or hospital,Ntoroko,Ntoroko,Butungama,22121.768890619278,4.640627694246284,4,4.844064469553068,0.7180190166948512,0.7381393791036137,445.0980072021472,0.7936106117203355
HC IV or hospital,Kyenjojo,Mwenge,Nyantungo,30697.775966644287,2.2211170319613442,10,2.326137748862968,0.9654897951957288,0.9798109532263091,439.62770080566327,0.9935675896008254
HC IV or hospital,Adjumani,East Moyo,Ofua,17765.452434539795,1.635951661792744,8,1.7278398917066269,0.9239939236926615,0.9485257151705113,435.81837463378906,1.0
HC IV or hospital,Kitgum,Chua,Labongo Layamo,14166.674690246582,1.5168566657796492,7,1.56883627241659,0.7850935500254642,0.8154102902366251,429.4873962402344,0.8701273131872428
HC IV or hospital,Amuria,Amuria,Asamuk,28404.786224365234,2.4838888677670936,8,2.6205047825716528,0.9680523241217668,0.9831364008971365,428.45997619628923,1.0
HC IV or hospital,Koboko,Koboko Municipality,Western Division,14155.132751464844,0.36434325364473863,10,0.38238016325936625,0.03083300952952296,0.061037468486395574,427.5481262207032,0.061037468486395574
HC IV or hospital,Busia,Samia-Bugwe,Buyanga,25144.9054107666,2.0071163873010085,4,2.2322082032432116,0.919191390173461,0.9359237599846841,420.7338562011732,0.9655401499570251
HC IV or hospital,Kapelebyong,Kapelebyong,Kapelebyong Town Council,9686.81489944458,0.8689055219548546,7,0.9445512083011628,0.3662889910972767,0.40953829819440846,418.94803237915016,0.49612691489465743
HC IV or hospital,Kibaale,Buyanja,Bwamiramira,14328.031288146973,1.095932226783731,4,1.1906891860072348,0.4477591782104018,0.47694876793473356,418.22935485839906,0.6814535963988191
HC IV or hospital,Butebo,Butebo,Kakoro,23025.554626464844,1.6304704419051363,4,1.8214438555423536,0.9626238294961673,0.9807246792369658,416.78210449218807,1.0
HC IV or hospital,Kitagwenda,Kitagwenda,Ntara Kichwamba Town Council,16693.558700561523,0.8206958678805263,4,0.8685682674142482,0.33221348252244737,0.3570938197278951,415.34136962890676,0.46466022356482867
HC IV or hospital,Tororo,West Budama (Kisolo),Magola,23461.79278564453,1.934204693615167,4,2.258083076406049,0.9823063146270737,1.0,415.1255798339855,1.0
HC IV or hospital,Kibuku,Kibuku,Buseta,11896.770874023438,1.4812486959398385,4,1.581180512604275,0.9653617637286624,1.0,412.0831604003908,1.0
HC IV or hospital,Luuka,Luuka,Irongo,34931.67419433594,1.7265631215108532,4,1.8828274581522122,0.9779044156286193,0.9895747147293593,407.66308593750216,1.0
HC IV or hospital,Lira,Erute,Ngetta,40651.92562866211,1.692926162930594,8,1.7533051276063418,0.891718329184104,0.9017374601417175,407.2969665527315,0.9101491829072041
HC IV or hospital,Wakiso,Busiro,Kasanje,49754.65843176842,2.243662454074666,4,2.442468809767876,0.9911073412707482,0.9992544337494469,405.35580348968404,1.0
HC IV or hospital,Kapchorwa,Tingey,Kawowo,10555.234420776367,0.4912173035239423,5,0.5271655600873046,0.014645494167446215,0.05283405126570088,403.0891723632813,0.11503706994573165
HC IV or hospital,Ntoroko,Ntoroko,Karugutu,12076.561714172363,1.0654731971716576,4,1.1039443342917592,0.41874191531300115,0.4517993709171975,399.22040271759056,0.5534375372759468
HC IV or hospital,Bushenyi,Igara,Rwentuha Town Council,6268.023742675781,1.1482475290503384,4,1.2223402221050885,0.651645049465311,0.7149033771272553,396.5046997070309,0.8864408776600207
HC IV or hospital,Ntungamo,Kajara,Bwongyera,40956.733001708984,1.3345131169143565,12,1.3733103467492236,0.762886462572573,0.7724557524216652,391.9268493652342,0.7948646252175595
HC IV or hospital,Bunyangabu,Bunyangabu,Rwimi Town Council,20639.248275756836,1.6080527241624822,10,1.7116838271196892,0.9193541778028987,0.9380520148850325,385.90930175781216,1.0
HC IV or hospital,Zombo,Okoro,Athuma,30986.30125427246,1.9137511576519741,9,2.0047437780284354,0.9528634174048998,0.9653132647123479,385.7747192382808,0.9872205136578773
HC IV or hospital,Rukungiri,Rubabo,Kebisoni,24256.19538116455,1.6072709755551573,12,1.6579684006750928,0.9129743996391824,0.9287369880243699,382.3404235839834,0.9742824624271756
HC IV or hospital,Kisoro,Bufumbira,Nyakinama,22416.995730400085,0.600854514207062,4,0.6316232627946446,0.06745217125792922,0.08449959559481196,382.1520385742188,0.2159205102738078
HC IV or hospital,Adjumani,East Moyo,Adropi,21138.781818389893,1.2682839960579213,8,1.3282581149658392,0.5431422248008326,0.5612100327365706,381.9314498901374,0.6657440746828989
HC IV or hospital,Mukono,Mukono,Mpatta,22599.047216415405,1.8084963097560172,4,1.9718268797897063,0.9733705757127439,0.9902470508153489,381.39225769043026,0.9995198955934242
HC IV or hospital,Bunyangabu,Bunyangabu,Kiyombya,12478.683135986328,1.4977917764567337,10,1.5892847961784748,0.9697379360729107,1.0,377.63070678710943,1.0
HC IV or hospital,Busia,Samia-Bugwe,Masaba,29977.665771484375,1.7608646540731687,4,1.925945226146935,0.9677755641795793,0.9803590533574235,377.2236328125021,1.0
HC IV or hospital,Butaleja,Bunyole,Nawanjofu,27376.086669921875,2.0678150523615617,4,2.2977247940949703,0.9567826333342165,0.9705043246133985,375.64620971679733,1.0
HC IV or hospital,Kwania,Kwania,Abongomola,45635.46049499512,2.5038933322081944,9,2.7493631143122044,0.9468800018161504,0.9550406873268443,372.416641235352,0.98544877375625
HC IV or hospital,Buikwe,KCCA,Central Division,45238.28381347656,0.311722868281482,4,0.32465679284635307,0.0,0.008216065315664203,371.6806945800781,0.01729228946351222
HC IV or hospital,Rakai,Kooki,Lwanda,35360.02001953125,1.9424291488370982,4,2.0680225221824684,0.9287588673882317,0.9391530286483534,367.53775024414,0.9669303606591577
HC IV or hospital,Serere,Kasilo,Kadungulu Town Council,14084.764799118042,1.3341237383140665,5,1.3932544361080514,0.7278098655727704,0.7538962990452153,367.4212799072263,0.825905414925858
HC IV or hospital,Kasese,Busongora,Lake Katwe,31462.2121219337,2.822464285624273,10,2.992116010466716,0.8840754536868102,0.895686826037214,365.31945991515926,0.9305277819620268
HC IV or hospital,Bunyangabu,Bunyangabu,Kabonero,22812.85959625244,2.3125095745232627,10,2.5310266969354935,0.883684246010285,0.8996501865460983,364.2287597656254,0.9363345545080541
HC IV or hospital,Amolatar,Kioga,Awelo,15828.476346731186,2.015457187850477,9,2.12654426597292,0.9310449573022547,0.9540382250560743,363.94839477539045,0.9890327852464299
HC IV or hospital,Ntungamo,Ruhaama,Kitwe Town Council,22359.30361175537,1.6688646103505793,4,1.7951442706380758,0.9235207788696469,0.9397766294091767,363.46949768066474,0.9859908925538241
HC IV or hospital,Kazo,Kazo,Kazo,30558.69271850586,1.8415151935002596,4,1.9469880530803065,0.9668854196365926,0.978757213445486,362.78649902343585,1.0
HC IV or hospital,Kotido,Kotido Municipality,Central Division,17583.080596923828,0.37618965390824827,7,0.3919042140314715,0.018728590725338657,0.03930330162042772,361.7667999267578,0.07089460378431334
HC IV or hospital,Tororo,West Budama (Kisolo),Nagongera Town Council,15564.633819580078,0.4321611668974928,4,0.481145545740427,0.0,0.023180560507711983,360.79693603515625,0.09728603998572054
HC IV or hospital,Kitgum,Chua,Labongo Akwang,18983.764944076538,1.7553431689785421,7,1.856086666971651,0.7508640523639271,0.7698598945109512,360.6126022338877,0.8123521128473763
HC IV or hospital,Apac,Apac Municipality,Arocha Division,16884.932189941406,1.0679436830087117,9,1.132496996876743,0.5377506054026817,0.5590343664879043,359.3748626708967,0.6167221324295135
HC IV or hospital,Budaka,Budaka,Budaka,14736.063690185547,0.8489013752599178,4,0.8972558838075412,0.38307501313988745,0.4073469302127864,357.67251586914074,0.5053399514800355
HC IV or hospital,Nakasongola,Buruli,Wabinyonyi,24359.912755966187,1.8462026421122975,4,1.9558485938107188,0.9227876024471499,0.9373797374160473,355.463134765625,0.970430135526863
HC IV or hospital,Bugiri,Bukooli,Nabukalu,47806.94073486328,2.189066738379982,4,2.4019772095247256,0.9857907925893094,0.993213383188548,354.8513488769562,1.0
HC IV or hospital,Kibuku,Kibuku,Lwamata,15006.391357421875,1.750672918444329,4,1.8719282014096923,0.9763776210165919,1.0,354.48666381835994,1.0
HC IV or hospital,Nebbi,Nebbi Municipality,Thatha Division,14590.145629882812,0.5878543182440654,9,0.5899998484357332,0.09642322034283879,0.12065977542148078,353.6148681640625,0.12065977542148078
HC IV or hospital,Bundibugyo,Bughendera,Ngamba,13799.991912841797,0.48079875290660384,4,0.5375434667701928,0.0,0.025561697639465055,352.751220703125,0.25864251850574305
HC IV or hospital,Jinja,Butembe,Kakira Town Council,41702.508056640625,1.742191774603102,4,1.8446471559237594,0.8778694706652326,0.8863001998091802,351.5825500488298,0.8996244956625875
HC IV or hospital,Kapchorwa,Kapchorwa Municipality,Western Division,26038.649810791016,1.155794878263145,5,1.2127764486363322,0.48860125409583044,0.502039909364797,349.92443847656267,0.5360734567457006
HC IV or hospital,Butambala,Butambala,Gombe Town Council,18070.875495910645,0.5214425715220483,4,0.5537675370225021,0.06346031308818206,0.08278962222078987,349.29753875732416,0.17673687406095154
HC IV or hospital,Kibaale,Buyanja,Kyebando,14072.469627380371,1.86942294202959,10,2.0285476464773353,0.9591878308664721,0.9839160105123368,347.9865570068367,1.0
HC IV or hospital,Obongi,Obongi,Aliba,14717.55084657669,1.247833783760679,8,1.3037770635770973,0.673434606274709,0.696781319184158,343.6064343452442,0.728607161775518
HC IV or hospital,Kalangala,Bujumba,Mugoye,16728.05373388529,3.551540554389025,4,4.2066043586624104,0.9397033975408009,0.9599859865330941,339.2882385253906,0.9839586748587364
HC IV or hospital,Serere,Kasilo,Pingire,39775.642735004425,2.7989174233225462,5,3.008245778326492,0.9871473746143397,0.9956736759148445,339.1391143798826,0.9956736759148445
HC IV or hospital,Mukono,Nakifuma,Ntunda,20054.996166229248,2.1167669969675362,4,2.319021802544821,0.9404355528966734,0.9568884752631477,329.96329498291016,0.967237948933687
HC IV or hospital,Sheema,Sheema,Masheruka Town Council,4350.983184814453,0.6481145486191746,4,0.7006589370625145,0.11211111566784057,0.18727021116485176,327.0159606933594,0.34181037215478155
HC IV or hospital,Adjumani,East Moyo,Pacara,18316.24676132202,2.3253168901078975,8,2.49407945701369,0.816043962178356,0.8338781589083047,326.6555480957044,0.8689241080037787
HC IV or hospital,Rukungiri,Bujumbura,Nyakagyeme,33828.81172180176,1.3659842083361813,4,1.397756741473419,0.8630669356562864,0.8727051502529197,326.0493469238286,0.8995344148986258
HC IV or hospital,Buliisa,Buliisa,Buliisa,25183.80124938488,2.7319762908687117,10,2.8686835489422373,0.9543998649151438,0.967326596500279,325.5442390441891,0.9782507269377944
HC IV or hospital,Pader,Aruu,Pajule,24732.685819625854,2.4025967317691155,8,2.6588821734607215,0.892841022672226,0.9057730415236253,319.84355926513706,0.9495466477975819
HC IV or hospital,Kalangala,Kyamuswa,Kyamuswa,6384.384218335152,0.9693102781468039,4,1.168044978988479,0.4446422967010931,0.4947394624373447,319.83955430984497,0.5662420371988646
HC IV or hospital,Mitooma,Ruhinda,Mitooma Town Council,7011.981109619141,0.709216719334753,4,0.7304772411106677,0.1565296148803137,0.20175176941172687,317.0968933105468,0.3668872644071548
HC IV or hospital,Mityana,Mityana,Kalangaalo,37036.72993469238,1.7140125799488237,4,1.81073440622079,0.7641596873512504,0.7725792450792692,311.83288574218574,0.81777347048895
HC IV or hospital,Karenga,Dodoth,Karenga Town Council,9705.764507293701,0.7041415859052764,7,0.7583245813790422,0.22723028488645622,0.25934702437556484,311.7175102233885,0.31875628029082304
HC IV or hospital,Kiruhura,Nyabushozi,Nyakashashara,26475.787166133523,2.667449424643361,4,2.7708473215485347,0.9589783260728685,0.970725825690913,311.0242996215825,0.984390425504577
HC IV or hospital,Nwoya,Nwoya,Got Apwoyo,44906.72548954189,3.776522378896059,10,4.055720300527229,0.9741088860810195,0.9810135904815287,310.067665100097,0.9992347311563413
HC IV or hospital,Mubende,Buwekula,Kiyuni,27923.364707946777,1.988291812699751,4,2.1494924609943444,0.9754214824013185,0.9864429577478275,307.7566757202146,1.0
HC IV or hospital,Mityana,Mityana,Namungo,20558.817741394043,2.342405045570229,4,2.534634991245397,0.985474348658455,1.0,298.6302185058604,1.0
HC IV or hospital,Abim,Labwor,Magamaga,7635.890959739685,2.560760635583251,8,2.9425803753170268,0.9143227926313647,0.9533024714397319,297.6445770263674,0.9910916524568195
HC IV or hospital,Ntungamo,Ntungamo Municipality,Central Division,7275.575134277344,0.45288889467328197,4,0.4633645383920488,0.04649449620082202,0.08734524291384792,297.2126770019531,0.08734524291384792
HC IV or hospital,Kayunga,Ntenjeru,Kayunga Town Council,33383.205726623535,0.3725192881828024,4,0.38859211403120786,0.006030517333837216,0.014909706144238628,296.41578674316406,0.03212976534155337
HC IV or hospital,Arua,Terego,Bileafe,28758.697313308716,2.4695062589130963,10,2.6649524498005768,0.9663528174151165,0.9765658793027573,293.7143554687516,1.0
HC IV or hospital,Kalungu,Kalungu,Kalungu Town Council,9517.13949584961,1.467422593083609,4,1.621722538683651,0.9693899036819131,1.0,291.3205566406252,1.0
HC IV or hospital,Hoima,Bugahya,Kitoba,49083.31131744385,2.1163370899259584,4,2.1980902716858948,0.9872050560131841,0.9931289682445936,290.7652282714876,1.0
HC IV or hospital,Nakasongola,Buruli,Nabisweera,21378.845115482807,2.5809222831002883,4,2.75571802301721,0.9148319241176185,0.9283502605185964,289.0064201354994,0.9438076675874475
HC IV or hospital,Nakaseke,Nakaseke,Nakaseke,23564.803298950195,1.8883099071223879,4,2.0230133139663926,0.9813223613843819,0.9935583958171715,288.3397445678696,1.0
HC IV or hospital,Bukomansimbi,Bukomansimbi,Bukomansimbi Town Council,11182.332061767578,1.6765029630833663,4,1.8381657377604788,0.974254132980647,1.0,287.8988342285155,1.0
HC IV or hospital,Mayuge,Bunya,Wairasa,21148.689002990723,1.6533316616716272,4,1.8618989191262483,0.9863955588485879,1.0,287.7160949707041,1.0
HC IV or hospital,Bukedea,Bukedea,Malera,60906.32338142395,2.808753500836739,4,3.0770974991043603,0.9817187169093564,0.986364673584107,282.9681396484415,1.0
HC IV or hospital,Rakai,Kooki,Kifamba,17865.84295654297,1.759810706885949,4,1.957077061306684,0.9841785968254997,1.0,282.66270446777304,1.0
HC IV or hospital,Kasese,Kasese Municipality,Bulembia Division,15725.641403198242,1.5849760605495014,4,1.7526685389182546,0.5271767641437759,0.5450834730150977,281.594482421876,0.5552091815331626
HC IV or hospital,Ibanda,Ibanda,Ishongororo,18583.52109527588,1.4726752148915674,4,1.5256303204997517,0.7969192977907087,0.8120240473660948,280.699432373047,0.8530900679799157
HC IV or hospital,Kanungu,Kinkizi,Nyamirama,21368.484344482422,1.6107332389072602,4,1.6848346995049355,0.9471898925467268,0.9603154113296897,280.47244262695193,1.0
HC IV or hospital,Kyenjojo,Mwenge,Bugaaki,41719.91068267822,2.592585718115671,10,2.734998623831931,0.9767626485267424,0.9834785639878176,280.18739318847486,1.0
HC IV or hospital,Kikuube,Buhaguzi,Bugambe,42435.24133682251,2.3200690851630164,10,2.434484416313337,0.9561958759108663,0.9627831463224855,279.53240966797165,0.9804905400493379
HC IV or hospital,Bundibugyo,Bughendera,Kagugu,3393.9133224487305,2.23221349180238,4,2.458008433191164,0.8316778154697128,0.9139757997742356,279.3122253417966,1.0
HC IV or hospital,Sheema,Sheema,Masheruka,16919.129455566406,0.7748685394643843,4,0.842046506782058,0.3834747161139303,0.3998535638232249,277.11584472656256,0.5080377606424104
HC IV or hospital,Nakasongola,Buruli,Kakooge,26282.245255470276,1.9569470709419117,4,2.0891406686158516,0.8870783887033168,0.8975886538396289,276.23336601257455,0.9211769585464925
HC IV or hospital,Amolatar,Kioga,Muntu,18702.474116802216,1.786221148358614,9,1.868229240637139,0.8417181979092696,0.8562168603033904,271.16085815429767,0.9005672576370747
HC IV or hospital,Masaka,Bukoto,Bukakata,21140.832230180502,2.537458828781144,4,2.9280048814981114,0.9852316338816146,0.9980494212375873,270.9786920547482,1.0
HC IV or hospital,Sheema,Sheema,Kasaana,20397.850158691406,1.3009750638632656,4,1.3524241095275822,0.676870106403898,0.6900849431713428,269.5542602539057,0.7481302519910203
HC IV or hospital,Kwania,Kwania,Aduku Town Council,10699.09912109375,0.4163458336727077,9,0.45274256698674,0.013234557204568963,0.03840293714492518,269.27899169921875,0.1279761907478429
HC IV or hospital,Jinja,Kagoma,Buyengo,38883.04965209961,1.902786612380707,4,2.0573082824447786,0.9931530055505277,1.0,266.2320251464836,1.0
HC IV or hospital,Abim,Labwor,Abim,19212.4908618927,1.9542692219225017,8,2.159326557513983,0.9497930129338068,0.963599406136741,265.25520324707077,0.9930433716009726
HC IV or hospital,Masindi,Bujenje,Pakanyi,103210.16857147217,4.26884981384684,10,4.466392284185788,0.9974460238063265,1.0,263.59631347656665,1.0
HC IV or hospital,Nakaseke,Nakaseke,Ngoma Town Council,8198.083688735962,0.5535231926566047,4,0.5981412227859442,0.0779590135302043,0.1100621128767863,263.183895111084,0.21943438797698744
HC IV or hospital,Omoro,Omoro,Lalogi,22387.094228744507,2.4016006137018584,8,2.6393952541451555,0.8417899933155231,0.8535081882517681,262.3363342285145,0.8851793592649654
HC IV or hospital,Rubirizi,Bunyaruguru,Kichwamba,21230.99140319228,2.1455677642833426,10,2.304832345849455,0.8966099216156241,0.9089200469399156,261.356164932251,0.9361688038013615
HC IV or hospital,Buvuma,Buvuma Island,Bugaya,7657.361080408096,0.46975820757347597,4,0.5415878104628934,0.012270702625545209,0.046350030554026755,260.9577193260193,0.20010115430558792
HC IV or hospital,Amolatar,Kioga,Agwingiri,19928.622271835804,1.838466839725096,9,1.9355263591595717,0.8754976635948288,0.8885182778142859,259.48290252685484,0.9339319367222051
HC IV or hospital,Mukono,KCCA,Central Division,88197.59791564941,0.4132549268195075,4,0.41957208310710625,0.0,0.002925050777905628,257.9824523925781,0.014137235286996471
HC IV or hospital,Kalangala,Bujumba,Bujumba,15645.810626000166,2.951442893210282,4,3.320777794920544,0.8466316088787557,0.8631018590044015,257.69041442871037,0.8725856154735409
HC IV or hospital,Kanungu,Kinkizi,Rugyeyo,25542.645706176758,1.6551702131493065,4,1.7381116602308657,0.9772107359021889,0.9872151271048325,255.53861999511773,1.0
HC IV or hospital,Kapchorwa,Kapchorwa Municipality,Central Division,20021.40281677246,0.3443656648535555,5,0.3480759020290795,0.018040186951882177,0.030658567510214965,252.63768005371094,0.048074613116103844
HC IV or hospital,Kanungu,Kinkizi,Butogota Town Council,11872.743148803711,1.830960294447003,10,1.937707987951778,0.9788880710836678,1.0,250.65650939941384,1.0
HC IV or hospital,Lamwo,Lamwo,Madi Opei,14003.815343379974,2.2735778725615607,7,2.4079441047944568,0.7036947216211279,0.7214587979670795,248.76484489440978,0.7483316172215899
HC IV or hospital,Agago,Agago,Wol,26221.263525009155,3.832511146576235,8,4.3178483606292435,0.9410076781157679,0.9503389698961909,244.67826080322396,0.9650796197037836
HC IV or hospital,Hoima,Bugahya,Kyabigambire,57827.21684265137,2.6012495145832193,10,2.7490668526091997,0.9888318611381107,0.9930234464124086,242.38771057128665,1.0
HC IV or hospital,Kanungu,Kinkizi,Mpungu,9674.742853164673,1.5969875021636917,4,1.7097222024053753,0.8735555535222668,0.8983951089016595,240.31631088256813,0.9498485359428006
HC IV or hospital,Kisoro,Bufumbira,Nyabwishenya,18049.305694580078,1.8103624302650758,11,1.9749589841388198,0.9866980950409701,1.0,240.0901489257821,1.0
HC IV or hospital,Kabale,Ndorwa,Kaharo,21537.79232788086,1.7931784460766012,4,1.8991429057980393,0.9705335227315549,0.9815304123272741,236.84872436523395,1.0
HC IV or hospital,Kasese,Busongora,Bugoye,44500.62691497803,2.9247894337171325,4,3.2620281698196187,0.9947254877689566,1.0,234.71910095214895,1.0
HC IV or hospital,Kibaale,Buyanja,Kabasekende,13643.719902038574,2.114753488550845,4,2.309062100344426,0.9756925547661934,0.9928940807513562,234.6928024291991,1.0
HC IV or hospital,Buikwe,Lugazi Municipality,Najjembe Division,42738.090854644775,1.4671690655882412,4,1.5618826440423523,0.8059344125944401,0.8112896991962729,228.87472534179295,0.8368861930991711
HC IV or hospital,Kotido,Kotido Municipality,West Division,15588.30138015747,1.6214696001992637,7,1.718994559901822,0.7552741362657281,0.7698294504316565,226.89262390136676,0.9027936140550652
HC IV or hospital,Ntungamo,Rushenyi,Rugarama,40417.10940551758,2.0901308436361394,4,2.186739892058301,0.9032935707841492,0.9088348663720479,223.96315002441486,0.9430523044948432
HC IV or hospital,Bundibugyo,Bughendera,Kasitu,5434.453750610352,1.2769970088864706,4,1.3754576249255275,0.8938254013146918,0.9350354664643091,223.9541931152349,1.0
HC IV or hospital,Ntungamo,Ntungamo Municipality,Eastern Division,9553.404769897461,0.5652625987339887,4,0.5828041435645461,0.12874768782958368,0.15213708510715762,223.4483795166016,0.21187807186815144
HC IV or hospital,Mpigi,Mawokota,Kiringente,27984.811752319336,1.9088454318158752,4,2.0127834875622193,0.9785474628110016,0.986444135831883,220.9869079589841,0.986444135831883
HC IV or hospital,Rukungiri,Bujumbura,Bukurungu Town Council,3805.3712463378906,1.2991993510093858,4,1.3674008559744337,0.8463738569505184,0.9033176548699198,216.6922912597655,1.0
HC IV or hospital,Kween,Kween,Moyok,7046.332733154297,0.6073843122451152,5,0.6376250540144431,0.028974101999109714,0.05935600876922733,214.0810241699219,0.18747419462377127
HC IV or hospital,Kibaale,Buyanja,Nyamarwa,30312.967407226562,2.7563014664149965,4,3.007209483394278,0.9893754157701072,0.9963568294426549,211.6273651123036,1.0
HC IV or hospital,Gulu,Aswa,Patiko,24620.096529006958,2.8905334817805834,8,3.245513739480492,0.9652270485829415,0.9737840876173419,210.67512702941872,0.98738142013656
HC IV or hospital,Arua,Terego,Odupi,50878.805223464966,2.6795360926917486,10,2.8421991073992277,0.9750998335949829,0.9791490456899106,206.01907348632503,0.9947264254691466
HC IV or hospital,Rukungiri,Rukungiri Municipality,Southern Division,11630.917861938477,0.36284618370735006,4,0.3702965988324639,0.015710821762725893,0.03314570339068916,202.78367614746097,0.07069089793475575
HC IV or hospital,Kaabong,Dodoth,Kakamar,4570.5700051784515,1.324176333198065,8,1.4186670174254918,0.5855561952302621,0.629512472607547,200.90524291992205,0.8369499035473384
HC IV or hospital,Soroti,Soroti,Tubur,29457.257873535156,2.1972395597124614,8,2.4191146607105676,0.9931991783488819,1.0,200.33355712890585,1.0
HC IV or hospital,Nakasongola,Buruli,Nakasongola Town Council,13452.167434692383,0.40274585085715237,4,0.41305363056756833,0.0031713019529594696,0.017728578071597438,195.8269157409668,0.04018515876755596
HC IV or hospital,Lamwo,Lamwo,Padibe West,14975.72437286377,1.8836338640498504,7,2.0150546154527866,0.8278393782882708,0.8408834310656501,195.34413909912053,0.8799996479185628
HC IV or hospital,Arua,Vurra,Arivu,35747.125411987305,2.8262857351105475,10,2.9404033843999344,0.9809319516863827,0.9863861209020786,194.9708709716803,0.9863861209020786
HC IV or hospital,Rakai,Kooki,Rakai Town Council,9308.507232666016,0.5326294083437239,4,0.562121159961204,0.07392907144656667,0.09473230980545236,193.6470947265625,0.1429764013261178
HC IV or hospital,Obongi,Obongi,Gimara,9778.524472236633,1.9536305940385363,10,2.073051950287085,0.8786281443423104,0.898342142188712,192.7738103866583,0.9375193533240185
HC IV or hospital,Mubende,Kasambya,Kibalinga,49252.64404296875,2.662483002329461,4,2.8339747239977595,0.9961252290895114,1.0,190.84271240234497,1.0
HC IV or hospital,Kasese,Busongora,Kilembe,18937.030403137207,1.1671209894262462,4,1.275359649897522,0.37000053578109604,0.37995180293960734,188.44744873046932,0.44570233957008
HC IV or hospital,Wakiso,Busiro,Masuliita,17309.858558654785,2.2739735386877165,4,2.399334380319129,0.9630965604058759,0.973778204639303,184.89775085449364,0.9920469933323981
HC IV or hospital,Karenga,Dodoth,Napore Karenga,5756.107758760452,1.569301243889704,7,1.67542749934878,0.6144112110685399,0.645803777898538,180.69899749755828,0.7403358429478992
HC IV or hospital,Amolatar,Kioga,Arwotcek,22767.457080841064,2.0803048600286256,9,2.219215781077571,0.976473239233996,0.9842818761742228,177.78280639648423,0.9923221871071498
HC IV or hospital,Kibaale,Buyanja,Matale,20117.987106323242,2.127990636877126,4,2.320760894954386,0.9911935963910561,1.0,177.16711425781213,1.0
HC IV or hospital,Kole,Kole,Okwerodot,43558.90965270996,2.1413359649287615,8,2.331091801681248,0.9917037698261554,0.9956527791791769,172.01454162597273,1.0
HC IV or hospital,Moroto,Matheniko,Katikekile,13040.986283302307,2.0137733101090567,4,2.1482939776958543,0.7333113599792352,0.7463662851231588,170.24909973144594,0.7781591194747967
HC IV or hospital,Amuru,Kilak,Lamogi,58777.33320426941,3.104042080660629,8,3.2968159940085253,0.9371809978692329,0.9400674616875261,169.6586456298849,0.9447906408470729
HC IV or hospital,Nakaseke,Nakaseke,Kapeeka,35000.16584777832,2.3041766772390417,4,2.386714172896626,0.9319489997411768,0.9367055563560739,166.4802703857436,0.9417564823908312
HC IV or hospital,Butambala,Butambala,Bulo,22103.048225402832,2.065688217398318,4,2.2504876896542982,0.9924713631777423,1.0,166.4058227539051,1.0
HC IV or hospital,Kiboga,Kiboga,Kapeke,20592.526410102844,2.1804702105271407,4,2.300950447716861,0.7255642862077144,0.7336028927384771,165.53521728515642,0.7591139773994449
HC IV or hospital,Rwampara,Rwampara,Ndeija,38763.092655181885,1.9160899096145678,4,2.0425945259765004,0.9958391484131394,1.0,161.28747558593943,1.0
HC IV or hospital,Nakaseke,Nakaseke,Ngoma,10785.244376659393,2.752544905411971,4,3.004892479189244,0.9463424479779956,0.9610249202576838,158.3540515899648,0.9823059693984302
HC IV or hospital,Kyankwanzi,Kiboga,Gayaza,29845.57159805298,2.207580838144671,4,2.3583251333882442,0.9531526692602951,0.9584407821446629,157.826751708986,0.9759948808374544
HC IV or hospital,Luwero,Katikamu,Katikamu,56861.92760467529,2.072863363132082,4,2.178436755313961,0.9949846657689283,0.9977581437998396,157.70530700683713,1.0
HC IV or hospital,Ibanda,Ibanda,Ishongororo Town Council,27108.80249786377,0.6509804998363029,4,0.6671667877068196,0.18910822014919504,0.1948624798174146,155.99108886718756,0.30555908452138403
HC IV or hospital,Mukono,Nakifuma,Kasawo,45536.13284301758,2.095791602532537,4,2.196929976465091,0.9917712961007559,0.9951782337070424,155.13876342773528,1.0
HC IV or hospital,Mpigi,Mawokota,Buwama,63448.13804554939,2.346532261593852,4,2.544146333496032,0.9975553027540236,1.0,155.11148834228516,1.0
HC IV or hospital,Kiboga,Kiboga,Ddwaniro,15483.169225692749,3.042901232505202,4,3.294388187503527,0.9665896755978356,0.9765410045212147,154.07810974120994,0.9893216449796548
HC IV or hospital,Apac,Maruzi,Apac,30979.599731445312,1.9639227360277893,9,2.119476539006816,0.9950673548988918,1.0,152.81137084960807,1.0
HC IV or hospital,Buikwe,Buikwe,Ssi-Bukunja,31595.703545570374,2.5114678912441257,4,2.7344415825032224,0.9951694965910034,1.0,152.62315368652366,1.0
HC IV or hospital,Madi Okollo,Madi Okollo,Rhino Camp,30256.15308380127,2.8754912813161835,8,3.067666792950186,0.8312116082137205,0.8362462740530762,152.3296203613289,0.857671644829732
HC IV or hospital,Nakasongola,Buruli,Migeera Town Council,7559.172156333923,0.8401778525118817,4,0.8606832545847799,0.31379200899411147,0.3336288261461432,149.94991588592544,0.389575128759347
HC IV or hospital,Ibanda,Ibanda,Nyamarebe,28075.785285949707,2.1304806272372527,4,2.1957179838423935,0.9830127758805344,0.9882577834266696,147.2577056884783,1.0
HC IV or hospital,Gulu,Aswa,Palaro,16526.567263126373,3.7915091706964863,8,4.2587395270167345,0.9869613000940569,0.9957345635184638,144.99192810058662,1.0
HC IV or hospital,Kaabong,Dodoth,Sidok,10349.00753325224,2.6266018284121255,8,2.81655100239389,0.986041775947597,1.0,144.45376586914114,1.0
HC IV or hospital,Moyo,Moyo,Metu,26458.993967056274,2.226182228837811,8,2.358172346054878,0.9668740766081648,0.9722906440418047,143.31692504882975,0.995235661605765
HC IV or hospital,Kasese,Kasese Municipality,Central Division,41043.92558288574,0.3428530685737329,4,0.34666118710628474,0.03412659827354757,0.037574944377841445,141.53366088867185,0.041719840000265115
HC IV or hospital,Bundibugyo,Bughendera,Sindila,10838.899085998535,3.805126674658126,4,4.275163117433195,0.9511782509430275,0.9637403817358714,136.15966796874926,1.0
HC IV or hospital,Alebtong,Moroto,Alebtong Town Council,7900.213088989258,0.4120621872803977,8,0.4534251711474031,0.0,0.016613443096049178,131.24974060058594,0.09944166603017665
HC IV or hospital,Kassanda,Kassanda,Bukuya,44594.48984527588,2.757271417716579,4,2.9442836129854753,0.9970629784971111,1.0,130.9749755859351,1.0
HC IV or hospital,Kassanda,Kassanda,Kitumbi,80562.95777130127,3.837368395055665,4,4.125177222404632,0.9983941477420819,1.0,129.37220764160423,1.0
HC IV or hospital,Kiboga,Kiboga,Bukomero Town Council,17446.532585144043,0.408777926491691,4,0.41950298384538154,0.0,0.007306043065356229,127.46511840820312,0.014350216447768509
HC IV or hospital,Nakaseke,Nakaseke,Wakyato,16533.338633060455,3.1890938431663614,4,3.4570109683592514,0.9451707263547804,0.9528304797293036,126.6412963867193,0.9786244364008347
HC IV or hospital,Kween,Kween,Kaproron Town Council,1119.8869934082031,0.5052527292491892,5,0.5734383296364367,0.0,0.11158381720611339,124.96126556396484,0.2611634074101486
HC IV or hospital,Napak,Bokora,Lopeei,15433.682595729828,4.029180610257828,4,4.251570406466696,0.9754445912389363,0.9834940015756723,124.23204421997029,0.9860626724260833
HC IV or hospital,Ssembabule,Mawogola,Sembabule Town Council,8633.850456237793,0.3481520529457941,4,0.3662050352046264,0.0,0.014346462463607549,123.8652114868164,0.04054845031902171
HC IV or hospital,Kiboga,Kiboga,Muwanga,22940.71282196045,2.0982039149166156,4,2.1493776445624673,0.9818267063812669,0.9871345756249614,121.76630401611261,0.9924759752485269
HC IV or hospital,Adjumani,East Moyo,Ukusijoni,13050.318315029144,2.574268074274794,8,2.857378022963822,0.9244414819690553,0.933402880059911,116.94909763336163,0.9593526139520884
HC IV or hospital,Madi Okollo,Madi Okollo,Ogoko,9823.342734336853,3.0869209968692664,8,3.304062460154428,0.9613620313625849,0.9729015831023904,113.35697174072232,0.9883366121992199
HC IV or hospital,Kween,Kween,Kaproron,5813.014427185059,0.65400865397155,5,0.7217845600657481,0.26095474814688957,0.2801253268197514,111.43885040283193,0.33596678738164065
HC IV or hospital,Mukono,Nakifuma,Seeta Namuganga,50675.617820739746,2.6571970119512938,4,2.947783479986197,0.9942193828006664,0.9963808180441927,109.5320663452163,1.0
HC IV or hospital,Kotido,Jie,Nakapelimoru,35735.6135995388,2.733093936983936,7,2.914595057843046,0.9266502514248445,0.9296790280552985,108.23519134521648,0.9443466577141721
HC IV or hospital,Buliisa,Buliisa,Buliisa Town Council,10703.357995033264,0.42559202965252274,10,0.43840070866072733,0.0008052381769863839,0.010667286835220353,105.55703735351562,0.052631381646083046
HC IV or hospital,Arua,Vurra,Ajia,31272.39058494568,2.421995896933964,10,2.5720953246365252,0.8306891986674552,0.833692843678795,93.93115997314409,0.8529575388404197
HC IV or hospital,Pallisa,Pallisa,Pallisa Town Council,44374.16330718994,0.40220640212709236,4,0.4338335026462451,0.04872289889382857,0.05083226569756861,93.60138702392587,0.07103327997887246
HC IV or hospital,Kibaale,Buyanja,Mugarama,17511.192672729492,2.2976646638769167,10,2.5043501989315002,0.9901764729379195,0.9953784646192253,91.09307861328104,1.0
HC IV or hospital,Omoro,Omoro,Odek,42940.51627922058,3.338961491589712,8,3.679101807538972,0.9980714622081212,1.0,82.8124084472658,1.0
HC IV or hospital,Napak,Bokora,Lokopo,27560.048692703247,5.104720154858954,4,5.562243550067107,0.9358569444529076,0.9386235597607112,76.24805259704661,0.9512265383340938
HC IV or hospital,Agago,Agago,Kalongo Town Council,13793.999740600586,0.3707518966183611,8,0.4029722425135587,0.009911407241161914,0.015342002516678123,74.90962982177734,0.049004400665157995
HC IV or hospital,Kween,Kween,Ngenge,13977.132230758667,3.04388049889915,5,3.4190480224425994,0.9952460023212285,1.0,66.44725418090893,1.0
HC IV or hospital,Moroto,Matheniko,Rupa,18449.74299621582,4.949215614979149,4,5.277146431601673,0.811697210847289,0.8148815770553154,58.750738143921836,0.8184662569679042
HC IV or hospital,Amuru,Kilak,Amuru,54307.534145355225,5.525926468117777,8,6.053866620997444,0.9976953833275735,0.9987221932952385,55.76351737975923,1.0
HC IV or hospital,Alebtong,Moroto,Omoro,55167.380350112915,3.2415272344257886,8,3.5200382463946074,0.9991335499767932,1.0,47.79977798461612,1.0
HC IV or hospital,Nabilatuk,Pian,Nabilatuk Town Council,4467.963914871216,0.6556394934852126,4,0.731431534283833,0.2378289934287787,0.24852626192147081,47.79500961303719,0.37132454178391167
HC IV or hospital,Kaabong,Dodoth,Lodiko,7226.9960787296295,3.629114475158718,4,3.9168365042338578,0.7886886753897604,0.794400690155409,41.28070831298849,0.8362423863495578
HC IV or hospital,Isingiro,Bukanga,Kashumba,95878.65458402038,2.3269264102172578,4,2.447542929390905,0.9996343695046073,1.0,35.056159973144055,1.0
HC IV or hospital,Wakiso,Entebbe Municipality,Division B,46839.294496536255,0.5046496741457885,4,0.5141986719137254,0.02695705557009641,0.02765587050305882,32.73199844360346,0.027944892515694677
HC IV or hospital,Kalangala,Bujumba,Kalangala Town Council,6584.320819020271,0.2522939201404279,4,0.2997309964993316,0.0002463292683118692,0.0027433419439362606,16.44113254547119,0.018126798930926193
HC IV or hospital,Alebtong,Moroto,Abako,35968.96807861328,3.356809638483049,8,3.613394586313275,1.0,1.0,0.0,1.0
HC IV or hospital,Zombo,Okoro,Abanga,22856.434478759766,2.0136133562459113,9,2.0948874799349273,1.0,1.0,0.0,1.0
HC IV or hospital,Amuria,Amuria,Abarilela,31706.83935546875,3.4154478757062945,8,3.6983406411497515,1.0,1.0,0.0,1.0
HC IV or hospital,Alebtong,Moroto,Abia,29683.14948272705,3.5246033371462757,8,3.8240394931493698,1.0,1.0,0.0,1.0
HC IV or hospital,Nebbi,Nebbi Municipality,Abindu Division,16662.509719848633,0.4631333838812405,9,0.4728322859461656,0.0,0.0,0.0,0.05069817048860488
HC IV or hospital,Koboko,Koboko,Abuku,20965.90087890625,2.1171479308205168,10,2.273677346449469,1.0,1.0,0.0,1.0
HC IV or hospital,Pader,Aruu,Acholibur,18433.099254608154,2.241804011579147,8,2.4351030023283764,1.0,1.0,0.0,1.0
HC IV or hospital,Kapelebyong,Kapelebyong,Acowa,24726.019065856934,3.917510789568194,8,4.2719825808869425,1.0,1.0,0.0,1.0
HC IV or hospital,Dokolo,Dokolo,Adeknino,20447.17755174637,2.9500642769299557,9,3.1649504578658263,1.0,1.0,0.0,1.0
HC IV or hospital,Agago,Agago,Adilang,24852.907026290894,4.8522754132376145,8,5.44535512395036,1.0,1.0,0.0,1.0
HC IV or hospital,Adjumani,East Moyo,Adjumani Town Council,37976.12615966797,0.2942946614797735,8,0.3088684753660773,0.0,0.0,0.0,0.0
HC IV or hospital,Dokolo,Dokolo,Adok,18330.71028137207,2.9610613228052634,9,3.2179016837399494,1.0,1.0,0.0,1.0
HC IV or hospital,Otuke,Otuke,Adwari,15508.00020980835,4.366997697614316,7,4.794545213813259,1.0,1.0,0.0,1.0
HC IV or hospital,Lira,Lira Municipality,Adyel Division,37581.715393066406,0.320939595975474,8,0.3251080419113026,0.0,0.0,0.0,0.0
HC IV or hospital,Agago,Agago,Agago Town Council,7267.604740142822,4.588254707502131,8,5.0684094589767,1.0,1.0,0.0,1.0
HC IV or hospital,Amolatar,Kioga,Agikdak,14748.52006149292,2.3549580939224817,9,2.445196315719684,1.0,1.0,0.0,1.0
HC IV or hospital,Lamwo,Lamwo,Agoro,21054.657979011536,4.858143363751589,7,5.154406151971466,1.0,1.0,0.0,1.0
HC IV or hospital,Pallisa,Pallisa,Agule,25433.477346420288,2.6514231890445625,4,2.9818952747993186,1.0,1.0,0.0,1.0
HC IV or hospital,Dokolo,Dokolo,Agwata,31520.12378835678,3.1454561025861763,8,3.429594538325304,1.0,1.0,0.0,1.0
HC IV or hospital,Arua,Terego,Aii-Vu,49674.47607421875,2.134963942309055,10,2.2910030825301697,1.0,1.0,0.0,1.0
HC IV or hospital,Zombo,Okoro,Akaa,18867.014373779297,3.194508017443536,9,3.3795041862165567,1.0,1.0,0.0,1.0
HC IV or hospital,Kole,Kole,Akalo,45354.36729431152,2.3208665726910636,9,2.4933654610894953,1.0,1.0,0.0,1.0
HC IV or hospital,Amuria,Amuria,Akeriau,18759.887908935547,4.409174777076359,8,4.846539233975047,1.0,1.0,0.0,1.0
HC IV or hospital,Pallisa,Pallisa,Akisim,19203.312774658203,2.5727767563744623,4,2.887762933683498,1.0,1.0,0.0,1.0
HC IV or hospital,Apac,Maruzi,Akokoro,55590.158178567886,5.546153814786781,9,5.918817909266223,1.0,1.0,0.0,1.0
HC IV or hospital,Kapelebyong,Kapelebyong,Akoromit,24561.33763885498,3.0816391133961925,8,3.3697716336919528,1.0,1.0,0.0,1.0
HC IV or hospital,Alebtong,Moroto,Akura,26464.011474609375,2.7058496363460725,8,2.9318861800897436,1.0,1.0,0.0,1.0
HC IV or hospital,Nebbi,Padyere,Akworo,32410.002433776855,3.4186478040290518,10,3.5513501606455535,1.0,1.0,0.0,1.0
HC IV or hospital,Zombo,Okoro,Alangi,21776.35888671875,4.218082805132398,9,4.525786009535795,1.0,1.0,0.0,1.0
HC IV or hospital,Otuke,Otuke,Alango,17766.757232666016,3.4184670261207666,8,3.649915276581453,1.0,1.0,0.0,1.0
HC IV or hospital,Oyam,Oyam,Aleka,39157.14067077637,4.094964967102042,8,4.52555814377471,1.0,1.0,0.0,1.0
HC IV or hospital,Abim,Labwor,Alerek,21179.802277565002,5.416608863396487,8,6.007006380467469,1.0,1.0,0.0,1.0
HC IV or hospital,Nwoya,Nwoya,Alero,30867.839805603027,3.042172163054168,8,3.305896165586608,1.0,1.0,0.0,1.0
HC IV or hospital,Kole,Kole,Alito,50740.31480407715,2.6119998699033564,8,2.8969674058417465,1.0,1.0,0.0,1.0
HC IV or hospital,Pakwach,Jonam,Alwi,25335.8815574646,3.205193656656515,10,3.3396939639265124,1.0,1.0,0.0,1.0
HC IV or hospital,Amudat,Pokot,Amudat Town Council,14082.183490753174,0.29036159971868997,4,0.31026915462956167,0.0,0.0,0.0,0.004241709571562041
HC IV or hospital,Alebtong,Moroto,Amugu,36482.41722869873,3.9813307682503445,8,4.314091676214685,1.0,1.0,0.0,1.0
HC IV or hospital,Kapchorwa,Tingey,Amukol,4137.244567871094,0.7824020764058002,5,0.8064381770550338,0.40774765778340705,0.40774765778340705,0.0,0.40774765778340705
HC IV or hospital,Amuria,Amuria,Amuria Town Council,9918.72241973877,0.39613113178235787,8,0.43620571931329494,0.0,0.0,0.0,0.028217936511623132
HC IV or hospital,Amuru,Kilak,Amuru Town Council,12273.956554412842,5.741889631500674,8,6.168968059096524,1.0,1.0,0.0,1.0
HC IV or hospital,Dokolo,Dokolo,Amwoma,18277.95164489746,2.246649212094107,9,2.3957197186824963,1.0,1.0,0.0,1.0
HC IV or hospital,Pader,Aruu,Angagura,11172.200420379639,5.231356494556948,8,5.810405407146892,1.0,1.0,0.0,1.0
HC IV or hospital,Kalaki,Kalaki,Anyara,30921.15825653076,3.16801040650317,8,3.3663654102992266,1.0,1.0,0.0,1.0
HC IV or hospital,Madi Okollo,Madi Okollo,Anyiribu,10658.476976394653,2.4658804737938884,8,2.556749009206607,1.0,1.0,0.0,1.0
HC IV or hospital,Alebtong,Moroto,Apala,25356.029319763184,2.775824697641855,8,3.0243176865122265,1.0,1.0,0.0,1.0
HC IV or hospital,Kaberamaido,Kaberamaido,Aperkira,19518.89401626587,2.090782575962778,9,2.307664022989101,1.0,1.0,0.0,1.0
HC IV or hospital,Adjumani,East Moyo,Arinyapi,13700.746225357056,5.673288359026689,8,6.044127730320899,1.0,1.0,0.0,1.0
HC IV or hospital,Yumbe,Aringa,Ariwa,35778.14942932129,3.7912654923034927,10,4.019438405619802,1.0,1.0,0.0,1.0
HC IV or hospital,Lira,Erute,Aromo,42760.71463012695,3.5731168688961903,8,3.879206027088742,1.0,1.0,0.0,1.0
HC IV or hospital,Arua,Arua Municipality,Arua Hill Division,32299.47021484375,0.2341798350257701,10,0.2396284963090844,0.0,0.0,0.0,0.0
HC IV or hospital,Agago,Agago,Arum,14626.97401046753,7.138931646129592,8,7.895127149560286,1.0,1.0,0.0,1.0
HC IV or hospital,Soroti,Soroti,Asuret,53290.70416069031,2.5389900295425036,5,2.70566055643509,1.0,1.0,0.0,1.0
HC IV or hospital,Pader,Aruu,Atanga,21361.135778427124,5.1864493267367715,8,5.6728926949538225,1.0,1.0,0.0,1.0
HC IV or hospital,Zombo,Okoro,Atyak,29378.601036071777,2.958900182086416,8,3.198070974520843,1.0,1.0,0.0,1.0
HC IV or hospital,Pader,Aruu,Awere,23233.961400985718,5.836940098046986,8,6.36581459619143,1.0,1.0,0.0,1.0
HC IV or hospital,Kole,Kole,Ayer,46633.66556549072,3.034211350693116,8,3.2927917808109686,1.0,1.0,0.0,1.0
HC IV or hospital,Mubende,Kasambya,Bagezza,8784.611083984375,2.9917887040345748,4,3.1676411764497194,1.0,1.0,0.0,1.0
HC IV or hospital,Kole,Kole,Bala,58517.22457885742,3.3768776948908243,8,3.6587701560612493,1.0,1.0,0.0,1.0
HC IV or hospital,Kamuli,Bugabula,Balawoli,26009.485107421875,2.3850929657788336,4,2.5603525859542002,1.0,1.0,0.0,1.0
HC IV or hospital,Kyankwanzi,Kiboga,Bananywa,44911.49388885498,5.1531974240425305,10,5.474755304992821,1.0,1.0,0.0,1.0
HC IV or hospital,Kyankwanzi,Kiboga,Banda,2044.7940607070923,3.95989769309916,4,4.215090846236403,1.0,1.0,0.0,1.0
HC IV or hospital,Namayingo,Bukooli,Banda,60523.861271858215,3.1428862167020517,4,3.5350996745507928,1.0,1.0,0.0,1.0
HC IV or hospital,Gulu,Gulu Municipality,Bar Dege Division,42489.71026611328,0.2696735595756591,8,0.27807381395302005,0.01814866961995235,0.01814866961995235,0.0,0.038728732710336396
HC IV or hospital,Lira,Erute,Barr,57390.407958984375,2.851170779618597,8,3.0944314932102537,1.0,1.0,0.0,1.0
HC IV or hospital,Dokolo,Dokolo,Batta,23974.05055999756,3.4572225265313,9,3.7657891744608016,1.0,1.0,0.0,1.0
HC IV or hospital,Mityana,Busujju,Bbanda,16744.644743442535,4.5272440863323276,4,4.917771426796276,1.0,1.0,0.0,1.0
HC IV or hospital,Kween,Kween,Benet,9998.985954284668,3.2713147305574393,5,3.6524946366239845,1.0,1.0,0.0,1.0
HC IV or hospital,Bukomansimbi,Bukomansimbi,Bigasa,46626.56024932861,2.6370967937008003,4,2.9157289005930265,1.0,1.0,0.0,1.0
HC IV or hospital,Kamwenge,Kibale,Biguli,47470.04818725586,6.754163287205587,4,7.1773405935226,1.0,1.0,0.0,1.0
HC IV or hospital,Buhweju,Buhweju,Bihanga,19397.72519683838,3.039200973293624,4,3.1929143251025485,1.0,1.0,0.0,1.0
HC IV or hospital,Kamwenge,Kibale,Bihanga,21327.57061767578,3.5492860204354035,10,3.779369263945378,1.0,1.0,0.0,1.0
HC IV or hospital,Mbarara,Kashari,Biharwe Division,27155.080291748047,2.3864410170913892,4,2.446131584502904,1.0,1.0,0.0,1.0
HC IV or hospital,Buliisa,Buliisa,Biiso,24795.310257911682,4.597493667013861,4,4.827159940001607,1.0,1.0,0.0,1.0
HC IV or hospital,Kween,Kween,Binyiny,6452.3073654174805,1.882189049428651,5,1.9538293735015735,1.0,1.0,0.0,1.0
HC IV or hospital,Kween,Kween,Binyiny Town Council,4534.4779052734375,1.8857501253349074,5,1.8930748170332081,1.0,1.0,0.0,1.0
HC IV or hospital,Kakumiro,Bugangaizi,Birembo,40456.4807434082,2.28690470636648,4,2.4868410208847913,1.0,1.0,0.0,1.0
HC IV or hospital,Mitooma,Ruhinda,Bitereko,32733.822509765625,2.0756602920698133,4,2.1902063358453225,1.0,1.0,0.0,1.0
HC IV or hospital,Buhweju,Buhweju,Bitsya,19918.768783569336,1.974952545791299,4,2.0992203054939114,1.0,1.0,0.0,1.0
HC IV or hospital,Omoro,Omoro,Bobi,40359.92247390747,4.594493630162651,8,4.9303978898452465,1.0,1.0,0.0,1.0
HC IV or hospital,Mbarara,Kashari,Bubaare,28215.943565368652,2.25596330661477,4,2.350425699415745,1.0,1.0,0.0,1.0
HC IV or hospital,Bundibugyo,Bwamba,Bubandi,10372.780639648438,0.29227470448680903,4,0.30418983103934233,0.0,0.0,0.0,0.0
HC IV or hospital,Kibaale,Buyanja,Bubango,23717.98134613037,2.888420716770281,4,3.127680275320719,1.0,1.0,0.0,1.0
HC IV or hospital,Kalangala,Kyamuswa,Bubeke,6712.846569061279,2.285453170241985,4,2.844525544615411,1.0,1.0,0.0,1.0
HC IV or hospital,Bududa,Manjiya,Bubiita,8613.599517822266,2.065328657343337,5,2.2655911748810755,0.9129249649431003,0.9129249649431003,0.0,1.0
HC IV or hospital,Mbale,Bungokho,Bubyangu,28108.553802490234,1.5179324165786543,5,1.6787404788758866,1.0,1.0,0.0,1.0
HC IV or hospital,Sironko,Budadiri,Budadiri Town Council,16920.853515625,0.25542002564411337,5,0.271114288554872,0.0,0.0,0.0,0.0
HC IV or hospital,Bugiri,Bukooli,Budhaya,36054.31817626953,1.8152133622531679,4,2.0220303247326354,1.0,1.0,0.0,1.0
HC IV or hospital,Masindi,Bujenje,Budongo,37579.754888534546,3.476513336777863,4,3.6522686759749705,1.0,1.0,0.0,1.0
HC IV or hospital,Bududa,Manjiya,Bududa Town Council,6840.655029296875,0.15229644820690383,5,0.15972612856817248,0.0,0.0,0.0,0.0
HC IV or hospital,Butaleja,Bunyole,Budumba,29356.425567626953,2.6690494186874725,4,2.8481845066256453,1.0,1.0,0.0,1.0
HC IV or hospital,Kalangala,Kyamuswa,Bufumira,13682.31707572937,5.683199587541222,4,6.808795976037097,1.0,1.0,0.0,1.0
HC IV or hospital,Rubanda,Rubanda,Bufundi,28016.45799922943,2.2776922699574453,4,2.4820262475906807,1.0,1.0,0.0,1.0
HC IV or hospital,Kyenjojo,Mwenge,Bufunjo,30002.88999938965,4.472557325498084,4,4.7669029553329585,1.0,1.0,0.0,1.0
HC IV or hospital,Bundibugyo,Bwamba,Buganikire Town Councili,3147.8161010742188,0.46280512046165656,4,0.4900085859861351,0.0,0.0,0.0,0.0
HC IV or hospital,Buyende,Budiope,Bugaya,116536.97692871094,3.5767925163635783,4,3.8315946202284272,1.0,1.0,0.0,1.0
HC IV or hospital,Jinja,Butembe,Bugembe Town Council,44847.125,0.21036820568016895,4,0.21569448699820054,0.0,0.0,0.0,0.0
HC IV or hospital,Bulambuli,Bulambuli,Buginyanya,7314.27685546875,1.4012796546198838,5,1.4483814649338744,1.0,1.0,0.0,1.0
HC IV or hospital,Sironko,Budadiri,Bugitimwa,10169.611755371094,3.271849205817175,10,3.547202676423312,1.0,1.0,0.0,1.0
HC IV or hospital,Kamuli,Buzaaya,Bugulumbya,46489.1423034668,2.817002881048554,4,3.0649816023885075,1.0,1.0,0.0,1.0
HC IV or hospital,Bugweri,Bugweri,Bugweri Town Council,21837.946685791016,0.3059928297460508,4,0.316107085351376,0.0,0.0,0.0,0.0
HC IV or hospital,Kitagwenda,Kitagwenda,Buhanda,33388.83949279785,1.950704451300749,4,2.099853628035986,1.0,1.0,0.0,1.0
HC IV or hospital,Hoima,Bugahya,Buhanika,20558.44383621216,3.3963247601219893,10,3.5124888995126415,1.0,1.0,0.0,1.0
HC IV or hospital,Bunyangabu,Bunyangabu,Buheesi,10618.002227783203,1.6101503055230482,10,1.7100927006942492,1.0,1.0,0.0,1.0
HC IV or hospital,Bunyangabu,Bunyangabu,Buheesi Town Council,22103.97119140625,2.0993967429143243,4,2.2150039254029554,1.0,1.0,0.0,1.0
HC IV or hospital,Namayingo,Bukooli,Buhemba,40631.964363098145,2.6486215853464845,4,3.004402859283607,1.0,1.0,0.0,1.0
HC IV or hospital,Kikuube,Buhaguzi,Buhimba Town Council,13374.050064086914,1.9927136914561294,10,2.074679115459471,1.0,1.0,0.0,1.0
HC IV or hospital,Bududa,Manjiya,Bukalasi,18386.23944091797,2.6127765604293165,10,2.855054781727745,1.0,1.0,0.0,1.0
HC IV or hospital,Kaliro,Bulamogi,Bukamba,36372.17957115173,4.57408745219607,4,5.138466154988112,1.0,1.0,0.0,1.0
HC IV or hospital,Namayingo,Bukooli,Bukana,13245.957217216492,4.042389010827921,4,4.556674551984909,1.0,1.0,0.0,1.0
HC IV or hospital,Bulambuli,Bulambuli,Bukhalu,35853.627853393555,1.6823138832251443,5,1.766359447489133,1.0,1.0,0.0,1.0
HC IV or hospital,Sironko,Budadiri,Bukhulo,21715.346710205078,1.7851011678266075,5,1.8907397512968804,1.0,1.0,0.0,1.0
HC IV or hospital,Namisindwa,Bubulo,Bukiabi,10061.109130859375,1.605529579170074,5,1.7351006192203586,1.0,1.0,0.0,1.0
HC IV or hospital,Bududa,Manjiya,Bukigai,24537.0009765625,0.569719238791706,5,0.6321201515114616,0.0,0.0,0.0,0.12039197896639597
HC IV or hospital,Rukiga,Rukiga,Bukinda,6713.665061950684,1.3707652318831394,4,1.4518796962164715,0.9770732688660364,0.9770732688660364,0.0,1.0
HC IV or hospital,Mbarara,Kashari,Bukiro,18910.51954650879,1.6342560832129902,4,1.7428200975042456,1.0,1.0,0.0,1.0
HC IV or hospital,Namisindwa,Bubulo,Bukokho,23292.731170654297,1.7639805412729368,5,1.8968677297672891,1.0,1.0,0.0,1.0
HC IV or hospital,Mbale,Bungokho,Bukonde,26387.530334472656,0.3879693213695787,4,0.4308708393681357,0.0,0.0,0.0,0.07851321245793381
HC IV or hospital,Luuka,Luuka,Bukooma,48007.011642456055,2.094485459861886,4,2.255466337495998,0.9946567278905498,0.9946567278905498,0.0,1.0
HC IV or hospital,Bukwo,Kongasis,Bukwo Town Council,10368.189880371094,0.25984448925432085,5,0.2774754595395149,0.0,0.0,0.0,0.0
HC IV or hospital,Sironko,Budadiri,Bukyambi,6676.4561767578125,0.6426062665714947,5,0.7065112323895777,0.11814124299786909,0.11814124299786909,0.0,0.2454789852744737
HC IV or hospital,Bulambuli,Bulambuli,Bulaago,13115.968765258789,3.254790625073938,10,3.6865006639003415,1.0,1.0,0.0,1.0
HC IV or hospital,Namutumba,Busiki,Bulange,60228.856536865234,3.2849625514182907,4,3.650130468440916,1.0,1.0,0.0,1.0
HC IV or hospital,Kibuku,Kibuku,Bulangira,18457.216827392578,1.7125775897285316,4,1.8877589837740616,1.0,1.0,0.0,1.0
HC IV or hospital,Bulambuli,Bulambuli,Bulegeni Town Council,15142.845947265625,0.7886994750647939,5,0.8015808002424912,0.0,0.0,0.0,0.213866074244108
HC IV or hospital,Bugiri,Bukooli,Bulesa,52484.27752685547,2.756081302610381,4,2.924209366172923,1.0,1.0,0.0,1.0
HC IV or hospital,Kamuli,Bugabula,Bulopa,33833.56330871582,2.0698529971550803,4,2.2207654842314626,1.0,1.0,0.0,1.0
HC IV or hospital,Bududa,Manjiya,Bulucheke,21941.891967773438,1.461815568242705,5,1.597446366535401,0.8729588720438409,0.8729588720438409,0.0,1.0
HC IV or hospital,Bulambuli,Bulambuli,Buluganya,13265.858978271484,1.8274360002638925,5,1.9882783902209857,1.0,1.0,0.0,1.0
HC IV or hospital,Bugiri,Bukooli,Buluguyi,42180.99956893921,3.1006532572800887,4,3.441472840366892,1.0,1.0,0.0,1.0
HC IV or hospital,Kalaki,Kalaki,Bululu,29753.562110602856,3.536444225280452,5,3.9487441588332763,1.0,1.0,0.0,1.0
HC IV or hospital,Sironko,Budadiri,Bumasifwa,12736.778442382812,1.4097560240830438,5,1.50080356530474,1.0,1.0,0.0,1.0
HC IV or hospital,Bulambuli,Bulambuli,Bumasobo,11507.144729614258,2.9327862907571784,10,3.2681764507722266,1.0,1.0,0.0,1.0
HC IV or hospital,Bududa,Manjiya,Bumayoka,25578.428268432617,2.2311550716765978,10,2.3825177909872397,1.0,1.0,0.0,1.0
HC IV or hospital,Mbale,Bungokho,Bumbobi,21867.29327392578,1.8340548568603534,4,1.9305215873298145,1.0,1.0,0.0,1.0
HC IV or hospital,Bulambuli,Bulambuli,Bumugibole,12157.583770751953,2.4416328756053867,5,2.6856156073803232,1.0,1.0,0.0,1.0
HC IV or hospital,Bulambuli,Bulambuli,Bunambutye,12294.55734539032,2.6499664059657073,5,3.000434365666345,1.0,1.0,0.0,1.0
HC IV or hospital,Wakiso,Makindye Ssabagabo Municipality,Bunamwaya Division,102071.23291015625,0.7794780851574172,4,0.7906132506094631,0.19082520232727523,0.19082520232727523,0.0,0.19082520232727523
HC IV or hospital,Bundibugyo,Bwamba,Bundibugyo Town Council,22981.283325195312,0.2578578786117674,4,0.26662975248391146,0.0,0.0,0.0,0.0
HC IV or hospital,Manafwa,Bubulo,Bunyinza Town Council,1576.8723754882812,2.0439719499669304,4,2.199789803878488,1.0,1.0,0.0,1.0
HC IV or hospital,Kazo,Kazo,Buremba,28332.59897994995,4.164892455470223,4,4.3606128298431885,1.0,1.0,0.0,1.0
HC IV or hospital,Buhweju,Buhweju,Burere,23464.772689819336,2.486001880639007,4,2.6310372051540485,1.0,1.0,0.0,1.0
HC IV or hospital,Bundibugyo,Bughendera,Burondo,3335.4355087280273,2.110038305737376,4,2.2329803054457753,1.0,1.0,0.0,1.0
HC IV or hospital,Kagadi,Buyaga,Burora,19591.225051879883,3.9004110683374766,4,4.14479852133168,1.0,1.0,0.0,1.0
HC IV or hospital,Kazo,Kazo,Burunga,32402.376712799072,5.607068239133967,4,5.909022999091747,1.0,1.0,0.0,1.0
HC IV or hospital,Kayunga,Ntenjeru,Busaana,67822.95178222656,2.4705356431570475,4,2.7015529301604455,1.0,1.0,0.0,1.0
HC IV or hospital,Butaleja,Bunyole,Busabi,24289.188232421875,2.707783389364937,4,3.0131214809901787,1.0,1.0,0.0,1.0
HC IV or hospital,Buvuma,Buvuma Island,Busamuzi,25435.242619514465,6.631865577419711,4,7.448638036709974,1.0,1.0,0.0,1.0
HC IV or hospital,Mbale,Bungokho,Busano,20481.35772705078,1.4451953826826827,5,1.5627436141886029,1.0,1.0,0.0,1.0
HC IV or hospital,Bundibugyo,Bwamba,Busaru,16020.762481689453,0.3803861997087876,4,0.403280579979464,0.0,0.0,0.0,0.032876389908804884
HC IV or hospital,Jinja,Butembe,Busedde,43353.5167388916,2.6824052395036198,4,2.897488497252533,1.0,1.0,0.0,1.0
HC IV or hospital,Hoima,Bugahya,Buseruka,60901.67556476593,4.786400125195766,4,4.982488959197718,1.0,1.0,0.0,1.0
HC IV or hospital,Bududa,Manjiya,Bushiribo,16800.742919921875,0.47541841905064763,5,0.51761505686552,0.0,0.0,0.0,0.1265242075142493
HC IV or hospital,Bududa,Manjiya,Bushiyi,21341.253875732422,2.4612928134755845,5,2.6713370806621692,1.0,1.0,0.0,1.0
HC IV or hospital,Busia,Samia-Bugwe,Busime,24336.406295776367,2.832469102127899,4,3.166452209189235,1.0,1.0,0.0,1.0
HC IV or hospital,Kamwenge,Kibale,Busiriba,39783.071643829346,3.2854029512283707,10,3.505595041482376,1.0,1.0,0.0,1.0
HC IV or hospital,Busia,Samia-Bugwe,Busitema,24669.329666137695,2.133506348382689,4,2.360430417269821,1.0,1.0,0.0,1.0
HC IV or hospital,Mbale,Bungokho,Busiu Town Council,11384.221405029297,0.4514070486296703,4,0.46915320671742344,0.0,0.0,0.0,0.05096459204937065
HC IV or hospital,Wakiso,Busiro,Bussi,26378.322303414345,4.228914066286185,4,4.795086608481108,1.0,1.0,0.0,1.0
HC IV or hospital,Bundibugyo,Bwamba,Busunga Town Council,10236.605407714844,0.5410785553862762,4,0.5563728995637763,0.0,0.0,0.0,0.0
HC IV or hospital,Mityana,Mityana,Busunju Town Council,15180.185348510742,1.6342142875719603,4,1.6699771944986077,1.0,1.0,0.0,1.0
HC IV or hospital,Nakaseke,Nakaseke,Butalangu Town Council,5161.276152610779,2.516175962909857,4,2.6516331287559263,1.0,1.0,0.0,1.0
HC IV or hospital,Bundibugyo,Bughendera,Butama-Mitunda Town Council,9511.804100036621,1.5869641355369897,4,1.7652613223937754,0.6221523734129545,0.6221523734129545,0.0,0.7504409200280958
HC IV or hospital,Busia,Samia-Bugwe,Buteba,31964.787048339844,2.444965288066275,4,2.7171006758482283,1.0,1.0,0.0,1.0
HC IV or hospital,Butebo,Butebo,Butebo Town Council,12766.74917602539,0.41150481226220725,4,0.458763816112285,0.0,0.0,0.0,0.10854459804984326
HC IV or hospital,Kyankwanzi,Kiboga,Butemba,26395.297080993652,3.0581344062756544,4,3.2737265681218672,1.0,1.0,0.0,1.0
HC IV or hospital,Kyankwanzi,Kiboga,Butemba Town Council,20678.786569595337,4.8354125095208325,4,5.156933376157089,1.0,1.0,0.0,1.0
HC IV or hospital,Buliisa,Buliisa,Butiaba,42066.3454914093,5.0766184334405136,4,5.302680620406765,1.0,1.0,0.0,1.0
HC IV or hospital,Mubende,Buwekula,Butoloogo,60745.83967590332,3.7330789535671394,4,4.067746928044332,1.0,1.0,0.0,1.0
HC IV or hospital,Kyenjojo,Mwenge,Butunduzi,16805.912857055664,5.487035178089672,4,5.792543420149962,1.0,1.0,0.0,1.0
HC IV or hospital,Kyenjojo,Mwenge,Butunduzi Town Council,17048.769371032715,4.652068670013432,4,4.915026429017599,1.0,1.0,0.0,1.0
HC IV or hospital,Buvuma,Buvuma Island,Buvuma Town Council,16313.224328994751,7.084400173238688,4,7.89729876460166,1.0,1.0,0.0,1.0
HC IV or hospital,Mayuge,Bunya,Buwaaya,29203.569549560547,2.1354830514216383,4,2.283648710449285,1.0,1.0,0.0,1.0
HC IV or hospital,Namisindwa,Bubulo,Buwabwala,9374.730163574219,1.3790363422144076,5,1.4796088129573384,1.0,1.0,0.0,1.0
HC IV or hospital,Manafwa,Bubulo,Buwangani Town Council,9577.36962890625,0.4654814926817428,5,0.4753234299042897,0.0,0.0,0.0,0.0
HC IV or hospital,Jinja,Kagoma,Buwenge Town Council,23045.4404296875,0.16922777655167448,4,0.1745866565549781,0.0,0.0,0.0,0.0
HC IV or hospital,Buvuma,Buvuma Island,Buwooya,21615.49303817749,4.6421398027721335,4,5.268414771268551,1.0,1.0,0.0,1.0
HC IV or hospital,Bulambuli,Bulambuli,Buyaga Town Council,983.1026611328125,1.8302710056304932,5,1.9203987121582031,1.0,1.0,0.0,1.0
HC IV or hospital,Rukungiri,Rubabo,Buyanja Town Council,5017.874938964844,1.1349595508107126,4,1.141422597360447,0.7302193088689783,0.7302193088689783,0.0,0.7302193088689783
HC IV or hospital,Buyende,Budiope,Buyende,73160.08730363846,4.4576469185913945,4,4.816672457784549,1.0,1.0,0.0,1.0
HC IV or hospital,Buyende,Budiope,Buyende Town Council,19831.395500183105,4.705962714784599,4,5.079402193423554,1.0,1.0,0.0,1.0
HC IV or hospital,Sironko,Budadiri,Buyobo,16163.707611083984,0.49678808275910297,5,0.5431849751620385,0.0,0.0,0.0,0.07593561777900547
HC IV or hospital,Buvuma,Buvuma Island,Bweema,13734.580974578857,10.617811231330903,4,11.99008127931629,1.0,1.0,0.0,1.0
HC IV or hospital,Ntoroko,Ntoroko,Bweramule,6711.055184602737,3.6000980011547417,4,3.745850866421927,1.0,1.0,0.0,1.0
HC IV or hospital,Kiryandongo,Kibanda,Bweyale Town Council,39527.89030456543,2.246129650128664,9,2.277784720618565,1.0,1.0,0.0,1.0
HC IV or hospital,Kagadi,Buyaga,Bwikara,64355.48806762695,2.9204857607959696,4,3.1442941213436977,1.0,1.0,0.0,1.0
HC IV or hospital,Bulambuli,Bulambuli,Bwikhonge,11581.158603668213,2.1391639447224353,5,2.4072267951352244,1.0,1.0,0.0,1.0
HC IV or hospital,Kamwenge,Kibale,Bwizi,41183.91429901123,5.805080253641101,10,6.099560563664052,1.0,1.0,0.0,1.0
HC IV or hospital,Kyankwanzi,Kiboga,Byerima,23512.670413970947,3.8524340736560747,4,4.138896663008781,1.0,1.0,0.0,1.0
HC IV or hospital,Kisoro,Kisoro Municipality,Central,5578.041442871094,0.1325198758946592,4,0.13980846378823975,0.0,0.0,0.0,0.0
HC IV or hospital,Kampala,KCCA,Central Division,106096.45703125,0.21698544266807543,1,0.2169854382559515,0.0,0.0,0.0,0.0
HC IV or hospital,Iganga,Iganga Municipality,Central Division,33064.68408203125,0.13976322101703184,1,0.13976322101703184,0.0,0.0,0.0,0.0
HC IV or hospital,Jinja,Jinja Municipality,Central Division,29144.54083251953,0.256423936449944,4,0.26051773429090025,0.0,0.0,0.0,0.0
HC IV or hospital,Kitgum,Kitgum Municipality,Central Division,10414.16552734375,0.12265935703118544,7,0.12513734597160817,0.0,0.0,0.0,0.0
HC IV or hospital,Lira,Lira Municipality,Central Division,25839.049865722656,0.24206230449943866,9,0.24515301098726447,0.0,0.0,0.0,0.0
HC IV or hospital,Nebbi,Nebbi Municipality,Central Division,15783.155014038086,0.3130559943220078,9,0.32884529388255224,0.0,0.0,0.0,0.018333076626684704
HC IV or hospital,Kabale,Kabale Municipality,Central Division,19390.518432617188,0.3058623020841403,4,0.3090949041068373,0.0,0.0,0.0,0.0
HC IV or hospital,Masindi,Masindi Municipality,Central Division,52258.96417236328,0.3423762597462842,4,0.35268092860832184,0.008069670977278846,0.008069670977278846,0.0,0.01754024042878624
HC IV or hospital,Kwania,Kwania,Chawente,44409.67566752434,3.9582492600592407,9,4.2404729265375725,1.0,1.0,0.0,1.0
HC IV or hospital,Apac,Maruzi,Chegere,48857.06460571289,3.2496284526390498,10,3.5189194013417255,1.0,1.0,0.0,1.0
HC IV or hospital,Pallisa,Pallisa,Chelekura,14415.935061454773,2.9346108401327387,4,3.290054561418282,1.0,1.0,0.0,1.0
HC IV or hospital,Kapchorwa,Tingey,Chema,11688.856285095215,1.7999804805229944,5,1.8924796419045198,1.0,1.0,0.0,1.0
HC IV or hospital,Bukwo,Kongasis,Chepkwasta,13260.302486419678,2.496799629828684,5,2.871049830993635,1.0,1.0,0.0,1.0
HC IV or hospital,Kapchorwa,Tingey,Chepterech,4753.27734375,0.7327697153683826,5,0.7525624604523936,0.0,0.0,0.0,0.0
HC IV or hospital,Bukwo,Kongasis,Chesower,4364.9068031311035,2.916345402253045,5,3.2394769176356375,1.0,1.0,0.0,1.0
HC IV or hospital,Adjumani,East Moyo,Ciforo,17901.128905296326,2.373182120606587,8,2.469967245489989,1.0,1.0,0.0,1.0
HC IV or hospital,Arua,Ayivu,Dadamu,53205.771408081055,0.5466799369510007,10,0.5839334344460491,0.12688330149670893,0.12688330149670893,0.0,0.14003234687325625
HC IV or hospital,Moyo,Moyo,Difule,9430.043462276459,4.798277471288725,8,5.120155128470262,1.0,1.0,0.0,1.0
HC IV or hospital,Dokolo,Dokolo,Dokolo,20115.904251098633,2.2281338952414895,9,2.384636686742129,1.0,1.0,0.0,1.0
HC IV or hospital,Adjumani,East Moyo,Dzaipi,49386.05540084839,3.377188376772888,8,3.5816710629652904,1.0,1.0,0.0,1.0
HC IV or hospital,Bugiri,Bugiri Municipality,Eastern Division,15272.839233398438,0.5944109631553683,4,0.5947729029820924,0.0,0.0,0.0,0.0
HC IV or hospital,Busia,Busia Municipality,Eastern Division,31152.322265625,1.1149553486787447,4,1.1173070422199132,0.5542566831864273,0.5542566831864273,0.0,0.5542566831864273
HC IV or hospital,Kapchorwa,Kapchorwa Municipality,Eastern Division,10064.98533821106,1.0014963567225792,5,1.023528550351355,0.3498403008584446,0.3498403008584446,0.0,0.4416923565187837
HC IV or hospital,Soroti,Soroti Municipality,Eastern Division,23424.89129638672,0.3302662238812817,5,0.35302177902976545,0.0,0.0,0.0,0.0
HC IV or hospital,Kabarole,Fort Portal Municipality,Eastern Division,23169.091033935547,0.3103267243687962,10,0.31718660731785475,0.0,0.0,0.0,0.0
HC IV or hospital,Rukungiri,Rukungiri Municipality,Eastern Divison,14944.833053588867,0.34957003482446003,4,0.35722052147810185,0.0340317363017699,0.0340317363017699,0.0,0.081267049762287
HC IV or hospital,Isingiro,Bukanga,Endiinzi,23961.277797698975,3.776641427832772,4,4.1497110434766755,1.0,1.0,0.0,1.0
HC IV or hospital,Isingiro,Bukanga,Endiinzi Town Council,7713.977283477783,2.850694574924391,4,3.118513634212072,1.0,1.0,0.0,1.0
HC IV or hospital,Buhweju,Buhweju,Engaju,23609.37197494507,3.4638703544238076,4,3.654850722606832,1.0,1.0,0.0,1.0
HC IV or hospital,Kazo,Kazo,Engari,33496.04196929932,2.7175058012679716,4,2.853314029150536,1.0,1.0,0.0,1.0
HC IV or hospital,Amolatar,Kioga,Etam,20108.921914458275,3.306304913447775,9,3.480032112986087,1.0,1.0,0.0,1.0
HC IV or hospital,Madi Okollo,Madi Okollo,Ewanga,4677.307205200195,2.8788577768251384,8,3.0151036420299238,1.0,1.0,0.0,1.0
HC IV or hospital,Kaliro,Bulamogi,Gadumire,35153.03560554981,2.9428612236375784,4,3.317697043026411,1.0,1.0,0.0,1.0
HC IV or hospital,Kayunga,Bbaale,Galiraya,35490.31912481785,4.088620424974521,4,4.397512365133788,1.0,1.0,0.0,1.0
HC IV or hospital,Kapchorwa,Tingey,Gamogo,4700.5570068359375,1.1025803883868912,5,1.1267965902456172,0.5914209204189902,0.5914209204189902,0.0,0.7786421120772365
HC IV or hospital,Pallisa,Pallisa,Gogonyo,39860.83796787262,4.053163741326172,4,4.537700485895354,1.0,1.0,0.0,1.0
HC IV or hospital,Kibuku,Kibuku,Goli Goli,12891.233764648438,1.8793811151115374,4,2.0456427235985313,1.0,1.0,0.0,1.0
HC IV or hospital,Kabarole,Burahya,Hakibaale,36248.38620376587,2.7102618776561442,10,2.9137009208459514,1.0,1.0,0.0,1.0
HC IV or hospital,Rubanda,Rubanda,Hamurwa Town Council,6347.930465698242,0.3434896440864095,4,0.3697730046515816,0.0,0.0,0.0,0.06630352514266745
HC IV or hospital,Kyegegwa,Kyaka,Hapuuyo,50194.42472076416,2.407885007993622,4,2.598345237516734,1.0,1.0,0.0,1.0
HC IV or hospital,Kasese,Busongora,Hima Town Council,16243.863800048828,2.464527374240276,10,2.632991985711025,1.0,1.0,0.0,1.0
HC IV or hospital,Apac,Maruzi,Ibuje,53720.84181022644,3.9828696052284025,9,4.208544227363519,1.0,1.0,0.0,1.0
HC IV or hospital,Bugweri,Bugweri,Igombe,23027.113830566406,1.7019618274116153,4,1.8258616171032362,1.0,1.0,0.0,1.0
HC IV or hospital,Ibanda,Ibanda,Igorora Town Council,7078.154861450195,1.777310204261804,4,1.871926013993564,1.0,1.0,0.0,1.0
HC IV or hospital,Ntungamo,Kajara,Ihunga,16619.254791259766,1.44457061886279,12,1.4912548837786281,0.939036198924631,0.939036198924631,0.0,1.0
HC IV or hospital,Budaka,Iki-Iki,Iki-Iki,25657.890411376953,2.1609624973873434,4,2.394309158426081,1.0,1.0,0.0,1.0
HC IV or hospital,Rubanda,Rubanda,Ikumba,22424.64719390869,1.9232356658887988,4,2.0860791862726464,1.0,1.0,0.0,1.0
HC IV or hospital,Luuka,Luuka,Ikumbya,42775.61827087402,2.501252400783703,4,2.7609199195714647,1.0,1.0,0.0,1.0
HC IV or hospital,Madi Okollo,Madi Okollo,Inde Town Council,14760.12261390686,4.801060463155879,8,5.13021449344813,1.0,1.0,0.0,1.0
HC IV or hospital,Mbale,Mbale Municipality,Industrial Divison,61945.90478515625,0.2610508607269157,4,0.26263945883601514,0.0,0.0,0.0,0.0
HC IV or hospital,Kwania,Kwania,Inomo,40241.987533569336,2.651849893528341,10,2.90323248770481,1.0,1.0,0.0,1.0
HC IV or hospital,Napak,Bokora,Iriiri,37554.45788383484,6.547850563876283,4,7.114555622301262,1.0,1.0,0.0,1.0
HC IV or hospital,Bushenyi,Bushenyi Municipality,Ishaka Divison,19071.525466918945,0.32654777397561274,4,0.3327402374938848,0.0,0.0,0.0,0.015195147746281145
HC IV or hospital,Obongi,Obongi,Itula,12538.664143264294,4.154668146719427,8,4.442368375774163,1.0,1.0,0.0,1.0
HC IV or hospital,Namutumba,Busiki,Ivukula,35489.23762512207,3.1520449344330173,4,3.5444606611863483,1.0,1.0,0.0,1.0
HC IV or hospital,Tororo,West Budama (Kisolo),Iyolwa,25798.6580657959,2.1000644301937483,4,2.432647167617105,1.0,1.0,0.0,1.0
HC IV or hospital,Mayuge,Bunya,Jaguzi,17401.811547279358,,1,,1.0,1.0,0.0,1.0
HC IV or hospital,Zombo,Okoro,Jangokoro,5707.384460449219,3.0539558886749316,9,3.173639803734244,1.0,1.0,0.0,1.0
HC IV or hospital,Kaabong,Dodoth,Kaabong Town Council,10446.696655273438,0.2948591168641866,4,0.30980048344522015,0.0,0.0,0.0,0.0
HC IV or hospital,Manafwa,Bubulo,Kaato,6966.0819091796875,0.6342897692676513,5,0.670925077136773,0.0,0.0,0.0,0.1976902661881319
HC IV or hospital,Kagadi,Buyaga,Kabamba,26529.416122436523,3.956078691226184,4,4.247942039994175,1.0,1.0,0.0,1.0
HC IV or hospital,Kamwenge,Kibale,Kabambiro,21715.952682495117,2.494974832317614,4,2.6027951755098058,1.0,1.0,0.0,1.0
HC IV or hospital,Kaberamaido,Kaberamaido,Kaberamaido Town Council,5508.409820556641,0.37062870867627457,9,0.38754518758267903,0.0,0.0,0.0,0.0
HC IV or hospital,Isingiro,Isingiro,Kaberebere Town Council,9064.38900756836,2.0260998786796987,4,2.0659801886947866,1.0,1.0,0.0,1.0
HC IV or hospital,Kapchorwa,Tingey,Kabeywa,1235.5126953125,1.5228099620443372,5,1.5829008145450174,1.0,1.0,0.0,1.0
HC IV or hospital,Kyotera,Kyotera,Kabira,38022.15888595581,3.6331952733593216,4,4.060527783368956,1.0,1.0,0.0,1.0
HC IV or hospital,Masaka,Bukoto,Kabonera,41040.22381591797,1.8900531724110583,4,1.9954407137659715,0.7544979121576738,0.7544979121576738,0.0,0.7544979121576738
HC IV or hospital,Gomba,Gomba,Kabulasoke,59530.45239639282,3.339194395891429,4,3.6341460617460903,1.0,1.0,0.0,1.0
HC IV or hospital,Kyegegwa,Kyaka,Kabweza Kyegegwa,54720.64570617676,2.7776974511512558,4,2.90468198182679,1.0,1.0,0.0,1.0
HC IV or hospital,Kikuube,Buhaguzi,Kabwoya,89652.33725762367,5.3235451573816635,10,5.578588388255036,1.0,1.0,0.0,1.0
HC IV or hospital,Rakai,Kooki,Kacheera,29159.217415332794,3.8776017669633625,4,4.226277114882363,1.0,1.0,0.0,1.0
HC IV or hospital,Kotido,Jie,Kacheri,40289.65858745575,6.7896169950406895,8,7.4117470125202205,1.0,1.0,0.0,1.0
HC IV or hospital,Budaka,Iki-Iki,Kachomo,20285.173431396484,1.8364407933873406,4,2.032296105131063,1.0,1.0,0.0,1.0
HC IV or hospital,Kibuku,Kibuku,Kadama,7381.277862548828,1.3902831482306695,4,1.4833551274244015,1.0,1.0,0.0,1.0
HC IV or hospital,Serere,Kasilo,Kadungulu,31069.73443007469,3.2264135721562495,5,3.371828222728865,1.0,1.0,0.0,1.0
HC IV or hospital,Ntungamo,Ruhaama,Kafunjo-Mirama Town Council,28040.804496765137,3.0286095404927313,4,3.2303539476945047,1.0,1.0,0.0,1.0
HC IV or hospital,Kagadi,Buyaga,Kagadi,20057.30421447754,2.070954470660976,4,2.2043926417407205,1.0,1.0,0.0,1.0
HC IV or hospital,Rakai,Kooki,Kagamba,41104.191581726074,2.8035828890246686,4,3.0805350518407053,1.0,1.0,0.0,1.0
HC IV or hospital,Ntungamo,Kajara,Kagarama Town Council,16718.205673217773,0.9512859923949024,12,0.9784264902548757,0.452572445985019,0.452572445985019,0.0,0.6139404553317237
HC IV or hospital,Mbarara,Kashari,Kagongi,25845.90672302246,2.848734257351093,4,2.9925433331859477,1.0,1.0,0.0,1.0
HC IV or hospital,Buyende,Budiope,Kagulu,108216.27952647209,5.941409948908558,4,6.51047620201617,1.0,1.0,0.0,1.0
HC IV or hospital,Kamuli,Bugabula,Kagumba,41929.411662817,3.553090884350668,4,3.8783674117798803,1.0,1.0,0.0,1.0
HC IV or hospital,Isingiro,Bukanga,Kakamba,14192.41120147705,2.9431732023393056,4,3.1331936088255,1.0,1.0,0.0,1.0
HC IV or hospital,Sheema,Sheema,Kakindo Town Council,9417.160690307617,1.5437920329374315,4,1.6017714547281012,1.0,1.0,0.0,1.0
HC IV or hospital,Wakiso,Busiro,Kakiri Town Council,31098.629943847656,1.8247805234770091,4,1.8579553668855215,1.0,1.0,0.0,1.0
HC IV or hospital,Mbarara,Mbarara Municipality,Kakoba Division,61910.029541015625,0.23579202674511654,4,0.2396351645992009,0.0,0.0,0.0,0.0
HC IV or hospital,Kalaki,Kalaki,Kakure,17456.009910583496,1.9185181059066667,8,2.1268057293421303,1.0,1.0,0.0,1.0
HC IV or hospital,Kibuku,Kibuku,Kakutu,14502.613830566406,2.001117658615943,4,2.1872957820185643,1.0,1.0,0.0,1.0
HC IV or hospital,Kalaki,Kalaki,Kalaki Town Council,8020.71403503418,1.7732636485055764,8,1.976312494303635,1.0,1.0,0.0,1.0
HC IV or hospital,Butambala,Butambala,Kalamba,23205.85562133789,2.0259442503850957,4,2.131342362299417,1.0,1.0,0.0,1.0
HC IV or hospital,Kaabong,Dodoth,Kalapata,17621.6699924469,3.867773747812614,4,4.094570638518185,1.0,1.0,0.0,1.0
HC IV or hospital,Lyantonde,Kabula,Kaliiro,23661.047470092773,2.79949699498827,4,2.9803827901956,1.0,1.0,0.0,1.0
HC IV or hospital,Kaliro,Bulamogi,Kaliro Town Council,23945.066497802734,2.379483559320854,4,2.5642464291395326,1.0,1.0,0.0,1.0
HC IV or hospital,Kyotera,Kyotera,Kalisizo Town Council,16683.56069946289,0.3437810541677016,4,0.35171839797664156,0.0,0.0,0.0,0.0
HC IV or hospital,Nakasongola,Buruli,Kalongo,25197.32391166687,4.331847224215577,4,4.819293058069304,1.0,1.0,0.0,1.0
HC IV or hospital,Nakasongola,Buruli,Kalungi,30986.366912722588,4.365118716014308,4,4.678342575733837,1.0,1.0,0.0,1.0
HC IV or hospital,Kassanda,Kassanda,Kalwana,47122.50668334961,3.5189180463657697,4,3.7342397149981066,1.0,1.0,0.0,1.0
HC IV or hospital,Kanungu,Kinkizi,Kambuga Town Council,5617.361083984375,1.0439421867420557,4,1.0708237002098033,0.4383874655125183,0.4383874655125183,0.0,1.0
HC IV or hospital,Pallisa,Pallisa,Kameke,21928.287994384766,2.9111904719924606,4,3.247191814020861,1.0,1.0,0.0,1.0
HC IV or hospital,Bukwo,Kongasis,Kamet,7596.548406600952,1.683962811263043,5,1.8809367263317012,1.0,1.0,0.0,1.0
HC IV or hospital,Kaabong,Dodoth,Kamion,8583.84070611,9.968206882467415,4,10.647249056919478,1.0,1.0,0.0,1.0
HC IV or hospital,Luwero,Bamunanika,Kamira,33028.779121398926,4.310223379312798,4,4.773033802040952,1.0,1.0,0.0,1.0
HC IV or hospital,Mpigi,Mawokota,Kammengo,47851.36061668396,2.6672662706310355,4,2.8936074827667246,1.0,1.0,0.0,1.0
HC IV or hospital,Budaka,Iki-Iki,Kamonkoli,34578.32391357422,1.9592809208151103,4,2.0521050034474055,1.0,1.0,0.0,1.0
HC IV or hospital,Soroti,Soroti,Kamuda,58331.05244910717,2.0723081526723433,5,2.197278036529302,0.8976808396682258,0.8976808396682258,0.0,0.918320605092523
HC IV or hospital,Mbarara,Mbarara Municipality,Kamukuzi Division,38877.878845214844,0.23303129328487557,4,0.23466928384976182,0.0,0.0,0.0,0.0
HC IV or hospital,Kamwenge,Kibale,Kamwenge Town Council,26235.111709594727,2.1694225145969104,4,2.288556566601925,1.0,1.0,0.0,1.0
HC IV or hospital,Kitagwenda,Kitagwenda,Kanara,19056.24958229065,2.62981255462062,4,2.848790984718056,1.0,1.0,0.0,1.0
HC IV or hospital,Ntoroko,Ntoroko,Kanara,10156.69713318348,7.918879389689777,4,8.547904039796629,1.0,1.0,0.0,1.0
HC IV or hospital,Ntoroko,Ntoroko,Kanara Town Council,11748.86448764801,5.764411326895179,4,6.282357792420534,1.0,1.0,0.0,1.0
HC IV or hospital,Dokolo,Dokolo,Kangai,21816.532592773438,2.0517464012847735,9,2.2470134501896815,1.0,1.0,0.0,1.0
HC IV or hospital,Zombo,Okoro,Kango,16987.644485473633,4.496508906760124,8,4.8021520867342735,1.0,1.0,0.0,1.0
HC IV or hospital,Kazo,Kazo,Kanoni,22405.91404724121,2.3048242496687568,4,2.4276134887730256,1.0,1.0,0.0,1.0
HC IV or hospital,Gomba,Gomba,Kanoni Town Council,14922.710968017578,4.274119890397597,4,4.643824263906115,1.0,1.0,0.0,1.0
HC IV or hospital,Mitooma,Ruhinda,Kanyabwanga,21079.801879882812,1.9296148120529504,4,2.01834844382788,1.0,1.0,0.0,1.0
HC IV or hospital,Kanungu,Kinkizi,Kanyantorogo,21898.962631225586,2.0081051421055065,10,2.110918841919775,0.9876018403013136,0.9876018403013136,0.0,1.0
HC IV or hospital,Kiruhura,Nyabushozi,Kanyaryeru,11037.008750915527,4.492687134585185,4,4.679836965464501,1.0,1.0,0.0,1.0
HC IV or hospital,Kyenjojo,Mwenge,Kanyegaramire,25852.071983337402,4.971337853256338,10,5.335837781697584,1.0,1.0,0.0,1.0
HC IV or hospital,Karenga,Dodoth,Kapedo,10664.35126543045,5.322361764833137,8,5.725187698740774,1.0,1.0,0.0,1.0
HC IV or hospital,Kapelebyong,Kapelebyong,Kapelebyong,16541.43451309204,2.3149701993561025,8,2.5225508271852215,1.0,1.0,0.0,1.0
HC IV or hospital,Ngora,Ngora,Kapir,41072.89375305176,3.160621885134081,5,3.4375996807379194,1.0,1.0,0.0,1.0
HC IV or hospital,Kween,Kween,Kaptoyoy,11488.622394561768,1.3242200810573086,5,1.367007640750304,0.8882475381430209,0.8882475381430209,0.0,0.8882475381430209
HC IV or hospital,Katakwi,Toroma,Kapujan,18895.87553358078,4.860243696953776,5,5.193615751170056,1.0,1.0,0.0,1.0
HC IV or hospital,Kabarole,Burahya,Karago Town Council,15623.973510742188,0.46002495004267885,4,0.4858552423099927,0.0,0.0,0.0,0.0
HC IV or hospital,Kibaale,Buyanja,Karama,11728.107704162598,3.1070515002354915,4,3.368725679840268,1.0,1.0,0.0,1.0
HC IV or hospital,Kasese,Bukonjo,Karambi,39882.20245361328,0.7353071742386,11,0.7468983152257329,0.23862084508959763,0.23862084508959763,0.0,0.3599311329451423
HC IV or hospital,Amudat,Pokot,Karita,47630.44357299805,5.471015023204856,5,6.080013095692341,1.0,1.0,0.0,1.0
HC IV or hospital,Ntoroko,Ntoroko,Karugutu Town Council,11520.974746704102,0.2845852595122498,4,0.2902606322280301,0.0,0.0,0.0,0.0
HC IV or hospital,Kasese,Busongora,Karusandara,14506.31660079956,2.905493189723354,4,3.0411814295953654,1.0,1.0,0.0,1.0
HC IV or hospital,Kyotera,Kyotera,Kasaali Town Council,36175.70790100098,2.6752109960908794,4,2.8168821410921954,1.0,1.0,0.0,1.0
HC IV or hospital,Lyantonde,Kabula,Kasagama,14172.69356918335,3.925831616747105,4,4.182382222220336,1.0,1.0,0.0,1.0
HC IV or hospital,Mubende,Kasambya,Kasambya,38763.12875366211,5.195627397161646,4,5.507879927238449,1.0,1.0,0.0,1.0
HC IV or hospital,Kakumiro,Bugangaizi,Kasambya,48711.61031341553,2.4264169207656696,4,2.637625872392692,1.0,1.0,0.0,1.0
HC IV or hospital,Mubende,Kasambya,Kasambya Town Council,16437.164588928223,5.526467474734942,4,5.836376209381428,1.0,1.0,0.0,1.0
HC IV or hospital,Kyotera,Kyotera,Kasasa,21673.351818084717,2.383276292916094,4,2.5041624581573365,1.0,1.0,0.0,1.0
HC IV or hospital,Kibuku,Kibuku,Kasasira,15643.22494506836,1.9392255989563139,4,2.145196973295679,1.0,1.0,0.0,1.0
HC IV or hospital,Kabarole,Burahya,Kasenda,31088.652433395386,2.9317471821023515,10,3.1582692641503445,1.0,1.0,0.0,1.0
HC IV or hospital,Kapchorwa,Tingey,Kaserem,8323.212036132812,0.39364897631968393,5,0.3973804240588762,0.0,0.0,0.0,0.0
HC IV or hospital,Mbarara,Kashari,Kashare,29197.3984375,2.3991585753528946,4,2.490124431889548,1.0,1.0,0.0,1.0
HC IV or hospital,Mitooma,Ruhinda,Kashenshero Town Council,6513.463470458984,0.7535584128628198,4,0.7698696465390147,0.18386359915910166,0.18386359915910166,0.0,0.25931191361065425
HC IV or hospital,Kiruhura,Nyabushozi,Kashongi,42977.19529724121,4.042687073827837,4,4.293669850914938,1.0,1.0,0.0,1.0
HC IV or hospital,Kibaale,Buyanja,Kasimbi,21371.812049865723,2.6630692808962375,4,2.8660899385216725,1.0,1.0,0.0,1.0
HC IV or hospital,Kaliro,Bulamogi,Kasokwe,19795.01629638672,1.782836334855152,4,2.0002310666688454,1.0,1.0,0.0,1.0
HC IV or hospital,Kyegegwa,Kyaka,Kasule,40685.506118774414,3.281322773922168,4,3.5315408241820103,1.0,1.0,0.0,1.0
HC IV or hospital,Katakwi,Katakwi,Katakwi Town Council,8960.306182861328,0.27305877958583485,8,0.27886720956769145,0.0,0.0,0.0,0.0
HC IV or hospital,Rubirizi,Bunyaruguru,Katanda,22983.13638305664,3.2028718634654156,10,3.4221435664515774,1.0,1.0,0.0,1.0
HC IV or hospital,Bunyangabu,Bunyangabu,Katebwa,11085.578674316406,2.2778312139758765,4,2.4537309616729868,1.0,1.0,0.0,1.0
HC IV or hospital,Rubirizi,Bunyaruguru,Katerera,8694.304481506348,3.768093501953551,10,4.028402997401401,1.0,1.0,0.0,1.0
HC IV or hospital,Rubirizi,Bunyaruguru,Katerera Town Council,11420.372383117676,3.083794355147971,10,3.3202338187498794,1.0,1.0,0.0,1.0
HC IV or hospital,Serere,Serere,Kateta,73847.4792752266,4.1448417758903275,5,4.597395493880437,1.0,1.0,0.0,1.0
HC IV or hospital,Kaabong,Dodoth,Kathile,12742.064900636673,3.901564961496171,4,4.139590042642981,1.0,1.0,0.0,1.0
HC IV or hospital,Kaabong,Dodoth,Kathile South,7863.9232177734375,2.654397870554806,4,2.826413478440951,1.0,1.0,0.0,1.0
HC IV or hospital,Budaka,Iki-Iki,Katiira,21863.305755615234,2.2884034730072798,4,2.4975474621532636,1.0,1.0,0.0,1.0
HC IV or hospital,Kakumiro,Bugangaizi,Katikara,34990.04666137695,3.802529020494109,4,4.098872061478133,1.0,1.0,0.0,1.0
HC IV or hospital,Kyenjojo,Mwenge,Katooke Town Council,20458.905654907227,3.5069668195140355,10,3.676731258503288,1.0,1.0,0.0,1.0
HC IV or hospital,Rubirizi,Bunyaruguru,Katunguru,5313.751313120127,3.8149981517227167,10,4.121317013274595,1.0,1.0,0.0,1.0
HC IV or hospital,Masaka,Masaka Municipality,Katwe-Butego Division,33171.63171386719,0.5831336537071848,4,0.5963046462193677,0.0,0.0,0.0,0.045109716879363444
HC IV or hospital,Kasese,Busongora,Katwe Kabatoro Town Council,7875.20588684082,3.7993646047754552,4,4.036528648741386,1.0,1.0,0.0,1.0
HC IV or hospital,Karenga,Dodoth,Kawalakol,6560.730468869209,7.219393905084169,8,7.768445868066416,1.0,1.0,0.0,1.0
HC IV or hospital,Kampala,KCCA,Kawempe Division,374249.9169921875,0.34423559189855757,4,0.34458431561904257,0.0,0.0,0.0,0.0
HC IV or hospital,Kayunga,Bbaale,Kayonza,67315.78547668457,3.5035780265526855,4,3.735855909313762,1.0,1.0,0.0,1.0
HC IV or hospital,Rukungiri,Rubabo,Kebisoni Town Council,5691.0517578125,1.7648976190116972,12,1.8081696493472654,1.0,1.0,0.0,1.0
HC IV or hospital,Ibanda,Ibanda,Keihangara,13847.141708374023,1.8176582844377902,4,1.963129793879305,1.0,1.0,0.0,1.0
HC IV or hospital,Yumbe,Aringa,Kerwa,35882.39270019531,3.124145553379864,10,3.2996581071583133,1.0,1.0,0.0,1.0
HC IV or hospital,Pallisa,Butebo,Kibale,22366.973175048828,2.0173403210806815,4,2.1297235587765964,1.0,1.0,0.0,1.0
HC IV or hospital,Rakai,Kooki,Kibanda,31652.27509689331,3.3509628657691275,4,3.6628800698002233,1.0,1.0,0.0,1.0
HC IV or hospital,Bukomansimbi,Bukomansimbi,Kibinge,36636.23008728027,2.169755609097942,4,2.358760721469461,1.0,1.0,0.0,1.0
HC IV or hospital,Kiboga,Kiboga,Kiboga Town Council,23830.588500976562,0.3022929167753117,4,0.30624227878039445,0.0,0.0,0.0,0.0
HC IV or hospital,Kibuku,Kibuku,Kibuku Town Council,12113.16976928711,0.3305652301565921,4,0.3413408819278522,0.0,0.0,0.0,0.0
HC IV or hospital,Ntoroko,Ntoroko,Kibuuku Town Council,3165.9907331466675,3.0279189113050293,4,3.1208673458810514,1.0,1.0,0.0,1.0
HC IV or hospital,Kitagwenda,Kitagwenda,Kicheche,36477.952545166016,2.047938881447974,4,2.1442600271613634,0.9184261967273885,0.9184261967273885,0.0,0.9273883454937579
HC IV or hospital,Ibanda,Ibanda,Kicuzi,20381.76683807373,2.9751216958259263,4,3.1943971011802743,1.0,1.0,0.0,1.0
HC IV or hospital,Serere,Kasilo,Kidetok Town Council,8198.428009033203,2.4081510935690518,5,2.6308253971736324,1.0,1.0,0.0,1.0
HC IV or hospital,Kyegegwa,Kyaka,Kigambo,27911.405334472656,3.5408233554320536,4,3.8206528672918,1.0,1.0,0.0,1.0
HC IV or hospital,Mubende,Kasambya,Kigando,56207.0691986084,4.995092658201483,4,5.322708223170876,1.0,1.0,0.0,1.0
HC IV or hospital,Kyenjojo,Mwenge,Kigaraale,32570.5330657959,3.9781515070215976,10,4.242324931773057,1.0,1.0,0.0,1.0
HC IV or hospital,Hoima,Bugahya,Kigorobya Town Council,11489.255432128906,0.22771523613354652,4,0.23663545860741356,0.0,0.0,0.0,0.0
HC IV or hospital,Kiryandongo,Kibanda,Kigumba,57823.981842041016,3.172709512543875,4,3.260573371784265,1.0,1.0,0.0,1.0
HC IV or hospital,Kiryandongo,Kibanda,Kigumba Town Council,24563.026763916016,2.153709483515998,9,2.1595716380187935,1.0,1.0,0.0,1.0
HC IV or hospital,Kanungu,Kinkizi,Kihihi,21548.8174610734,3.5585438402098637,10,3.714483721011901,1.0,1.0,0.0,1.0
HC IV or hospital,Kanungu,Kinkizi,Kihiihi Town Council,23542.057342529297,2.4493435084440205,10,2.577829628592588,1.0,1.0,0.0,1.0
HC IV or hospital,Buliisa,Buliisa,Kihungya,17313.819984436035,3.4698674242755527,4,3.651953190456523,1.0,1.0,0.0,1.0
HC IV or hospital,Kyenjojo,Mwenge,Kihuura,43654.30553436279,4.034837284431647,10,4.1957782824193215,1.0,1.0,0.0,1.0
HC IV or hospital,Ibanda,Ibanda,Kijongo,9869.09439086914,1.6977297060772911,4,1.8064941168023692,1.0,1.0,0.0,1.0
HC IV or hospital,Kabarole,Burahya,Kijura Town Council,11068.85842514038,3.396666725862344,4,3.7254424445743464,1.0,1.0,0.0,1.0
HC IV or hospital,Kiruhura,Nyabushozi,Kikaatsi,24533.955911636353,3.984691587926081,4,4.28423221804564,1.0,1.0,0.0,1.0
HC IV or hospital,Luwero,Bamunanika,Kikyusa,43320.7251701355,4.028169164734362,4,4.428124225415923,1.0,1.0,0.0,1.0
HC IV or hospital,Masaka,Masaka Municipality,Kimaanya-Kyabakuza Division,44994.53909301758,0.3399281235766541,4,0.34272761992491985,0.0,0.0,0.0,0.0
HC IV or hospital,Masindi,Buruuli,Kimengo,18462.64506673813,4.834669014238223,4,5.123221307379401,1.0,1.0,0.0,1.0
HC IV or hospital,Nakaseke,Nakaseke,Kinoni,8117.299370288849,4.650492059299093,4,5.00876826963226,1.0,1.0,0.0,1.0
HC IV or hospital,Kiruhura,Nyabushozi,Kinoni,27419.99320793152,3.8209947489050626,4,4.0698537424487045,1.0,1.0,0.0,1.0
HC IV or hospital,Lyantonde,Kabula,Kinuuka,11409.292097091675,3.2835462110001297,4,3.4443071363433453,1.0,1.0,0.0,1.0
HC IV or hospital,Kasese,Bukonjo,Kinyamasrke Town Council,12223.386611938477,1.5064734257955732,4,1.5508801191024966,0.9817126057722674,0.9817126057722674,0.0,1.0
HC IV or hospital,Nakaseke,Nakaseke,Kinyogoga,15195.532357215881,4.033095905392222,4,4.4235259124812805,1.0,1.0,0.0,1.0
HC IV or hospital,Kibuku,Kibuku,Kirika,14919.624206542969,1.680084484598172,4,1.7839766288945784,1.0,1.0,0.0,1.0
HC IV or hospital,Kween,Kween,Kiriki,4218.087749481201,2.2975414884767287,5,2.6034062926061434,1.0,1.0,0.0,1.0
HC IV or hospital,Rubirizi,Bunyaruguru,Kirugu,13172.30103111267,2.894803228790752,10,3.044796901512352,1.0,1.0,0.0,1.0
HC IV or hospital,Kiruhura,Nyabushozi,Kiruhura Town Council,7432.763557434082,3.1260495134759525,4,3.2803401193470174,1.0,1.0,0.0,1.0
HC IV or hospital,Kiryandongo,Kibanda,Kiryandongo Town Council,6891.797180175781,0.3117853776663767,9,0.3151612821982863,0.0,0.0,0.0,0.0
HC IV or hospital,Kagadi,Buyaga,Kiryanga,37347.86525726318,3.3957379965503933,4,3.660059538216547,1.0,1.0,0.0,1.0
HC IV or hospital,Kakumiro,Bugangaizi,Kisiita,34289.3037109375,4.149438919141298,4,4.472151134432268,1.0,1.0,0.0,1.0
HC IV or hospital,Kakumiro,Bugangaizi,Kisiita Town Council,19285.297561645508,4.786080123710481,4,5.149198791271932,1.0,1.0,0.0,1.0
HC IV or hospital,Kaliro,Bulamogi,Kisinda,12760.999038696289,3.3391204015258817,4,3.801089195204076,1.0,1.0,0.0,1.0
HC IV or hospital,Kyenjojo,Mwenge,Kisojo,29151.419120788574,3.915440529800495,10,4.111171936018046,1.0,1.0,0.0,1.0
HC IV or hospital,Tororo,West Budama (Kisolo),Kisoko,22579.177703857422,1.716910065086292,4,1.9300959652163345,1.0,1.0,0.0,1.0
HC IV or hospital,Sheema,Sheema,Kitagata Town Council,13055.143524169922,0.3503640570803552,4,0.3637725787799601,0.0,0.0,0.0,0.08345539470666166
HC IV or hospital,Bukomansimbi,Bukomansimbi,Kitanda,33109.0287399292,2.8169100912968554,4,3.0393686288635355,1.0,1.0,0.0,1.0
HC IV or hospital,Kween,Kween,Kitawoi,11248.689037322998,2.0447758780565146,5,2.132300604300727,1.0,1.0,0.0,1.0
HC IV or hospital,Mubende,Buwekula,Kitenga,85907.32238769531,3.6197102721729846,4,3.806320267179724,1.0,1.0,0.0,1.0
HC IV or hospital,Kitgum,Chua,Kitgum Matidi,21564.948579788208,3.7060008458283336,7,3.843996716954843,1.0,1.0,0.0,1.0
HC IV or hospital,Kasese,Bukonjo,Kitholhu,19781.072784423828,2.1404544655364206,4,2.242532245491627,1.0,1.0,0.0,1.0
HC IV or hospital,Kayunga,Bbaale,Kitimbwa,59293.31859207153,3.4327190427048073,4,3.6971140615296565,1.0,1.0,0.0,1.0
HC IV or hospital,Nakaseke,Nakaseke,Kito,13072.402034759521,2.744109018242883,4,2.9679377660405377,1.0,1.0,0.0,1.0
HC IV or hospital,Kiruhura,Nyabushozi,Kitura,21626.18263244629,3.0432372570666324,4,3.276043310883637,1.0,1.0,0.0,1.0
HC IV or hospital,Nakaseke,Nakaseke,Kiwoko Town Council,14165.168502807617,0.42450445233288087,4,0.4381306391302846,0.0,0.0,0.0,0.020089428840674706
HC IV or hospital,Mitooma,Ruhinda,Kiyanga,23288.806640625,2.7354008874889626,10,2.930932189421344,1.0,1.0,0.0,1.0
HC IV or hospital,Rakai,Kooki,Kiziba,25726.553466796875,4.396005433664268,4,4.827803902330469,1.0,1.0,0.0,1.0
HC IV or hospital,Kikuube,Buhaguzi,Kiziranfumbi,24388.302444458008,1.9815446775569707,10,2.0353926766675094,1.0,1.0,0.0,1.0
HC IV or hospital,Kaberamaido,Kaberamaido,Kobulubulu,25862.242906332016,2.2050417890102203,9,2.28972708418499,0.9926138980044279,0.9926138980044279,0.0,1.0
HC IV or hospital,Nwoya,Nwoya,Koch-Goma,23263.043170928955,3.3578560254380427,8,3.6005035545612496,1.0,1.0,0.0,1.0
HC IV or hospital,Yumbe,Aringa,Kochi,62356.11643028259,3.953951156789559,10,4.176300271831192,1.0,1.0,0.0,1.0
HC IV or hospital,Kole,Kole,Kole Town Council,12241.50072479248,2.1036149324757987,8,2.2904233613787386,1.0,1.0,0.0,1.0
HC IV or hospital,Bukedea,Bukedea,Kolir,43300.32772064209,2.6696508217250043,5,2.9146918416173033,1.0,1.0,0.0,1.0
HC IV or hospital,Mukono,Mukono,Koome Island,21016.372079730034,,1,,1.0,1.0,0.0,1.0
HC IV or hospital,Kotido,Jie,Kotido,17705.43284034729,3.9432103559127483,7,4.173639200939309,1.0,1.0,0.0,1.0
HC IV or hospital,Agago,Agago,Kotomol,14503.837968826294,6.203180723414015,7,6.860333367969987,1.0,1.0,0.0,1.0
HC IV or hospital,Nebbi,Padyere,Kucwiny,40536.45157814026,2.895877631962004,10,3.0153291436924716,0.9712767826126425,0.9712767826126425,0.0,0.9791265042145878
HC IV or hospital,Koboko,Koboko,Kuluba,51236.81588745117,3.738941791076153,10,3.9363349897634214,1.0,1.0,0.0,1.0
HC IV or hospital,Kumi,Kumi,Kumi,27284.303811073303,1.3759217235564516,5,1.4473827139351,0.7676042815584266,0.7676042815584266,0.0,0.7883138645654926
HC IV or hospital,Dokolo,Dokolo,Kwera,17822.11088705063,3.8566199534241576,9,4.18619860577439,1.0,1.0,0.0,1.0
HC IV or hospital,Rubirizi,Bunyaruguru,Kyabakara,19222.22201538086,4.526934066581833,10,4.849696933513313,1.0,1.0,0.0,1.0
HC IV or hospital,Kagadi,Buyaga,Kyakabadiima,14085.73876953125,2.433892924686409,4,2.6102299591979006,1.0,1.0,0.0,1.0
HC IV or hospital,Rakai,Kooki,Kyalulangira,34641.88535499573,3.291059644103296,4,3.6401139349279266,1.0,1.0,0.0,1.0
HC IV or hospital,Bunyangabu,Bunyangabu,Kyamukube Town Council,14770.940994262695,2.5055818236647065,4,2.6596460349870776,1.0,1.0,0.0,1.0
HC IV or hospital,Kalungu,Kalungu,Kyamulibwa Town Council,7700.393310546875,0.20688967289401952,4,0.22971586148075354,0.0,0.0,0.0,0.0
HC IV or hospital,Kyenjojo,Mwenge,Kyamutunzi Town Council,8211.545425415039,2.8830876753138486,4,2.975847903807745,1.0,1.0,0.0,1.0
HC IV or hospital,Kagadi,Buyaga,Kyanaisoke,23372.761993408203,2.4115746678012773,4,2.564628466585797,1.0,1.0,0.0,1.0
HC IV or hospital,Kikuube,Buhaguzi,Kyangwali,135665.06194591522,6.194651731742009,4,6.648381901740289,1.0,1.0,0.0,1.0
HC IV or hospital,Kyankwanzi,Kiboga,Kyankwanzi,7482.097409248352,5.495594186041997,4,5.92517462173109,1.0,1.0,0.0,1.0
HC IV or hospital,Kyankwanzi,Kiboga,Kyankwanzi Town Council,9270.121963500977,4.981754254487035,4,5.432259220354523,1.0,1.0,0.0,1.0
HC IV or hospital,Kagadi,Buyaga,Kyaterekera,35585.67253112793,4.324609693344721,4,4.67132670932878,1.0,1.0,0.0,1.0
HC IV or hospital,Lwengo,Bukoto,Kyazanga Town Council,16226.855010986328,0.2739051022030057,4,0.28108082088120767,0.0,0.0,0.0,0.0
HC IV or hospital,Kyotera,Kyotera,Kyebe,20961.067823946476,4.732996374438351,4,5.281959203981518,1.0,1.0,0.0,1.0
HC IV or hospital,Gomba,Gomba,Kyegonza,36084.57013940811,3.5733689103844486,4,3.8763903496812393,1.0,1.0,0.0,1.0
HC IV or hospital,Wakiso,Busiro,Kyengera Town Council,324653.2867279053,1.6577990802235105,4,1.6944725911295953,0.9210553130143118,0.9210553130143118,0.0,0.9329547367061364
HC IV or hospital,Kagadi,Buyaga,Kyenzige,24076.21336364746,1.7547801486339016,4,1.8331561640587617,1.0,1.0,0.0,1.0
HC IV or hospital,Kasese,Bukonjo,Kyondo,30954.107627868652,2.785925097113677,4,3.0472674270849773,1.0,1.0,0.0,1.0
HC IV or hospital,Kyotera,Kyotera,Kyotera Town Council,12066.96142578125,2.6258163266238594,4,2.7539179459759007,1.0,1.0,0.0,1.0
HC IV or hospital,Kitgum,Chua,Lagoro,20763.482530593872,5.003902443971318,8,5.341168470812161,1.0,1.0,0.0,1.0
HC IV or hospital,Pader,Aruu,Laguti,15296.322913646698,3.60930740536707,8,3.963985533443103,1.0,1.0,0.0,1.0
HC IV or hospital,Omoro,Omoro,Lakwana,15261.200939178467,3.9359993644528486,8,4.254506332527094,1.0,1.0,0.0,1.0
HC IV or hospital,Agago,Agago,Lamiyo,10468.913122177124,6.962953485608814,8,7.699629312517052,1.0,1.0,0.0,1.0
HC IV or hospital,Lamwo,Lamwo,Lamwo Town Council,8454.890438079834,4.072065709038582,7,4.325670210846948,1.0,1.0,0.0,1.0
HC IV or hospital,Agago,Agago,Lapono,26585.621218681335,3.6118705181848862,8,4.041651339422692,1.0,1.0,0.0,1.0
HC IV or hospital,Gulu,Gulu Municipality,Laroo Division,37517.43884277344,0.523100149433239,8,0.5301092396202821,0.0,0.0,0.0,0.03353748980385453
HC IV or hospital,Moyo,Moyo,Laropi,8859.96650505066,2.9643032832728236,8,3.1939042065750067,1.0,1.0,0.0,1.0
HC IV or hospital,Gulu,Gulu Municipality,Layibi Division,51124.70129394531,0.514663602559704,8,0.5157015343207313,0.03153349958567363,0.03153349958567363,0.0,0.03153349958567363
HC IV or hospital,Moyo,Moyo,Lefori,12832.509712219238,3.650951380428677,8,3.8716126538787985,1.0,1.0,0.0,1.0
HC IV or hospital,Nwoya,Nwoya,Lii,49062.01354408264,5.571183121111084,8,5.955350198637273,1.0,1.0,0.0,1.0
HC IV or hospital,Agago,Agago,Lira Palwo,18902.872484207153,6.868485688041363,8,7.671750971507104,1.0,1.0,0.0,1.0
HC IV or hospital,Karenga,Dodoth,Lobalangit,6913.970975399017,2.5392958804147066,8,2.73710299944731,1.0,1.0,0.0,1.0
HC IV or hospital,Arua,Vurra,Logiri,47717.435649871826,5.1929244946045,10,5.55083938035419,1.0,1.0,0.0,1.0
HC IV or hospital,Agago,Agago,Lokole,20121.814447402954,4.462471297161112,8,4.947747783144656,1.0,1.0,0.0,1.0
HC IV or hospital,Karenga,Dodoth,Lokori,6348.285773277283,3.420757839263382,7,3.659130090225772,1.0,1.0,0.0,1.0
HC IV or hospital,Lamwo,Lamwo,Lokung,18702.72011566162,6.369703907866845,8,6.763958701967426,1.0,1.0,0.0,1.0
HC IV or hospital,Nabilatuk,Pian,Lolachat,48989.2135181427,4.747848587422502,4,5.273677284152458,1.0,1.0,0.0,1.0
HC IV or hospital,Kaabong,Dodoth,Lolelia,6503.145287156105,4.0335068113957036,8,4.371425190400045,1.0,1.0,0.0,1.0
HC IV or hospital,Namayingo,Bukooli,Lolwe,18941.22131919861,,1,,1.0,1.0,0.0,1.0
HC IV or hospital,Napak,Bokora,Lorengecora,16348.354845046997,6.059222730075137,4,6.523068513064387,1.0,1.0,0.0,1.0
HC IV or hospital,Nabilatuk,Pian,Lorengedwat,11843.317299842834,4.400026475575671,4,4.789359688065822,1.0,1.0,0.0,1.0
HC IV or hospital,Oyam,Oyam,Loro,72454.9116973877,2.4297029290090864,8,2.59904272163126,1.0,1.0,0.0,1.0
HC IV or hospital,Amudat,Pokot,Loroo,45211.66734313965,4.951497540110975,4,5.380078754590758,1.0,1.0,0.0,1.0
HC IV or hospital,Kaabong,Dodoth,Lotim,5933.07596206665,3.348366175463104,4,3.5682519014019003,1.0,1.0,0.0,1.0
HC IV or hospital,Napak,Bokora,Lotome,25460.117345809937,3.9452366834761206,4,4.277592975768895,1.0,1.0,0.0,1.0
HC IV or hospital,Abim,Labwor,Lotukei,22199.19548034668,3.6040227419892124,8,3.8692690543443145,1.0,1.0,0.0,1.0
HC IV or hospital,Kaabong,Dodoth,Loyoro,4125.7807467877865,5.831900755738456,4,6.226553022023403,1.0,1.0,0.0,1.0
HC IV or hospital,Buvuma,Buvuma Island,Lubya,10022.076751708984,,1,,1.0,1.0,0.0,1.0
HC IV or hospital,Koboko,Koboko,Ludara,45142.482288360596,3.178717495089406,10,3.3976714623769553,1.0,1.0,0.0,1.0
HC IV or hospital,Busia,Samia-Bugwe,Lumino,11148.760009765625,2.40333384058663,4,2.492689052905973,1.0,1.0,0.0,1.0
HC IV or hospital,Nwoya,Nwoya,Lungulu,47646.99034905434,4.931098077544203,8,5.351843294817865,1.0,1.0,0.0,1.0
HC IV or hospital,Bulambuli,Bulambuli,Lusha,18635.20068359375,1.8482555494844202,5,1.9424158972950945,1.0,1.0,0.0,1.0
HC IV or hospital,Luuka,Luuka,Luuka Town Council,13688.729431152344,0.49719983714540306,4,0.5394621926148604,0.0,0.0,0.0,0.1195110038966561
HC IV or hospital,Luwero,Katikamu,Luwero Town Council,50664.201416015625,0.34415137270377144,4,0.3482328804619195,0.0,0.0,0.0,0.0
HC IV or hospital,Nakasongola,Buruli,Lwabiyata,20534.703984975815,4.366582839905072,4,4.680695168460837,1.0,1.0,0.0,1.0
HC IV or hospital,Buvuma,Buvuma Island,Lwajje,6911.535118103027,,1,,1.0,1.0,0.0,1.0
HC IV or hospital,Namisindwa,Bubulo,Lwakhakha Town Council,6904.506774902344,1.817997846320236,5,1.9481207666158793,1.0,1.0,0.0,1.0
HC IV or hospital,Rakai,Kooki,Lwamaggwa,54652.322023153305,3.528713386258292,4,3.8589626706031894,1.0,1.0,0.0,1.0
HC IV or hospital,Kiboga,Kiboga,Lwamata,27040.96476173401,3.235624759396912,4,3.354840277473893,1.0,1.0,0.0,1.0
HC IV or hospital,Kiboga,Kiboga,Lwamata Town Council,8709.338088989258,3.4336513828716075,4,3.4642713318628964,1.0,1.0,0.0,1.0
HC IV or hospital,Nakasongola,Buruli,Lwampanga,38310.56385111809,3.171138852275429,4,3.3380709465349083,1.0,1.0,0.0,1.0
HC IV or hospital,Ssembabule,Mawogola,Lwebitakuli,79519.6490020752,2.9830439356078577,4,3.1960623064578204,1.0,1.0,0.0,1.0
HC IV or hospital,Ssembabule,Lwemiyaga,Lwemiyaga,46804.212646484375,3.7119790699762527,4,3.9268659820448297,1.0,1.0,0.0,1.0
HC IV or hospital,Buvuma,Buvuma Island,Lyabaana,10899.809926986694,,1,,1.0,1.0,0.0,1.0
HC IV or hospital,Lyantonde,Kabula,Lyakajura,13371.754159927368,4.311192571734964,4,4.602608943553939,1.0,1.0,0.0,1.0
HC IV or hospital,Lyantonde,Kabula,Lyantonde Town Council,16861.14190673828,0.21170614123076492,4,0.21524233945340154,0.0,0.0,0.0,0.0
HC IV or hospital,Mityana,Busujju,Maanyi,25696.730026483536,3.5014607180363893,4,3.7873469880414974,1.0,1.0,0.0,1.0
HC IV or hospital,Kagadi,Buyaga,Mabaale,19706.250259399414,3.6821892944293952,4,3.8543718837885175,1.0,1.0,0.0,1.0
HC IV or hospital,Kagadi,Buyaga,Mabaale Town Council,13407.520278930664,3.4585071876893014,4,3.5485061067582713,1.0,1.0,0.0,1.0
HC IV or hospital,Kabarole,Burahya,Mabende,17496.21982574463,3.1964431664484034,4,3.4823226097454563,1.0,1.0,0.0,1.0
HC IV or hospital,Mubende,Buwekula,Madudu,50595.70581817627,3.482358071010716,4,3.742781689416584,1.0,1.0,0.0,1.0
HC IV or hospital,Namutumba,Busiki,Magada,34756.51708984375,2.4621881611876186,4,2.6980950462988615,1.0,1.0,0.0,1.0
HC IV or hospital,Namisindwa,Bubulo,Magale,18340.11083984375,0.37314597352930573,5,0.41006080179777565,0.0,0.0,0.0,0.0
HC IV or hospital,Namisindwa,Bubulo,Magale Town Council,7668.395263671875,0.5224379080810656,5,0.5802989936775254,0.0,0.0,0.0,0.12449481048032637
HC IV or hospital,Mayuge,Bunya,Magamaga Town Council,20934.96255493164,1.587435655712877,4,1.7428727880903074,0.9855767953501093,0.9855767953501093,0.0,1.0
HC IV or hospital,Katakwi,Toroma,Magoro,23721.053129196167,5.069459659306836,5,5.550515449054531,1.0,1.0,0.0,1.0
HC IV or hospital,Busia,Samia-Bugwe,Majanji,21070.156188964844,3.578824896581371,4,3.714761317243182,1.0,1.0,0.0,1.0
HC IV or hospital,Kassanda,Kassanda,Makokoto,11004.07783126831,3.776131858411598,4,3.9896449528459477,1.0,1.0,0.0,1.0
HC IV or hospital,Luwero,Katikamu,Makulubita,42734.726806640625,1.676994451427449,4,1.7684651538443272,0.8765901423737708,0.8765901423737708,0.0,0.8937528992063085
HC IV or hospital,Bugweri,Bugweri,Makuutu,35786.159240722656,2.190810671052816,4,2.3111257703921995,1.0,1.0,0.0,1.0
HC IV or hospital,Tororo,Tororo,Malaba Town Council,14151.834838867188,1.7851008691427646,4,2.0259284277434855,1.0,1.0,0.0,1.0
HC IV or hospital,Mityana,Busujju,Malangala,29355.912284851074,2.339562712564156,4,2.5188435731047307,1.0,1.0,0.0,1.0
HC IV or hospital,Mayuge,Bunya,Malongo,132847.59964179993,2.4594948237622973,4,2.691594485081203,1.0,1.0,0.0,1.0
HC IV or hospital,Manafwa,Bubulo,Manafwa Town Council,17930.708618164062,0.37702365614264194,5,0.3888003009431719,0.0,0.0,0.0,0.0
HC IV or hospital,Kassanda,Kassanda,Manyogaseka,15028.05796790123,2.1669612599168104,4,2.326696891175319,1.0,1.0,0.0,1.0
HC IV or hospital,Sironko,Budadiri,Masaba,12925.13330078125,2.354032596227298,5,2.477448905586041,1.0,1.0,0.0,1.0
HC IV or hospital,Jinja,Jinja Municipality,Masese Walukuba,25670.923828125,0.47906450936212736,4,0.48739707134877136,0.0,0.0,0.0,0.0
HC IV or hospital,Bulambuli,Bulambuli,Masiira,15739.456115722656,2.5320772177900137,5,2.7922989088344914,1.0,1.0,0.0,1.0
HC IV or hospital,Kiryandongo,Kibanda,Masindi Port,12203.342650413513,4.356162131070274,9,4.530071377791091,1.0,1.0,0.0,1.0
HC IV or hospital,Wakiso,Busiro,Masulita Town Council,23460.49530029297,2.267349478610145,4,2.405027889271442,1.0,1.0,0.0,1.0
HC IV or hospital,Ssembabule,Mawogola,Mateete,67138.81088256836,3.0455941792703167,4,3.2195405524974094,1.0,1.0,0.0,1.0
HC IV or hospital,Ssembabule,Mawogola,Mateete Town Council,12823.607482910156,3.768292456915253,4,3.9203647695398898,1.0,1.0,0.0,1.0
HC IV or hospital,Mitooma,Ruhinda,Mayanga,12062.90249633789,1.206429116717924,4,1.2736777400795385,0.6901757262800207,0.6901757262800207,0.0,0.8782600581588329
HC IV or hospital,Mayuge,Bunya,Mayuge Town Council,23001.04718017578,2.0167401137048797,4,2.17927999674943,1.0,1.0,0.0,1.0
HC IV or hospital,Kalangala,Kyamuswa,Mazinga,6761.3032376766205,4.918968749876554,4,5.644827945291525,1.0,1.0,0.0,1.0
HC IV or hospital,Namutumba,Busiki,Mazuba,30994.23405456543,2.8881027674214645,4,3.140959774788297,1.0,1.0,0.0,1.0
HC IV or hospital,Kamuli,Buzaaya,Mbulamuti,39612.06684875488,2.6458104114372003,4,2.8310538512821815,1.0,1.0,0.0,1.0
HC IV or hospital,Masindi,Buruuli,Miirya,26222.341811180115,2.9141941371521223,10,3.063322510080939,1.0,1.0,0.0,1.0
HC IV or hospital,Oyam,Oyam,Minakulu,49146.20373916626,4.3635936067134535,8,4.752086127337516,1.0,1.0,0.0,1.0
HC IV or hospital,Nakapiripirit,Chekwi,Moruita,35729.96141242981,3.3804489180067296,5,3.7213826941573687,1.0,1.0,0.0,1.0
HC IV or hospital,Abim,Labwor,Morulem,35469.737199783325,3.345912979870577,8,3.7256252417171547,1.0,1.0,0.0,1.0
HC IV or hospital,Amuria,Amuria,Morungatuny,22972.217742919922,3.937387390003596,8,4.341309983945189,1.0,1.0,0.0,1.0
HC IV or hospital,Moyo,Moyo,Moyo Town Council,9483.440979003906,0.1403070792631939,8,0.1514605224701361,0.0,0.0,0.0,0.0
HC IV or hospital,Kyegegwa,Kyaka,Mpara,75092.72758483887,3.7432269253964643,4,3.940824910770462,1.0,1.0,0.0,1.0
HC IV or hospital,Hoima,Hoima Municipality,Mparo Divison,26142.855880737305,1.5849045459558475,10,1.6190990315626403,0.9799815607464336,0.9799815607464336,0.0,1.0
HC IV or hospital,Rukiga,Rukiga,Mparo Town Council,6045.972244262695,0.3766663199482856,4,0.40101002132428953,0.0,0.0,0.0,0.0
HC IV or hospital,Kakumiro,Bugangaizi,Mpasaana,35288.6365814209,4.106246861279128,4,4.411568495874005,1.0,1.0,0.0,1.0
HC IV or hospital,Kagadi,Buyaga,Mpeefu,58312.06946563721,3.3735538124112905,4,3.644115432749793,1.0,1.0,0.0,1.0
HC IV or hospital,Kasese,Bukonjo,Mpondwe-Lhubiriha,52821.70715332031,0.46079874259238,11,0.4646759323470267,0.0,0.0,0.0,0.011715586519708651
HC IV or hospital,Lyantonde,Kabula,Mpumudde,17991.20601272583,3.372774988353087,4,3.641843688211162,1.0,1.0,0.0,1.0
HC IV or hospital,Jinja,Jinja Municipality,Mpumudde Division,39015.09193253517,0.24195025678608,4,0.25222903686664544,0.005615246546784767,0.005615246546784767,0.0,0.04103490847205735
HC IV or hospital,Mukono,Mukono,Mpunge,20825.91028904915,3.208141304233639,4,3.54827829424322,1.0,1.0,0.0,1.0
HC IV or hospital,Mayuge,Bunya,Mpungwe,32743.775177001953,2.4079561038582202,4,2.6220955771821277,1.0,1.0,0.0,1.0
HC IV or hospital,Kitgum,Chua,Mucwini,25669.1114654541,3.9126860694806873,7,4.077901741655836,1.0,1.0,0.0,1.0
HC IV or hospital,Mpigi,Mawokota,Muduuma,40365.278244018555,2.496942751512118,4,2.715813242112536,1.0,1.0,0.0,1.0
HC IV or hospital,Budaka,Iki-Iki,Mugiti,15148.941589355469,1.377007467423139,4,1.4195164759889416,1.0,1.0,0.0,1.0
HC IV or hospital,Kabarole,Burahya,Mugusu,13638.811218261719,1.716248250144016,4,1.8258464018841103,1.0,1.0,0.0,1.0
HC IV or hospital,Kabarole,Burahya,Mugusu Town Council,15961.96353149414,1.4470138243042143,4,1.5067003605605183,0.9613621800089978,0.9613621800089978,0.0,1.0
HC IV or hospital,Rukiga,Rukiga,Muhanga Town Council,18714.39273071289,1.6880800276268213,4,1.7932411505421206,0.9822911453128857,0.9822911453128857,0.0,1.0
HC IV or hospital,Kumi,Kumi,Mukongoro,70149.27807235718,2.562245168203797,4,2.850175739328368,1.0,1.0,0.0,1.0
HC IV or hospital,Namisindwa,Bubulo,Mukoto,10138.633224487305,2.10888566311256,5,2.337155033556599,1.0,1.0,0.0,1.0
HC IV or hospital,Kapchorwa,Tingey,Munarya,7461.800506591797,2.1455517830899358,5,2.3327986005475503,1.0,1.0,0.0,1.0
HC IV or hospital,Bugiri,Bukooli,Muterere,35867.147521972656,2.024833471530561,4,2.123312009949964,1.0,1.0,0.0,1.0
HC IV or hospital,Namayingo,Bukooli,Mutumba,57791.79338645935,3.280039613601722,4,3.711536987248397,1.0,1.0,0.0,1.0
HC IV or hospital,Kiryandongo,Kibanda,Mutunda,99767.84467697144,4.120803657488989,8,4.334020972974483,1.0,1.0,0.0,1.0
HC IV or hospital,Bulambuli,Bulambuli,Muyembe,8935.436645507812,0.6769387290122574,5,0.6884474467395891,0.12160244271865812,0.12160244271865812,0.0,0.12160244271865812
HC IV or hospital,Kassanda,Kassanda,Myanzi,30323.287378191948,2.5986502955927047,4,2.734240356945898,1.0,1.0,0.0,1.0
HC IV or hospital,Oyam,Oyam,Myene,34939.269287109375,4.263884841881578,8,4.642526753084797,1.0,1.0,0.0,1.0
HC IV or hospital,Mubende,Kasambya,Nabingoola,50918.28428649902,3.8677387273965147,4,4.082225980721107,1.0,1.0,0.0,1.0
HC IV or hospital,Budaka,Budaka,Naboa,18825.64370727539,1.5343851289016293,4,1.636753745470488,1.0,1.0,0.0,1.0
HC IV or hospital,Mbale,Bungokho,Nabumali Town Council,9868.91616821289,1.7250848413157749,4,1.778537919554245,1.0,1.0,0.0,1.0
HC IV or hospital,Wakiso,Nansana Municipality,Nabweru Division,179650.64208984375,0.29588278585025973,4,0.30133713610378554,0.0,0.0,0.0,0.0
HC IV or hospital,Namutumba,Busiki,Nabweyo,19822.319244384766,1.7019809942209425,4,1.8807515471644727,1.0,1.0,0.0,1.0
HC IV or hospital,Buvuma,Buvuma Island,Nairambi,29430.801488876343,6.220875943090624,4,7.081717844736965,1.0,1.0,0.0,1.0
HC IV or hospital,Mbale,Bungokho,Nakaloke,9046.2607421875,0.7589790770951255,4,0.7789597443781278,0.1608884335950703,0.1608884335950703,0.0,0.22517502672623174
HC IV or hospital,Mbale,Bungokho,Nakaloke Town Council,34744.55480957031,0.4129676695692648,4,0.4330805285121112,0.0,0.0,0.0,0.0
HC IV or hospital,Nakapiripirit,Chekwi,Nakapiripirit Town Council,4830.417556762695,1.5311137322538468,5,1.6571708083069958,1.0,1.0,0.0,1.0
HC IV or hospital,Nakaseke,Nakaseke,Nakaseke Town Council,9705.512893676758,1.8809876167559632,4,1.9944698311395452,1.0,1.0,0.0,1.0
HC IV or hospital,Bududa,Manjiya,Nakatsi,16041.15966796875,1.3429160674203138,5,1.4792417665612023,1.0,1.0,0.0,1.0
HC IV or hospital,Kampala,KCCA,Nakawa Division,378179.35763549805,0.5839738022067336,4,0.5897828146483588,0.03537444443746271,0.03537444443746271,0.0,0.04595310932134998
HC IV or hospital,Nakasongola,Buruli,Nakitoma,17231.608241558075,4.294461809492429,4,4.547431047632614,1.0,1.0,0.0,1.0
HC IV or hospital,Kassanda,Kassanda,Nalutuntu,36926.99167251587,2.562217002073357,4,2.727111320937093,1.0,1.0,0.0,1.0
HC IV or hospital,Kakumiro,Bugangaizi,Nalweyo,29871.706161499023,2.9138700262741226,4,3.1452172333144786,1.0,1.0,0.0,1.0
HC IV or hospital,Bugweri,Bugweri,Namalemba,30977.066848754883,1.9142504146887616,4,2.06157722856494,1.0,1.0,0.0,1.0
HC IV or hospital,Nakapiripirit,Chekwi,Namalu,39362.75489425659,3.189578364840915,5,3.580354131455486,1.0,1.0,0.0,1.0
HC IV or hospital,Mbale,Bungokho,Namambasa,25203.514190673828,0.46642102195268126,4,0.4912270791419663,0.0,0.0,0.0,0.0424073823749571
HC IV or hospital,Kamuli,Bugabula,Namasagali,44886.71659851074,2.7290961008058767,4,3.007449957467207,1.0,1.0,0.0,1.0
HC IV or hospital,Amolatar,Kioga,Namasale,31126.630904734135,4.813181111395946,4,5.044797244004666,1.0,1.0,0.0,1.0
HC IV or hospital,Amolatar,Kioga,Namasale Town Council,10126.458161354065,6.109125912658978,9,6.354291879372316,1.0,1.0,0.0,1.0
HC IV or hospital,Kwania,Kwania,Nambieso,64079.74275279045,3.7501932033075103,9,4.11326250592967,1.0,1.0,0.0,1.0
HC IV or hospital,Namisindwa,Bubulo,Namboko,10729.071380615234,2.228069914920464,4,2.371682571270015,1.0,1.0,0.0,1.0
HC IV or hospital,Kitgum,Chua,Namokora,17554.537889957428,7.1106277478954665,8,7.687339703805326,1.0,1.0,0.0,1.0
HC IV or hospital,Kaliro,Bulamogi,Namugongo,26394.06640625,2.287068120132229,4,2.4934046089692874,1.0,1.0,0.0,1.0
HC IV or hospital,Iganga,Kigulu,Namungalwe,49474.22277832031,1.9881882067081347,4,2.092827969908316,1.0,1.0,0.0,1.0
HC IV or hospital,Namutumba,Busiki,Namutumba,49721.36668395996,2.3727018981077093,4,2.6214200684632027,1.0,1.0,0.0,1.0
HC IV or hospital,Kaliro,Bulamogi,Namwiwa,23631.863845825195,2.7235522564625665,4,3.0716034026533037,1.0,1.0,0.0,1.0
HC IV or hospital,Kibuku,Kibuku,Nandere,18851.573196411133,1.8861010552249693,4,1.975562948561062,1.0,1.0,0.0,1.0
HC IV or hospital,Kyotera,Kyotera,Nangoma,2587.7971229553223,7.296098215539211,4,7.974319202963057,1.0,1.0,0.0,1.0
HC IV or hospital,Namutumba,Busiki,Nangonde,24961.772958755493,2.5241610369056913,4,2.8167658753277713,1.0,1.0,0.0,1.0
HC IV or hospital,Kibuku,Kibuku,Nankondo,13688.355934143066,1.955496544581687,4,2.1967671248270526,1.0,1.0,0.0,1.0
HC IV or hospital,Wakiso,Nansana Municipality,Nansana Division,241726.380859375,0.5337108995992239,4,0.5374768905902297,0.0,0.0,0.0,0.0
HC IV or hospital,Budaka,Budaka,Nansanga,13192.459167480469,1.6777006896686022,4,1.7877599687793986,1.0,1.0,0.0,1.0
HC IV or hospital,Kaliro,Bulamogi,Nansololo,19995.769638061523,2.349832971025335,4,2.5876469037601932,1.0,1.0,0.0,1.0
HC IV or hospital,Napak,Bokora,Napak Town Council,2969.396198272705,6.271773565654893,4,6.4443184348744005,1.0,1.0,0.0,1.0
HC IV or hospital,Kaliro,Bulamogi,Nawaikoke,29779.111087799072,3.411452725569208,4,3.772854318320025,1.0,1.0,0.0,1.0
HC IV or hospital,Kamuli,Buzaaya,Nawanyago,30194.13136291504,1.908564403480465,4,2.0448770645717294,1.0,1.0,0.0,1.0
HC IV or hospital,Mbale,Bungokho,Nawuyo Town Council,13505.819213867188,0.8036789647071517,4,0.8150288739827142,0.0,0.0,0.0,0.0
HC IV or hospital,Kagadi,Buyaga,Ndaiga,13326.203134775162,5.18928597533929,4,5.618845073843054,1.0,1.0,0.0,1.0
HC IV or hospital,Oyam,Oyam,Ngai,36579.29219818115,2.6121271423393453,8,2.8531289422916357,1.0,1.0,0.0,1.0
HC IV or hospital,Butambala,Butambala,Ngando,21480.059997558594,2.996590530602253,4,3.2899441667142155,1.0,1.0,0.0,1.0
HC IV or hospital,Katakwi,Katakwi,Ngariam,11482.671779632568,4.813997538565223,8,5.180169522979532,1.0,1.0,0.0,1.0
HC IV or hospital,Napak,Bokora,Ngoleriet,20637.330951690674,2.395071540098422,4,2.552282081918936,1.0,1.0,0.0,1.0
HC IV or hospital,Buliisa,Buliisa,Ngwedo,21869.79653453827,2.4749189870971002,10,2.5676436916719925,0.9893874699884028,0.9893874699884028,0.0,0.9893874699884028
HC IV or hospital,Buikwe,Buikwe,Nkokonjeru Town Council,11529.112930297852,0.25410854915291986,4,0.2600299932046063,0.0,0.0,0.0,0.0
HC IV or hospital,Kamwenge,Kibale,Nkoma,50730.04586029053,4.5086025381994785,10,4.80025911793924,1.0,1.0,0.0,1.0
HC IV or hospital,Kamwenge,Kibale,Nkoma Town Council,45771.41719055176,4.948557388062573,10,5.332058596614575,1.0,1.0,0.0,1.0
HC IV or hospital,Kakumiro,Bugangaizi,Nkooko,52944.00360107422,3.401364864871563,4,3.6807628845564504,1.0,1.0,0.0,1.0
HC IV or hospital,Kazo,Kazo,Nkungu,33299.571632385254,4.255458338933557,4,4.499444996044115,1.0,1.0,0.0,1.0
HC IV or hospital,Ntoroko,Ntoroko,Nombe,339.9867732524872,6.5113800524127345,4,6.989807771738855,1.0,1.0,0.0,1.0
HC IV or hospital,Kisoro,Kisoro Municipality,Northern,5307.6256103515625,0.2255749969810584,4,0.23167054386411837,0.0,0.0,0.0,0.0
HC IV or hospital,Iganga,Iganga Municipality,Northern Division,36581.01708984375,0.2508085906089103,4,0.25411093847355015,0.0,0.0,0.0,0.0
HC IV or hospital,Mbale,Mbale Municipality,Northern Division,49300.377685546875,0.1838938143035725,1,0.1838938093688929,0.0,0.0,0.0,0.0
HC IV or hospital,Soroti,Soroti Municipality,Northern Division,22283.208251953125,0.4529984158979249,5,0.47123450146679413,0.0,0.0,0.0,0.0
HC IV or hospital,Moroto,Moroto Municipality,Northern Division,11410.489868164062,0.1580295596749059,4,0.1590935714702839,0.0,0.0,0.0,0.0
HC IV or hospital,Kabale,Kabale Municipality,Northern Division,13775.705780029297,0.17687889507207885,4,0.181444365133232,0.0,0.0,0.0,0.0
HC IV or hospital,Koboko,Koboko Municipality,Northern Divison,17478.35498046875,0.24972161264981702,10,0.2575454699024898,0.0,0.0,0.0,0.0
HC IV or hospital,Kyankwanzi,Kiboga,Nsambya,39020.55854225159,5.227937012057724,4,5.575852527621803,1.0,1.0,0.0,1.0
HC IV or hospital,Buhweju,Buhweju,Nsiika Town Council,3931.9961853027344,0.37221010084561257,4,0.3805805024999839,0.0,0.0,0.0,0.0
HC IV or hospital,Bundibugyo,Bughendera,Ntandi Town Council,3926.9510803222656,1.5270141359321188,4,1.6485918399867932,1.0,1.0,0.0,1.0
HC IV or hospital,Kyankwanzi,Kiboga,Ntwetwe Town Council,13589.630950927734,0.4561302603792421,4,0.48211839098705733,0.04470247424357058,0.04470247424357058,0.0,0.1464643649756058
HC IV or hospital,Kitagwenda,Kitagwenda,Nyabbani,28235.303421020508,2.12253336239417,4,2.187473991859787,1.0,1.0,0.0,1.0
HC IV or hospital,Kyenjojo,Mwenge,Nyabiringo,13202.58869934082,4.2439251613914895,10,4.502469761371679,1.0,1.0,0.0,1.0
HC IV or hospital,Kyenjojo,Mwenge,Nyabuharwa,33374.45195770264,3.009843772984869,10,3.195041142697847,1.0,1.0,0.0,1.0
HC IV or hospital,Ibanda,Ibanda,Nyabuhikye,3267.409538269043,1.9952928272055084,4,2.1138094096458713,1.0,1.0,0.0,1.0
HC IV or hospital,Bundibugyo,Bwamba,Nyahuka Town Council,16771.36993408203,0.5711411888165256,4,0.5926509470646051,0.04238859787549863,0.04238859787549863,0.0,0.0834697890192093
HC IV or hospital,Kasese,Bukonjo,Nyakatonzi,36412.944343566895,2.8391303107017034,4,2.9330483932894866,1.0,1.0,0.0,1.0
HC IV or hospital,Kanungu,Kinkizi,Nyakinoni,12226.726936340332,2.0666492832939825,4,2.1471513779655087,1.0,1.0,0.0,1.0
HC IV or hospital,Kasese,Bukonjo,Nyakiyumbu,9050.173832535744,1.6083945065203753,4,1.6465292049180966,0.8457091985467055,0.8457091985467055,0.0,0.8637219217530313
HC IV or hospital,Abim,Labwor,Nyakwae,23727.832263946533,5.765864076466335,7,6.361250695359197,1.0,1.0,0.0,1.0
HC IV or hospital,Kibaale,Buyanja,Nyamarunda,35960.3106842041,3.354372688520619,4,3.638031220480141,1.0,1.0,0.0,1.0
HC IV or hospital,Mbarara,Mbarara Municipality,Nyamitanga Division,34181.029388427734,0.4361651187777619,4,0.4442293564592891,0.0,0.0,0.0,0.0
HC IV or hospital,Ntungamo,Kajara,Nyamunuka Town Council,2955.5015563964844,0.9482769178097707,12,0.9703159092676066,0.4341044055825816,0.4341044055825816,0.0,0.7680912274270846
HC IV or hospital,Kanungu,Kinkizi,Nyanga,7546.0041580200195,3.4763312687934396,10,3.643652875418308,1.0,1.0,0.0,1.0
HC IV or hospital,Kyenjojo,Mwenge,Nyankwanzi,28095.88011932373,3.515339050810415,4,3.682758707539827,1.0,1.0,0.0,1.0
HC IV or hospital,Masaka,Masaka Municipality,Nyendo-Ssenyange Division,48902.24560546875,0.41745349918797114,4,0.44551471085559885,0.0,0.0,0.0,0.0
HC IV or hospital,Mbale,Bungokho,Nyondo,8820.998901367188,1.5911640747938296,4,1.63604990093217,1.0,1.0,0.0,1.0
HC IV or hospital,Kapelebyong,Kapelebyong,Obalanga,23553.007932662964,4.103721131234942,8,4.469422432419387,1.0,1.0,0.0,1.0
HC IV or hospital,Obongi,Obongi,Obongi Town Council,2864.94402885437,0.3884287929181568,8,0.4022437977557026,0.017394382042837258,0.017394382042837258,0.0,0.04419868563136412
HC IV or hospital,Kaberamaido,Kaberamaido,Ochero,35480.360781908035,3.6106189564847906,9,3.785992223334811,1.0,1.0,0.0,1.0
HC IV or hospital,Yumbe,Aringa,Odravu,68595.61209869385,2.66827028079337,10,2.8299017913270523,1.0,1.0,0.0,1.0
HC IV or hospital,Madi Okollo,Madi Okollo,Offaka,24615.67914581299,4.365407225230054,8,4.596468255675116,1.0,1.0,0.0,1.0
HC IV or hospital,Amuria,Amuria,Ogolai,19782.72100830078,3.2198857855551246,8,3.5687765726457026,1.0,1.0,0.0,1.0
HC IV or hospital,Pader,Aruu,Ogom,13233.6372756958,5.215634209796177,8,5.792238029670144,1.0,1.0,0.0,1.0
HC IV or hospital,Otuke,Otuke,Ogor,16597.008533477783,3.341280494598064,7,3.6980929802332954,1.0,1.0,0.0,1.0
HC IV or hospital,Otuke,Otuke,Ogwette,21643.19460105896,4.6492339272782015,7,5.091143248926546,1.0,1.0,0.0,1.0
HC IV or hospital,Lira,Lira Municipality,Ojwina Division,54131.200927734375,0.34096145691054397,8,0.3457431530868807,0.0,0.0,0.0,0.0
HC IV or hospital,Madi Okollo,Madi Okollo,Okollo,23398.967326164246,5.254133618066328,8,5.472489620288248,1.0,1.0,0.0,1.0
HC IV or hospital,Dokolo,Dokolo,Okwalongwen,18621.803649902344,3.5400052192678007,9,3.7819728682096585,1.0,1.0,0.0,1.0
HC IV or hospital,Otuke,Otuke,Okwang,30246.982482910156,4.548614239628075,8,5.013035432496624,1.0,1.0,0.0,1.0
HC IV or hospital,Dokolo,Dokolo,Okwongodul,17184.2354888916,2.813012218768818,9,3.077582265502764,1.0,1.0,0.0,1.0
HC IV or hospital,Otuke,Otuke,Olilim,24630.023447990417,3.3784848874110653,8,3.6856110554325254,1.0,1.0,0.0,1.0
HC IV or hospital,Maracha,Maracha,Oluvu,35018.39874267578,2.0543322997383426,10,2.20170549979776,1.0,1.0,0.0,1.0
HC IV or hospital,Kitgum,Chua,Omiya Anyima,23983.201637268066,6.344793631556627,8,7.039286031591588,1.0,1.0,0.0,1.0
HC IV or hospital,Agago,Agago,Omiya Pacwa,13804.715677261353,4.9127507618443795,8,5.310636816237854,1.0,1.0,0.0,1.0
HC IV or hospital,Katakwi,Toroma,Omodoi,21478.414124965668,3.4880168949193613,8,3.650133273819341,1.0,1.0,0.0,1.0
HC IV or hospital,Agago,Agago,Omot,16805.342247009277,7.210675908858957,8,7.956602246753732,1.0,1.0,0.0,1.0
HC IV or hospital,Katakwi,Katakwi,Ongongoja,21457.315212249756,4.793179446882134,8,5.22830366861063,1.0,1.0,0.0,1.0
HC IV or hospital,Kitgum,Chua,Orom,32593.79083919525,5.769941693103723,8,6.257474253962392,1.0,1.0,0.0,1.0
HC IV or hospital,Amuria,Amuria,Orungo,19676.933654785156,3.4351458862785678,8,3.7889652548043853,0.991753423738108,0.991753423738108,0.0,1.0
HC IV or hospital,Oyam,Oyam,Otwal,34411.06074523926,3.0695236666325014,8,3.3757938476383575,1.0,1.0,0.0,1.0
HC IV or hospital,Kagadi,Buyaga,Paacwa,24089.602172851562,4.986213539249196,4,5.1924057723312105,1.0,1.0,0.0,1.0
HC IV or hospital,Amuru,Kilak,Pabo,66769.8394241333,5.285389440730114,8,5.752930060161651,1.0,1.0,0.0,1.0
HC IV or hospital,Pader,Aruu,Pader,12186.30586051941,6.105987444644887,8,6.725871172879722,1.0,1.0,0.0,1.0
HC IV or hospital,Pader,Aruu,Pader Town Council,16822.70979309082,5.214779657496948,8,5.811470120336247,1.0,1.0,0.0,1.0
HC IV or hospital,Kitgum,Kitgum Municipality,Pager Division,21681.88555908203,0.4245972978207243,7,0.4298741884108826,0.0,0.0,0.0,0.0
HC IV or hospital,Gulu,Aswa,Paicho,32308.110906600952,3.210263943898436,8,3.539454210128932,1.0,1.0,0.0,1.0
HC IV or hospital,Zombo,Okoro,Paidha Town Council,38637.20867919922,1.549991499483154,9,1.612704558368758,1.0,1.0,0.0,1.0
HC IV or hospital,Agago,Agago,Paimol,25141.976912498474,2.6753473560678187,8,2.970766036018144,1.0,1.0,0.0,1.0
HC IV or hospital,Pakwach,Jonam,Pakwach Town Council,28172.79815196991,0.5481092318825926,10,0.570931523506966,0.04106825450607289,0.04106825450607289,0.0,0.18148314035755395
HC IV or hospital,Lamwo,Lamwo,Palabek Gem,16773.91311597824,5.840628598867864,8,6.287336314596837,1.0,1.0,0.0,1.0
HC IV or hospital,Lamwo,Lamwo,Palabek Kal,17655.6967086792,6.46843687293685,8,6.9594100937689305,1.0,1.0,0.0,1.0
HC IV or hospital,Lamwo,Lamwo,Palabek Ogili,11274.560351133347,7.889466403140061,8,8.595258273527882,1.0,1.0,0.0,1.0
HC IV or hospital,Katakwi,Katakwi,Palam,17244.84257221222,4.509346987735948,8,4.720423862346322,1.0,1.0,0.0,1.0
HC IV or hospital,Lamwo,Lamwo,Paloga,11768.521068572998,3.2897304772257057,7,3.4844565757721875,1.0,1.0,0.0,1.0
HC IV or hospital,Kitgum,Kitgum Municipality,Pandwong Division,20183.788177490234,0.4379277997856716,7,0.45509152687348703,0.0,0.0,0.0,0.051902981550743514
HC IV or hospital,Kotido,Jie,Panyangara,40365.13148498535,4.545422510423073,7,4.925097603443443,1.0,1.0,0.0,1.0
HC IV or hospital,Pakwach,Jonam,Panyimur,37256.31884098053,4.464010709621784,10,4.691580258187993,1.0,1.0,0.0,1.0
HC IV or hospital,Agago,Agago,Patongo,13424.164337158203,7.133539748364222,7,7.874628674465342,1.0,1.0,0.0,1.0
HC IV or hospital,Agago,Agago,Patongo Town Council,13303.69702911377,6.539405631185461,8,7.219802652960603,1.0,1.0,0.0,1.0
HC IV or hospital,Madi Okollo,Madi Okollo,Pawor,12246.663210988045,4.243195959016006,8,4.610568174915809,1.0,1.0,0.0,1.0
HC IV or hospital,Tororo,West Budama (Kisolo),Petta,20804.96240234375,1.972060947734217,4,2.1078662627412554,1.0,1.0,0.0,1.0
HC IV or hospital,Pader,Aruu,Puranga,23134.692176818848,4.603262426371969,8,5.005750937428973,1.0,1.0,0.0,1.0
HC IV or hospital,Nwoya,Nwoya,Purongo,10702.611783027649,2.951359767534448,8,3.2039347656073156,1.0,1.0,0.0,1.0
HC IV or hospital,Pallisa,Pallisa,Puti-Puti,33104.44241333008,1.6275756214846384,4,1.7769140815180688,1.0,1.0,0.0,1.0
HC IV or hospital,Lira,Lira Municipality,Railway Division,8780.6484375,0.3342035119827853,8,0.3364463443918067,0.0,0.0,0.0,0.0
HC IV or hospital,Kotido,Jie,Rengen,43195.87450313568,3.511918409466561,7,3.7969040611333127,1.0,1.0,0.0,1.0
HC IV or hospital,Arua,Arua Municipality,River Oli Division,39480.974609375,0.203809605509111,10,0.20788247860801212,0.0,0.0,0.0,0.0
HC IV or hospital,Yumbe,Aringa,Romogi,63009.06529998779,3.3445832253086443,10,3.5019940912068046,1.0,1.0,0.0,1.0
HC IV or hospital,Ntungamo,Rushenyi,Rubaare,32005.89360809326,2.719249126484663,4,2.78615502698259,1.0,1.0,0.0,1.0
HC IV or hospital,Ntungamo,Rushenyi,Rubaare Town Council,16665.827178955078,3.0183688330681675,4,3.0776805641832876,1.0,1.0,0.0,1.0
HC IV or hospital,Kampala,KCCA,Rubaga Division,461634.62890625,0.45212953368085396,4,0.4523516932767345,0.0,0.0,0.0,0.0
HC IV or hospital,Mbarara,Kashari,Rubaya,22789.78870010376,2.36588479566823,4,2.4706179521832863,0.9720793411380061,0.9720793411380061,0.0,1.0
HC IV or hospital,Mbarara,Kashari,Rubindi,30041.86410522461,2.3531912721135937,4,2.4139004517498104,1.0,1.0,0.0,1.0
HC IV or hospital,Bunyangabu,Bunyangabu,Rubona Town Council,7754.203582763672,1.9455563061517045,4,1.991174606950057,1.0,1.0,0.0,1.0
HC IV or hospital,Isingiro,Isingiro,Ruborogota,23260.936290740967,2.1067470962299186,4,2.235991277022322,1.0,1.0,0.0,1.0
HC IV or hospital,Kagadi,Buyaga,Rugashari,24349.865951538086,3.1346463144714485,4,3.3656182782710373,1.0,1.0,0.0,1.0
HC IV or hospital,Kasese,Busongora,Rugendabara,12431.0514793396,2.213424477195097,10,2.3866376996447602,1.0,1.0,0.0,1.0
HC IV or hospital,Ntungamo,Ruhaama,Ruhaama,30118.271224975586,2.687752382048677,4,2.8585861522152034,1.0,1.0,0.0,1.0
HC IV or hospital,Rubanda,Rubanda,Ruhija,12015.98212814331,2.0178397216400517,4,2.189623071135552,1.0,1.0,0.0,1.0
HC IV or hospital,Rukungiri,Bujumbura,Ruhinda,29557.099884033203,1.7201333313611862,4,1.796890462354961,0.9893496356032077,0.9893496356032077,0.0,1.0
HC IV or hospital,Ibanda,Ibanda,Rushango Town Council,5148.366394042969,2.4870900065293187,4,2.546481956378639,1.0,1.0,0.0,1.0
HC IV or hospital,Isingiro,Bukanga,Rushasha,19064.55479478836,2.972516863491011,4,3.2140587665893996,1.0,1.0,0.0,1.0
HC IV or hospital,Kabarole,Burahya,Ruteete,22778.671184539795,2.615331947321268,10,2.7860872458710553,1.0,1.0,0.0,1.0
HC IV or hospital,Kyegegwa,Kyaka,Ruyonza,52951.37643814087,5.940288425832201,4,6.230105304391257,1.0,1.0,0.0,1.0
HC IV or hospital,Ntungamo,Kajara,Rwashamaire Town Council,8899.612579345703,0.284532372667524,12,0.28846794746925075,0.0,0.0,0.0,0.0
HC IV or hospital,Ntoroko,Ntoroko,Rwebisengo,3853.2440371513367,5.896831457492559,4,6.154028998442949,1.0,1.0,0.0,1.0
HC IV or hospital,Ntoroko,Ntoroko,Rwebisengo Town Council,2781.8712940216064,6.049621488664304,4,6.234530514238956,1.0,1.0,0.0,1.0
HC IV or hospital,Ntungamo,Ruhaama,Rweikiniro,35959.56935119629,2.9860006079562393,4,3.116777860943545,1.0,1.0,0.0,1.0
HC IV or hospital,Kazo,Kazo,Rwemikoma,32090.141450881958,3.336355689051236,4,3.5512112114299828,1.0,1.0,0.0,1.0
HC IV or hospital,Ibanda,Ibanda,Rwenkoba Town Council,2904.3899841308594,1.861424005961926,4,1.9684186163257622,1.0,1.0,0.0,1.0
HC IV or hospital,Kyegegwa,Kyaka,Rwentuha,60224.0380897522,5.492507187421853,4,5.851046084041629,1.0,1.0,0.0,1.0
HC IV or hospital,Rukungiri,Bujumbura,Rwerere Town Council,4218.240509033203,1.7586475800351875,4,1.796375690218315,1.0,1.0,0.0,1.0
HC IV or hospital,Bunyangabu,Bunyangabu,Rwimi,21733.87857055664,2.088312151969839,10,2.2229340088187133,1.0,1.0,0.0,1.0
HC IV or hospital,Rubirizi,Bunyaruguru,Ryeru,13219.030479431152,1.081344545040273,10,1.1690379095811338,0.4987692384812293,0.4987692384812293,0.0,0.6927458384035758
HC IV or hospital,Kiruhura,Nyabushozi,Sanga,6184.831432532519,4.685999379089052,4,5.023103138604918,1.0,1.0,0.0,1.0
HC IV or hospital,Kiruhura,Nyabushozi,Sanga Town Council,12506.486243963242,5.877859690857706,4,6.1418217959058,1.0,1.0,0.0,1.0
HC IV or hospital,Karenga,Dodoth,Sangar,3284.1213340759277,4.542231751722215,8,4.932431705962586,1.0,1.0,0.0,1.0
HC IV or hospital,Nakaseke,Nakaseke,Semuto Town Council,11157.75473022461,0.36930079734112914,4,0.38192170778916407,0.0,0.0,0.0,0.0
HC IV or hospital,Bukwo,Kongasis,Senendet,12900.278778076172,0.3791661000759295,5,0.4255315822623574,0.0,0.0,0.0,0.09763529483666629
HC IV or hospital,Serere,Serere,Serere Town Council,10014.711791992188,1.7726524347510528,5,1.9504842492186873,1.0,1.0,0.0,1.0
HC IV or hospital,Namayingo,Bukooli,Sigulu Island,14162.776211738586,6.214183318214951,4,7.0044215361896915,1.0,1.0,0.0,1.0
HC IV or hospital,Bulambuli,Bulambuli,Simu,8579.820343017578,1.8236750287403867,5,1.960579902028309,1.0,1.0,0.0,1.0
HC IV or hospital,Kapchorwa,Tingey,Sipi,9903.427791595459,2.0931518437789856,5,2.275735069048791,0.8838326259952493,0.8838326259952493,0.0,1.0
HC IV or hospital,Manafwa,Bubulo,Sisuni,5582.402740478516,0.888398766882559,5,0.947587735295277,0.3770921407965037,0.3770921407965037,0.0,0.4807717129873262
HC IV or hospital,Kisoro,Kisoro Municipality,Southern,6043.172668457031,0.3119815635250623,4,0.31740446929604393,0.0,0.0,0.0,0.0
HC IV or hospital,Koboko,Koboko Municipality,Southern Division,26037.343383789062,0.18615722112193414,10,0.18902539909240285,0.0,0.0,0.0,0.0
HC IV or hospital,Kabale,Kabale Municipality,Southern Division,23009.381958007812,0.24534037233558328,4,0.25486608215920914,0.0,0.0,0.0,0.0
HC IV or hospital,Kabarole,Fort Portal Municipality,Southern Division,21869.703002929688,0.15220794866375226,10,0.15854651240639733,0.0,0.0,0.0,0.0
HC IV or hospital,Moroto,Moroto Municipality,Southern Divison,3524.74853515625,0.1842833310365677,1,0.1842833310365677,0.0,0.0,0.0,0.0
HC IV or hospital,Moroto,Matheniko,Tapac,18853.54852962494,5.668334888834819,4,6.153155627786709,1.0,1.0,0.0,1.0
HC IV or hospital,Maracha,Maracha,Tara,23374.77894592285,1.9361842220174463,10,2.0452399261456278,0.9824259662517841,0.9824259662517841,0.0,1.0
HC IV or hospital,Katakwi,Toroma,Toroma,15202.637140929699,4.8002820593651565,5,5.165280152570586,1.0,1.0,0.0,1.0
HC IV or hospital,Namisindwa,Bubulo,Tsekululu,18272.18536376953,1.431901413932041,5,1.5455656892468754,1.0,1.0,0.0,1.0
HC IV or hospital,Bukwo,Kongasis,Tulel,8998.079814910889,2.034092993814895,5,2.2508718146213136,1.0,1.0,0.0,1.0
HC IV or hospital,Madi Okollo,Madi Okollo,Uleppi,12167.403049468994,4.778670392533796,10,4.911137505827088,1.0,1.0,0.0,1.0
HC IV or hospital,Gulu,Aswa,Unyama,22108.691856384277,2.106350704110874,8,2.1958668007283615,1.0,1.0,0.0,1.0
HC IV or hospital,Arua,Terego,Uriama,33248.490089416504,3.139883420624444,10,3.3970683338843584,1.0,1.0,0.0,1.0
HC IV or hospital,Katakwi,Katakwi,Usuk,27210.373838424683,2.708299742645813,8,2.8768511911049397,1.0,1.0,0.0,1.0
HC IV or hospital,Pakwach,Jonam,Wadelai,33377.90926742554,5.3860666743764725,8,5.799097900128646,1.0,1.0,0.0,1.0
HC IV or hospital,Luuka,Luuka,Waibuga,44140.049743652344,1.9755153736731947,4,2.0920509621882384,1.0,1.0,0.0,1.0
HC IV or hospital,Wakiso,Busiro,Wakiso Town Council,108494.71368408203,0.49214157036560796,4,0.513403358724398,0.009089804528336066,0.009089804528336066,0.0,0.08172073795432375
HC IV or hospital,Mbale,Bungokho,Wanale,16795.666015625,1.6059000809158854,4,1.6871000789843271,1.0,1.0,0.0,1.0
HC IV or hospital,Mbale,Mbale Municipality,Wanale Division,21032.00830078125,0.6337748416124526,4,0.6373216655301261,0.0,0.0,0.0,0.0
HC IV or hospital,Kamuli,Buzaaya,Wankole,26361.192413330078,2.1764907654775967,4,2.3299402984270716,1.0,1.0,0.0,1.0
HC IV or hospital,Zombo,Okoro,Warr,27078.458572387695,2.9783048011586972,9,3.167082669931928,1.0,1.0,0.0,1.0
HC IV or hospital,Kyankwanzi,Kiboga,Wattuba,30446.121353149414,2.2174940855680765,4,2.337193362304613,1.0,1.0,0.0,1.0
HC IV or hospital,Amuria,Amuria,Wera,31844.62240600586,4.032526899316665,5,4.302280522291193,1.0,1.0,0.0,1.0
HC IV or hospital,Bugiri,Bugiri Municipality,Western Division,18609.215576171875,0.21989437787418822,4,0.22054094366912189,0.0,0.0,0.0,0.0
HC IV or hospital,Busia,Busia Municipality,Western Division,21105.587890625,1.1580816831357208,4,1.163341387557738,1.0,1.0,0.0,1.0
HC IV or hospital,Kabarole,Fort Portal Municipality,Western Division,18646.587280273438,0.39632971590687344,10,0.4015500060302631,0.0,0.0,0.0,0.0
HC IV or hospital,Ntungamo,Ntungamo Municipality,Western Division,6485.393005371094,0.34235478508547945,4,0.3583322595462416,0.0,0.0,0.0,0.06683080129014761
HC IV or hospital,Luwero,Katikamu,Wobulenzi Town Council,31951.317657470703,2.369558306961845,4,2.466304515498758,1.0,1.0,0.0,1.0
HC IV or hospital,Maracha,Maracha,Yivu,29070.69300842285,1.7006070987731259,10,1.796912077243135,1.0,1.0,0.0,1.0
HC IV or hospital,Yumbe,Aringa,Yumbe Town Council,57432.553649902344,0.39367970338793773,10,0.42091493990091633,0.0,0.0,0.0,0.02868379943785518
HC IV or hospital,Sironko,Budadiri,Zesui,14138.440032958984,1.8259018899766757,5,2.0033582151430407,1.0,1.0,0.0,1.0
HC IV or hospital,Zombo,Okoro,Zeu,24508.26188659668,3.2246714511946553,9,3.421179175396999,1.0,1.0,0.0,1.0
HC IV or hospital,Luwero,Bamunanika,Zirobwe,56762.94105529785,3.032499672706046,4,3.2985188994984815,1.0,1.0,0.0,1.0
hospital,Buikwe,Njeru Municipality,Njeru Division,98037.43713378906,0.8459591871028325,4,0.8917155189326438,0.2657144885653429,0.36306876825425494,9544.36407470703,0.52699264309786
hospital,Mukono,Mukono Municipality,Goma Division,134395.49374389648,1.1170483041005554,4,1.1495670188917644,0.47238308510524424,0.5283646401566846,7523.66873168945,0.5560229085510571
hospital,Tororo,Tororo,Osukuru,57640.14288330078,1.4130130844436508,4,1.5541109714755121,0.7226009195673198,0.8399779766345442,6765.630340576167,0.8734844175181007
hospital,Wakiso,Kyadondo,Kasangati Town Council,235378.41506958008,1.35938317831249,4,1.4158044383332153,0.6574682385126545,0.6854730513271229,6591.728454589845,0.7095299735514292
hospital,Wakiso,Kira Municipality,Namugongo Division,172145.81396484375,1.1441396289150512,4,1.167092537287601,0.668794977976562,0.7059454760751162,6395.302734374992,0.7059454760751162
hospital,Wakiso,Kira Municipality,Bweyogerere Division,141789.44484329224,0.6928123892096087,4,0.7201220150840335,0.15842962574871336,0.20256845950550265,6258.42073440552,0.30515396110526366
hospital,Mayuge,Bunya,Baitambogwe,52990.85673522949,1.196007517652858,4,1.2979537776177748,0.5864921459610439,0.7019196671941615,6116.603240966796,0.8260482433523628
hospital,Mubende,Mubende Municipality,Eastern Division,35069.64717102051,1.185840152248635,10,1.2556729237029378,0.5759739920647938,0.7496071961159276,6089.255203247071,0.970489683663224
hospital,Jinja,Butembe,Mafubira,91804.63638305664,0.6223276158054545,4,0.6540167458448474,0.10972686858847946,0.1750792566383163,5999.6522216796875,0.23297280657944372
hospital,Wakiso,Busiro,Wakiso,287273.6805419922,0.9427545301528263,4,0.9809923546350902,0.38039075211359347,0.3993553774473445,5448.037719726568,0.48854672746673056
hospital,Arua,Terego,Manibe,37919.89994812012,1.0144041976059557,10,1.0891421601302398,0.5567096981199444,0.6966026855918664,5304.728088378904,0.7956862519319566
hospital,Buikwe,Njeru Municipality,Nyenga Division,60086.06400489807,1.0687421482472017,4,1.166834618443585,0.5222278993289443,0.5995321195873273,4644.90632629394,0.6642036123510145
hospital,Wakiso,Busiro,Katabi Town Council,165169.6874730587,1.0416065430072192,4,1.0749874923196265,0.63504871808468,0.6631283402659621,4637.902420043935,0.6956697136664493
hospital,Yumbe,Aringa,Apo,59237.895278930664,1.013800507608152,10,1.077484866806713,0.45465602732551597,0.5328835379288998,4634.033081054687,0.715949076031332
hospital,Bududa,Manjiya,Nabweya,12874.250854492188,0.9004524961998656,5,0.9989694143679658,0.16032160093356462,0.5183236778710093,4609.008544921875,0.8652965936475578
hospital,Tororo,West Budama (Kisolo),Rubongi,48177.509674072266,1.0742814225786146,4,1.238277866824912,0.5092398007286131,0.6021046510118183,4473.997222900392,0.698011832269024
hospital,Busia,Samia-Bugwe,Dabani,46442.927825927734,0.715782931107768,4,0.7574150456964327,0.06215450405744162,0.15067097126022738,4110.963897705078,0.2056138823817173
hospital,Butaleja,Bunyole,Kachonga,36261.012634277344,0.826080372087412,4,0.9164121242552026,0.29543512105279046,0.4085385846993267,4101.246124267578,0.7130030780940471
hospital,Pallisa,Pallisa,Pallisa,19151.069190979004,1.147507583563776,4,1.2503691051609855,0.6118127110552914,0.8074288227757974,3746.257690429689,0.9226121569639802
hospital,Wakiso,Busiro,Kajjansi Town Council,150640.93717956543,1.6726657254040358,4,1.7140265280541898,0.7633275801550099,0.7877541806859637,3679.6459960937514,0.8291950744114058
hospital,Rakai,Kooki,Ddwaniro,39852.750312805176,1.6749129552901003,4,1.8436357164564308,0.8234996836668341,0.9116898477740444,3514.620590209963,0.9712115149086988
hospital,Gulu,Gulu Municipality,Pece Division,62050.045837402344,0.7310917361168419,8,0.7421855255632038,0.10982329857267518,0.1647601866889847,3408.83642578125,0.21841087369434328
hospital,Gulu,Aswa,Bungatira,48179.60131454468,1.3607722904141553,8,1.4795172747874694,0.5662362039742908,0.6354522397891225,3334.8010101318373,0.69393056073509
hospital,Lira,Erute,Adekokwok,51492.51544189453,1.2407730944432795,8,1.2704871461298597,0.629376669960875,0.6910107007893157,3173.691284179684,0.7158864544716281
hospital,Mukono,Mukono,Kyampisi,59896.09503173828,1.5311767254869257,4,1.6148822849216518,0.7835353343699029,0.8362796630212957,3159.179321289065,0.8782489566350784
hospital,Mayuge,Bunya,Imanyiro,42677.53713226318,1.2739804069625225,4,1.4085971931501835,0.6223631516353941,0.6958423494656031,3135.911193847655,0.7936907169734269
hospital,Masaka,Bukoto,Mukungwe,55422.16539764404,1.0964763954809813,4,1.1864847979153976,0.5387420821705796,0.5940947945625588,3067.767181396489,0.6493641075223636
hospital,Bududa,Manjiya,Bumasheti,17778.630859375,0.8580859877486554,5,0.9042910341914498,0.22355041395047315,0.39428930189519346,3035.5036621093745,0.46937642067004814
hospital,Bukedea,Bukedea,Kidongole,37442.60664367676,1.3869600252522298,4,1.5640611429722833,0.7846592733762155,0.8655224574586733,3027.728393554689,0.9539409695397542
hospital,Bududa,Manjiya,Nalwanza,14006.890197753906,1.2735517025145962,5,1.3842905206947929,0.4651896807082455,0.6782650945684782,2984.5239257812495,0.7657993716636974
hospital,Mpigi,Mawokota,Nkozi,53823.5986199379,1.6111331685425336,4,1.7508818858966237,0.6689232882871722,0.724234463635765,2977.046501159666,0.8069601084802767
hospital,Kalungu,Kalungu,Kalungu,45428.952407836914,1.0984454921944193,4,1.2060623165004387,0.45001874854001334,0.5127246716839056,2848.6643981933594,0.6139823031751986
hospital,Bududa,Manjiya,Nangako Town Council,5811.042724609375,0.863202390529834,5,0.9237406965490474,0.0,0.48213814190898246,2801.725341796875,0.48213814190898246
hospital,Wakiso,Busiro,Mende,41654.971603393555,1.5508176881799955,4,1.6306767943608396,0.7868990463640092,0.8537348620946061,2784.0440063476594,0.877035929128954
hospital,Pallisa,Pallisa,Apopong,36419.43772125244,1.644552148537726,4,1.8525613825531237,0.849081380981055,0.9252535094164054,2774.1460876464853,0.9857093075308165
hospital,Jinja,Kagoma,Buwenge,60763.681701660156,1.0337057871997128,4,1.0874339151350008,0.4346422698388377,0.4794625499788353,2723.445236206055,0.5451360001618237
hospital,Bududa,Manjiya,Bushika,38343.24694824219,1.2345205987625942,5,1.332118938837943,0.7850969793724913,0.8560408031025545,2720.216552734375,1.0
hospital,Buikwe,Buikwe,Ngogwe,43922.75812506676,1.1283643951416227,4,1.2241510672841183,0.5172208801493389,0.5760923917346426,2585.799163818359,0.631245681448007
hospital,Kamuli,Kamuli Municipality,Southern Division,36518.95869445801,0.7375610277631999,4,0.780543824259604,0.329229065551056,0.39970805418916683,2573.8192749023438,0.44325208208593336
hospital,Buikwe,Lugazi Municipality,Kawolo Division,51806.61408996582,0.763179852017497,4,0.8098523072832924,0.3025413766845706,0.3520869298654486,2566.787353515625,0.41402183110979157
hospital,Mbale,Mbale Municipality,Wanale Division,21032.00830078125,0.7761067765998176,4,0.7791977939078962,0.0,0.12183417978080424,2562.41748046875,0.12183417978080424
hospital,Bukwo,Kongasis,Senendet,12900.278778076172,0.9122659601646795,5,1.00565113820702,0.24191015234838276,0.44028961170852315,2559.1503295898438,0.961339646361194
hospital,Abim,Labwor,Abim Town Council,26773.978561401367,1.1193906413642056,8,1.2163048015606204,0.4464340775539626,0.5377938734264676,2446.0652160644536,0.6402088725753138
hospital,Rukungiri,Rubabo,Nyakishenyi,39965.83213806152,1.4617107896558268,4,1.5522643322461624,0.7560986778495437,0.8164913653860689,2413.644012451169,0.8861273210336462
hospital,Masaka,Bukoto,Buwunga,53234.06545186043,1.9978431335672617,4,2.239904370026809,0.8082326293127675,0.8534111959348845,2405.03877258301,0.9062727182194702
hospital,Yumbe,Aringa,Kululu,54780.86754608154,2.164375819315258,10,2.303878974530223,0.8922013774604655,0.9361041213059277,2405.0303955078125,0.9753598803857789
hospital,Jinja,Kagoma,Budondo,62894.72702026367,1.804214366996066,4,1.95864272787229,0.9486848852490049,0.9867323085096815,2392.98229980469,1.0
hospital,Bugiri,Bukooli,Kapyanga,84637.22543334961,1.3403612656416466,4,1.408953654382715,0.599600276643559,0.6274443387920149,2356.64416503906,0.6635410305808767
hospital,Butaleja,Bunyole,Himutu,22723.201400756836,1.4041306846359893,4,1.498315586912586,0.8346342159990149,0.938153981307959,2352.3004760742183,0.9591755741081258
hospital,Kasese,Bukonjo,Kisinga,20295.490234375,1.3685901626022328,4,1.4570720663310701,0.6668007523078702,0.7819356011683245,2336.7182006835924,0.8381103614796275
hospital,Soroti,Soroti,Arapai,53017.94624328613,2.3255495056436235,5,2.4788674338274763,0.8795638893906476,0.9233920470985862,2323.67890930176,0.9692129825752888
hospital,Wakiso,Nansana Municipality,Gombe Division,122560.44062805176,1.8298876921850777,4,1.8735892684204276,0.7754988980253834,0.7943981122305391,2316.2960205078202,0.8047982204479323
hospital,Yumbe,Aringa,Kuru,60524.696868896484,1.4638967699390215,10,1.5625360390329033,0.8482653636252537,0.8852915269996426,2240.997314453126,0.9465858660212556
hospital,Nakaseke,Nakaseke,Kikamulo,23988.273471832275,1.0564483040206072,4,1.131019815534496,0.5658131676903079,0.6584222635772554,2221.5323181152353,0.7928432820908284
hospital,Kasese,Bukonjo,Mahango,23968.29100036621,1.3794616225573468,4,1.4357507894537185,0.7780104762958472,0.8692124015659705,2185.9542846679674,0.9521131727180959
hospital,Ibanda,Ibanda Municipality,Bufunda Division,37949.23878479004,1.0598146459963191,4,1.1277669480210868,0.46414267505977697,0.521374798730575,2171.9155273437495,0.6962122699567718
hospital,Kamuli,Kamuli Municipality,Northern Division,43179.94174194336,0.3878596856324097,4,0.4163033663526633,0.055760367047832035,0.10586258584194448,2163.410888671875,0.13740085200599184
hospital,Iganga,Kigulu,Nakigo,49306.014556884766,1.0339717358812037,4,1.0858701732789302,0.525798375144624,0.5695110483011214,2155.297698974607,0.5806891351242864
hospital,Mbale,Bungokho,Namanyonyi,36894.195556640625,0.9151101885089378,4,0.949784871832826,0.4101842625288577,0.46850984946428675,2151.875610351563,0.5218660208164282
hospital,Ngora,Ngora,Kobwin,48502.42559850216,1.8899443183077638,5,2.175801630725698,0.9170868530926036,0.960914506794175,2125.7475128173837,0.9962290672829656
hospital,Tororo,Tororo Municipality,Eastern Division,21445.779724121094,0.6052473957014687,4,0.6231339093031554,0.07639234749709674,0.17469274740157856,2108.1287231445312,0.17469274740157856
hospital,Ngora,Ngora,Ngora,33352.39194869995,1.40598229096382,5,1.559455978162818,0.5765352286586616,0.6394756122010905,2099.2123413085933,0.787348610377744
hospital,Arua,Ayivu,Pajulu,82993.73950195312,0.719426442271037,10,0.7505747727085811,0.21857577165648703,0.24360945847063123,2077.639282226562,0.27704457553078626
hospital,Mbale,Bungokho,Nawuyo Town Council,13505.819213867188,1.1183003614427658,4,1.12689285937765,0.8494070449649114,1.0,2033.8812255859375,1.0
hospital,Kagadi,Buyaga,Muhorro Town Council,34570.93762207031,1.5454926767560284,4,1.6142598154227121,0.8961273037855837,0.9543324809793958,2012.2075500488288,0.9905141634073771
hospital,Kabarole,Burahya,Karambi,35061.601989746094,0.6854884497152737,10,0.707119301763652,0.15250151838033355,0.20961569058401494,2002.5143737792966,0.27223477866376045
hospital,Mukono,Nakifuma,Kimenyedde,45014.810455322266,1.1711585591575375,4,1.2590881027911947,0.47089788039860137,0.5152427083851701,1996.1740264892596,0.6068962722961346
hospital,Tororo,Tororo,Mukuju,48686.720275878906,1.690227967301369,4,1.89263858651074,0.8731026887270946,0.9135357321824086,1968.5522766113268,0.9451312073160371
hospital,Zombo,Okoro,Nyapea,24129.937385559082,0.7421656053283647,9,0.7906752041406745,0.24300396768150623,0.3215586978968423,1895.5207214355462,0.43841138003972446
hospital,Kayunga,Ntenjeru,Kayunga,50035.29441833496,1.264971997339768,4,1.3321231452272766,0.6668160390706627,0.7044149436927541,1881.2722625732422,0.732662337560057
hospital,Butebo,Butebo,Kanginima,12858.980560302734,0.5373155958971593,4,0.6022002846099763,0.04109286035564459,0.18134452336622045,1803.4934082031248,0.31934246018116325
hospital,Iganga,Kigulu,Nawanyingi,32201.208892822266,1.3662641642874667,4,1.432896519891491,0.662253048507017,0.7157560983538666,1722.8628845214832,0.7506323699002768
hospital,Wakiso,Entebbe Municipality,Division A,66507.40141677856,0.46791415465913033,4,0.471696289489624,0.0031019102144761164,0.02881289742550601,1709.970947265625,0.042810974153443614
hospital,Kanungu,Kinkizi,Kayonza,38174.030462265015,1.099395155153558,10,1.1744556544195914,0.4526929169853067,0.49728106702544245,1702.109397888184,0.657313828723434
hospital,Kumi,Kumi,Atutur,31480.33839416504,0.7949584959216794,5,0.8338172851110726,0.24287709194446644,0.2963186598689699,1682.3586425781245,0.3534880305831627
hospital,Katakwi,Katakwi,Katakwi,47414.34436225891,1.3152667845899086,8,1.3645354092125461,0.6312506681250747,0.6664888946898513,1670.7974090576174,0.7200973899105603
hospital,Kyotera,Kyotera,Kirumba,29666.605125427246,1.4864206652312961,4,1.6063439637082793,0.8335560789835688,0.8894635531932122,1658.584960937501,0.9142480932419688
hospital,Tororo,Tororo Municipality,Western Division,30982.418884277344,0.39226617935294295,4,0.42107855695223945,0.0,0.053349056401105883,1652.8828125,0.08473199456255857
hospital,Agago,Agago,Parabongo,15011.823719978333,1.4033533059926029,8,1.5609106376454058,0.6409452393657127,0.7509895912316404,1651.9664115905762,0.8450260885395995
hospital,Kumi,Kumi Municipality,Southern Division,28665.318969726562,0.8567934249967757,5,0.8870139969900712,0.362034479460952,0.419219155539793,1639.2169799804692,0.47258653655108374
hospital,Butaleja,Bunyole,Busolwe,19910.46762084961,1.1273696929132673,4,1.2026624170407405,0.6443103481544257,0.7264279711953875,1635.000274658204,0.7573645060972513
hospital,Ibanda,Ibanda,Kikyenkye,14310.723724365234,0.9880374825104766,4,1.060153493424128,0.5300103503949849,0.6438497805431148,1629.1246337890616,0.8500152308280532
hospital,Kisoro,Bufumbira,Chahi,21658.188842773438,1.1261162018153066,4,1.1720133697847641,0.5813525003282676,0.6562619334624753,1622.4026489257806,0.6886657784397605
hospital,Bududa,Manjiya,Buwali,10130.714050292969,1.1295115263106024,5,1.2102574206884815,0.8402098005803884,1.0,1618.7888183593745,1.0
hospital,Kasese,Bukonjo,Kisinga Town Council,29259.031661987305,1.131003960352361,4,1.1999817972944837,0.3968403537281884,0.4521144773788864,1617.267333984374,0.6539099592415755
hospital,Budaka,Iki-Iki,Kameruka,20245.160034179688,1.2830973083197876,4,1.4291739967170651,0.6994506430154377,0.7783458862970546,1597.2468261718739,0.8953074140001549
hospital,Zombo,Okoro,Zombo Town Council,19103.584396362305,1.3005479498022767,9,1.3893258570198914,0.7953331917695218,0.8784606633538479,1588.0326690673828,0.961144431105307
hospital,Bududa,Manjiya,Bududa,16918.82208251953,0.6717787383872613,5,0.7265633337031836,0.0,0.0924768856812128,1564.5999755859375,0.32675665484013755
hospital,Rakai,Kooki,Byakabanda,21963.868771791458,1.4430817333519603,4,1.6042540254324928,0.7895998435627402,0.8599164258026925,1544.424184799194,0.9300745312084767
hospital,Butaleja,Bunyole,Butaleja,21340.977767944336,1.0679201616462362,4,1.1678583318109639,0.5227676324194627,0.5947580721836341,1536.3463745117178,0.7262892426249438
hospital,Kagadi,Buyaga,Kagadi Town Council,35263.65838623047,0.5865129204819431,4,0.6146060983591047,0.08502519262421693,0.12832716242090642,1526.9858703613277,0.22750509169659594
hospital,Mpigi,Mawokota,Kituntu,28044.747619628906,1.3523238212105577,4,1.4841068962621706,0.6930549963699044,0.7473776570622321,1523.4653091430664,0.8811984756873914
hospital,Soroti,Soroti,Soroti,25820.25813293457,0.9784640306197456,5,1.0380899661634313,0.45160652838624044,0.5103954765146811,1517.9458160400384,0.6298226698764732
hospital,Kisoro,Bufumbira,Nyarusiza,33044.73182678223,1.2314976052880349,4,1.297135316233167,0.5876746356202655,0.6330466660984998,1499.3065795898438,0.6870266517658346
hospital,Kisoro,Bufumbira,Nyakabande,35456.326736450195,0.5323042493816972,4,0.5651001784649547,0.07104858191724091,0.11323845998683832,1495.8981018066404,0.17824422721671826
hospital,Arua,Ayivu,Oluko,49300.8561630249,1.3131059288764015,10,1.4147176343802146,0.4571018690198795,0.48713675926471767,1480.7458038330071,0.5439277373421447
hospital,Koboko,Koboko,Midia,37911.99481201172,0.9763690100596151,10,1.0127983205961146,0.41182873838052836,0.45084064806665103,1479.0193176269524,0.5095120121227119
hospital,Rubanda,Rubanda,Nyamweru,21486.708236694336,1.5077125280366797,4,1.5815350737652083,0.7907032072314482,0.8585526781615267,1457.8617858886714,0.9348873327010436
hospital,Lira,Erute,Lira,45409.471618652344,1.2827318250925568,8,1.3243034265469853,0.6734436787872916,0.7052775552397005,1445.5595092773458,0.7908993541909354
hospital,Ntungamo,Ruhaama,Itojo,28869.56842803955,1.0773521780415627,4,1.1424583866394724,0.5405365824084273,0.5903060069650415,1436.8218078613274,0.7488999652563489
hospital,Nebbi,Padyere,Parombo,45334.89055633545,1.8185749693528859,9,1.9023485605425448,0.886042231346057,0.9175803662245274,1429.777893066404,0.9677333134874916
hospital,Arua,Terego,Katrini,41472.445861816406,0.7763918766557826,10,0.8195717832908548,0.2849102818382981,0.3192275814693907,1423.2223510742197,0.35618574466695785
hospital,Isingiro,Isingiro,Birere,27980.503143310547,2.169603385347873,4,2.2279272252555726,0.8282934083062797,0.8785672584534889,1406.6876220703105,0.9333966815819357
hospital,Busia,Samia-Bugwe,Masinya,32816.439453125,0.8873969601551104,4,1.009515046462497,0.4358897571270759,0.4787207662702043,1405.5612182617174,0.5081039489187519
hospital,Nebbi,Padyere,Nyaravur,29446.185062408447,1.1966335744497105,9,1.2510184456698352,0.5838963048562953,0.6315052334302322,1401.9013214111328,0.7421416046401073
hospital,Kyotera,Kyotera,Kalisizo,20560.470024108887,0.9860184252566889,4,1.0487966615484665,0.44756211011459196,0.5150533409374047,1387.6514282226558,0.6086900063283824
hospital,Buikwe,Buikwe,Buikwe Town Council,20295.416107177734,1.4282052318560867,4,1.5135574514880454,0.9061359419034815,0.9735949539110189,1369.108718872072,1.0
hospital,Bugiri,Bukooli,Buwunga,60976.24951171875,1.7857070049217083,4,1.8911284776859183,0.8513604453038552,0.8737650185848568,1366.146850585937,0.898042064541667
hospital,Nwoya,Nwoya,Anaka Payira,21328.251541137695,1.714347906372693,8,1.8889026962239326,0.7758002684927122,0.8398350119106615,1365.7491149902328,0.9451021886930153
hospital,Pallisa,Pallisa,Kasodo,19254.082410812378,1.3789652865395363,4,1.5521868272604138,0.7669043654740785,0.8362111109966603,1334.437789916993,0.9281942243836729
hospital,Kyenjojo,Mwenge,Kyenjojo Town Council,32206.013481140137,0.9471288599963508,10,0.9937246809728794,0.34197406967358734,0.38323427238932,1328.826644897461,0.5322843404770182
hospital,Kisoro,Bufumbira,Muramba,46328.775314331055,1.6697517154664594,4,1.7684251037872387,0.9213474639322152,0.9497406783575402,1315.4228515625025,0.964035889002703
hospital,Mbale,Bungokho,Namambasa,25203.514190673828,0.972080824977957,4,1.0106180926092156,0.4741745944225111,0.5262836055016601,1313.3302001953116,0.5476469758143278
hospital,Nwoya,Nwoya,Anaka Town Council,25266.2435836792,0.6294660839907615,8,0.6723318349201269,0.1695422895289512,0.22108502484807124,1302.291305541992,0.3208792699484698
hospital,Bushenyi,Igara,Ibaare,13142.956359863281,0.9901932658713852,4,1.00234137937202,0.47344435380136113,0.5718955336202359,1293.9395599365241,0.6696453838216881
hospital,Mukono,Mukono,Nakisunga,63623.301933288574,1.6735323428056854,4,1.7597725985877637,0.9134097479133151,0.9336308355462798,1286.532363891601,0.9455116917208646
hospital,Masindi,Masindi Municipality,Nyangahya Division,17686.357906341553,1.1970691034774184,4,1.251069508100113,0.5971873836929518,0.669332486848592,1275.984115600585,0.7099233314489298
hospital,Butaleja,Bunyole,Mazimasa,42080.28927612305,1.0326884503774678,4,1.1312534543682529,0.43034254428226976,0.4606557638973439,1275.589050292968,0.5511315065278388
hospital,Amudat,Pokot,Amudat,45181.596590042114,2.6701347160919977,5,2.9090316208679616,0.7742001380670415,0.802392839176729,1273.7912483215343,0.8797213843558681
hospital,Butebo,Butebo,Petete,36117.2431640625,2.122016507921616,4,2.3098814929830143,0.9188312412561985,0.953473293235515,1251.1754150390655,0.9852477007863145
hospital,Bundibugyo,Bwamba,Tokwe,18901.031856536865,1.4476215004687694,4,1.5186888037936566,0.6186082298171585,0.6830814125209022,1218.6096801757812,0.709359996466209
hospital,Ntungamo,Rushenyi,Kayonza,34319.55812072754,1.246141155794009,4,1.2966006040209386,0.6131424070198063,0.6485690318779375,1215.8261108398447,0.7292381308882531
hospital,Kalaki,Kalaki,Otuboi,37084.18453979492,1.2208345465664159,8,1.2907760061387494,0.6321527864541147,0.6648546626625023,1212.722412109375,0.7438527718551422
hospital,Kiruhura,Nyabushozi,Kenshunga,34455.54885101318,2.2677691862982305,4,2.3970944901833175,0.7568618564309351,0.792029861034753,1211.7329006195066,0.8768745695321655
hospital,Apac,Apac Municipality,Atik Division,11965.389892578125,0.7725371368189395,9,0.8235234591421949,0.2617829974990735,0.3623951295624218,1203.8633880615232,0.4800288470855589
hospital,Ntungamo,Ntungamo Municipality,Western Division,6485.393005371094,1.415093864852047,4,1.4671620479737961,0.8146194838255767,1.0,1202.2655029296877,1.0
hospital,Pallisa,Pallisa,Olok,20983.87047958374,1.7004724634670207,4,1.9192228583567794,0.7981757847648189,0.8554522877873016,1201.8827209472652,0.9372048874129592
hospital,Maracha,Maracha,Nyadri,24234.3251953125,0.7104808107349956,10,0.7417626086579665,0.24077875029079082,0.2903229088680026,1200.6692504882815,0.36083946457175586
hospital,Mukono,Nakifuma,Nagojje,45456.87772369385,1.4071221606023088,4,1.47758250357832,0.8305212859205545,0.8562050991743756,1167.505958557132,0.8747115789449035
hospital,Masindi,Masindi Municipality,Karujubu Division,39823.81978416443,1.7322548942603924,4,1.8156644631304766,0.7931682220325004,0.8224470503270627,1165.9947814941434,0.8616753690832467
hospital,Hoima,Hoima Municipality,Bujumbura Division,32147.048797607422,0.7981663564238443,10,0.8160134918922939,0.30454297751005427,0.3407133469023872,1162.7706298828125,0.37574404449493537
hospital,Kitgum,Chua,Labongo Amida,18639.148882865906,1.496112144749662,7,1.5903037378697698,0.7286874642261113,0.7906971979249678,1155.8086585998542,0.8334347914752753
hospital,Mukono,Nakifuma,Nabbaale,48922.44584655762,1.1625272356481242,4,1.222544572976464,0.4798848470399294,0.5034564199835915,1153.1790008544908,0.5263548650772213
hospital,Omoro,Omoro,Koro,40558.3331451416,2.3521130467784817,8,2.466532624721709,0.958027245236851,0.9863546749161388,1148.9133300781266,1.0
hospital,Mubende,Mubende Municipality,Western Division,50136.989181518555,0.9644890277340022,10,1.0189965126560845,0.2659937286329943,0.28860419113627306,1133.6205139160177,0.5757855894380595
hospital,Arua,Vurra,Vurra,55433.0125579834,1.5009097397161466,10,1.588633934370654,0.6402960374411406,0.6607296210875669,1132.6950988769552,0.6722137531461522
hospital,Nebbi,Padyere,Nebbi,31599.943283081055,1.6172655648023577,9,1.6957293960643514,0.8766175894858349,0.9123867133135317,1130.3022842407224,0.9415714692809437
hospital,Nebbi,Padyere,Atego,13596.70751953125,0.991300087358113,9,1.0599166535674625,0.5415880603849945,0.6246457521346739,1129.3111419677741,0.7827595629158556
hospital,Bundibugyo,Bwamba,Kirumya,14923.815460205078,0.9738853733334452,4,1.0380023257790418,0.4293434150011395,0.5044002182430526,1120.1338806152335,0.629422899920052
hospital,Tororo,West Budama (Kisolo),Kirewa,36770.25491333008,1.7868380729367512,4,1.980621873606867,0.8918077804317356,0.9219451779736092,1108.15979003906,0.9667182148449712
hospital,Lyantonde,Kabula,Lyantonde,24912.553115844727,1.0632687787588577,4,1.1187507013401499,0.4713279705331787,0.5157786089660137,1107.3788909912103,0.6002968552572229
hospital,Jinja,Kagoma,Butagaya,62247.57116699219,1.9147589807578036,4,2.056032569289095,0.9482486965524506,0.9659690414706054,1103.0484313964876,0.987457867503588
hospital,Kabale,Ndorwa,Kitumba,24831.228788375854,1.201487963242979,4,1.2347723308260041,0.6741828528317106,0.7183511999901692,1096.754333496094,0.7689949166603938
hospital,Rukiga,Rukiga,Kamwezi,30213.66152191162,1.8242400866720352,4,1.9667676444196456,0.8506414695908925,0.8861898147915145,1074.0456695556645,0.945775198339379
hospital,Mityana,Mityana,Bulera,37118.95916748047,2.0009707378847117,4,2.1158871059825124,0.9025658072351764,0.9313704246650101,1069.1974182128913,0.9668967970339674
hospital,Kagadi,Buyaga,Ruteete,17241.73747253418,1.4189531068429884,4,1.5246269317208698,0.7057843533164473,0.7676544547823995,1066.7480468749995,0.9014342017222469
hospital,Kaberamaido,Kaberamaido,Alwa,31927.41854095459,2.300451619043413,9,2.4838912389987233,0.9200996681266922,0.9534792527347873,1065.7239685058578,0.9884039808431008
hospital,Busia,Samia-Bugwe,Masafu,19029.23486328125,0.9547790728798041,4,1.076476585826575,0.4202664276297421,0.47613127212926104,1063.0652465820317,0.5711571859145698
hospital,Manafwa,Bubulo,Weswa,10663.02587890625,0.8644295459995889,5,0.8895253836857901,0.26193400118518845,0.3612005301614255,1058.481567382813,0.3612005301614255
hospital,Maracha,Maracha,Oleba,38050.11767578125,1.5606696265913598,10,1.656082302943088,0.8611377317674965,0.8886733557847053,1047.733734130862,0.9345568441414022
hospital,Kasese,Bukonjo,Ihandiro,16937.803253173828,1.538280017331083,4,1.6185384932736868,0.638378714236041,0.7001698415379322,1046.6059570312507,0.7439256706400824
hospital,Oyam,Oyam,Aber,34072.49675369263,1.6046096869325381,8,1.7377131029859152,0.7662323207480114,0.7968847998337255,1044.4064941406252,0.8691343104020299
hospital,Bukomansimbi,Bukomansimbi,Butenga,43789.42849731445,2.030722424646016,4,2.2279747852801903,0.8845324356758049,0.908247637702164,1038.47514343262,0.9608795092077708
hospital,Kanungu,Kinkizi,Kirima,18959.505767822266,1.2711201611840244,4,1.322204558070763,0.6251713300450483,0.6795926226885903,1031.8008117675781,0.7786515340709996
hospital,Kumi,Kumi,Ongino,55309.397435605526,2.669351026309164,5,2.9630155729606007,0.962332077593722,0.9809511798226372,1029.8113250732436,1.0
hospital,Bukwo,Kongasis,Bukwo,13589.083953857422,0.7495046722142111,5,0.8178924528839306,0.23293717761235047,0.30821094205371585,1022.9015045166017,0.41283981337317105
hospital,Napak,Bokora,Matany,31200.95289993286,1.9685771572306667,4,2.0928936149523496,0.7519839534593702,0.7846688473623148,1019.7998352050772,0.8291169398962858
hospital,Butebo,Butebo,Butebo,25418.631240844727,1.4270634058828309,4,1.588954329275392,0.7093335169497119,0.7494524058375209,1019.7672424316405,0.8448616859969186
hospital,Mbale,Bungokho,Nakaloke,9046.2607421875,0.9749066734802084,4,1.0181770939153516,0.43897175768950636,0.5516042364599237,1018.9027709960938,0.5516042364599237
hospital,Kumi,Kumi Municipality,Northern Divison,23810.971069335938,0.7043509282543218,5,0.7284317864022656,0.23262704746847082,0.27494880087214424,1007.7220458984375,0.30663557230429334
hospital,Kasese,Bukonjo,Munkunyu,27763.981506347656,1.3920778583655842,4,1.466120093478392,0.8924983025327806,0.9287675845542639,1006.9796752929691,0.9905579744095054
hospital,Buikwe,Buikwe,Buikwe,21293.386291503906,1.062434941937791,4,1.1476761546151935,0.608988460861365,0.6558805555205458,998.4914855957031,0.6788292884299838
hospital,Iganga,Kigulu,Nakalama,56837.74247741699,1.2874333679290655,4,1.3333189961154814,0.561800879245112,0.5790883091883638,982.578491210935,0.5926304210037772
hospital,Tororo,Tororo,Kwapa,23860.010803222656,1.6879873725787717,4,1.9205860996461692,0.8855298569383397,0.9259522331255821,964.4783325195319,0.9452644384934313
hospital,Manafwa,Bubulo,Buwagogo,9043.231811523438,1.1106371516198006,5,1.1358336958801938,0.6443514838357497,0.7505715512730428,960.5726928710934,0.7505715512730428
hospital,Kisoro,Bufumbira,Nyundo,13223.883595466614,1.5757884114114502,11,1.6987742991589896,0.8331244059159882,0.9056669188640836,959.2937469482422,1.0
hospital,Bundibugyo,Bwamba,Busaru,16020.762481689453,0.7306757637371901,4,0.7781813815628634,0.28336936582338124,0.34282656604752043,952.5496826171869,0.47323485952281563
hospital,Adjumani,East Moyo,Pakele,59688.187870025635,3.2586958583539016,8,3.489374604805293,0.8232040503071855,0.8390941177901557,948.4493331909156,0.8913109824239418
hospital,Kasese,Bukonjo,Isango,10354.558822631836,0.7922132333843145,11,0.806017652076475,0.19205779361326877,0.28346412146353267,946.4721984863281,0.3361968824097757
hospital,Moroto,Matheniko,Nadunget,65480.30608725548,4.1780047365624045,4,4.486980893412771,0.7480070249088278,0.7624038963375495,942.7115478515601,0.7720872094580311
hospital,Bushenyi,Igara,Kakanju,26305.363220214844,1.6484738771286136,10,1.7283082701897665,0.9099082394515727,0.9456798635613828,940.9855651855479,0.9849063940945922
hospital,Luwero,Katikamu,Luwero,46721.331687927246,2.2450534914119977,4,2.4622269489268587,0.9478998949947469,0.9679209530029258,935.4104919433576,0.992693051966226
hospital,Nebbi,Padyere,Ndhew,26183.451919555664,1.378557783661099,9,1.4641301168099519,0.8263463706138546,0.8618265123110873,928.992584228514,0.9304468489525801
hospital,Kumi,Kumi,Kanyum,53851.467544555664,2.033365185995937,5,2.212658041711592,0.9231472382946422,0.9403690283951064,927.4186706542982,0.9625627995079648
hospital,Nakaseke,Nakaseke,Kasangombe,28565.841751098633,1.7455319152980484,4,1.917604002133315,0.8113397265107847,0.8436729767845874,923.6265106201156,0.8920444345599534
hospital,Kanungu,Kinkizi,Katete,8258.695556640625,1.1435109392771812,4,1.1911805488703053,0.6480520339342851,0.7593603825980412,919.2617645263675,0.8500526692435947
hospital,Buliisa,Buliisa,Kigwera,19721.938551664352,1.4104674668013135,10,1.459585232751274,0.7093751641631862,0.7556769757915155,913.1614837646474,0.8180000051186048
hospital,Omoro,Omoro,Ongako,31417.097423553467,1.6278888285934596,8,1.7122438781975071,0.6626324580656855,0.6914766627010382,906.20118713379,0.7318666225253679
hospital,Kiboga,Kiboga,Kibiga,32494.69327545166,1.9040118054829154,4,2.037328256713445,0.8539296712749637,0.8816782996082272,901.6831665039057,0.9046145661389787
hospital,Bushenyi,Igara,Kyamuhunga,26604.49137878418,1.617520576858523,10,1.7322890802564388,0.771122988800746,0.8049814176256372,900.7862777709959,0.8494380147653839
hospital,Kyotera,Kyotera,Lwankoni,18557.131233215332,1.3131397497950485,4,1.4299389124507902,0.7456041284003506,0.7940253506209167,898.5589752197276,0.8548845046129728
hospital,Rukungiri,Rubabo,Nyarushanje,53117.460357666016,1.484266288299042,4,1.5675325121051802,0.7022264139221032,0.7190647601221111,894.410186767576,0.762017231281677
hospital,Bukwo,Kongasis,Kortek,7774.04020690918,1.072054595291109,5,1.1563682536143802,0.5544660060992954,0.6691676341622531,891.6950683593755,0.7794858473785223
hospital,Bundibugyo,Bughendera,Harugale,14383.831405639648,1.5155022710649406,4,1.619923993025165,0.7353786464248423,0.796839998651686,884.0497283935545,0.8112218729412454
hospital,Bukwo,Kongasis,Kabei,15676.886240005493,1.9783002090137727,5,2.236693202712061,0.7172684054828212,0.7730929068864781,875.1543579101564,0.8932302632693611
hospital,Tororo,Tororo,Mella,23487.197662353516,1.5619975810083921,4,1.767770080109621,0.9439156432063125,0.9810771039112244,872.8185729980485,1.0
hospital,Busia,Samia-Bugwe,Buhehe,23660.631408691406,1.5689632705432404,4,1.7144368332237188,0.898586434096424,0.9352544435780831,867.5882568359364,0.9550417337380893
hospital,Hoima,Hoima Municipality,Busiisi Division,27872.45083618164,0.9607104112297127,10,0.9848119440554524,0.45496148477765136,0.4857041857048943,856.8744201660152,0.5479473281252908
hospital,Mukono,Mukono,Nama,67459.01271057129,1.8323376086426462,4,1.898677356517189,0.9497914891583619,0.9624525060723241,854.0997009277385,0.9671495024201296
hospital,Kabarole,Burahya,Harugogo,28292.943069458008,1.7305793721675815,10,1.816342529750848,0.8850807107891004,0.914904762995692,843.8102111816387,0.9323648059818361
hospital,Ibanda,Ibanda Municipality,Bisheshe Division,40198.98294067383,2.613361565139153,4,2.719293502762514,0.9790634005311801,1.0,841.6300048828108,1.0
hospital,Koboko,Koboko,Dranya,21780.43360900879,1.0092075751749354,10,1.0374305941938644,0.5346608196384569,0.5731167268653027,837.5863342285157,0.6235380748391671
hospital,Tororo,West Budama (Kisolo),Paya,39824.074935913086,1.9720843546870745,4,2.177910798457876,0.9273741806268592,0.948248185476623,831.2879333496096,0.9684000153913319
hospital,Oyam,Oyam,Kamdini,64620.69287109375,2.334079290050914,8,2.4462264605761983,0.8888905889749331,0.9016095237802169,821.9063796997054,0.9243407849007843
hospital,Ntungamo,Rushenyi,Ngoma,32257.20962524414,2.141201571288315,4,2.2623976612090675,0.7981178725067466,0.8234593596641611,817.4456634521507,0.8781126373338264
hospital,Moyo,Moyo,Moyo,22620.062229156494,1.1178714128060292,8,1.2085082703098655,0.44294885626527425,0.4787795918763188,810.4934692382814,0.6385742248107935
hospital,Bushenyi,Igara,Kyamuhunga Town Council,16035.00464630127,0.6616235444756731,10,0.6863593489207168,0.11538196071622897,0.16571065955985276,807.0209197998048,0.20556978716753616
hospital,Butambala,Butambala,Kibibi,16722.36450958252,1.4924696529965786,4,1.559912828695689,0.9025858357512543,0.9503137865937817,798.1241912841803,0.9774748866093408
hospital,Isingiro,Isingiro,Masha,37301.74655532837,2.410610874371418,4,2.5130398553480315,0.8113523668519487,0.8325498879426394,790.7045593261734,0.8910704733181114
hospital,Kasese,Busongora,Rukoki,18085.81739807129,1.3047747253003332,10,1.3659241318679516,0.624340958412935,0.6679000827159415,787.8023681640641,0.8822532171428457
hospital,Buikwe,Buikwe,Najja,57196.61795377731,1.78793917414405,4,1.9442598673548708,0.9095251954728952,0.9232724963828447,786.2991180419949,0.9538631417761355
hospital,Lwengo,Bukoto,Kkingo,39458.64988708496,1.8912731597979457,4,1.9848932925131582,0.8274743165713684,0.8470960265771167,774.2461853027343,0.8728147103660603
hospital,Maracha,Maracha,Oluffe,27968.459716796875,0.9223628148340669,10,0.9648103301543796,0.4277258309271384,0.4553919372906201,773.778381347656,0.5240797606567338
hospital,Mubende,Mubende Municipality,Southern Division,40452.34677886963,1.54951894066783,10,1.608939485103577,0.98088406368386,1.0,773.2844848632808,1.0
hospital,Iganga,Kigulu,Bulamogi,40654.347412109375,0.9110619644301494,4,0.9449200099182082,0.4078479759216249,0.42660657769300037,762.6187133789078,0.45664793552652744
hospital,Kapchorwa,Tingey,Kaptanya,10108.512386322021,0.6807888466987269,5,0.7268007340298542,0.2009287701130582,0.2761508678575086,760.3835067749025,0.35988866895618843
hospital,Butaleja,Bunyole,Busaba,32718.35612487793,1.9023529615970014,4,2.114734475888248,0.8419068288212659,0.8650030189132861,755.6693725585955,0.8998130558452025
hospital,Mbarara,Kashari,Kakiika Division,30730.31708908081,0.9630249338498511,4,0.9879686371017062,0.34980832193734696,0.37417867223517143,748.908592224121,0.41547026627886074
hospital,Mayuge,Bunya,Bukatube,54176.01568841934,2.4987262232642427,4,2.852049327922045,0.9801466748513968,0.9939237280273203,746.3858489990181,1.0
hospital,Kyenjojo,Mwenge,Butiiti,25971.71002960205,1.5982513589815703,10,1.6554431906855291,0.7893359162939053,0.8180568796965446,745.9325332641605,0.8776266176322328
hospital,Soroti,Soroti,Gweri,65969.35831451416,2.5052444983300677,5,2.718817987563363,0.9847840019560362,0.9960532046943732,743.4220733642564,1.0
hospital,Bushenyi,Igara,Nyabubare,42225.82139587402,1.1994294289985585,10,1.23992759012446,0.6117636446824622,0.6290205314444784,728.6862182617189,0.6750969594791516
hospital,Bugiri,Bukooli,Iwemba,24095.55793762207,1.8639948454621071,4,2.139175900043187,0.9532431323891069,0.9833910745914695,726.4314880371098,1.0
hospital,Kagadi,Buyaga,Muhorro,28552.531829833984,1.553962665761946,4,1.6453305946575534,0.7997899717470014,0.8250603120567531,721.532196044923,0.9270880704087182
hospital,Kasese,Bukonjo,Bwera,17996.797821044922,0.5247033229195155,4,0.5395532704129219,0.053489831940673326,0.09275938101720302,706.7261352539062,0.12000682101054182
hospital,Mityana,KCCA,Central Division,33229.10221850872,0.8591623255289986,4,0.9005721059848694,0.22339980356716385,0.24457558042703553,703.6520538330077,0.41031475253545147
hospital,Mitooma,Ruhinda,Mutara,27457.49821472168,1.6160506915917074,4,1.7011073865891748,0.9341137938115575,0.95885646691138,679.3719024658208,0.9774522636290147
hospital,Rukungiri,Rubabo,Buyanja,36813.78160095215,1.5615737418401212,4,1.607454457245066,0.7759879550365376,0.7943307323586465,675.2669982910139,0.8270193757359918
hospital,Arua,Ayivu,Dadamu,53205.771408081055,0.6924836638428441,10,0.7214035621116279,0.12688330149670893,0.13948804460667436,670.6450805664052,0.16945502522935577
hospital,Maracha,Maracha,Kijomoro,37019.11895751953,1.6218612549304334,10,1.713739349491129,0.9821560710540321,1.0,660.5665283203107,1.0
hospital,Bushenyi,Igara,Bitooma,20498.300647735596,1.8086939765493322,10,1.9555951244673049,0.8570920235367165,0.889301059330155,660.2304992675789,0.9581294771015468
hospital,Kiryandongo,Kibanda,Kiryandongo,106483.96399116516,4.613199199262921,10,4.943474531021982,0.9032900669025316,0.9093211162094932,642.2100372314442,0.9243762719685314
hospital,Kaabong,Dodoth,Kaabong West,13719.10147857666,0.9214508446508773,4,0.9735400200655608,0.40217527416452437,0.44877572727824916,639.3163452148441,0.6473306048494254
hospital,Soroti,Soroti Municipality,Western Division,19961.561767578125,0.6978836678102154,5,0.7184793363461391,0.0,0.03187066422103213,636.188232421875,0.03187066422103213
hospital,Kamuli,Bugabula,Butansi,37034.720153808594,1.881449913946011,4,2.0206129013407357,0.9828308472642715,1.0,635.8547668457022,1.0
hospital,Kisoro,Bufumbira,Nyarubuye,23123.096405029297,1.6321187093232374,4,1.697879061488212,0.940356669166956,0.9674405207946654,626.2625122070323,0.9674405207946654
hospital,Kabale,Ndorwa,Kyanamira,23286.744018554688,1.3531190392941894,4,1.3874256928796547,0.7672567838922366,0.7940839799827649,624.7180480957037,0.8534541597034093
hospital,Kamuli,Bugabula,Kitayunjwa,49418.7227935791,1.8444651034993678,4,2.008262939188699,0.9415916498589041,0.9541540804481262,620.8192749023469,0.9762091675286193
hospital,Mbarara,Kashari,Nyakayojo Division,49547.91059112549,1.6688174878302062,4,1.7180520435296613,0.759059604577872,0.7714070058315424,611.7879333496116,0.8042327872550673
hospital,Apac,Apac Municipality,Agulu Division,17311.48748779297,0.962439205872463,9,1.0305718073106487,0.4776185319086538,0.512917146101988,611.0715179443371,0.5875673207788682
hospital,Kaabong,Dodoth,Kaabong East,7777.75297164917,1.4557881687593468,4,1.533042531372725,0.7108545221470919,0.7891459553182893,608.9314270019535,0.8430360951934526
hospital,Bushenyi,Bushenyi Municipality,Central Divison,20369.847595214844,1.0417021031960525,4,1.0649728742097853,0.6081478983570253,0.6379873675338056,607.8254394531249,0.7177588498694805
hospital,Kamuli,Bugabula,Nabwigulu,25359.66958618164,1.6059880879015882,4,1.7107512891165055,0.9161142184003507,0.9397264587912205,598.7986145019516,0.9711305918298447
hospital,Kanungu,Kinkizi,Kambuga,28699.016708374023,1.0768685496109067,4,1.1130975650172092,0.5395886898424964,0.5603421855279358,595.6049194335931,0.6097065517411718
hospital,Bukwo,Kongasis,Riwo,11218.497495651245,1.0967698979671419,7,1.179008452810761,0.5195822148470675,0.5721518267906576,589.7520599365234,0.6730402205408627
hospital,Rukungiri,Rukungiri Municipality,Eastern Divison,14944.833053588867,0.5876199074240827,4,0.596153122555363,0.1164254690406335,0.1557527657267421,587.7398834228517,0.17431555492952358
hospital,Amolatar,Kioga,Aputi,20584.18042743206,1.594922523345207,9,1.6703131492205143,0.7770824702046621,0.8053907457773434,582.702651977538,0.8614064970064522
hospital,Kalaki,Kalaki,Kalaki,14748.245956420898,2.3685847719534374,8,2.644317976384195,0.936634902169861,0.9751467006242933,567.9814758300779,1.0
hospital,Rukiga,Rukiga,Kashambya,30657.842529296875,2.061087805173743,4,2.1938494310604373,0.915443981519245,0.9336079824288881,556.8690795898433,0.9725231576233023
hospital,Maracha,Maracha,Maracha Town Council,10475.745239257812,1.1075354244966182,10,1.161444546534854,0.7008768627726074,0.7531406165691173,547.5017700195314,0.7883624316797178
hospital,Serere,Serere,Kyere,67230.14206695557,2.723637884389444,5,3.067603701301648,0.9920315373115299,1.0,535.7208786010774,1.0
hospital,Bundibugyo,Bwamba,Bubukwanga,17124.067405700684,1.7020455257534053,4,1.7528117999164166,0.932951818861682,0.9637674297869895,527.6885986328119,1.0
hospital,Hoima,Hoima Municipality,Kahoora Divison,55182.82540893555,0.46113783649212803,10,0.4667493527445127,0.010800423127175064,0.020066988427837457,511.3552551269532,0.048030338768315535
hospital,Butaleja,Bunyole,Busolwe Town Council,22651.93212890625,0.29905409449239917,4,0.3156764781954727,0.0,0.02232026946428605,505.5972290039063,0.04607590677249115
hospital,Bundibugyo,Bwamba,Kisubba,21625.003005981445,1.6615218623753012,4,1.8091300966078763,0.9478387036808612,0.9703853793875318,487.57192993163994,1.0
hospital,Masindi,Masindi Municipality,Kigulya Division,16850.658275604248,1.0417336977710385,10,1.0839636508769657,0.520790000466174,0.5494036485481139,482.158805847168,0.6588858583896577
hospital,Butambala,Butambala,Budde,15683.366813659668,1.551851778397508,4,1.696289413723008,0.8527276075958748,0.8828366958755832,472.21187591552757,0.9623322781627559
hospital,Koboko,Koboko,Lobule,45170.918395996094,1.7383388274177651,10,1.8333668741305564,0.8614116106615546,0.8718604082013384,471.981781005858,0.910283676544749
hospital,Apac,Apac Municipality,Akere Division,9959.79663848877,0.9178167704231655,9,0.9704228456190016,0.46297776377137373,0.5097995817099042,466.33578491210943,0.5884455746086084
hospital,Bundibugyo,Bughendera,Bukonzo,16517.891593933105,1.192246282426174,4,1.302473483874424,0.6675094748794479,0.6957148415164152,465.8931884765629,0.8095340951248936
hospital,Kisoro,Bufumbira,Bukimbiri,20767.871658325195,1.9160607466410096,11,2.073035598133495,0.9596525822933868,0.9820081204371026,464.27694702148375,1.0
hospital,Abim,Labwor,Awach,14381.603191375732,2.0787347630727306,8,2.3528920429753293,0.9357649833291234,0.9679687027002004,463.1411132812498,1.0
hospital,Kabarole,Burahya,Busoro,32664.159118652344,1.6131182092635092,10,1.6941731333844894,0.821216606774156,0.8352998889512747,460.0185699462871,0.847830466571939
hospital,Kyenjojo,Mwenge,Katooke,48629.04903411865,2.6514721624152187,10,2.8251158049587795,0.9905504654063642,1.0,459.52188110351796,1.0
hospital,Kyankwanzi,Kiboga,Mulagi,19110.42805480957,1.454032989237486,4,1.5310771418933784,0.6992176200416401,0.7227410683822502,449.5431671142578,0.8162327718786047
hospital,Butaleja,Bunyole,Butaleja Town Council,23924.380432128906,1.568510852425174,4,1.732645165368032,0.9813032178320216,1.0,447.3089294433599,1.0
hospital,Amolatar,Kioga,Akwon,10051.051177024841,1.8705634473468742,9,1.9914331476033924,0.929450635697546,0.9738602581539356,446.36338806152327,1.0
hospital,Mityana,Mityana Municipality,Busimbi Division,56181.38063764572,0.9283663245401933,4,0.9529261907755592,0.4178072764457365,0.4257098290943248,443.9763183593747,0.5248900317834063
hospital,Kyenjojo,Mwenge,Nyantungo,30697.775966644287,2.2211170319613442,10,2.326137748862968,0.9654897951957288,0.9798109532263091,439.62770080566327,0.9935675896008254
hospital,Adjumani,East Moyo,Ofua,17765.452434539795,1.84741649987022,8,1.9455291640346462,0.9239939236926615,0.9485257151705113,435.81837463378906,1.0
hospital,Kitgum,Chua,Labongo Layamo,14166.674690246582,1.6414731044737532,7,1.6854287459140322,0.7850935500254642,0.8154102902366251,429.4873962402344,0.8701273131872428
hospital,Koboko,Koboko Municipality,Western Division,14155.132751464844,0.36434325364473863,10,0.38238016325936625,0.03083300952952296,0.061037468486395574,427.5481262207032,0.061037468486395574
hospital,Nebbi,Nebbi Municipality,Central Division,15783.155014038086,0.3753735937733231,9,0.39370472448195365,0.03018811311169781,0.05670155474647525,418.4657592773437,0.1322912987587251
hospital,Butebo,Butebo,Kakoro,23025.554626464844,1.6312112221601789,4,1.8285942597640874,0.9626238294961673,0.9807246792369658,416.78210449218807,1.0
hospital,Kasese,Bukonjo,Kyarumba,50368.6003036499,2.4758070201137317,4,2.7297969222546974,0.9775994673073843,0.9857673293403969,411.4037780761671,1.0
hospital,Lira,Erute,Ngetta,40651.92562866211,1.7128629866999474,8,1.762576247418377,0.891718329184104,0.9017374601417175,407.2969665527315,0.9101491829072041
hospital,Kabarole,Fort Portal Municipality,Eastern Division,23169.091033935547,0.4324997103993061,10,0.43838245196884157,0.0320906042773506,0.049610308365091615,405.91561889648426,0.049610308365091615
hospital,Wakiso,Busiro,Kasanje,49754.65843176842,2.775192160927529,4,3.080501348301678,0.9911073412707482,0.9992544337494469,405.35580348968404,1.0
hospital,Kisoro,Bufumbira,Kanaba,19043.893173217773,1.4280515478216975,4,1.5204237364548299,0.8998133073801274,0.9209928497517496,403.340942382811,1.0
hospital,Zombo,Okoro,Athuma,30986.30125427246,1.9137511576519741,9,2.0047437780284354,0.9528634174048998,0.9653132647123479,385.7747192382808,0.9872205136578773
hospital,Kisoro,Bufumbira,Nyakinama,22416.995730400085,0.600854514207062,4,0.6316232627946446,0.06745217125792922,0.08449959559481196,382.1520385742188,0.2159205102738078
hospital,Busia,Samia-Bugwe,Masaba,29977.665771484375,1.8241608949854975,4,2.0034683848326025,0.9677755641795793,0.9803590533574235,377.2236328125021,1.0
hospital,Butaleja,Bunyole,Nawanjofu,27376.086669921875,2.265005563505692,4,2.5316563866410804,0.9567826333342165,0.9705043246133985,375.64620971679733,1.0
hospital,Buikwe,KCCA,Central Division,45238.28381347656,0.311722868281482,4,0.32465679284635307,0.0,0.008216065315664203,371.6806945800781,0.01729228946351222
hospital,Rakai,Kooki,Lwanda,35360.02001953125,1.9424291488370982,4,2.0680225221824684,0.9287588673882317,0.9391530286483534,367.53775024414,0.9669303606591577
hospital,Kitgum,Chua,Labongo Akwang,18983.764944076538,1.8049560063140537,7,1.8977729252503326,0.7508640523639271,0.7698598945109512,360.6126022338877,0.8123521128473763
hospital,Apac,Apac Municipality,Arocha Division,16884.932189941406,1.0679436830087117,9,1.132496996876743,0.5377506054026817,0.5590343664879043,359.3748626708967,0.6167221324295135
hospital,Bugiri,Bukooli,Nabukalu,47806.94073486328,2.376144250301831,4,2.5871883349238636,0.9857907925893094,0.993213383188548,354.8513488769562,1.0
hospital,Nebbi,Nebbi Municipality,Thatha Division,14590.145629882812,0.5878543182440654,9,0.5899998484357332,0.09642322034283879,0.12065977542148078,353.6148681640625,0.12065977542148078
hospital,Kapchorwa,Kapchorwa Municipality,Western Division,26038.649810791016,1.1570309526564362,5,1.2135132225410465,0.48860125409583044,0.502039909364797,349.92443847656267,0.5360734567457006
hospital,Butambala,Butambala,Gombe Town Council,18070.875495910645,0.5214425715220483,4,0.5537675370225021,0.06346031308818206,0.08278962222078987,349.29753875732416,0.17673687406095154
hospital,Bushenyi,Igara,Bumbaire,17186.173263549805,1.604450457890877,4,1.6586802569884778,0.980009087189384,1.0,343.5672912597648,1.0
hospital,Kumi,Kumi,Kumi,27284.303811073303,1.3972764049051878,5,1.4638313648739414,0.7676042815584266,0.7797268428684835,330.75564575195375,0.8133805724454376
hospital,Mukono,Nakifuma,Ntunda,20054.996166229248,2.328287420411016,4,2.5374310736749566,0.9404355528966734,0.9568884752631477,329.96329498291016,0.967237948933687
hospital,Kanungu,Kinkizi,Kanungu Town Council,18106.816986083984,1.8071440838757522,4,1.8551326658373046,0.9347384829904261,0.95289462154213,328.74987792968733,0.9675642225933961
hospital,Adjumani,East Moyo,Pacara,18316.24676132202,2.3253168901078975,8,2.49407945701369,0.816043962178356,0.8338781589083047,326.6555480957044,0.8689241080037787
hospital,Rukungiri,Bujumbura,Nyakagyeme,33828.81172180176,1.4749104277377063,4,1.5034338153758653,0.9071625808079761,0.9168007954046093,326.0493469238286,0.9316756612373999
hospital,Buliisa,Buliisa,Buliisa,25183.80124938488,2.7319762908687117,10,2.8686835489422373,0.9543998649151438,0.967326596500279,325.5442390441891,0.9782507269377944
hospital,Mitooma,Ruhinda,Katenga,20058.912231445312,1.6967282538291677,4,1.7701564205168496,0.9562256919861831,0.9717539401410064,311.4797668457018,1.0
hospital,Wakiso,Busiro,Kakiri,63663.190338134766,2.8619001011294403,4,3.01925467472356,0.995111827036343,1.0,311.1966857910171,1.0
hospital,Kiruhura,Nyabushozi,Nyakashashara,26475.787166133523,2.7098220674601263,4,2.8168160090775185,0.9589783260728685,0.970725825690913,311.0242996215825,0.984390425504577
hospital,Ntungamo,Ruhaama,Nyakyera,47693.0672416687,2.897141567814821,4,3.105418755118449,0.9706634192201216,0.9771385148063337,308.81716918944954,0.9916104270686789
hospital,Adjumani,East Moyo,Adropi,21138.781818389893,1.571913253088237,8,1.6300596848237554,0.5570228223180015,0.5714295488754007,304.54064941406426,0.6698197798027289
hospital,Mukono,Mukono,Mpatta,22599.047216415405,2.319573110315881,4,2.5647578699248537,0.9866920937277918,1.0,300.74600219726466,1.0
hospital,Abim,Labwor,Magamaga,7635.890959739685,2.560760635583251,8,2.9425803753170268,0.9143227926313647,0.9533024714397319,297.6445770263674,0.9910916524568195
hospital,Kayunga,Ntenjeru,Kayunga Town Council,33383.205726623535,0.3725192881828024,4,0.38859211403120786,0.006030517333837216,0.014909706144238628,296.41578674316406,0.03212976534155337
hospital,Arua,Terego,Bileafe,28758.697313308716,2.4695062589130963,10,2.664960912847248,0.9663528174151165,0.9765658793027573,293.7143554687516,1.0
hospital,Kalungu,Kalungu,Kalungu Town Council,9517.13949584961,1.5680213957946123,4,1.7261076128871264,0.9693899036819131,1.0,291.3205566406252,1.0
hospital,Mayuge,Bunya,Wairasa,21148.689002990723,1.7681954022841482,4,1.9903314844638391,0.9863955588485879,1.0,287.7160949707041,1.0
hospital,Bukedea,Bukedea,Malera,60906.32338142395,3.2344723122073162,4,3.5260592643485746,0.9817187169093564,0.986364673584107,282.9681396484415,1.0
hospital,Kasese,Kasese Municipality,Bulembia Division,15725.641403198242,1.6305847631012762,4,1.7977091338369344,0.6255952131992097,0.6435019220705316,281.594482421876,0.6536276305885965
hospital,Nebbi,Nebbi Municipality,Abindu Division,16662.509719848633,0.47698153961274137,9,0.4859339764522284,0.0,0.016475561308296537,274.5242004394531,0.08448338358767364
hospital,Kamuli,Buzaaya,Magogo,24051.414779663086,2.235374060743397,4,2.377746539234339,0.9886699516380478,1.0,272.503692626954,1.0
hospital,Sheema,Sheema,Kasaana,20397.850158691406,1.310920998231568,4,1.3598757514444468,0.676870106403898,0.6900849431713428,269.5542602539057,0.7481302519910203
hospital,Jinja,Kagoma,Buyengo,38883.04965209961,1.907532786262443,4,2.0630907872721767,0.9931530055505277,1.0,266.2320251464836,1.0
hospital,Abim,Labwor,Abim,19212.4908618927,1.9542692219225017,8,2.159326557513983,0.9497930129338068,0.963599406136741,265.25520324707077,0.9930433716009726
hospital,Bukwo,Kongasis,Kaptererwo,10934.399917602539,1.4439720625464625,7,1.591944665827413,0.9757714474855905,1.0,264.9246826171877,1.0
hospital,Masindi,Bujenje,Pakanyi,103210.16857147217,4.2877924365281,4,4.484964095417104,0.9974460238063265,1.0,263.59631347656665,1.0
hospital,Rubanda,Rubanda,Bubaare,40860.58520531654,1.12180081127586,4,1.1566371151538242,0.551306482577701,0.5576494038739064,259.1754760742174,0.5915265770085844
hospital,Kasese,Busongora,Lake Katwe,31462.2121219337,3.229797835628196,4,3.3949352967204147,0.9133360738970615,0.9215688496632823,259.02133750915516,0.950573465789261
hospital,Mukono,KCCA,Central Division,88197.59791564941,0.9714380895292587,4,0.9830010671774791,0.47050092349701267,0.4734259742749183,257.9824523925768,0.5242172214997065
hospital,Kapchorwa,Kapchorwa Municipality,Central Division,20021.40281677246,0.3443656648535555,5,0.3480759020290795,0.018040186951882177,0.030658567510214965,252.63768005371094,0.048074613116103844
hospital,Kanungu,Kinkizi,Butogota Town Council,11872.743148803711,1.830960294447003,10,1.937707987951778,0.9788880710836678,1.0,250.65650939941384,1.0
hospital,Agago,Agago,Wol,26221.263525009155,3.839121355710634,8,4.326469958592267,0.9410076781157679,0.9503389698961909,244.67826080322396,0.9650796197037836
hospital,Kasese,Busongora,Bugoye,44500.62691497803,3.0139573718808355,4,3.361497111099874,0.9947254877689566,1.0,234.71910095214895,1.0
hospital,Sheema,Sheema,Kitagata,7972.655426025391,1.3478791086890336,4,1.415743882827924,0.7025036783730375,0.7312597407215098,229.26217651367193,0.7895602007216339
hospital,Buikwe,Lugazi Municipality,Najjembe Division,42738.090854644775,1.4674840233097266,4,1.5625789791023652,0.8059344125944401,0.8112896991962729,228.87472534179295,0.8368861930991711
hospital,Rukungiri,Rukungiri Municipality,Southern Division,11630.917861938477,0.36284618370735006,4,0.37051802115057,0.015710821762725893,0.03314570339068916,202.78367614746097,0.07069089793475575
hospital,Kaabong,Dodoth,Kakamar,4570.5700051784515,1.324176333198065,8,1.4186670174254918,0.5855561952302621,0.629512472607547,200.90524291992205,0.8369499035473384
hospital,Arua,Vurra,Arivu,35747.125411987305,2.8262857351105475,10,2.9404033843999344,0.9809319516863827,0.9863861209020786,194.9708709716803,0.9863861209020786
hospital,Rakai,Kooki,Rakai Town Council,9308.507232666016,0.5326294083437239,4,0.562121159961204,0.07392907144656667,0.09473230980545236,193.6470947265625,0.1429764013261178
hospital,Mubende,Kasambya,Kibalinga,49252.64404296875,2.662483002329461,4,2.8339747239977595,0.9961252290895114,1.0,190.84271240234497,1.0
hospital,Kasese,Busongora,Kilembe,18937.030403137207,1.168007630379299,4,1.2770569538981766,0.3954466517027233,0.4053979188612346,188.44744873046932,0.44570233957008
hospital,Ntungamo,Ruhaama,Ntungamo,38400.347816467285,2.055762553215417,4,2.159646953654144,0.8601566102743733,0.8650292589626934,187.11140441894716,0.9541826933155844
hospital,Gomba,Gomba,Mpenja,37790.40612030029,2.196044960185513,4,2.3337742955345075,0.9833981907370172,0.9881757784992863,180.5469818115263,0.9958999860405384
hospital,Moroto,Matheniko,Katikekile,13040.986283302307,2.0137733101090567,4,2.1482939776958543,0.7333113599792352,0.7463662851231588,170.24909973144594,0.7781591194747967
hospital,Amuru,Kilak,Lamogi,58777.33320426941,3.1043590641303207,8,3.2968828185707566,0.9371809978692329,0.9400674616875261,169.6586456298849,0.9447906408470729
hospital,Bukedea,Bukedea,Bukedea Town Council,9931.665817260742,1.8928727155752316,4,1.9487018443875128,0.9592565991693627,0.9762497775498052,168.77056884765568,1.0
hospital,Butambala,Butambala,Bulo,22103.048225402832,2.065688217398318,4,2.2504876896542982,0.9924713631777423,1.0,166.4058227539051,1.0
hospital,Kiboga,Kiboga,Kapeke,20592.526410102844,2.3117000936983767,4,2.4121302758004397,0.7255642862077144,0.7336028927384771,165.53521728515642,0.7591139773994449
hospital,Nakaseke,Nakaseke,Nakaseke,23564.803298950195,2.3655990078281866,4,2.5358525436196193,0.9930953509990093,1.0,162.70669555663994,1.0
hospital,Luwero,Katikamu,Katikamu,56861.92760467529,2.8478304344689636,4,3.08221311314641,0.9949846657689283,0.9977581437998396,157.70530700683713,1.0
hospital,Mukono,Nakifuma,Kasawo,45536.13284301758,2.095791602532537,4,2.196929976465091,0.9917712961007559,0.9951782337070424,155.13876342773528,1.0
hospital,Mpigi,Mawokota,Buwama,63448.13804554939,2.346532261593852,4,2.544146333496032,0.9975553027540236,1.0,155.11148834228516,1.0
hospital,Apac,Maruzi,Apac,30979.599731445312,2.0985557043584224,9,2.2675639713161417,0.9950673548988918,1.0,152.81137084960807,1.0
hospital,Zombo,Okoro,Paidha,18377.282257080078,1.5040143192488036,9,1.607404113870028,0.8871318680631625,0.8954456498078084,152.78471374511773,0.9298863192422929
hospital,Buikwe,Buikwe,Ssi-Bukunja,31595.703545570374,2.5114678912441257,4,2.7344415825032224,0.9951694965910034,1.0,152.62315368652366,1.0
hospital,Kaabong,Dodoth,Sidok,10349.00753325224,2.6352441476674744,8,2.82561691206935,0.986041775947597,1.0,144.45376586914114,1.0
hospital,Moyo,Moyo,Metu,26458.993967056274,2.226182228837811,8,2.358172346054878,0.9668740766081648,0.9722906440418047,143.31692504882975,0.995235661605765
hospital,Nakaseke,Nakaseke,Wakyato,16533.338633060455,3.3716400614589506,4,3.660005847552438,0.9451707263547804,0.9528304797293036,126.6412963867193,0.9786244364008347
hospital,Napak,Bokora,Lopeei,15433.682595729828,4.293717705282349,4,4.517826083011945,0.9754445912389363,0.9834940015756723,124.23204421997029,0.9860626724260833
hospital,Ntungamo,Ntungamo Municipality,Eastern Division,9553.404769897461,1.7581054213394602,4,1.8306324391874862,0.9881456091588211,1.0,113.24979400634724,1.0
hospital,Mukono,Nakifuma,Seeta Namuganga,50675.617820739746,2.6571970119512938,4,2.947783479986197,0.9942193828006664,0.9963808180441927,109.5320663452163,1.0
hospital,Buliisa,Buliisa,Buliisa Town Council,10703.357995033264,0.42559202965252274,10,0.43840070866072733,0.0008052381769863839,0.010667286835220353,105.55703735351562,0.052631381646083046
hospital,Arua,Vurra,Ajia,31272.39058494568,2.431052768921974,10,2.583654009504523,0.8306891986674552,0.833692843678795,93.93115997314409,0.8529575388404197
hospital,Pallisa,Pallisa,Pallisa Town Council,44374.16330718994,0.40220640212709236,4,0.4338335026462451,0.04872289889382857,0.05083226569756861,93.60138702392587,0.07103327997887246
hospital,Napak,Bokora,Lokopo,27560.048692703247,5.88453667146264,4,6.44340563965042,0.9358569444529076,0.9386235597607112,76.24805259704661,0.9512265383340938
hospital,Agago,Agago,Kalongo Town Council,13793.999740600586,0.3707518966183611,8,0.4029722425135587,0.009911407241161914,0.015342002516678123,74.90962982177734,0.049004400665157995
hospital,Moroto,Matheniko,Rupa,18449.74299621582,4.952717715358429,4,5.281281294015997,0.811697210847289,0.8148815770553154,58.750738143921836,0.8184662569679042
hospital,Kaabong,Dodoth,Lodiko,7226.9960787296295,3.629114475158718,4,3.9168365042338578,0.7886886753897604,0.794400690155409,41.28070831298849,0.8362423863495578
hospital,Wakiso,Entebbe Municipality,Division B,46839.294496536255,0.5046496741457885,4,0.5141986719137254,0.02695705557009641,0.02765587050305882,32.73199844360346,0.027944892515694677
hospital,Alebtong,Moroto,Abako,35968.96807861328,5.920230704567517,8,6.431020349263554,1.0,1.0,0.0,1.0
hospital,Zombo,Okoro,Abanga,22856.434478759766,2.0136133562459113,9,2.0948874799349273,1.0,1.0,0.0,1.0
hospital,Amuria,Amuria,Abarilela,31706.83935546875,3.6787115624155575,8,4.032899590694726,1.0,1.0,0.0,1.0
hospital,Alebtong,Moroto,Abia,29683.14948272705,6.177412326080276,8,6.508885450713531,1.0,1.0,0.0,1.0
hospital,Oyam,Oyam,Abok,22460.97947692871,7.944719975556653,8,8.614147999802881,1.0,1.0,0.0,1.0
hospital,Kole,Kole,Aboke,60364.1686706543,5.6087520736206615,8,5.908545072711911,1.0,1.0,0.0,1.0
hospital,Kwania,Kwania,Abongomola,45635.46049499512,5.585205812759981,9,6.042653298543392,1.0,1.0,0.0,1.0
hospital,Koboko,Koboko,Abuku,20965.90087890625,2.13133169936962,10,2.288863902802284,1.0,1.0,0.0,1.0
hospital,Oyam,Oyam,Acaba,38795.55989074707,3.4836578413304067,8,3.8174580836004353,1.0,1.0,0.0,1.0
hospital,Pader,Aruu,Acholibur,18433.099254608154,4.276506414479519,8,4.615941427203038,1.0,1.0,0.0,1.0
hospital,Kapelebyong,Kapelebyong,Acowa,24726.019065856934,4.69396939427626,8,5.154363525745043,1.0,1.0,0.0,1.0
hospital,Dokolo,Dokolo,Adeknino,20447.17755174637,3.7957729162066802,9,4.11024827206884,1.0,1.0,0.0,1.0
hospital,Agago,Agago,Adilang,24852.907026290894,4.8522754132376145,8,5.44535512395036,1.0,1.0,0.0,1.0
hospital,Adjumani,East Moyo,Adjumani Town Council,37976.12615966797,0.2942946614797735,8,0.3088684753660773,0.0,0.0,0.0,0.0
hospital,Dokolo,Dokolo,Adok,18330.71028137207,5.647326141564371,9,5.899110053949533,1.0,1.0,0.0,1.0
hospital,Kwania,Kwania,Aduku,38220.85316467285,4.330561053049442,9,4.7204217812178255,1.0,1.0,0.0,1.0
hospital,Kwania,Kwania,Aduku Town Council,10699.09912109375,4.364831964441989,9,4.769881924566344,1.0,1.0,0.0,1.0
hospital,Arua,Ayivu,Adumi,37683.91668701172,2.006075590811372,10,2.137717830963143,0.9579484336044201,0.9579484336044201,0.0,0.9770253309950206
hospital,Otuke,Otuke,Adwari,15508.00020980835,9.71166148893901,8,10.628395815301557,1.0,1.0,0.0,1.0
hospital,Lira,Lira Municipality,Adyel Division,37581.715393066406,0.320939595975474,8,0.3251080419113026,0.0,0.0,0.0,0.0
hospital,Agago,Agago,Agago Town Council,7267.604740142822,4.588254707502131,8,5.0684094589767,1.0,1.0,0.0,1.0
hospital,Lira,Erute,Agali,32466.873977661133,4.324031897847599,8,4.65930707082004,1.0,1.0,0.0,1.0
hospital,Amolatar,Kioga,Agikdak,14748.52006149292,2.938272065085079,9,3.0901086932535478,1.0,1.0,0.0,1.0
hospital,Lamwo,Lamwo,Agoro,21054.657979011536,11.661763126308623,7,12.32004207383826,1.0,1.0,0.0,1.0
hospital,Pallisa,Pallisa,Agule,25433.477346420288,2.6514231890445625,4,2.9818952747993186,1.0,1.0,0.0,1.0
hospital,Dokolo,Dokolo,Agwata,31520.12378835678,6.5310845138315194,9,6.69321692633599,1.0,1.0,0.0,1.0
hospital,Lira,Erute,Agweng,36140.35739898682,6.033111301642191,8,6.472668076738126,1.0,1.0,0.0,1.0
hospital,Amolatar,Kioga,Agwingiri,19928.622271835804,5.595429989532516,9,5.882828330655971,1.0,1.0,0.0,1.0
hospital,Arua,Terego,Aii-Vu,49674.47607421875,2.5917492994303264,10,2.747088773892867,1.0,1.0,0.0,1.0
hospital,Zombo,Okoro,Akaa,18867.014373779297,3.194508017443536,9,3.3795041862165567,1.0,1.0,0.0,1.0
hospital,Kole,Kole,Akalo,45354.36729431152,2.7906580614078904,9,2.9452792179473772,1.0,1.0,0.0,1.0
hospital,Amuria,Amuria,Akeriau,18759.887908935547,5.267753488050766,8,5.628811206772825,1.0,1.0,0.0,1.0
hospital,Pallisa,Pallisa,Akisim,19203.312774658203,2.5727767563744623,4,2.887762933683498,1.0,1.0,0.0,1.0
hospital,Apac,Maruzi,Akokoro,55590.158178567886,5.682302707794859,9,6.059055520431858,1.0,1.0,0.0,1.0
hospital,Kapelebyong,Kapelebyong,Akoromit,24561.33763885498,5.568761772350471,8,6.103763679113436,1.0,1.0,0.0,1.0
hospital,Alebtong,Moroto,Akura,26464.011474609375,5.816315511553569,8,6.1049922240837615,1.0,1.0,0.0,1.0
hospital,Nebbi,Padyere,Akworo,32410.002433776855,3.4186478040290518,10,3.5513501606455535,1.0,1.0,0.0,1.0
hospital,Zombo,Okoro,Alangi,21776.35888671875,4.218082805132398,9,4.525786009535795,1.0,1.0,0.0,1.0
hospital,Otuke,Otuke,Alango,17766.757232666016,8.939318196580086,8,9.416937302926396,1.0,1.0,0.0,1.0
hospital,Alebtong,Moroto,Alebtong Town Council,7900.213088989258,7.49783479620655,8,8.208055657875303,1.0,1.0,0.0,1.0
hospital,Oyam,Oyam,Aleka,39157.14067077637,7.641529090373204,8,8.245123577171821,1.0,1.0,0.0,1.0
hospital,Abim,Labwor,Alerek,21179.802277565002,5.434293201189816,8,6.036581140375003,1.0,1.0,0.0,1.0
hospital,Nwoya,Nwoya,Alero,30867.839805603027,3.042172163054168,8,3.305896165586608,1.0,1.0,0.0,1.0
hospital,Obongi,Obongi,Aliba,14717.55084657669,7.562466269672459,8,7.928804051313735,1.0,1.0,0.0,1.0
hospital,Kole,Kole,Alito,50740.31480407715,4.815123732844279,8,5.139357788787977,1.0,1.0,0.0,1.0
hospital,Alebtong,Moroto,Aloi,39521.70399475098,6.981562390070616,8,7.458848948550695,1.0,1.0,0.0,1.0
hospital,Pakwach,Jonam,Alwi,25335.8815574646,4.672028608872241,10,4.826475796323879,1.0,1.0,0.0,1.0
hospital,Lira,Erute,Amach,43520.17680358887,4.188953956104653,8,4.385214798212828,1.0,1.0,0.0,1.0
hospital,Amolatar,Kioga,Amolatar Town Council,14022.976127624512,4.255622723985394,9,4.417489144879207,1.0,1.0,0.0,1.0
hospital,Amudat,Pokot,Amudat Town Council,14082.183490753174,0.29036159971868997,4,0.31026915462956167,0.0,0.0,0.0,0.004241709571562041
hospital,Alebtong,Moroto,Amugu,36482.41722869873,6.374378118359662,8,6.778833648908721,1.0,1.0,0.0,1.0
hospital,Kapchorwa,Tingey,Amukol,4137.244567871094,2.6593218831314385,5,2.702847517910494,1.0,1.0,0.0,1.0
hospital,Amuria,Amuria,Amuria Town Council,9918.72241973877,6.858700266918017,5,7.493580801746813,1.0,1.0,0.0,1.0
hospital,Amuru,Kilak,Amuru,54307.534145355225,8.02472730379538,8,8.710093501230505,1.0,1.0,0.0,1.0
hospital,Amuru,Kilak,Amuru Town Council,12273.956554412842,5.741889631500674,8,6.168968059096524,1.0,1.0,0.0,1.0
hospital,Dokolo,Dokolo,Amwoma,18277.95164489746,4.539820813272017,9,4.707275913723435,1.0,1.0,0.0,1.0
hospital,Pader,Aruu,Angagura,11172.200420379639,8.613771725594352,8,9.227362373402912,1.0,1.0,0.0,1.0
hospital,Kalaki,Kalaki,Anyara,30921.15825653076,3.2337804660421625,8,3.425036240324941,1.0,1.0,0.0,1.0
hospital,Madi Okollo,Madi Okollo,Anyiribu,10658.476976394653,2.4658804737938884,8,2.556749009206607,1.0,1.0,0.0,1.0
hospital,Alebtong,Moroto,Apala,25356.029319763184,4.035636558976014,8,4.2452240797159195,1.0,1.0,0.0,1.0
hospital,Kalaki,Kalaki,Apapai,14753.463348388672,3.026129661677696,8,3.3309690477154574,1.0,1.0,0.0,1.0
hospital,Amuria,Amuria,Apeduru,18893.626403808594,6.915020870105718,8,7.44413430680662,1.0,1.0,0.0,1.0
hospital,Kaberamaido,Kaberamaido,Aperkira,19518.89401626587,2.845277168514611,8,3.162324448490292,1.0,1.0,0.0,1.0
hospital,Adjumani,East Moyo,Arinyapi,13700.746225357056,6.097086203782175,8,6.43306630878931,1.0,1.0,0.0,1.0
hospital,Yumbe,Aringa,Ariwa,35778.14942932129,5.973870607028503,10,6.27540443692373,1.0,1.0,0.0,1.0
hospital,Arua,Ayivu,Aroi,30734.82992553711,1.8855320505984208,10,1.9640162521393647,1.0,1.0,0.0,1.0
hospital,Lira,Erute,Aromo,42760.71463012695,7.447817130494483,8,8.065055761067592,1.0,1.0,0.0,1.0
hospital,Arua,Arua Municipality,Arua Hill Division,32299.47021484375,0.2341798350257701,10,0.2396284963090844,0.0,0.0,0.0,0.0
hospital,Agago,Agago,Arum,14626.97401046753,9.756111849479154,8,10.74000574365357,1.0,1.0,0.0,1.0
hospital,Amolatar,Kioga,Arwotcek,22767.457080841064,2.6618570579233616,9,2.8655763310854803,1.0,1.0,0.0,1.0
hospital,Amuria,Amuria,Asamuk,28404.786224365234,5.415097099884317,5,5.794581800611499,1.0,1.0,0.0,1.0
hospital,Soroti,Soroti,Asuret,53290.70416069031,2.5990835735685813,5,2.76468849541008,1.0,1.0,0.0,1.0
hospital,Pader,Aruu,Atanga,21361.135778427124,8.938272865658927,8,9.529739095619219,1.0,1.0,0.0,1.0
hospital,Serere,Serere,Atiira,27274.87402820587,4.317579112558149,5,4.555327234048838,1.0,1.0,0.0,1.0
hospital,Amuru,Kilak,Attiak,49720.06378173828,8.439772736410948,8,9.119230715204312,1.0,1.0,0.0,1.0
hospital,Zombo,Okoro,Atyak,29378.601036071777,2.958900182086416,8,3.198070974520843,1.0,1.0,0.0,1.0
hospital,Gulu,Aswa,Awach,25452.08308696747,5.357677152326871,8,5.916572786955479,1.0,1.0,0.0,1.0
hospital,Alebtong,Moroto,Awei,32663.477615356445,7.014802902343847,8,7.565158951366698,1.0,1.0,0.0,1.0
hospital,Amolatar,Kioga,Awelo,15828.476346731186,4.183450901405953,9,4.409877695954391,1.0,1.0,0.0,1.0
hospital,Pader,Aruu,Awere,23233.961400985718,10.47435998111002,8,11.353721394074233,1.0,1.0,0.0,1.0
hospital,Kole,Kole,Ayer,46633.66556549072,4.171224463755444,8,4.420951841556187,1.0,1.0,0.0,1.0
hospital,Arua,Ayivu,Ayivuni,29185.56478881836,2.5265597347397293,10,2.682417871894316,1.0,1.0,0.0,1.0
hospital,Mubende,Kasambya,Bagezza,8784.611083984375,2.9917887040345748,4,3.1676411764497194,1.0,1.0,0.0,1.0
hospital,Kole,Kole,Bala,58517.22457885742,4.074086986011052,8,4.378370852312335,1.0,1.0,0.0,1.0
hospital,Kamuli,Bugabula,Balawoli,26009.485107421875,2.4053967439971253,4,2.5749421616767068,1.0,1.0,0.0,1.0
hospital,Luwero,Bamunanika,Bamunanika,37641.34233093262,4.718531132960133,4,5.067467292031396,1.0,1.0,0.0,1.0
hospital,Kyankwanzi,Kiboga,Bananywa,44911.49388885498,5.598761125871021,10,5.8505228660376964,1.0,1.0,0.0,1.0
hospital,Kyankwanzi,Kiboga,Banda,2044.7940607070923,4.300868832220809,4,4.57040787761944,1.0,1.0,0.0,1.0
hospital,Namayingo,Bukooli,Banda,60523.861271858215,5.709499929941232,4,6.201204216919906,1.0,1.0,0.0,1.0
hospital,Gulu,Gulu Municipality,Bar Dege Division,42489.71026611328,0.2696735595756591,8,0.27807381395302005,0.01814866961995235,0.01814866961995235,0.0,0.038728732710336396
hospital,Lira,Erute,Barr,57390.407958984375,3.6164279461218323,8,3.829028199215871,1.0,1.0,0.0,1.0
hospital,Dokolo,Dokolo,Batta,23974.05055999756,5.289122071092999,8,5.6569016753219445,1.0,1.0,0.0,1.0
hospital,Kayunga,Bbaale,Bbaale,22932.848419189453,6.858260179750983,4,7.440897208068381,1.0,1.0,0.0,1.0
hospital,Mityana,Busujju,Bbanda,16744.644743442535,4.99697863141057,4,5.413618995464155,1.0,1.0,0.0,1.0
hospital,Kween,Kween,Benet,9998.985954284668,3.423913292025353,5,3.807535316274162,1.0,1.0,0.0,1.0
hospital,Bukomansimbi,Bukomansimbi,Bigasa,46626.56024932861,4.954265430842225,4,5.439000105207714,1.0,1.0,0.0,1.0
hospital,Kamwenge,Kibale,Biguli,47470.04818725586,7.890818006529197,4,8.26417915903122,1.0,1.0,0.0,1.0
hospital,Buhweju,Buhweju,Bihanga,19397.72519683838,4.846304809044925,4,5.169719854887594,1.0,1.0,0.0,1.0
hospital,Kamwenge,Kibale,Bihanga,21327.57061767578,8.313320912978693,4,8.757992206822859,1.0,1.0,0.0,1.0
hospital,Mbarara,Kashari,Biharwe Division,27155.080291748047,2.3867829212317724,4,2.4464657826400615,1.0,1.0,0.0,1.0
hospital,Buliisa,Buliisa,Biiso,24795.310257911682,6.789750267000838,4,7.247340783275201,1.0,1.0,0.0,1.0
hospital,Kween,Kween,Binyiny,6452.3073654174805,2.111627183982375,5,2.188072537388851,1.0,1.0,0.0,1.0
hospital,Kween,Kween,Binyiny Town Council,4534.4779052734375,2.0539753306315998,5,2.0611240001750835,1.0,1.0,0.0,1.0
hospital,Kakumiro,Bugangaizi,Birembo,40456.4807434082,8.075621222520693,4,8.68530697891882,1.0,1.0,0.0,1.0
hospital,Mitooma,Ruhinda,Bitereko,32733.822509765625,3.2024251650302844,4,3.3425189870358434,1.0,1.0,0.0,1.0
hospital,Buhweju,Buhweju,Bitsya,19918.768783569336,3.7405579275212184,4,4.025565169379929,1.0,1.0,0.0,1.0
hospital,Omoro,Omoro,Bobi,40359.92247390747,5.4663199800204,8,5.710268716648327,1.0,1.0,0.0,1.0
hospital,Luwero,Katikamu,Bombo Town Council,31932.478393554688,3.619718863706901,4,3.7885461738802264,1.0,1.0,0.0,1.0
hospital,Mbarara,Kashari,Bubaare,28215.943565368652,2.9398125315024406,4,3.0288655282172448,1.0,1.0,0.0,1.0
hospital,Bundibugyo,Bwamba,Bubandi,10372.780639648438,2.2328183432915254,4,2.3509483476821003,1.0,1.0,0.0,1.0
hospital,Kibaale,Buyanja,Bubango,23717.98134613037,6.876390986629075,4,7.454629249344287,1.0,1.0,0.0,1.0
hospital,Kalangala,Kyamuswa,Bubeke,6712.846569061279,,1,,1.0,1.0,0.0,1.0
hospital,Bududa,Manjiya,Bubiita,8613.599517822266,2.065328657343337,5,2.2655911748810755,0.9129249649431003,0.9129249649431003,0.0,1.0
hospital,Namisindwa,Bubulo,Bubutu,27820.259185791016,3.783880801358436,4,4.177723162677906,1.0,1.0,0.0,1.0
hospital,Mbale,Bungokho,Bubyangu,28108.553802490234,1.9405331725632888,5,2.1723408545709355,1.0,1.0,0.0,1.0
hospital,Sironko,Budadiri,Budadiri Town Council,16920.853515625,3.6379549046334083,5,3.93219640930796,1.0,1.0,0.0,1.0
hospital,Budaka,Budaka,Budaka,14736.063690185547,1.7306715003079458,4,1.9281151146298345,1.0,1.0,0.0,1.0
hospital,Budaka,Budaka,Budaka Town Council,34977.728759765625,2.6472579459371777,4,2.9104448152580766,1.0,1.0,0.0,1.0
hospital,Bugiri,Bukooli,Budhaya,36054.31817626953,4.925511161843147,4,5.218455803136355,1.0,1.0,0.0,1.0
hospital,Kaliro,Bulamogi,Budomero,30031.238052368164,6.867559258682441,4,7.677204281037903,1.0,1.0,0.0,1.0
hospital,Masindi,Bujenje,Budongo,37579.754888534546,4.481096872035138,4,4.653069688504133,1.0,1.0,0.0,1.0
hospital,Bududa,Manjiya,Bududa Town Council,6840.655029296875,0.15229644820690383,5,0.15972612856817248,0.0,0.0,0.0,0.0
hospital,Butaleja,Bunyole,Budumba,29356.425567626953,2.6690494186874725,4,2.8481845066256453,1.0,1.0,0.0,1.0
hospital,Mbale,Bungokho,Budwale,9876.285583496094,1.9439441509958446,5,2.008804281914341,1.0,1.0,0.0,1.0
hospital,Mbale,Bungokho,Bufumbo,20954.404907226562,1.9036986370540407,4,2.0601854503608585,1.0,1.0,0.0,1.0
hospital,Kalangala,Kyamuswa,Bufumira,13682.31707572937,,1,,1.0,1.0,0.0,1.0
hospital,Rubanda,Rubanda,Bufundi,28016.45799922943,2.9309629761094262,4,3.1604637611497624,1.0,1.0,0.0,1.0
hospital,Kyenjojo,Mwenge,Bufunjo,30002.88999938965,4.472557325498084,4,4.7669029553329585,1.0,1.0,0.0,1.0
hospital,Kyenjojo,Mwenge,Bugaaki,41719.91068267822,3.5611680343771153,10,3.715160184032536,1.0,1.0,0.0,1.0
hospital,Rwampara,Rwampara,Bugamba,43849.58260345459,4.127029638772241,4,4.337862481259435,1.0,1.0,0.0,1.0
hospital,Kikuube,Buhaguzi,Bugambe,42435.24133682251,3.1079381260843584,10,3.231220749550359,1.0,1.0,0.0,1.0
hospital,Rukungiri,Bujumbura,Bugangari,35417.464668273926,2.795987896088057,4,2.8502205087134813,1.0,1.0,0.0,1.0
hospital,Bundibugyo,Bwamba,Buganikire Town Councili,3147.8161010742188,1.2912653636812796,4,1.3498235853506866,1.0,1.0,0.0,1.0
hospital,Buvuma,Buvuma Island,Bugaya,7657.361080408096,,1,,1.0,1.0,0.0,1.0
hospital,Buyende,Budiope,Bugaya,116536.97692871094,4.479357807428974,4,4.820148447855147,1.0,1.0,0.0,1.0
hospital,Jinja,Butembe,Bugembe Town Council,44847.125,0.4404117996024086,4,0.4484961356424314,0.0,0.0,0.0,0.0
hospital,Bulambuli,Bulambuli,Buginyanya,7314.27685546875,3.7131608091200876,5,3.8864954287318665,1.0,1.0,0.0,1.0
hospital,Sironko,Budadiri,Bugitimwa,10169.611755371094,3.9153313382289294,10,4.373795990886663,1.0,1.0,0.0,1.0
hospital,Manafwa,Bubulo,Bugobero,17963.63720703125,3.5823661941012546,4,3.8208801959403798,1.0,1.0,0.0,1.0
hospital,Serere,Kasilo,Bugondo,48210.363639354706,7.323059795425361,5,7.987158580348581,1.0,1.0,0.0,1.0
hospital,Sheema,Sheema,Bugongi Town Council,14134.360160827637,2.527660006037694,4,2.688021727246213,1.0,1.0,0.0,1.0
hospital,Kamuli,Buzaaya,Bugulumbya,46489.1423034668,3.337733170543785,4,3.5595834449253885,1.0,1.0,0.0,1.0
hospital,Bugweri,Bugweri,Bugweri Town Council,21837.946685791016,3.019494100063405,4,3.0774585422829897,1.0,1.0,0.0,1.0
hospital,Kitagwenda,Kitagwenda,Buhanda,33388.83949279785,4.781285071697766,4,4.936574470720476,1.0,1.0,0.0,1.0
hospital,Hoima,Bugahya,Buhanika,20558.44383621216,3.440942644507845,10,3.5385046692113686,1.0,1.0,0.0,1.0
hospital,Kabale,Ndorwa,Buhara,28787.006088256836,2.9945053553482595,4,3.075647087358308,1.0,1.0,0.0,1.0
hospital,Bunyangabu,Bunyangabu,Buheesi,10618.002227783203,1.6136832770062852,10,1.7131819225731508,1.0,1.0,0.0,1.0
hospital,Bunyangabu,Bunyangabu,Buheesi Town Council,22103.97119140625,2.4761025482228356,4,2.6041824523620103,1.0,1.0,0.0,1.0
hospital,Namayingo,Bukooli,Buhemba,40631.964363098145,6.472605132631595,4,7.140206915794012,1.0,1.0,0.0,1.0
hospital,Kikuube,Buhaguzi,Buhimba,40923.60939025879,3.375912648743018,10,3.503378221506086,1.0,1.0,0.0,1.0
hospital,Kikuube,Buhaguzi,Buhimba Town Council,13374.050064086914,2.2405381977479606,10,2.270002465112125,1.0,1.0,0.0,1.0
hospital,Sironko,Budadiri,Buhugu,15424.041717529297,3.873225994189781,5,4.174280367345576,1.0,1.0,0.0,1.0
hospital,Kasese,Busongora,Buhuhira,24367.196319580078,5.18512186009436,10,5.5486426323693685,1.0,1.0,0.0,1.0
hospital,Rukungiri,Bujumbura,Buhunga,26681.253219604492,1.9681667539120613,4,2.040126837489569,0.9768825986569302,0.9768825986569302,0.0,1.0
hospital,Kalangala,Bujumba,Bujumba,15645.810626000166,,1,,1.0,1.0,0.0,1.0
hospital,Mayuge,Bunya,Bukabooli,66393.40028572083,5.743634914801921,4,6.285699548621008,1.0,1.0,0.0,1.0
hospital,Masaka,Bukoto,Bukakata,21140.832230180502,4.122543932517482,4,4.561154105612478,1.0,1.0,0.0,1.0
hospital,Bududa,Manjiya,Bukalasi,18386.23944091797,2.6127765604293165,10,2.855054781727745,1.0,1.0,0.0,1.0
hospital,Kaliro,Bulamogi,Bukamba,36372.17957115173,7.266590149361383,4,8.228947286643487,1.0,1.0,0.0,1.0
hospital,Namayingo,Bukooli,Bukana,13245.957217216492,7.0751143537582974,4,7.866775949666739,1.0,1.0,0.0,1.0
hospital,Luuka,Luuka,Bukanga,50115.00735473633,3.267807958380613,4,3.468719447504402,1.0,1.0,0.0,1.0
hospital,Mbale,Bungokho,Bukasakya,29584.464965820312,1.159596341077009,4,1.179297384180139,0.7337217202151726,0.7337217202151726,0.0,0.8053398873409897
hospital,Bukedea,Bukedea,Bukedea,41781.29776763916,2.7139418678013394,4,2.9429286521253752,1.0,1.0,0.0,1.0
hospital,Namisindwa,Bubulo,Bukhabusi,12489.441284179688,1.5335837749984005,5,1.6010811992016072,1.0,1.0,0.0,1.0
hospital,Bulambuli,Bulambuli,Bukhalu,35853.627853393555,4.742445926058727,5,4.884974325320265,1.0,1.0,0.0,1.0
hospital,Namisindwa,Bubulo,Bukhaweka,11005.821411132812,2.077758766426507,5,2.1820641799480667,1.0,1.0,0.0,1.0
hospital,Manafwa,Bubulo,Bukhofu,8945.236083984375,3.6627251799179965,4,3.8771441237784727,1.0,1.0,0.0,1.0
hospital,Sironko,Budadiri,Bukhulo,21715.346710205078,2.8772172763678805,4,2.9839307492840743,1.0,1.0,0.0,1.0
hospital,Namisindwa,Bubulo,Bukiabi,10061.109130859375,4.600711157033786,5,4.839796185761019,1.0,1.0,0.0,1.0
hospital,Bududa,Manjiya,Bukibokolo,16033.520263671875,1.2650506338810918,5,1.3213458433020273,1.0,1.0,0.0,1.0
hospital,Mbale,Bungokho,Bukiende,30119.201171875,2.587403217049146,4,2.651253352409458,1.0,1.0,0.0,1.0
hospital,Bududa,Manjiya,Bukigai,24537.0009765625,0.569719238791706,5,0.6321201515114616,0.0,0.0,0.0,0.12039197896639597
hospital,Sironko,Budadiri,Bukiise,26014.812408447266,4.236049256314531,5,4.458530007185676,1.0,1.0,0.0,1.0
hospital,Rukiga,Rukiga,Bukinda,6713.665061950684,1.9883204071806182,4,2.0968371560617536,1.0,1.0,0.0,1.0
hospital,Mbarara,Kashari,Bukiro,18910.51954650879,5.195134454696929,4,5.4825079992150565,1.0,1.0,0.0,1.0
hospital,Sironko,Budadiri,Bukiyi,19443.296966552734,2.2951273245792585,4,2.3952459042443977,1.0,1.0,0.0,1.0
hospital,Namisindwa,Bubulo,Bukokho,23292.731170654297,3.914342776901087,5,4.2593442687515966,1.0,1.0,0.0,1.0
hospital,Bukomansimbi,Bukomansimbi,Bukomansimbi Town Council,11182.332061767578,3.1695350340718385,4,3.475168744435036,1.0,1.0,0.0,1.0
hospital,Kiboga,Kiboga,Bukomero,19191.39510345459,6.045910217704327,4,6.324551225664195,1.0,1.0,0.0,1.0
hospital,Kiboga,Kiboga,Bukomero Town Council,17446.532585144043,6.116197156874014,4,6.467505913958705,1.0,1.0,0.0,1.0
hospital,Mbale,Bungokho,Bukonde,26387.530334472656,1.4191719189177399,4,1.5194397167893088,1.0,1.0,0.0,1.0
hospital,Luuka,Luuka,Bukooma,48007.011642456055,5.224641936882648,4,5.5367498029290365,1.0,1.0,0.0,1.0
hospital,Kalungu,Kalungu,Bukulula,51361.6648375988,3.0013582779376797,4,3.3243078440540117,1.0,1.0,0.0,1.0
hospital,Rukungiri,Bujumbura,Bukurungu Town Council,3805.3712463378906,4.398815478325634,4,4.417336385533241,1.0,1.0,0.0,1.0
hospital,Manafwa,Bubulo,Bukusu,14487.045501708984,3.055146305128264,5,3.224701377801555,1.0,1.0,0.0,1.0
hospital,Kabarole,Burahya,Bukuuku,15173.896514892578,1.4703626608832265,4,1.5285048329200577,0.812149647180784,0.812149647180784,0.0,0.8784031175557777
hospital,Kassanda,Kassanda,Bukuya,44594.48984527588,5.66138515637577,4,6.0018133755697844,1.0,1.0,0.0,1.0
hospital,Bukwo,Kongasis,Bukwo Town Council,10368.189880371094,0.25984448925432085,5,0.2774754595395149,0.0,0.0,0.0,0.0
hospital,Sironko,Budadiri,Bukyabo,8902.933349609375,4.286105669341028,5,4.6855258749598026,1.0,1.0,0.0,1.0
hospital,Sironko,Budadiri,Bukyambi,6676.4561767578125,3.1974412888445336,5,3.494653368590361,1.0,1.0,0.0,1.0
hospital,Bulambuli,Bulambuli,Bulaago,13115.968765258789,4.554709772058582,5,5.189758301400222,1.0,1.0,0.0,1.0
hospital,Bulambuli,Bulambuli,Bulambuli Town Council,8113.130859375,4.230746274656662,5,4.2766698583927,1.0,1.0,0.0,1.0
hospital,Namutumba,Busiki,Bulange,60228.856536865234,3.7616737947647834,4,4.118034077403153,1.0,1.0,0.0,1.0
hospital,Kibuku,Kibuku,Bulangira,18457.216827392578,2.406559492201144,4,2.6417644031691077,1.0,1.0,0.0,1.0
hospital,Bulambuli,Bulambuli,Bulegeni,7814.6966552734375,3.8151582154724992,5,3.830266143261498,1.0,1.0,0.0,1.0
hospital,Bulambuli,Bulambuli,Bulegeni Town Council,15142.845947265625,3.547771271063219,5,3.638945039184486,1.0,1.0,0.0,1.0
hospital,Bugiri,Bukooli,Bulesa,52484.27752685547,3.2985721020193104,4,3.419751452186608,1.0,1.0,0.0,1.0
hospital,Bugiri,Bukooli,Bulidha,36349.74098157883,4.338628004845225,4,4.78065492299815,1.0,1.0,0.0,1.0
hospital,Luuka,Luuka,Bulongo,36263.12615966797,4.521041178017218,4,4.7961117859010995,1.0,1.0,0.0,1.0
hospital,Kamuli,Bugabula,Bulopa,33833.56330871582,3.7299697218434713,4,4.050168430079749,1.0,1.0,0.0,1.0
hospital,Bududa,Manjiya,Bulucheke,21941.891967773438,1.467213531699489,5,1.6040719225791797,0.8729588720438409,0.8729588720438409,0.0,1.0
hospital,Bulambuli,Bulambuli,Buluganya,13265.858978271484,4.6231554732025195,5,5.03335775193484,1.0,1.0,0.0,1.0
hospital,Bugiri,Bukooli,Buluguyi,42180.99956893921,3.5927708891724808,4,3.9977685394155853,1.0,1.0,0.0,1.0
hospital,Kalaki,Kalaki,Bululu,29753.562110602856,3.663971073630824,5,4.097590279407988,1.0,1.0,0.0,1.0
hospital,Busia,Samia-Bugwe,Bulumbi,17553.279708862305,2.2113690245445325,4,2.3945527922409626,1.0,1.0,0.0,1.0
hospital,Sironko,Budadiri,Bumalimba,15983.755004882812,4.371787272051712,5,4.702734786938883,1.0,1.0,0.0,1.0
hospital,Kaliro,Bulamogi,Bumanya,35383.59526062012,5.999789026715351,4,6.811566730840844,1.0,1.0,0.0,1.0
hospital,Sironko,Budadiri,Bumasifwa,12736.778442382812,3.9603454281971837,5,4.348621131613531,1.0,1.0,0.0,1.0
hospital,Mbale,Bungokho,Bumasikye,15536.211486816406,3.6745921371576467,4,3.8753927785246844,1.0,1.0,0.0,1.0
hospital,Bulambuli,Bulambuli,Bumasobo,11507.144729614258,4.599950903175136,5,5.200220460578289,1.0,1.0,0.0,1.0
hospital,Bududa,Manjiya,Bumayoka,25578.428268432617,2.2311550716765978,10,2.3825177909872397,1.0,1.0,0.0,1.0
hospital,Namisindwa,Bubulo,Bumbo,20659.120239257812,3.471622165520622,5,3.693716183561538,1.0,1.0,0.0,1.0
hospital,Mbale,Bungokho,Bumbobi,21867.29327392578,2.3195951806511994,4,2.3719580227179633,1.0,1.0,0.0,1.0
hospital,Bulambuli,Bulambuli,Bumugibole,12157.583770751953,3.8748118845720256,5,4.248677852625102,1.0,1.0,0.0,1.0
hospital,Namisindwa,Bubulo,Bumwoni,23127.866638183594,4.331865650832233,5,4.599462721744547,1.0,1.0,0.0,1.0
hospital,Manafwa,Bubulo,Bunabwana,13184.102081298828,2.8903593762066127,4,3.195187743943839,1.0,1.0,0.0,1.0
hospital,Bulambuli,Bulambuli,Bunambutye,12294.55734539032,2.7387302969287406,5,3.0896263633829313,1.0,1.0,0.0,1.0
hospital,Wakiso,Makindye Ssabagabo Municipality,Bunamwaya Division,102071.23291015625,1.3986972693246735,4,1.3998128669816434,1.0,1.0,0.0,1.0
hospital,Bundibugyo,Bwamba,Bundibugyo Town Council,22981.283325195312,0.2578578786117674,4,0.26662975248391146,0.0,0.0,0.0,0.0
hospital,Bundibugyo,Bwamba,Bundingoma,4408.181701660156,2.3089971883798777,4,2.4347759571872434,1.0,1.0,0.0,1.0
hospital,Mbale,Bungokho,Bungokho,39345.933197021484,1.798693315412125,4,1.8484216399546605,1.0,1.0,0.0,1.0
hospital,Mbale,Bungokho,Bungokho Mutoto,34794.840576171875,1.253262511990743,4,1.264893673105124,0.8881267102595742,0.8881267102595742,0.0,0.8881267102595742
hospital,Sironko,Budadiri,Bunyafa,13820.596008300781,2.524796129433758,5,2.7246116205476607,1.0,1.0,0.0,1.0
hospital,Manafwa,Bubulo,Bunyinza Town Council,1576.8723754882812,2.5057645535828468,4,2.8352062310520245,1.0,1.0,0.0,1.0
hospital,Namisindwa,Bubulo,Bupoto,12157.500045776367,3.0102114505268553,5,3.3173272623739325,1.0,1.0,0.0,1.0
hospital,Kazo,Kazo,Buremba,28332.59897994995,7.618758746151891,4,8.012192074343048,1.0,1.0,0.0,1.0
hospital,Buhweju,Buhweju,Burere,23464.772689819336,4.384544930136244,10,4.710297342715121,1.0,1.0,0.0,1.0
hospital,Bundibugyo,Bughendera,Burondo,3335.4355087280273,4.572563645792508,4,4.774876693257469,1.0,1.0,0.0,1.0
hospital,Kagadi,Buyaga,Burora,19591.225051879883,3.9004110683374766,4,4.14479852133168,1.0,1.0,0.0,1.0
hospital,Kazo,Kazo,Burunga,32402.376712799072,8.427486669917423,4,8.981551018337187,1.0,1.0,0.0,1.0
hospital,Kayunga,Ntenjeru,Busaana,67822.95178222656,2.839854281274092,4,3.0322470490023954,1.0,1.0,0.0,1.0
hospital,Butaleja,Bunyole,Busabi,24289.188232421875,2.7698498128028595,4,3.06675296195891,1.0,1.0,0.0,1.0
hospital,Mayuge,Bunya,Busakira,39704.97183227539,3.5338865651151004,4,3.8860085165763163,1.0,1.0,0.0,1.0
hospital,Buvuma,Buvuma Island,Busamuzi,25435.242619514465,7.2307928422219225,4,8.345443006127617,1.0,1.0,0.0,1.0
hospital,Mbale,Bungokho,Busano,20481.35772705078,1.5655329738646238,5,1.6984384739446943,1.0,1.0,0.0,1.0
hospital,Kisoro,Bufumbira,Busanza,18806.428457260132,2.661908597922743,10,2.859319679825664,1.0,1.0,0.0,1.0
hospital,Jinja,Butembe,Busedde,43353.5167388916,2.8100502744471703,4,3.0527357624982714,1.0,1.0,0.0,1.0
hospital,Bugweri,Bugweri,Busembatia Town Council,17035.16619873047,5.001250614490928,4,5.238922506220045,1.0,1.0,0.0,1.0
hospital,Hoima,Bugahya,Buseruka,60901.67556476593,6.0946077851355716,10,6.333601636577144,1.0,1.0,0.0,1.0
hospital,Kibuku,Kibuku,Buseta,11896.770874023438,2.2541971776569265,4,2.4911088444212823,1.0,1.0,0.0,1.0
hospital,Bududa,Manjiya,Bushiribo,16800.742919921875,0.47541841905064763,5,0.51761505686552,0.0,0.0,0.0,0.1265242075142493
hospital,Bududa,Manjiya,Bushiyi,21341.253875732422,2.4612928134755845,5,2.672119054816344,1.0,1.0,0.0,1.0
hospital,Busia,Samia-Bugwe,Busime,24336.406295776367,4.002144091315996,4,4.230277585343216,1.0,1.0,0.0,1.0
hospital,Kamwenge,Kibale,Busiriba,39783.071643829346,6.02031327486201,10,6.333883135891708,1.0,1.0,0.0,1.0
hospital,Busia,Samia-Bugwe,Busitema,24669.329666137695,2.8597702404491816,4,3.130728784668515,1.0,1.0,0.0,1.0
hospital,Mbale,Bungokho,Busiu,19482.891326904297,2.8433436798966816,4,3.020742455329203,1.0,1.0,0.0,1.0
hospital,Mbale,Bungokho,Busiu Town Council,11384.221405029297,3.0850989856057995,4,3.279722283588738,1.0,1.0,0.0,1.0
hospital,Mbale,Bungokho,Busoba,26777.971282958984,2.731652608235328,4,2.897687487325836,1.0,1.0,0.0,1.0
hospital,Wakiso,Busiro,Bussi,26378.322303414345,4.25810576568575,4,4.835766027471893,1.0,1.0,0.0,1.0
hospital,Wakiso,Nansana Municipality,Busukuma Division,64853.25971984863,2.8349065989844715,4,3.001442080697827,1.0,1.0,0.0,1.0
hospital,Manafwa,Bubulo,Busukuya,15291.715087890625,3.24393205998293,4,3.605755437474634,1.0,1.0,0.0,1.0
hospital,Sironko,Budadiri,Busulani,11819.760223388672,3.1894338062003267,5,3.504177213608518,1.0,1.0,0.0,1.0
hospital,Bundibugyo,Bwamba,Busunga Town Council,10236.605407714844,2.7174026170540424,4,2.836287197684435,1.0,1.0,0.0,1.0
hospital,Mityana,Mityana,Busunju Town Council,15180.185348510742,5.4929374386470515,4,5.6762183435664255,1.0,1.0,0.0,1.0
hospital,Namayingo,Bukooli,Buswale,37529.19958496094,3.6156138999703145,4,4.044486343290149,1.0,1.0,0.0,1.0
hospital,Nakaseke,Nakaseke,Butalangu Town Council,5161.276152610779,2.516175962909857,4,2.6516331287559263,1.0,1.0,0.0,1.0
hospital,Bundibugyo,Bughendera,Butama-Mitunda Town Council,9511.804100036621,2.8310221374554776,4,3.0796617920631233,1.0,1.0,0.0,1.0
hospital,Kabale,Ndorwa,Butanda,17046.512283325195,4.439346037974428,4,4.685114082870673,1.0,1.0,0.0,1.0
hospital,Sironko,Budadiri,Butandiga,9119.5673828125,4.612478914864619,5,4.935493195858084,1.0,1.0,0.0,1.0
hospital,Mityana,Busujju,Butayunja,13320.283447265625,2.844703898540874,4,3.010891202229169,1.0,1.0,0.0,1.0
hospital,Busia,Samia-Bugwe,Buteba,31964.787048339844,2.6508963909982954,4,2.8301346887206313,1.0,1.0,0.0,1.0
hospital,Butebo,Butebo,Butebo Town Council,12766.74917602539,1.7895245109088407,4,1.9775119961088206,1.0,1.0,0.0,1.0
hospital,Kyankwanzi,Kiboga,Butemba,26395.297080993652,5.105744835475873,4,5.310351212778003,1.0,1.0,0.0,1.0
hospital,Kyankwanzi,Kiboga,Butemba Town Council,20678.786569595337,7.119585252173376,4,7.267359119207183,1.0,1.0,0.0,1.0
hospital,Sironko,Budadiri,Buteza,14962.5166015625,2.607652455353098,5,2.8236611225657695,1.0,1.0,0.0,1.0
hospital,Buliisa,Buliisa,Butiaba,42066.3454914093,6.446399152649866,10,6.754598088338318,1.0,1.0,0.0,1.0
hospital,Manafwa,Bubulo,Butiru,24000.50131225586,3.0520731352666197,4,3.385486815101656,1.0,1.0,0.0,1.0
hospital,Mubende,Buwekula,Butoloogo,60745.83967590332,5.470741876374422,4,5.8863072856694805,1.0,1.0,0.0,1.0
hospital,Manafwa,Bubulo,Butta,4219.362976074219,2.5660408047549614,5,2.6815239114805562,1.0,1.0,0.0,1.0
hospital,Kyenjojo,Mwenge,Butunduzi,16805.912857055664,6.44470111581086,10,6.769331310551372,1.0,1.0,0.0,1.0
hospital,Kyenjojo,Mwenge,Butunduzi Town Council,17048.769371032715,6.146863644033184,10,6.31317003321231,1.0,1.0,0.0,1.0
hospital,Ntoroko,Ntoroko,Butungama,22121.768890619278,6.702248107451478,4,7.17202880624279,1.0,1.0,0.0,1.0
hospital,Luwero,Katikamu,Butuntumula,42684.84334945679,3.6392060483123587,4,3.9613036512621154,1.0,1.0,0.0,1.0
hospital,Buvuma,Buvuma Island,Buvuma Town Council,16313.224328994751,7.936646718481433,4,9.135703464375851,1.0,1.0,0.0,1.0
hospital,Mayuge,Bunya,Buwaaya,29203.569549560547,2.1354830514216383,4,2.28420161776477,1.0,1.0,0.0,1.0
hospital,Namisindwa,Bubulo,Buwabwala,9374.730163574219,2.0731968741251783,5,2.1874654716124406,1.0,1.0,0.0,1.0
hospital,Sironko,Budadiri,Buwalasi,17079.52423095703,1.8992857135806065,4,1.9906242844240094,1.0,1.0,0.0,1.0
hospital,Manafwa,Bubulo,Buwangani Town Council,9577.36962890625,0.4654814926817428,5,0.4753234299042897,0.0,0.0,0.0,0.0
hospital,Sironko,Budadiri,Buwasa,10057.574584960938,2.5968071154944705,4,2.7202389004781247,1.0,1.0,0.0,1.0
hospital,Jinja,Kagoma,Buwenge Town Council,23045.4404296875,0.16922777655167448,4,0.1745866565549781,0.0,0.0,0.0,0.0
hospital,Buvuma,Buvuma Island,Buwooya,21615.49303817749,5.4239845851089115,4,6.248034592819189,1.0,1.0,0.0,1.0
hospital,Bulambuli,Bulambuli,Buyaga Town Council,983.1026611328125,4.719015121459961,4,4.880051612854004,1.0,1.0,0.0,1.0
hospital,Bugweri,Bugweri,Buyanga,54392.11004638672,3.1165589858811353,4,3.3010426251501257,1.0,1.0,0.0,1.0
hospital,Busia,Samia-Bugwe,Buyanga,25144.9054107666,2.6520598123308154,4,2.9967332857038795,1.0,1.0,0.0,1.0
hospital,Rukungiri,Rubabo,Buyanja Town Council,5017.874938964844,1.1349595508107126,4,1.141422597360447,0.7302193088689783,0.7302193088689783,0.0,0.7302193088689783
hospital,Buyende,Budiope,Buyende,73160.08730363846,7.008424483255592,4,7.606766662671242,1.0,1.0,0.0,1.0
hospital,Buyende,Budiope,Buyende Town Council,19831.395500183105,5.233648554102634,4,5.648108319358058,1.0,1.0,0.0,1.0
hospital,Kaliro,Bulamogi,Buyinda,25546.18531036377,4.723310622952558,4,5.395153794201465,1.0,1.0,0.0,1.0
hospital,Namayingo,Bukooli,Buyinja,32983.22888183594,5.104343188111328,4,5.545219203383813,1.0,1.0,0.0,1.0
hospital,Sironko,Budadiri,Buyobo,16163.707611083984,3.289070925144328,5,3.4674259887213257,1.0,1.0,0.0,1.0
hospital,Rukungiri,Bujumbura,Bwambara,33465.016287982464,5.82290293115912,10,6.139702149958213,1.0,1.0,0.0,1.0
hospital,Kibaale,Buyanja,Bwamiramira,14328.031288146973,7.359891565957939,4,7.9461096631360215,1.0,1.0,0.0,1.0
hospital,Kakumiro,Bugangaizi,Bwanswa,26466.760231018066,4.833476435064953,4,5.223514592064779,1.0,1.0,0.0,1.0
hospital,Buvuma,Buvuma Island,Bweema,13734.580974578857,11.398239102829688,4,13.164411846401254,1.0,1.0,0.0,1.0
hospital,Ntoroko,Ntoroko,Bweramule,6711.055184602737,6.347166054241936,4,6.661363254062851,1.0,1.0,0.0,1.0
hospital,Kasese,Busongora,Bwesumbu,27002.664909362793,5.487351145828535,10,5.977391095656857,1.0,1.0,0.0,1.0
hospital,Kiryandongo,Kibanda,Bweyale Town Council,39527.89030456543,2.246129650128664,9,2.277784720618565,1.0,1.0,0.0,1.0
hospital,Masindi,Bujenje,Bwijanga,66550.49136447906,4.536221346874204,4,4.731195753842845,1.0,1.0,0.0,1.0
hospital,Kagadi,Buyaga,Bwikara,64355.48806762695,2.9378356992445314,4,3.1589712105472296,1.0,1.0,0.0,1.0
hospital,Bulambuli,Bulambuli,Bwikhonge,11581.158603668213,3.2336733013301786,5,3.5888143555468957,1.0,1.0,0.0,1.0
hospital,Kamwenge,Kibale,Bwizi,41183.91429901123,5.876246401239221,10,6.148429143594813,1.0,1.0,0.0,1.0
hospital,Ntungamo,Kajara,Bwongyera,40956.733001708984,3.434265922803461,4,3.5730157305089807,1.0,1.0,0.0,1.0
hospital,Kyankwanzi,Kiboga,Byerima,23512.670413970947,7.466442909191115,4,7.901526592310728,1.0,1.0,0.0,1.0
hospital,Kisoro,Kisoro Municipality,Central,5578.041442871094,0.1325198758946592,4,0.13980846378823975,0.0,0.0,0.0,0.0
hospital,Kampala,KCCA,Central Division,106096.45703125,0.25864987849484666,1,0.2586498725454268,0.0,0.0,0.0,0.0
hospital,Iganga,Iganga Municipality,Central Division,33064.68408203125,0.13976322101703184,1,0.13976322101703184,0.0,0.0,0.0,0.0
hospital,Jinja,Jinja Municipality,Central Division,29144.54083251953,0.2610063759431888,4,0.2658695066841847,0.0,0.0,0.0,0.0
hospital,Kitgum,Kitgum Municipality,Central Division,10414.16552734375,0.12265935703118544,7,0.12513734597160817,0.0,0.0,0.0,0.0
hospital,Kotido,Kotido Municipality,Central Division,17583.080596923828,11.375151476479708,8,12.281080118947013,1.0,1.0,0.0,1.0
hospital,Lira,Lira Municipality,Central Division,25839.049865722656,0.4869052726133503,9,0.49018813322739174,0.0,0.0,0.0,0.0
hospital,Kabale,Kabale Municipality,Central Division,19390.518432617188,0.30586269165264374,4,0.30909524475181155,0.0,0.0,0.0,0.0
hospital,Kasese,Kasese Municipality,Central Division,41043.92558288574,1.7699131857324377,10,1.792787235381536,1.0,1.0,0.0,1.0
hospital,Masindi,Masindi Municipality,Central Division,52258.96417236328,0.39463083780393804,4,0.4090055634416257,0.008069670977278846,0.008069670977278846,0.0,0.0218057527368296
hospital,Ntungamo,Ntungamo Municipality,Central Division,7275.575134277344,2.041258864288043,4,2.097765299591302,1.0,1.0,0.0,1.0
hospital,Kwania,Kwania,Chawente,44409.67566752434,4.440834455930851,9,4.7583276995122965,1.0,1.0,0.0,1.0
hospital,Apac,Maruzi,Chegere,48857.06460571289,3.258554772880665,10,3.5284898346259252,1.0,1.0,0.0,1.0
hospital,Pallisa,Pallisa,Chelekura,14415.935061454773,2.9346108401327387,4,3.290054561418282,1.0,1.0,0.0,1.0
hospital,Kapchorwa,Tingey,Chema,11688.856285095215,1.8231998086260217,5,1.9058077263443447,1.0,1.0,0.0,1.0
hospital,Bukwo,Kongasis,Chepkwasta,13260.302486419678,2.7591250792558624,5,3.097463924648307,1.0,1.0,0.0,1.0
hospital,Kapchorwa,Tingey,Chepterech,4753.27734375,3.0500968914728643,5,3.1716565657559275,1.0,1.0,0.0,1.0
hospital,Bukwo,Kongasis,Chesower,4364.9068031311035,3.498620459284094,5,3.9467661638336478,1.0,1.0,0.0,1.0
hospital,Adjumani,East Moyo,Ciforo,17901.128905296326,2.4166828768027786,8,2.507020524830897,1.0,1.0,0.0,1.0
hospital,Kiboga,Kiboga,Ddwaniro,15483.169225692749,6.136682255658903,4,6.5161378743656275,1.0,1.0,0.0,1.0
hospital,Moyo,Moyo,Difule,9430.043462276459,4.798277471288725,8,5.120155128470262,1.0,1.0,0.0,1.0
hospital,Dokolo,Dokolo,Dokolo,20115.904251098633,3.275504861686691,9,3.4995380114438284,1.0,1.0,0.0,1.0
hospital,Dokolo,Dokolo,Dokolo Tc,26592.999000549316,2.9384292657699174,9,3.046930851288174,1.0,1.0,0.0,1.0
hospital,Yumbe,Aringa,Drajini,45623.89469909668,3.6114871356899263,10,3.790411899157609,1.0,1.0,0.0,1.0
hospital,Adjumani,East Moyo,Dzaipi,49386.05540084839,3.7366069455405184,8,3.9531681527057825,1.0,1.0,0.0,1.0
hospital,Bugiri,Bugiri Municipality,Eastern Division,15272.839233398438,0.5944109631553683,4,0.5947729029820924,0.0,0.0,0.0,0.0
hospital,Busia,Busia Municipality,Eastern Division,31152.322265625,1.1149553486787447,4,1.1173070422199132,0.5542566831864273,0.5542566831864273,0.0,0.5542566831864273
hospital,Kapchorwa,Kapchorwa Municipality,Eastern Division,10064.98533821106,1.0014963567225792,5,1.023528550351355,0.3498403008584446,0.3498403008584446,0.0,0.4416923565187837
hospital,Soroti,Soroti Municipality,Eastern Division,23424.89129638672,0.3302662238812817,5,0.35302177902976545,0.0,0.0,0.0,0.0
hospital,Isingiro,Bukanga,Endiinzi,23961.277797698975,6.740522062577752,4,7.400833185114591,1.0,1.0,0.0,1.0
hospital,Isingiro,Bukanga,Endiinzi Town Council,7713.977283477783,6.974920046268184,4,7.66928108877325,1.0,1.0,0.0,1.0
hospital,Buhweju,Buhweju,Engaju,23609.37197494507,5.236002533816783,10,5.683450050383317,1.0,1.0,0.0,1.0
hospital,Kazo,Kazo,Engari,33496.04196929932,4.119137485727081,4,4.347548680881973,1.0,1.0,0.0,1.0
hospital,Nebbi,Padyere,Erussi,41021.44314575195,2.250822230985477,9,2.37253935007816,1.0,1.0,0.0,1.0
hospital,Amolatar,Kioga,Etam,20108.921914458275,6.093559762299697,9,6.342938302380037,1.0,1.0,0.0,1.0
hospital,Madi Okollo,Madi Okollo,Ewanga,4677.307205200195,8.79791873290617,8,9.228819627549576,1.0,1.0,0.0,1.0
hospital,Kaliro,Bulamogi,Gadumire,35153.03560554981,4.768832128605741,4,5.397634899483009,1.0,1.0,0.0,1.0
hospital,Kayunga,Bbaale,Galiraya,35490.31912481785,10.588332389928274,4,11.612829047589997,1.0,1.0,0.0,1.0
hospital,Kapchorwa,Tingey,Gamogo,4700.5570068359375,2.8430259227774637,5,2.965970010557496,1.0,1.0,0.0,1.0
hospital,Kyankwanzi,Kiboga,Gayaza,29845.57159805298,6.461848291875284,4,7.01608232178137,1.0,1.0,0.0,1.0
hospital,Obongi,Obongi,Gimara,9778.524472236633,6.44558308206562,10,6.888966288240786,1.0,1.0,0.0,1.0
hospital,Pallisa,Pallisa,Gogonyo,39860.83796787262,4.147542277690873,4,4.658231702644873,1.0,1.0,0.0,1.0
hospital,Kibuku,Kibuku,Goli Goli,12891.233764648438,3.2263562995414805,4,3.4189588523097187,1.0,1.0,0.0,1.0
hospital,Nwoya,Nwoya,Got Apwoyo,44906.72548954189,6.799429423450489,10,7.225110793868448,1.0,1.0,0.0,1.0
hospital,Kabarole,Burahya,Hakibaale,36248.38620376587,3.3590640823123645,10,3.5845543440047116,1.0,1.0,0.0,1.0
hospital,Rubanda,Rubanda,Hamurwa,31898.763061523438,2.6021869613790396,4,2.713495794860147,1.0,1.0,0.0,1.0
hospital,Rubanda,Rubanda,Hamurwa Town Council,6347.930465698242,2.7785517299658653,4,2.8571955290900464,1.0,1.0,0.0,1.0
hospital,Kyegegwa,Kyaka,Hapuuyo,50194.42472076416,6.039879299197897,4,6.4551495324294015,1.0,1.0,0.0,1.0
hospital,Kasese,Busongora,Hima Town Council,16243.863800048828,4.4295599320140635,10,4.616490550253865,1.0,1.0,0.0,1.0
hospital,Apac,Maruzi,Ibuje,53720.84181022644,3.9828696052284025,9,4.208544227363519,1.0,1.0,0.0,1.0
hospital,Bugweri,Bugweri,Ibulanku,34749.94812011719,2.624330049054405,4,2.794469341770406,1.0,1.0,0.0,1.0
hospital,Oyam,Oyam,Iceme,62039.25791168213,6.747143601177685,8,7.319058461404381,1.0,1.0,0.0,1.0
hospital,Bugweri,Bugweri,Igombe,23027.113830566406,2.5301420408044537,4,2.6686623465024764,1.0,1.0,0.0,1.0
hospital,Ibanda,Ibanda,Igorora Town Council,7078.154861450195,1.777310204261804,4,1.871926013993564,1.0,1.0,0.0,1.0
hospital,Ntungamo,Kajara,Ihunga,16619.254791259766,2.38977841189902,4,2.4973447985094337,1.0,1.0,0.0,1.0
hospital,Budaka,Iki-Iki,Iki-Iki,25657.890411376953,2.468413950511936,4,2.7439847705720544,1.0,1.0,0.0,1.0
hospital,Rubanda,Rubanda,Ikumba,22424.64719390869,3.6019996371652945,4,3.903427228973591,1.0,1.0,0.0,1.0
hospital,Luuka,Luuka,Ikumbya,42775.61827087402,5.444391911432873,4,5.997997423370374,1.0,1.0,0.0,1.0
hospital,Madi Okollo,Madi Okollo,Inde Town Council,14760.12261390686,6.7057587698776295,10,7.151462674196285,1.0,1.0,0.0,1.0
hospital,Mbale,Mbale Municipality,Industrial Divison,61945.90478515625,0.5985863663162053,4,0.6057675542175857,0.0,0.0,0.0,0.0
hospital,Kwania,Kwania,Inomo,40241.987533569336,4.0321813844944945,10,4.397265420045146,1.0,1.0,0.0,1.0
hospital,Napak,Bokora,Iriiri,37554.45788383484,8.087291375623886,4,8.605195823308918,1.0,1.0,0.0,1.0
hospital,Luuka,Luuka,Irongo,34931.67419433594,2.9162997413813367,4,3.06136056530833,1.0,1.0,0.0,1.0
hospital,Bushenyi,Bushenyi Municipality,Ishaka Divison,19071.525466918945,0.32654777397561274,4,0.3327402374938848,0.0,0.0,0.0,0.015195147746281145
hospital,Ibanda,Ibanda,Ishongororo,18583.52109527588,4.084158698058945,4,4.289984678589573,1.0,1.0,0.0,1.0
hospital,Ibanda,Ibanda,Ishongororo Town Council,27108.80249786377,4.98276221029204,4,5.172878648365746,1.0,1.0,0.0,1.0
hospital,Isingiro,Isingiro,Isingiro Town Council,35298.323525846004,5.729154029458606,4,5.934941043266475,1.0,1.0,0.0,1.0
hospital,Adjumani,East Moyo,Itirikwa,18824.926056861877,5.962113921041718,8,6.405757001666729,1.0,1.0,0.0,1.0
hospital,Obongi,Obongi,Itula,12538.664143264294,4.4662556139980225,8,4.750081295028578,1.0,1.0,0.0,1.0
hospital,Namutumba,Busiki,Ivukula,35489.23762512207,3.9944407795778547,4,4.516981479448899,1.0,1.0,0.0,1.0
hospital,Tororo,West Budama (Kisolo),Iyolwa,25798.6580657959,4.351879617093374,4,4.814730727500414,1.0,1.0,0.0,1.0
hospital,Mayuge,Bunya,Jaguzi,17401.811547279358,,1,,1.0,1.0,0.0,1.0
hospital,Zombo,Okoro,Jangokoro,5707.384460449219,3.0539558886749316,9,3.173639803734244,1.0,1.0,0.0,1.0
hospital,Kaabong,Dodoth,Kaabong Town Council,10446.696655273438,0.2948591168641866,4,0.30980048344522015,0.0,0.0,0.0,0.0
hospital,Manafwa,Bubulo,Kaato,6966.0819091796875,0.6342897692676513,5,0.670925077136773,0.0,0.0,0.0,0.1976902661881319
hospital,Kagadi,Buyaga,Kabamba,26529.416122436523,5.1453600291802735,4,5.419189461696345,1.0,1.0,0.0,1.0
hospital,Kamwenge,Kibale,Kabambiro,21715.952682495117,7.081273770690736,4,7.425646978941713,1.0,1.0,0.0,1.0
hospital,Kibaale,Buyanja,Kabasekende,13643.719902038574,5.632460915426239,4,6.08487388063984,1.0,1.0,0.0,1.0
hospital,Kaberamaido,Kaberamaido,Kaberamaido,24986.99102973938,3.2382530352882397,9,3.6065977753891287,1.0,1.0,0.0,1.0
hospital,Kaberamaido,Kaberamaido,Kaberamaido Town Council,5508.409820556641,3.632428284977615,9,4.015728143466409,1.0,1.0,0.0,1.0
hospital,Isingiro,Isingiro,Kaberebere Town Council,9064.38900756836,2.2035967997368178,4,2.242027285469556,1.0,1.0,0.0,1.0
hospital,Kapchorwa,Tingey,Kabeywa,1235.5126953125,2.594853461952924,5,2.732572801325923,1.0,1.0,0.0,1.0
hospital,Isingiro,Isingiro,Kabingo,35306.40502738953,4.929814325123899,4,5.062444998939176,1.0,1.0,0.0,1.0
hospital,Kyotera,Kyotera,Kabira,38022.15888595581,4.001175276373071,4,4.47845306710611,1.0,1.0,0.0,1.0
hospital,Mitooma,Ruhinda,Kabira,13614.257034301758,2.797386944985961,4,2.8876022704258086,1.0,1.0,0.0,1.0
hospital,Masaka,Bukoto,Kabonera,41040.22381591797,1.9222466627483596,4,2.0270303632643905,0.7544979121576738,0.7544979121576738,0.0,0.7544979121576738
hospital,Bunyangabu,Bunyangabu,Kabonero,22812.85959625244,4.886861320039128,4,5.352499363438314,1.0,1.0,0.0,1.0
hospital,Gomba,Gomba,Kabulasoke,59530.45239639282,6.451209986044992,4,6.930056321101069,1.0,1.0,0.0,1.0
hospital,Isingiro,Isingiro,Kabuyanda,29343.1075592041,6.773447429371816,4,7.136094566720672,1.0,1.0,0.0,1.0
hospital,Isingiro,Isingiro,Kabuyanda Town Council,21361.662399291992,7.608626838157881,4,8.068927304417562,1.0,1.0,0.0,1.0
hospital,Butebo,Butebo,Kabwangasi,38166.659606933594,2.0329194041680454,4,2.1588450689818637,0.9831017017008236,0.9831017017008236,0.0,0.9831017017008236
hospital,Kibuku,Kibuku,Kabweri,22568.797241210938,3.8129333406603476,4,4.120892778265149,1.0,1.0,0.0,1.0
hospital,Kyegegwa,Kyaka,Kabweza Kyegegwa,54720.64570617676,7.444001160210046,4,7.811012548729111,1.0,1.0,0.0,1.0
hospital,Sheema,Sheema Municipality,Kabwohe Division,23494.133712768555,5.412705762701378,4,5.521018862186877,1.0,1.0,0.0,1.0
hospital,Kikuube,Buhaguzi,Kabwoya,89652.33725762367,7.897758351969884,4,8.277058074670888,1.0,1.0,0.0,1.0
hospital,Rakai,Kooki,Kacheera,29159.217415332794,4.106810924348769,4,4.521057829154029,1.0,1.0,0.0,1.0
hospital,Kotido,Jie,Kacheri,40289.65858745575,9.218416010930412,8,10.17735242295586,1.0,1.0,0.0,1.0
hospital,Budaka,Iki-Iki,Kachomo,20285.173431396484,2.0866345047109203,4,2.293275177980636,1.0,1.0,0.0,1.0
hospital,Bukedea,Bukedea,Kachumbala,70390.44876098633,2.7082268737880586,4,2.8736306128694324,1.0,1.0,0.0,1.0
hospital,Kibuku,Kibuku,Kadama,7381.277862548828,4.2877846147067515,4,4.634707898092651,1.0,1.0,0.0,1.0
hospital,Budaka,Budaka,Kaderuna,21909.799865722656,3.0978731262135653,4,3.404005625603507,1.0,1.0,0.0,1.0
hospital,Serere,Kasilo,Kadungulu,31069.73443007469,9.136519792872434,5,10.170652435725835,1.0,1.0,0.0,1.0
hospital,Serere,Kasilo,Kadungulu Town Council,14084.764799118042,8.209724847485132,5,9.097307650049054,1.0,1.0,0.0,1.0
hospital,Ntungamo,Ruhaama,Kafunjo-Mirama Town Council,28040.804496765137,5.871669676871846,4,6.237705932182263,1.0,1.0,0.0,1.0
hospital,Kagadi,Buyaga,Kagadi,20057.30421447754,2.070954470660976,4,2.2043926417407205,1.0,1.0,0.0,1.0
hospital,Rakai,Kooki,Kagamba,41104.191581726074,2.808750940141523,4,3.084689232720177,1.0,1.0,0.0,1.0
hospital,Ibanda,Ibanda Municipality,Kagango Division,45827.45686340332,2.0553428511172482,4,2.143829695225443,0.9400830289271556,0.9400830289271556,0.0,0.9932027881710032
hospital,Sheema,Sheema Municipality,Kagango Division,31203.884071350098,4.839776636519105,4,5.002244572557722,1.0,1.0,0.0,1.0
hospital,Ntungamo,Kajara,Kagarama Town Council,16718.205673217773,2.8641078479502,4,2.9792467305901122,1.0,1.0,0.0,1.0
hospital,Mbarara,Kashari,Kagongi,25845.90672302246,2.8901268015674115,4,3.0402773115951707,1.0,1.0,0.0,1.0
hospital,Bundibugyo,Bughendera,Kagugu,3393.9133224487305,3.660898305718407,4,3.9898556969593706,1.0,1.0,0.0,1.0
hospital,Buyende,Budiope,Kagulu,108216.27952647209,7.991623458714582,4,8.588817879421631,1.0,1.0,0.0,1.0
hospital,Kamuli,Bugabula,Kagumba,41929.411662817,4.961535528074946,4,5.289241126339449,1.0,1.0,0.0,1.0
hospital,Kibuku,Kibuku,Kagumu,23143.24285888672,3.4804481990854153,4,3.7748925638059947,1.0,1.0,0.0,1.0
hospital,Kabale,Ndorwa,Kaharo,21537.79232788086,2.3324476497857223,4,2.4047558566832694,1.0,1.0,0.0,1.0
hospital,Kamwenge,Kibale,Kahunge,29154.55347442627,8.45554050949114,4,8.860446782304201,1.0,1.0,0.0,1.0
hospital,Kamwenge,Kibale,Kahunge Town Council,21720.85509109497,8.15978356850569,10,8.402278325659752,1.0,1.0,0.0,1.0
hospital,Kyegegwa,Kyaka,Kakabara,84913.34777832031,7.850078100531368,10,8.12656176167643,1.0,1.0,0.0,1.0
hospital,Isingiro,Bukanga,Kakamba,14192.41120147705,9.685562137097108,4,9.982521308916535,1.0,1.0,0.0,1.0
hospital,Kakumiro,Bugangaizi,Kakindo,54719.76358795166,8.510778325249513,4,8.953234302424283,1.0,1.0,0.0,1.0
hospital,Sheema,Sheema,Kakindo Town Council,9417.160690307617,4.916013846730837,4,5.059846122061169,1.0,1.0,0.0,1.0
hospital,Mityana,Busujju,Kakindu,22238.29510498047,3.0574196117206953,4,3.2587798351950528,1.0,1.0,0.0,1.0
hospital,Jinja,Butembe,Kakira Town Council,41702.508056640625,1.9353526947713933,4,2.0565775615316735,0.9889453706909875,0.9889453706909875,0.0,1.0
hospital,Wakiso,Busiro,Kakiri Town Council,31098.629943847656,2.3497805408326924,4,2.4181635463303257,1.0,1.0,0.0,1.0
hospital,Mbarara,Mbarara Municipality,Kakoba Division,61910.029541015625,0.2505279119740552,4,0.2548423906540778,0.0,0.0,0.0,0.0
hospital,Nakapiripirit,Chekwi,Kakomongole,31750.78133583069,7.0700437561380935,4,7.7344660930654685,1.0,1.0,0.0,1.0
hospital,Nakasongola,Buruli,Kakooge,26282.245255470276,7.480250961876353,4,8.104185679517238,1.0,1.0,0.0,1.0
hospital,Nakasongola,Buruli,Kakooge Town Council,11258.728874206543,5.679525946264721,4,6.152294560409653,1.0,1.0,0.0,1.0
hospital,Budaka,Budaka,Kakule,16647.608306884766,2.7825984942691715,4,3.0781462855883066,1.0,1.0,0.0,1.0
hospital,Kakumiro,Bugangaizi,Kakumiro Town Council,14900.337265014648,4.613156965108541,4,4.986453712814048,1.0,1.0,0.0,1.0
hospital,Kalaki,Kalaki,Kakure,17456.009910583496,2.570943440374731,8,2.866770523065387,1.0,1.0,0.0,1.0
hospital,Kibuku,Kibuku,Kakutu,14502.613830566406,3.19139155739712,4,3.471439508486395,1.0,1.0,0.0,1.0
hospital,Kyotera,Kyotera,Kakuuto,45097.08751869202,4.882112904322534,4,5.389960601944475,1.0,1.0,0.0,1.0
hospital,Luwero,Bamunanika,Kalagala,55411.90586853027,3.686857273744203,4,3.9541417043107563,1.0,1.0,0.0,1.0
hospital,Kalaki,Kalaki,Kalaki Town Council,8020.71403503418,1.7739334495970176,8,1.9766012766536827,1.0,1.0,0.0,1.0
hospital,Butambala,Butambala,Kalamba,23205.85562133789,3.0296803965868464,4,3.174844619983588,1.0,1.0,0.0,1.0
hospital,Mityana,Mityana,Kalangaalo,37036.72993469238,3.9486328317298707,4,4.185789555293513,1.0,1.0,0.0,1.0
hospital,Kalangala,Bujumba,Kalangala Town Council,6584.320819020271,,1,,1.0,1.0,0.0,1.0
hospital,Kaabong,Dodoth,Kalapata,17621.6699924469,3.867773747812614,4,4.094570638518185,1.0,1.0,0.0,1.0
hospital,Lyantonde,Kabula,Kaliiro,23661.047470092773,2.800661189658394,4,2.981337770964708,1.0,1.0,0.0,1.0
hospital,Kaliro,Bulamogi,Kaliro Town Council,23945.066497802734,6.591632295213519,4,6.684467219195275,1.0,1.0,0.0,1.0
hospital,Kyotera,Kyotera,Kalisizo Town Council,16683.56069946289,0.3437810541677016,4,0.35171839797664156,0.0,0.0,0.0,0.0
hospital,Nakasongola,Buruli,Kalongo,25197.32391166687,10.436614182277523,4,11.427617460104228,1.0,1.0,0.0,1.0
hospital,Nakasongola,Buruli,Kalungi,30986.366912722588,12.968363978735502,4,14.156749039061147,1.0,1.0,0.0,1.0
hospital,Kassanda,Kassanda,Kalwana,47122.50668334961,6.6580558862115,4,7.074411493972999,1.0,1.0,0.0,1.0
hospital,Kanungu,Kinkizi,Kambuga Town Council,5617.361083984375,1.0439421867420557,4,1.0708237002098033,0.4383874655125183,0.4383874655125183,0.0,1.0
hospital,Pallisa,Pallisa,Kameke,21928.287994384766,3.160837204793536,4,3.546712246594173,1.0,1.0,0.0,1.0
hospital,Bukwo,Kongasis,Kamet,7596.548406600952,1.683962811263043,5,1.8809367263317012,1.0,1.0,0.0,1.0
hospital,Kaabong,Dodoth,Kamion,8583.84070611,10.188929291022813,4,10.90452080892929,1.0,1.0,0.0,1.0
hospital,Luwero,Bamunanika,Kamira,33028.779121398926,7.228039000994243,4,7.91597660198289,1.0,1.0,0.0,1.0
hospital,Mpigi,Mawokota,Kammengo,47851.36061668396,2.9712297064729025,4,3.2276699161843787,1.0,1.0,0.0,1.0
hospital,Budaka,Iki-Iki,Kamonkoli,34578.32391357422,2.3299180992373367,4,2.4338282561006226,1.0,1.0,0.0,1.0
hospital,Bulambuli,Bulambuli,Kamu,7248.27880859375,3.9938533661969444,5,4.0480935802202485,1.0,1.0,0.0,1.0
hospital,Soroti,Soroti,Kamuda,58331.05244910717,2.306285650527094,5,2.4094386422658083,0.8976808396682258,0.8976808396682258,0.0,0.918320605092523
hospital,Kabale,Ndorwa,Kamuganguzi,27196.656648397446,2.7545835231848756,4,2.855559902051022,1.0,1.0,0.0,1.0
hospital,Pallisa,Pallisa,Kamuge,27906.287658691406,2.800257525405215,4,3.0251485332650114,1.0,1.0,0.0,1.0
hospital,Mbarara,Mbarara Municipality,Kamukuzi Division,38877.878845214844,0.32003293323279935,4,0.3221566335852639,0.0,0.0,0.0,0.0
hospital,Kamwenge,Kibale,Kamwenge,31845.84626197815,8.359812367626684,4,8.839006820485194,1.0,1.0,0.0,1.0
hospital,Kamwenge,Kibale,Kamwenge Town Council,26235.111709594727,8.208312808662091,4,8.482745982988275,1.0,1.0,0.0,1.0
hospital,Kitagwenda,Kitagwenda,Kanara,19056.24958229065,7.284342018861667,4,7.674475769546076,1.0,1.0,0.0,1.0
hospital,Ntoroko,Ntoroko,Kanara,10156.69713318348,9.285861787322661,4,10.018626084531684,1.0,1.0,0.0,1.0
hospital,Ntoroko,Ntoroko,Kanara Town Council,11748.86448764801,6.804174195968895,4,7.329178503774355,1.0,1.0,0.0,1.0
hospital,Dokolo,Dokolo,Kangai,21816.532592773438,4.479886271789404,9,4.831397670397156,1.0,1.0,0.0,1.0
hospital,Zombo,Okoro,Kango,16987.644485473633,4.496508906760124,8,4.8021520867342735,1.0,1.0,0.0,1.0
hospital,Kayunga,Ntenjeru,Kangulumira,63780.957931518555,3.5090929930732235,4,3.7438392894696784,1.0,1.0,0.0,1.0
hospital,Kazo,Kazo,Kanoni,22405.91404724121,2.355875621657179,4,2.4930930076004048,1.0,1.0,0.0,1.0
hospital,Gomba,Gomba,Kanoni Town Council,14922.710968017578,4.292268731506022,4,4.659310287574767,1.0,1.0,0.0,1.0
hospital,Mitooma,Ruhinda,Kanyabwanga,21079.801879882812,4.3617988751601455,4,4.535205496605578,1.0,1.0,0.0,1.0
hospital,Kanungu,Kinkizi,Kanyantorogo,21898.962631225586,2.0081051421055065,10,2.110918841919775,0.9876018403013136,0.9876018403013136,0.0,1.0
hospital,Kiruhura,Nyabushozi,Kanyaryeru,11037.008750915527,4.492687134585185,4,4.679836965464501,1.0,1.0,0.0,1.0
hospital,Kyenjojo,Mwenge,Kanyegaramire,25852.071983337402,5.711750681961161,10,6.134320351985623,1.0,1.0,0.0,1.0
hospital,Karenga,Dodoth,Kapedo,10664.35126543045,6.249063215749457,8,6.737443600212559,1.0,1.0,0.0,1.0
hospital,Nakaseke,Nakaseke,Kapeeka,35000.16584777832,4.542813210937053,4,4.939920642779827,1.0,1.0,0.0,1.0
hospital,Kapelebyong,Kapelebyong,Kapelebyong,16541.43451309204,8.2046489694251,8,8.99246148294835,1.0,1.0,0.0,1.0
hospital,Kapelebyong,Kapelebyong,Kapelebyong Town Council,9686.81489944458,9.302325561912603,8,10.168191246373386,1.0,1.0,0.0,1.0
hospital,Ngora,Ngora,Kapir,41072.89375305176,3.6105280065833076,5,3.832043647308772,1.0,1.0,0.0,1.0
hospital,Kween,Kween,Kaproron,5813.014427185059,3.9463495151842807,5,4.230738994086466,1.0,1.0,0.0,1.0
hospital,Kween,Kween,Kaproron Town Council,1119.8869934082031,4.290711561402407,5,4.498544805962801,1.0,1.0,0.0,1.0
hospital,Kapchorwa,Tingey,Kapsinda,10272.454093933105,2.2695508393679416,5,2.3417538161628997,1.0,1.0,0.0,1.0
hospital,Kween,Kween,Kaptoyoy,11488.622394561768,1.3242200810573086,5,1.367007640750304,0.8882475381430209,0.8882475381430209,0.0,0.8882475381430209
hospital,Kween,Kween,Kaptum,12367.214546203613,3.2066669166110535,5,3.2817196954221814,1.0,1.0,0.0,1.0
hospital,Katakwi,Toroma,Kapujan,18895.87553358078,4.869432066993009,5,5.193615751170056,1.0,1.0,0.0,1.0
hospital,Kabarole,Burahya,Karago Town Council,15623.973510742188,1.5906119321064616,4,1.6017808240806548,0.9603832411146448,0.9603832411146448,0.0,0.9603832411146448
hospital,Kibaale,Buyanja,Karama,11728.107704162598,6.496446707383749,4,6.980031871656144,1.0,1.0,0.0,1.0
hospital,Kasese,Bukonjo,Karambi,39882.20245361328,0.7353071742386,11,0.7468983152257329,0.23862084508959763,0.23862084508959763,0.0,0.3599311329451423
hospital,Kabarole,Burahya,Karangura,15141.58219909668,2.3779729333795476,4,2.585125731689947,1.0,1.0,0.0,1.0
hospital,Karenga,Dodoth,Karenga Town Council,9705.764507293701,9.843558352742427,8,10.591162419198415,1.0,1.0,0.0,1.0
hospital,Amudat,Pokot,Karita,47630.44357299805,6.101723746689026,5,6.669337139550144,1.0,1.0,0.0,1.0
hospital,Ntoroko,Ntoroko,Karugutu,12076.561714172363,4.095829017417742,4,4.342582896413779,1.0,1.0,0.0,1.0
hospital,Ntoroko,Ntoroko,Karugutu Town Council,11520.974746704102,3.3498818194885414,4,3.5521249580353333,1.0,1.0,0.0,1.0
hospital,Buhweju,Buhweju,Karungu,19867.891403198242,5.171885931069829,4,5.539882648183255,1.0,1.0,0.0,1.0
hospital,Kasese,Busongora,Karusandara,14506.31660079956,4.13035912166923,4,4.3436749307679845,1.0,1.0,0.0,1.0
hospital,Kyotera,Kyotera,Kasaali Town Council,36175.70790100098,2.6785029202978086,4,2.8211900085734536,1.0,1.0,0.0,1.0
hospital,Lyantonde,Kabula,Kasagama,14172.69356918335,5.515603864310109,4,5.8579297180828425,1.0,1.0,0.0,1.0
hospital,Mubende,Kasambya,Kasambya,38763.12875366211,7.890088139506591,4,8.37501342078606,1.0,1.0,0.0,1.0
hospital,Kakumiro,Bugangaizi,Kasambya,48711.61031341553,7.773613435602216,4,8.362113743783057,1.0,1.0,0.0,1.0
hospital,Mubende,Kasambya,Kasambya Town Council,16437.164588928223,5.776872864714316,4,6.083309340786878,1.0,1.0,0.0,1.0
hospital,Kyotera,Kyotera,Kasasa,21673.351818084717,3.210627985181121,4,3.499630601379349,1.0,1.0,0.0,1.0
hospital,Kibuku,Kibuku,Kasasira,15643.22494506836,2.067253420981008,4,2.3200325391364367,1.0,1.0,0.0,1.0
hospital,Kabarole,Burahya,Kasenda,31088.652433395386,5.119798168684054,10,5.39817197797961,1.0,1.0,0.0,1.0
hospital,Kapchorwa,Tingey,Kaserem,8323.212036132812,3.1401291634189437,5,3.165499276915649,1.0,1.0,0.0,1.0
hospital,Mbarara,Kashari,Kashare,29197.3984375,4.883214929263919,4,5.05379103215921,1.0,1.0,0.0,1.0
hospital,Mitooma,Ruhinda,Kashenshero,13939.509552001953,3.7134690046812406,4,3.8667487774989904,1.0,1.0,0.0,1.0
hospital,Mitooma,Ruhinda,Kashenshero Town Council,6513.463470458984,3.9673289115404655,4,4.131111870421565,1.0,1.0,0.0,1.0
hospital,Kiruhura,Nyabushozi,Kashongi,42977.19529724121,4.666958476271398,4,5.017956963713318,1.0,1.0,0.0,1.0
hospital,Sheema,Sheema Municipality,Kashozi Division,16361.623947143555,3.8218059413689356,4,4.028952207893311,1.0,1.0,0.0,1.0
hospital,Isingiro,Bukanga,Kashumba,95878.65458402038,8.50501762119782,4,9.005369023188049,1.0,1.0,0.0,1.0
hospital,Serere,Kasilo,Kasilo Town Council,5630.78239440918,7.25422633376587,5,7.707281024099152,1.0,1.0,0.0,1.0
hospital,Kibaale,Buyanja,Kasimbi,21371.812049865723,6.616412125892971,4,7.109090983971751,1.0,1.0,0.0,1.0
hospital,Bundibugyo,Bughendera,Kasitu,5434.453750610352,3.631151634130843,4,3.949044535158685,1.0,1.0,0.0,1.0
hospital,Kaliro,Bulamogi,Kasokwe,19795.01629638672,6.840135273862683,4,7.510835390463707,1.0,1.0,0.0,1.0
hospital,Kassanda,Kassanda,Kassanda,32108.107223510742,6.077637349532491,4,6.376145498659931,1.0,1.0,0.0,1.0
hospital,Kassanda,Kassanda,Kassanda Town Council,29410.791160583496,5.725964501295697,4,6.049015304532484,1.0,1.0,0.0,1.0
hospital,Kyegegwa,Kyaka,Kasule,40685.506118774414,3.7765205915784397,4,4.038145803281563,1.0,1.0,0.0,1.0
hospital,Katakwi,Katakwi,Katakwi Town Council,8960.306182861328,0.27305877958583485,8,0.27886720956769145,0.0,0.0,0.0,0.0
hospital,Rubirizi,Bunyaruguru,Katanda,22983.13638305664,5.311340836842039,10,5.773420562559404,1.0,1.0,0.0,1.0
hospital,Bunyangabu,Bunyangabu,Katebwa,11085.578674316406,3.971141414648186,4,4.273269188122386,1.0,1.0,0.0,1.0
hospital,Rubirizi,Bunyaruguru,Katerera,8694.304481506348,6.206998464247402,10,6.652796270481903,1.0,1.0,0.0,1.0
hospital,Rubirizi,Bunyaruguru,Katerera Town Council,11420.372383117676,5.867899809168523,10,6.269138329326087,1.0,1.0,0.0,1.0
hospital,Serere,Serere,Kateta,73847.4792752266,4.642609284426937,5,5.225013404276721,1.0,1.0,0.0,1.0
hospital,Kaabong,Dodoth,Kathile,12742.064900636673,3.901564961496171,4,4.139590042642981,1.0,1.0,0.0,1.0
hospital,Kaabong,Dodoth,Kathile South,7863.9232177734375,2.654397870554806,4,2.826413478440951,1.0,1.0,0.0,1.0
hospital,Budaka,Iki-Iki,Katiira,21863.305755615234,2.4302414991614776,4,2.688268927616302,1.0,1.0,0.0,1.0
hospital,Kakumiro,Bugangaizi,Katikara,34990.04666137695,6.682772274536688,10,7.042370900678783,1.0,1.0,0.0,1.0
hospital,Soroti,Soroti,Katine,49267.48077464104,3.8281489270265836,5,4.075647576214858,1.0,1.0,0.0,1.0
hospital,Kyenjojo,Mwenge,Katooke Town Council,20458.905654907227,3.5332439857002176,10,3.688765307556526,1.0,1.0,0.0,1.0
hospital,Kabale,Ndorwa,Katuna Town Council,10951.343688964844,3.711604730677315,4,3.8460346599048125,1.0,1.0,0.0,1.0
hospital,Rubirizi,Bunyaruguru,Katunguru,5313.751313120127,6.139957989046495,10,6.547363533640176,1.0,1.0,0.0,1.0
hospital,Masaka,Masaka Municipality,Katwe-Butego Division,33171.63171386719,0.5831336537071848,4,0.5963046462193677,0.0,0.0,0.0,0.045109716879363444
hospital,Kasese,Busongora,Katwe Kabatoro Town Council,7875.20588684082,3.7993646047754552,4,4.036528648741386,1.0,1.0,0.0,1.0
hospital,Karenga,Dodoth,Kawalakol,6560.730468869209,10.263303456229584,8,11.035417843289975,1.0,1.0,0.0,1.0
hospital,Kampala,KCCA,Kawempe Division,374249.9169921875,0.34423559189855757,4,0.34458431561904257,0.0,0.0,0.0,0.0
hospital,Kapchorwa,Tingey,Kawowo,10555.234420776367,3.222294961683766,5,3.306494185581076,1.0,1.0,0.0,1.0
hospital,Kayunga,Bbaale,Kayonza,67315.78547668457,5.281106713421978,4,5.634719540849797,1.0,1.0,0.0,1.0
hospital,Kazo,Kazo,Kazo,30558.69271850586,5.424332051759453,4,5.7192638427799505,1.0,1.0,0.0,1.0
hospital,Kazo,Kazo,Kazo Town Council,17400.552757263184,5.759625739384201,4,5.970141818415545,1.0,1.0,0.0,1.0
hospital,Rukungiri,Rubabo,Kebisoni,24256.19538116455,2.3364148471866355,4,2.3817463155547784,1.0,1.0,0.0,1.0
hospital,Rukungiri,Rubabo,Kebisoni Town Council,5691.0517578125,2.402364104006041,4,2.4173629036213,1.0,1.0,0.0,1.0
hospital,Yumbe,Aringa,Kei,69414.812084198,3.951557167086426,10,4.22394221265476,1.0,1.0,0.0,1.0
hospital,Ibanda,Ibanda,Keihangara,13847.141708374023,1.8176582844377902,4,1.963129793879305,1.0,1.0,0.0,1.0
hospital,Yumbe,Aringa,Kerwa,35882.39270019531,5.885800645019494,10,6.309738327573711,1.0,1.0,0.0,1.0
hospital,Manafwa,Bubulo,Khabutoola,16639.64633178711,2.9110988824226136,5,2.9644009478255526,1.0,1.0,0.0,1.0
hospital,Namutumba,Busiki,Kibaale,22998.5760345459,6.314904455891506,4,6.587400169003703,1.0,1.0,0.0,1.0
hospital,Kibaale,Buyanja,Kibaale Town Council,9836.241241455078,7.5976401055873,4,8.196378954798867,1.0,1.0,0.0,1.0
hospital,Pallisa,Butebo,Kibale,22366.973175048828,2.0702932898513797,4,2.154934166924053,1.0,1.0,0.0,1.0
hospital,Rakai,Kooki,Kibanda,31652.27509689331,4.500294633350507,4,4.981762058146891,1.0,1.0,0.0,1.0
hospital,Ntungamo,Kajara,Kibatsi,22841.858627319336,2.207090358149867,4,2.297395434181447,1.0,1.0,0.0,1.0
hospital,Bunyangabu,Bunyangabu,Kibiito,22401.53448486328,4.86839680604165,10,5.173101852513344,1.0,1.0,0.0,1.0
hospital,Bunyangabu,Bunyangabu,Kibiito Town Council,17861.209869384766,4.3538455246839405,10,4.645994819349047,1.0,1.0,0.0,1.0
hospital,Bukomansimbi,Bukomansimbi,Kibinge,36636.23008728027,2.579590095750243,4,2.7931047372864772,1.0,1.0,0.0,1.0
hospital,Kiboga,Kiboga,Kiboga Town Council,23830.588500976562,0.3022929167753117,4,0.30624227878039445,0.0,0.0,0.0,0.0
hospital,Kibuku,Kibuku,Kibuku,16671.129791259766,3.574445394819356,4,3.9862918201050626,1.0,1.0,0.0,1.0
hospital,Kibuku,Kibuku,Kibuku Town Council,12113.16976928711,3.653033471738013,4,3.9935195962569767,1.0,1.0,0.0,1.0
hospital,Ntoroko,Ntoroko,Kibuuku Town Council,3165.9907331466675,5.937527458638871,4,6.324801097614966,1.0,1.0,0.0,1.0
hospital,Kitagwenda,Kitagwenda,Kicheche,36477.952545166016,3.2577298417912335,4,3.3801919072299538,1.0,1.0,0.0,1.0
hospital,Rubirizi,Bunyaruguru,Kichwamba,21230.99140319228,5.432279665025079,10,5.706159409166238,1.0,1.0,0.0,1.0
hospital,Ibanda,Ibanda,Kicuzi,20381.76683807373,4.200523770419925,4,4.48754425986572,1.0,1.0,0.0,1.0
hospital,Kabarole,Burahya,Kicwamba,8195.771102905273,2.0627811436934014,4,2.1810683680524385,1.0,1.0,0.0,1.0
hospital,Buyende,Budiope,Kidera,88675.75422239304,10.77015901724901,4,11.263211553757806,1.0,1.0,0.0,1.0
hospital,Serere,Kasilo,Kidetok Town Council,8198.428009033203,6.869073823147731,5,7.42197488158618,1.0,1.0,0.0,1.0
hospital,Rakai,Kooki,Kifamba,17865.84295654297,2.333192475269617,4,2.5826804793395657,1.0,1.0,0.0,1.0
hospital,Kyegegwa,Kyaka,Kigambo,27911.405334472656,7.650513249442909,4,8.203898877370882,1.0,1.0,0.0,1.0
hospital,Kassanda,Kassanda,Kiganda,52696.85908508301,7.470207641808373,4,7.741064265616262,1.0,1.0,0.0,1.0
hospital,Mayuge,Bunya,Kigandalo,32238.547912597656,4.804056019468482,4,5.23474065937462,1.0,1.0,0.0,1.0
hospital,Mubende,Kasambya,Kigando,56207.0691986084,6.484603479254501,4,6.845260727479707,1.0,1.0,0.0,1.0
hospital,Kyenjojo,Mwenge,Kigaraale,32570.5330657959,4.835051022729211,10,5.0838026341231375,1.0,1.0,0.0,1.0
hospital,Sheema,Sheema,Kigarama,24754.822784423828,5.63687631156978,4,5.842179735691936,1.0,1.0,0.0,1.0
hospital,Hoima,Bugahya,Kigorobya,92070.85977375507,4.865094689634058,4,5.072409722662402,1.0,1.0,0.0,1.0
hospital,Hoima,Bugahya,Kigorobya Town Council,11489.255432128906,4.320182261315304,4,4.480056118668502,1.0,1.0,0.0,1.0
hospital,Kiryandongo,Kibanda,Kigumba,57823.981842041016,3.172709512543875,4,3.260573371784265,1.0,1.0,0.0,1.0
hospital,Kiryandongo,Kibanda,Kigumba Town Council,24563.026763916016,2.153709483515998,9,2.1595716380187935,1.0,1.0,0.0,1.0
hospital,Kanungu,Kinkizi,Kihihi,21548.8174610734,4.962333855782925,10,5.106355498680387,1.0,1.0,0.0,1.0
hospital,Kanungu,Kinkizi,Kihiihi Town Council,23542.057342529297,2.4493435084440205,10,2.577829628592588,1.0,1.0,0.0,1.0
hospital,Buliisa,Buliisa,Kihungya,17313.819984436035,6.742245889735621,4,7.1029394896466185,1.0,1.0,0.0,1.0
hospital,Kyenjojo,Mwenge,Kihuura,43654.30553436279,4.069299426090249,10,4.222729491315344,1.0,1.0,0.0,1.0
hospital,Kakumiro,Bugangaizi,Kijangi,16003.566284179688,9.643873209630028,4,10.287917506391773,1.0,1.0,0.0,1.0
hospital,Ibanda,Ibanda,Kijongo,9869.09439086914,4.3348693191612435,4,4.601744763184099,1.0,1.0,0.0,1.0
hospital,Kabarole,Burahya,Kijura Town Council,11068.85842514038,4.836048519768822,10,5.18475748384138,1.0,1.0,0.0,1.0
hospital,Kiruhura,Nyabushozi,Kikaatsi,24533.955911636353,4.2551443270617035,4,4.54582184045246,1.0,1.0,0.0,1.0
hospital,Isingiro,Isingiro,Kikagate,66781.29647064209,8.6895519309214,4,9.065213678767087,1.0,1.0,0.0,1.0
hospital,Mityana,Mityana,Kikandwa,35717.35859680176,5.512836555391861,4,5.86714591855456,1.0,1.0,0.0,1.0
hospital,Kabarole,Burahya,Kiko Town Council,15092.615600585938,1.6375214988482776,10,1.6877362504972047,0.923456682946385,0.923456682946385,0.0,0.969610645475288
hospital,Kikuube,Buhaguzi,Kikuube Town Council,25110.394874572754,4.12693872852385,10,4.270301603720333,1.0,1.0,0.0,1.0
hospital,Kakumiro,Bugangaizi,Kikwaya,18402.511932373047,8.448000804513663,4,8.954434670294608,1.0,1.0,0.0,1.0
hospital,Luwero,Bamunanika,Kikyusa,43320.7251701355,5.295196237015427,4,5.836388494702862,1.0,1.0,0.0,1.0
hospital,Masaka,Masaka Municipality,Kimaanya-Kyabakuza Division,44994.53909301758,0.3399281235766541,4,0.34272761992491985,0.0,0.0,0.0,0.0
hospital,Masindi,Buruuli,Kimengo,18462.64506673813,5.792561352491142,4,6.106821683763717,1.0,1.0,0.0,1.0
hospital,Kanungu,Kinkizi,Kinaaba,9726.85205078125,3.349295501514648,4,3.5526624523548422,1.0,1.0,0.0,1.0
hospital,Nakaseke,Nakaseke,Kinoni,8117.299370288849,9.551966397320909,4,10.206846965100636,1.0,1.0,0.0,1.0
hospital,Kiruhura,Nyabushozi,Kinoni,27419.99320793152,4.129354215552578,4,4.4143846193164755,1.0,1.0,0.0,1.0
hospital,Rwampara,Rwampara,Kinoni Town Council,18175.98583984375,4.140606734319797,4,4.266607777009901,1.0,1.0,0.0,1.0
hospital,Lyantonde,Kabula,Kinuuka,11409.292097091675,3.2835462110001297,4,3.4443071363433453,1.0,1.0,0.0,1.0
hospital,Kasese,Bukonjo,Kinyamasrke Town Council,12223.386611938477,1.5064734257955732,4,1.5508801191024966,0.9817126057722674,0.9817126057722674,0.0,1.0
hospital,Nakaseke,Nakaseke,Kinyogoga,15195.532357215881,8.587598088226576,4,9.09471492054672,1.0,1.0,0.0,1.0
hospital,Wakiso,Kira Municipality,Kira Division,191983.50708007812,1.8239161792287297,4,1.8604294559356365,0.9415058878965465,0.9415058878965465,0.0,0.9624764494534084
hospital,Kibuku,Kibuku,Kirika,14919.624206542969,3.97315476310835,4,4.477677373360584,1.0,1.0,0.0,1.0
hospital,Kween,Kween,Kiriki,4218.087749481201,3.8754818383672953,5,4.276501457655122,1.0,1.0,0.0,1.0
hospital,Mpigi,Mawokota,Kiringente,27984.811752319336,3.482942029202967,4,3.6746291075835518,1.0,1.0,0.0,1.0
hospital,Rubirizi,Bunyaruguru,Kirugu,13172.30103111267,5.8818094400445275,10,6.2538785592374815,1.0,1.0,0.0,1.0
hospital,Kiruhura,Nyabushozi,Kiruhura Town Council,7432.763557434082,3.137890731340721,4,3.2948027908327644,1.0,1.0,0.0,1.0
hospital,Kisoro,Bufumbira,Kirundo,5505.859222412109,2.332027148085027,11,2.5306415191405445,1.0,1.0,0.0,1.0
hospital,Kiryandongo,Kibanda,Kiryandongo Town Council,6891.797180175781,0.3117853776663767,9,0.3151612821982863,0.0,0.0,0.0,0.0
hospital,Kagadi,Buyaga,Kiryanga,37347.86525726318,7.047590375996123,4,7.3199497828861135,1.0,1.0,0.0,1.0
hospital,Lwengo,Bukoto,Kisekka,57826.395362854004,3.3913214209007596,4,3.6677674199615353,1.0,1.0,0.0,1.0
hospital,Kakumiro,Bugangaizi,Kisiita,34289.3037109375,8.53146835978198,4,9.050087104026275,1.0,1.0,0.0,1.0
hospital,Kakumiro,Bugangaizi,Kisiita Town Council,19285.297561645508,7.3311074473394955,10,7.756846962396101,1.0,1.0,0.0,1.0
hospital,Kaliro,Bulamogi,Kisinda,12760.999038696289,3.4617439290237333,4,3.9557651929027813,1.0,1.0,0.0,1.0
hospital,Kyenjojo,Mwenge,Kisojo,29151.419120788574,3.994144610491159,10,4.18525382561053,1.0,1.0,0.0,1.0
hospital,Tororo,West Budama (Kisolo),Kisoko,22579.177703857422,1.799705960893562,4,2.0474431197837184,1.0,1.0,0.0,1.0
hospital,Bunyangabu,Bunyangabu,Kisomoro,28472.744049072266,3.65059290480829,4,3.901894418504485,1.0,1.0,0.0,1.0
hospital,Kamuli,Buzaaya,Kisozi,35451.99105834961,3.331465499473445,4,3.5958290450236765,1.0,1.0,0.0,1.0
hospital,Sheema,Sheema,Kitagata Town Council,13055.143524169922,0.37473251458828477,4,0.3875606799708494,0.0,0.0,0.0,0.08345539470666166
hospital,Kakumiro,Bugangaizi,Kitaihuka,20085.324577331543,9.226016568242363,4,9.800504189278495,1.0,1.0,0.0,1.0
hospital,Bukomansimbi,Bukomansimbi,Kitanda,33109.0287399292,4.9526415999807245,4,5.429110448658313,1.0,1.0,0.0,1.0
hospital,Kween,Kween,Kitawoi,11248.689037322998,2.533807794824244,5,2.631473472073612,1.0,1.0,0.0,1.0
hospital,Mubende,Buwekula,Kitenga,85907.32238769531,4.79941891067596,4,5.009781474495535,1.0,1.0,0.0,1.0
hospital,Kitgum,Chua,Kitgum Matidi,21564.948579788208,3.7060008458283336,7,3.843996716954843,1.0,1.0,0.0,1.0
hospital,Kasese,Bukonjo,Kitholhu,19781.072784423828,2.1404544655364206,4,2.242532245491627,1.0,1.0,0.0,1.0
hospital,Kayunga,Bbaale,Kitimbwa,59293.31859207153,3.473729535693017,4,3.759114764714496,1.0,1.0,0.0,1.0
hospital,Nakaseke,Nakaseke,Kito,13072.402034759521,2.8770766562811496,4,3.134990837593157,1.0,1.0,0.0,1.0
hospital,Hoima,Bugahya,Kitoba,49083.31131744385,2.712012636119554,10,2.797553140837887,1.0,1.0,0.0,1.0
hospital,Kasese,Busongora,Kitswamba,25872.848083496094,5.186473829790946,10,5.525458891605944,1.0,1.0,0.0,1.0
hospital,Kassanda,Kassanda,Kitumbi,80562.95777130127,5.193650688177395,4,5.5749033290810095,1.0,1.0,0.0,1.0
hospital,Kiruhura,Nyabushozi,Kitura,21626.18263244629,3.0654381706775093,4,3.3091595959338256,1.0,1.0,0.0,1.0
hospital,Kibuku,Kibuku,Kituti,11474.453216552734,3.0437238084404132,4,3.3007148753857765,1.0,1.0,0.0,1.0
hospital,Ntungamo,Ruhaama,Kitwe Town Council,22359.30361175537,5.723166583308101,4,6.1165448167188785,1.0,1.0,0.0,1.0
hospital,Mayuge,Bunya,Kityerera,63168.89307022095,4.665578620322247,4,5.20261229110254,1.0,1.0,0.0,1.0
hospital,Nakaseke,Nakaseke,Kiwoko Town Council,14165.168502807617,0.42450445233288087,4,0.4381306391302846,0.0,0.0,0.0,0.020089428840674706
hospital,Mitooma,Ruhinda,Kiyanga,23288.806640625,3.7998036184016404,10,4.0156272769106405,1.0,1.0,0.0,1.0
hospital,Bunyangabu,Bunyangabu,Kiyombya,12478.683135986328,3.001281877772835,10,3.2055527027698436,1.0,1.0,0.0,1.0
hospital,Mubende,Buwekula,Kiyuni,27923.364707946777,2.3984709501638997,10,2.587330231970911,1.0,1.0,0.0,1.0
hospital,Rakai,Kooki,Kiziba,25726.553466796875,4.661946393563978,4,5.1214301011958785,1.0,1.0,0.0,1.0
hospital,Kikuube,Buhaguzi,Kiziranfumbi,24388.302444458008,5.17348590640602,10,5.333203911789089,1.0,1.0,0.0,1.0
hospital,Kaberamaido,Kaberamaido,Kobulubulu,25862.242906332016,4.963502409152116,9,5.444393439169306,1.0,1.0,0.0,1.0
hospital,Nwoya,Nwoya,Koch-Goma,23263.043170928955,3.3578560254380427,8,3.6005035545612496,1.0,1.0,0.0,1.0
hospital,Yumbe,Aringa,Kochi,62356.11643028259,4.032594107039118,10,4.259291045330064,1.0,1.0,0.0,1.0
hospital,Kole,Kole,Kole Town Council,12241.50072479248,4.7155094556628745,8,4.953164035859423,1.0,1.0,0.0,1.0
hospital,Bukedea,Bukedea,Kolir,43300.32772064209,4.572280709148917,5,4.939821426770541,1.0,1.0,0.0,1.0
hospital,Mukono,Mukono,Koome Island,21016.372079730034,,1,,1.0,1.0,0.0,1.0
hospital,Kotido,Jie,Kotido,17705.43284034729,9.409515095761504,8,10.485622557639884,1.0,1.0,0.0,1.0
hospital,Agago,Agago,Kotomol,14503.837968826294,7.793302303940195,7,8.856107218745617,1.0,1.0,0.0,1.0
hospital,Nebbi,Padyere,Kucwiny,40536.45157814026,2.9026490116711616,10,3.0205374491434713,0.9712767826126425,0.9712767826126425,0.0,0.9791265042145878
hospital,Amuria,Amuria,Kuju,23744.74599456787,7.320602098477693,5,7.964820560247169,1.0,1.0,0.0,1.0
hospital,Koboko,Koboko,Kuluba,51236.81588745117,3.7655780324647075,10,3.956474864167934,1.0,1.0,0.0,1.0
hospital,Kween,Kween,Kwanyiy,13879.410926818848,3.0571911793254074,5,3.3920241881805118,1.0,1.0,0.0,1.0
hospital,Dokolo,Dokolo,Kwera,17822.11088705063,5.484352577690872,9,5.9950317325508475,1.0,1.0,0.0,1.0
hospital,Kween,Kween,Kwosir,18911.15717315674,3.3075646846261897,5,3.436223795328,1.0,1.0,0.0,1.0
hospital,Rubirizi,Bunyaruguru,Kyabakara,19222.22201538086,6.711596870149109,4,7.189137642543627,1.0,1.0,0.0,1.0
hospital,Kasese,Busongora,Kyabarungira,18495.71795654297,5.787414421023318,10,6.188320702662622,1.0,1.0,0.0,1.0
hospital,Hoima,Bugahya,Kyabigambire,57827.21684265137,3.595291982017409,10,3.7118156539432543,1.0,1.0,0.0,1.0
hospital,Bushenyi,Igara,Kyabugimbi,21923.53353881836,3.551461267010328,4,3.6486731590125063,1.0,1.0,0.0,1.0
hospital,Kagadi,Buyaga,Kyakabadiima,14085.73876953125,2.433892924686409,4,2.6102299591979006,1.0,1.0,0.0,1.0
hospital,Rakai,Kooki,Kyalulangira,34641.88535499573,3.322867138046146,4,3.6904839522085062,1.0,1.0,0.0,1.0
hospital,Bunyangabu,Bunyangabu,Kyamukube Town Council,14770.940994262695,3.2421675422008107,4,3.469886380335131,1.0,1.0,0.0,1.0
hospital,Kalungu,Kalungu,Kyamulibwa,31027.30436706543,3.5983792617970916,4,3.96431681087884,1.0,1.0,0.0,1.0
hospital,Kalungu,Kalungu,Kyamulibwa Town Council,7700.393310546875,3.572489043625595,4,3.92085067322698,1.0,1.0,0.0,1.0
hospital,Kalangala,Kyamuswa,Kyamuswa,6384.384218335152,,1,,1.0,1.0,0.0,1.0
hospital,Kyenjojo,Mwenge,Kyamutunzi Town Council,8211.545425415039,2.8830876753138486,4,2.975847903807745,1.0,1.0,0.0,1.0
hospital,Kagadi,Buyaga,Kyanaisoke,23372.761993408203,2.4115746678012773,4,2.564628466585797,1.0,1.0,0.0,1.0
hospital,Masaka,Bukoto,Kyanamukaaka,39890.512998104095,3.0290448228119997,4,3.3032726324388997,1.0,1.0,0.0,1.0
hospital,Kikuube,Buhaguzi,Kyangwali,135665.06194591522,6.358362866701043,4,6.8307494908494135,1.0,1.0,0.0,1.0
hospital,Sheema,Sheema,Kyangyenyi,13676.06071472168,5.2043328652990715,4,5.409878237951354,1.0,1.0,0.0,1.0
hospital,Kyankwanzi,Kiboga,Kyankwanzi,7482.097409248352,6.903916382220531,4,7.349473118145766,1.0,1.0,0.0,1.0
hospital,Kyankwanzi,Kiboga,Kyankwanzi Town Council,9270.121963500977,7.191312408515034,4,7.786077241268601,1.0,1.0,0.0,1.0
hospital,Kyenjojo,Mwenge,Kyarusozi,55198.02194213867,4.48319129255803,4,4.790604050579784,1.0,1.0,0.0,1.0
hospital,Kyenjojo,Mwenge,Kyarusozi Town Council,17537.857986450195,3.8552215841704136,10,4.1025195170360105,1.0,1.0,0.0,1.0
hospital,Kagadi,Buyaga,Kyaterekera,35585.67253112793,4.792481976702501,4,5.18500086665754,1.0,1.0,0.0,1.0
hospital,Lwengo,Bukoto,Kyazanga,40892.922775268555,4.158721879185439,4,4.427582275207583,1.0,1.0,0.0,1.0
hospital,Lwengo,Bukoto,Kyazanga Town Council,16226.855010986328,3.7853501083770906,4,3.949765797948655,1.0,1.0,0.0,1.0
hospital,Kibaale,Buyanja,Kyebando,14072.469627380371,7.721701877057035,4,8.325677171280349,1.0,1.0,0.0,1.0
hospital,Kyotera,Kyotera,Kyebe,20961.067823946476,8.049002268861036,4,8.980348946468917,1.0,1.0,0.0,1.0
hospital,Kyegegwa,Kyaka,Kyegegwa Town Council,31992.420616149902,7.562975674734245,4,7.931448258073534,1.0,1.0,0.0,1.0
hospital,Gomba,Gomba,Kyegonza,36084.57013940811,4.0393034288900465,4,4.369369918009494,1.0,1.0,0.0,1.0
hospital,Bushenyi,Igara,Kyeizooba,23719.611373901367,2.9877743280289337,4,3.0846543775368462,1.0,1.0,0.0,1.0
hospital,Kyenjojo,Mwenge,Kyembogo,25338.522857666016,4.361757727226278,4,4.656581929718681,1.0,1.0,0.0,1.0
hospital,Wakiso,Busiro,Kyengera Town Council,324653.2867279053,1.8922551811613533,4,1.918450953050296,0.9854002075468243,0.9854002075468243,0.0,0.9854002075468243
hospital,Kagadi,Buyaga,Kyenzige,24076.21336364746,1.7547801486339016,4,1.8331561640587617,1.0,1.0,0.0,1.0
hospital,Masaka,Bukoto,Kyesiiga,31201.597490906715,3.4373834992006596,4,3.8170764304933034,1.0,1.0,0.0,1.0
hospital,Kasese,Bukonjo,Kyondo,30954.107627868652,2.866608254016532,4,3.1288186118851886,1.0,1.0,0.0,1.0
hospital,Kyotera,Kyotera,Kyotera Town Council,12066.96142578125,2.6258163266238594,4,2.7539179459759007,1.0,1.0,0.0,1.0
hospital,Serere,Kasilo,Labori,26725.162882328033,10.04146921815363,5,11.138180457689414,1.0,1.0,0.0,1.0
hospital,Kitgum,Chua,Lagoro,20763.482530593872,5.297269672978537,8,5.61188700736556,1.0,1.0,0.0,1.0
hospital,Pader,Aruu,Laguti,15296.322913646698,6.332303142175404,8,6.857246650975641,1.0,1.0,0.0,1.0
hospital,Omoro,Omoro,Lakwana,15261.200939178467,5.065932744577845,8,5.333318979756338,1.0,1.0,0.0,1.0
hospital,Omoro,Omoro,Lalogi,22387.094228744507,5.924097510839878,8,6.376040331354702,1.0,1.0,0.0,1.0
hospital,Agago,Agago,Lamiyo,10468.913122177124,8.455048179262182,8,9.480726437049515,1.0,1.0,0.0,1.0
hospital,Lamwo,Lamwo,Lamwo Town Council,8454.890438079834,7.481604455324892,7,7.901006991806643,1.0,1.0,0.0,1.0
hospital,Agago,Agago,Lapono,26585.621218681335,3.6118705181848862,8,4.041651339422692,1.0,1.0,0.0,1.0
hospital,Pader,Aruu,Lapul,24172.18411064148,8.289120910804174,8,8.989816374683572,1.0,1.0,0.0,1.0
hospital,Gulu,Gulu Municipality,Laroo Division,37517.43884277344,0.523100149433239,8,0.5301092396202821,0.0,0.0,0.0,0.03353748980385453
hospital,Moyo,Moyo,Laropi,8859.96650505066,2.9643032832728236,8,3.1939042065750067,1.0,1.0,0.0,1.0
hospital,Pader,Aruu,Latanya,19356.80962562561,4.324681741065867,8,4.65561208001155,1.0,1.0,0.0,1.0
hospital,Gulu,Gulu Municipality,Layibi Division,51124.70129394531,0.514663602559704,8,0.5157015343207313,0.03153349958567363,0.03153349958567363,0.0,0.03153349958567363
hospital,Moyo,Moyo,Lefori,12832.509712219238,3.650951380428677,8,3.8716126538787985,1.0,1.0,0.0,1.0
hospital,Nwoya,Nwoya,Lii,49062.01354408264,5.571183121111084,8,5.955350198637273,1.0,1.0,0.0,1.0
hospital,Agago,Agago,Lira Palwo,18902.872484207153,6.899183739897909,8,7.717194977949798,1.0,1.0,0.0,1.0
hospital,Karenga,Dodoth,Lobalangit,6913.970975399017,9.567345476267755,8,10.47282833259593,1.0,1.0,0.0,1.0
hospital,Yumbe,Aringa,Lodonga,50785.37648010254,2.847118719479837,10,3.0505950069776655,1.0,1.0,0.0,1.0
hospital,Arua,Vurra,Logiri,47717.435649871826,5.1929244946045,10,5.55083938035419,1.0,1.0,0.0,1.0
hospital,Agago,Agago,Lokole,20121.814447402954,4.462471297161112,8,4.947747783144656,1.0,1.0,0.0,1.0
hospital,Karenga,Dodoth,Lokori,6348.285773277283,11.836786343713701,8,12.724400537505408,1.0,1.0,0.0,1.0
hospital,Lamwo,Lamwo,Lokung,18702.72011566162,9.904825975965272,7,10.435870692639357,1.0,1.0,0.0,1.0
hospital,Nabilatuk,Pian,Lolachat,48989.2135181427,9.164744237044744,8,10.153241047313642,1.0,1.0,0.0,1.0
hospital,Kaabong,Dodoth,Lolelia,6503.145287156105,4.208064319333058,8,4.560333445788706,1.0,1.0,0.0,1.0
hospital,Namayingo,Bukooli,Lolwe,18941.22131919861,,1,,1.0,1.0,0.0,1.0
hospital,Nakapiripirit,Chekwi,Loregae,27009.0094165802,8.277082468440312,5,9.1769686212376,1.0,1.0,0.0,1.0
hospital,Napak,Bokora,Lorengecora,16348.354845046997,6.075765836024958,4,6.533003624540084,1.0,1.0,0.0,1.0
hospital,Nabilatuk,Pian,Lorengedwat,11843.317299842834,5.334128990694912,4,5.817960542473901,1.0,1.0,0.0,1.0
hospital,Oyam,Oyam,Loro,72454.9116973877,3.3111041357299555,8,3.4462279827479336,1.0,1.0,0.0,1.0
hospital,Amudat,Pokot,Loroo,45211.66734313965,4.951497540110975,4,5.380078754590758,1.0,1.0,0.0,1.0
hospital,Kaabong,Dodoth,Lotim,5933.07596206665,3.348366175463104,4,3.5682519014019003,1.0,1.0,0.0,1.0
hospital,Napak,Bokora,Lotome,25460.117345809937,4.717350948541176,4,5.121135128734685,1.0,1.0,0.0,1.0
hospital,Abim,Labwor,Lotukei,22199.19548034668,3.6040227419892124,8,3.8692690543443145,1.0,1.0,0.0,1.0
hospital,Kaabong,Dodoth,Loyoro,4125.7807467877865,6.523525268836735,4,7.010862672974965,1.0,1.0,0.0,1.0
hospital,Buvuma,Buvuma Island,Lubya,10022.076751708984,,1,,1.0,1.0,0.0,1.0
hospital,Koboko,Koboko,Ludara,45142.482288360596,3.7444469523255965,10,3.964282370087828,1.0,1.0,0.0,1.0
hospital,Ssembabule,Mawogola,Lugusulu,41311.28746986389,9.122757224252661,4,9.826631122812493,1.0,1.0,0.0,1.0
hospital,Kalungu,Kalungu,Lukaya Town Council,28403.794967651367,3.84425202792247,4,4.191312529868531,1.0,1.0,0.0,1.0
hospital,Mbale,Bungokho,Lukhonge,13257.602783203125,3.621180622151942,4,3.90605665159974,1.0,1.0,0.0,1.0
hospital,Busia,Samia-Bugwe,Lumino,11148.760009765625,2.40333384058663,4,2.492689052905973,1.0,1.0,0.0,1.0
hospital,Nwoya,Nwoya,Lungulu,47646.99034905434,6.371947992511887,8,6.843208247157242,1.0,1.0,0.0,1.0
hospital,Busia,Samia-Bugwe,Lunyo,19909.094680786133,3.424774273441152,4,3.7494111719931618,1.0,1.0,0.0,1.0
hospital,Bulambuli,Bulambuli,Lusha,18635.20068359375,3.9993998746963326,5,4.231331105397117,1.0,1.0,0.0,1.0
hospital,Luuka,Luuka,Luuka Town Council,13688.729431152344,4.503624134180355,4,4.876745088761339,1.0,1.0,0.0,1.0
hospital,Luwero,Katikamu,Luwero Town Council,50664.201416015625,1.7640589211764908,4,1.9386923941317868,1.0,1.0,0.0,1.0
hospital,Kalungu,Kalungu,Lwabenge,39599.38869857788,5.1229104643776635,4,5.654308097773979,1.0,1.0,0.0,1.0
hospital,Nakasongola,Buruli,Lwabiyata,20534.703984975815,10.814698946424844,4,11.669789402612409,1.0,1.0,0.0,1.0
hospital,Buvuma,Buvuma Island,Lwajje,6911.535118103027,,1,,1.0,1.0,0.0,1.0
hospital,Namisindwa,Bubulo,Lwakhakha Town Council,6904.506774902344,4.554936291798406,4,5.00654376970081,1.0,1.0,0.0,1.0
hospital,Rakai,Kooki,Lwamaggwa,54652.322023153305,3.7864357641854496,4,4.123325844583417,1.0,1.0,0.0,1.0
hospital,Kiboga,Kiboga,Lwamata,27040.96476173401,3.693333515103561,4,3.835960321022591,1.0,1.0,0.0,1.0
hospital,Kibuku,Kibuku,Lwamata,15006.391357421875,3.556965372228161,4,3.9281357324138004,1.0,1.0,0.0,1.0
hospital,Kiboga,Kiboga,Lwamata Town Council,8709.338088989258,3.5198289818603334,4,3.5354867337071276,1.0,1.0,0.0,1.0
hospital,Nakasongola,Buruli,Lwampanga,38310.56385111809,13.31820687825893,4,14.26307607170065,1.0,1.0,0.0,1.0
hospital,Mbale,Bungokho,Lwasso,13643.369018554688,1.1216045287586638,4,1.1460538554783055,0.6107935367633797,0.6107935367633797,0.0,0.7086917446867053
hospital,Ssembabule,Mawogola,Lwebitakuli,79519.6490020752,6.159894310225638,4,6.5667606378877705,1.0,1.0,0.0,1.0
hospital,Ssembabule,Lwemiyaga,Lwemiyaga,46804.212646484375,8.929567057656023,4,9.437079307191494,1.0,1.0,0.0,1.0
hospital,Lwengo,Bukoto,Lwengo,57686.081771850586,5.069821385256833,4,5.436522547972243,1.0,1.0,0.0,1.0
hospital,Lwengo,Bukoto,Lwengo Town Council,18501.54150390625,4.716012705775836,4,5.127514333949352,1.0,1.0,0.0,1.0
hospital,Buvuma,Buvuma Island,Lyabaana,10899.809926986694,,1,,1.0,1.0,0.0,1.0
hospital,Lyantonde,Kabula,Lyakajura,13371.754159927368,6.179016176061511,4,6.549536755677721,1.0,1.0,0.0,1.0
hospital,Budaka,Budaka,Lyama,24507.555694580078,2.285532931877643,4,2.569895431275276,1.0,1.0,0.0,1.0
hospital,Lyantonde,Kabula,Lyantonde Town Council,16861.14190673828,0.21170614123076492,4,0.21524233945340154,0.0,0.0,0.0,0.0
hospital,Mityana,Busujju,Maanyi,25696.730026483536,3.6777409535743995,4,3.9502629991015494,1.0,1.0,0.0,1.0
hospital,Kagadi,Buyaga,Mabaale,19706.250259399414,3.6821892944293952,4,3.8543718837885175,1.0,1.0,0.0,1.0
hospital,Kagadi,Buyaga,Mabaale Town Council,13407.520278930664,3.4585071876893014,4,3.5485061067582713,1.0,1.0,0.0,1.0
hospital,Kabarole,Burahya,Mabende,17496.21982574463,6.2870919512852526,4,6.744132833347664,1.0,1.0,0.0,1.0
hospital,Bundibugyo,Bughendera,Mabere,4167.213348388672,2.5713596538259345,4,2.797248893401889,1.0,1.0,0.0,1.0
hospital,Gomba,Gomba,Maddu,42457.12720489502,9.015727452691007,4,9.647289334226087,1.0,1.0,0.0,1.0
hospital,Lamwo,Lamwo,Madi Opei,14003.815343379974,10.099596206507924,7,10.519878794910964,1.0,1.0,0.0,1.0
hospital,Mubende,Buwekula,Madudu,50595.70581817627,3.5808434544139813,4,3.847753158589543,1.0,1.0,0.0,1.0
hospital,Namutumba,Busiki,Magada,34756.51708984375,5.063835519345206,4,5.680246358621056,1.0,1.0,0.0,1.0
hospital,Namisindwa,Bubulo,Magale,18340.11083984375,3.426895926870596,5,3.6313306752862142,1.0,1.0,0.0,1.0
hospital,Namisindwa,Bubulo,Magale Town Council,7668.395263671875,3.5179659844243423,5,3.6848591155077415,1.0,1.0,0.0,1.0
hospital,Mayuge,Bunya,Magamaga Town Council,20934.96255493164,1.587435655712877,4,1.7428727880903074,0.9855767953501093,0.9855767953501093,0.0,1.0
hospital,Rubirizi,Bunyaruguru,Magambo,15207.46908569336,4.1916055246270725,10,4.458647753535224,1.0,1.0,0.0,1.0
hospital,Tororo,West Budama (Kisolo),Magola,23461.79278564453,3.1868939712816853,4,3.5650257832567562,1.0,1.0,0.0,1.0
hospital,Katakwi,Toroma,Magoro,23721.053129196167,5.5946197099434425,5,6.080657356729517,1.0,1.0,0.0,1.0
hospital,Kitagwenda,Kitagwenda,Mahyoro,39400.97274231911,6.472604751547644,4,6.754907431171843,1.0,1.0,0.0,1.0
hospital,Busia,Samia-Bugwe,Majanji,21070.156188964844,3.5998466645662734,4,3.714761317243182,1.0,1.0,0.0,1.0
hospital,Kampala,KCCA,Makindye Division,486409.8373031616,0.8406390966124749,4,0.8419025025728029,0.30514995274068,0.30514995274068,0.0,0.32589976959270217
hospital,Kassanda,Kassanda,Makokoto,11004.07783126831,4.38013498561686,4,4.668566479365729,1.0,1.0,0.0,1.0
hospital,Luwero,Katikamu,Makulubita,42734.726806640625,4.259857133693538,4,4.5374868932843055,1.0,1.0,0.0,1.0
hospital,Bugweri,Bugweri,Makuutu,35786.159240722656,3.6914557267038877,4,3.9884433767281324,1.0,1.0,0.0,1.0
hospital,Tororo,Tororo,Malaba Town Council,14151.834838867188,1.7851008691427646,4,2.0259284277434855,1.0,1.0,0.0,1.0
hospital,Mityana,Busujju,Malangala,29355.912284851074,4.197226165069645,4,4.328600764551838,1.0,1.0,0.0,1.0
hospital,Kasese,Busongora,Maliba,58348.92305755615,4.150855620173142,4,4.570383999809173,1.0,1.0,0.0,1.0
hospital,Lwengo,Bukoto,Malongo,44008.46912384033,2.2742950021656987,4,2.3505536992590312,0.8833601431105766,0.8833601431105766,0.0,0.8905990930241329
hospital,Mayuge,Bunya,Malongo,132847.59964179993,6.7338181160405295,4,7.5354579227877725,1.0,1.0,0.0,1.0
hospital,Manafwa,Bubulo,Manafwa Town Council,17930.708618164062,1.9494291459332214,5,2.011764984226701,1.0,1.0,0.0,1.0
hospital,Kassanda,Kassanda,Manyogaseka,15028.05796790123,7.356875484857673,4,7.894947167990389,1.0,1.0,0.0,1.0
hospital,Sironko,Budadiri,Masaba,12925.13330078125,3.201969218399639,5,3.580615043788178,1.0,1.0,0.0,1.0
hospital,Wakiso,Makindye Ssabagabo Municipality,Masajja Division,173317.64516448975,1.5680457673155235,4,1.5813206680785477,1.0,1.0,0.0,1.0
hospital,Jinja,Jinja Municipality,Masese Walukuba,25670.923828125,0.48977799452989323,4,0.4990305121061275,0.0,0.0,0.0,0.0
hospital,Sheema,Sheema,Masheruka,16919.129455566406,5.802417311981101,4,6.171061165832041,1.0,1.0,0.0,1.0
hospital,Sheema,Sheema,Masheruka Town Council,4350.983184814453,5.804497518626082,4,6.151142922653402,1.0,1.0,0.0,1.0
hospital,Bulambuli,Bulambuli,Masiira,15739.456115722656,3.6102979900244243,5,3.9498071958998673,1.0,1.0,0.0,1.0
hospital,Kiryandongo,Kibanda,Masindi Port,12203.342650413513,4.359608850924116,9,4.533362159842657,1.0,1.0,0.0,1.0
hospital,Wakiso,Busiro,Masuliita,17309.858558654785,4.070153565396645,4,4.306813113967953,1.0,1.0,0.0,1.0
hospital,Wakiso,Busiro,Masulita Town Council,23460.49530029297,4.169686207544174,4,4.478286942378912,1.0,1.0,0.0,1.0
hospital,Kibaale,Buyanja,Matale,20117.987106323242,6.417604277791592,4,6.922994954550228,1.0,1.0,0.0,1.0
hospital,Ssembabule,Mawogola,Mateete,67138.81088256836,5.140338322055785,4,5.534101595167221,1.0,1.0,0.0,1.0
hospital,Ssembabule,Mawogola,Mateete Town Council,12823.607482910156,5.709569928598139,4,6.160947235397915,1.0,1.0,0.0,1.0
hospital,Mitooma,Ruhinda,Mayanga,12062.90249633789,2.8159564458877884,4,2.949285301318547,1.0,1.0,0.0,1.0
hospital,Mayuge,Bunya,Mayuge Town Council,23001.04718017578,2.029410136496431,4,2.191401034624233,1.0,1.0,0.0,1.0
hospital,Kabale,Ndorwa,Maziba,24350.722442626953,3.40192646356193,4,3.5796396460910604,1.0,1.0,0.0,1.0
hospital,Kalangala,Kyamuswa,Mazinga,6761.3032376766205,,1,,1.0,1.0,0.0,1.0
hospital,Namutumba,Busiki,Mazuba,30994.23405456543,5.220278297287464,4,5.900259742568688,1.0,1.0,0.0,1.0
hospital,Isingiro,Bukanga,Mbaare,46942.29997634888,9.491475268128735,4,10.291607714987416,1.0,1.0,0.0,1.0
hospital,Kamuli,Buzaaya,Mbulamuti,39612.06684875488,2.7228205625205573,4,2.9109386766874383,1.0,1.0,0.0,1.0
hospital,Tororo,Tororo,Merikit,32042.320831298828,2.642537869451297,4,2.8991291740632916,1.0,1.0,0.0,1.0
hospital,Yumbe,Aringa,Midigo,65036.23221206665,3.7112993766216147,10,4.008078451757107,1.0,1.0,0.0,1.0
hospital,Nakasongola,Buruli,Migeera Town Council,7559.172156333923,12.189846030094428,4,12.711689373681208,1.0,1.0,0.0,1.0
hospital,Masindi,Buruuli,Miirya,26222.341811180115,2.9536866855407404,10,3.106341558519275,1.0,1.0,0.0,1.0
hospital,Ssembabule,Mawogola,Mijwala,37362.961963653564,7.035112535237684,4,7.609271997750995,1.0,1.0,0.0,1.0
hospital,Oyam,Oyam,Minakulu,49146.20373916626,5.461674153906026,8,5.86211479611294,1.0,1.0,0.0,1.0
hospital,Bundibugyo,Bwamba,Mirambi,13535.658111572266,1.720181401063946,4,1.8297138808377544,1.0,1.0,0.0,1.0
hospital,Mitooma,Ruhinda,Mitooma,21560.154357910156,2.8251449133509365,4,2.9746785774018276,1.0,1.0,0.0,1.0
hospital,Mitooma,Ruhinda,Mitooma Town Council,7011.981109619141,2.5863378229216845,4,2.7289860431408326,1.0,1.0,0.0,1.0
hospital,Tororo,Tororo,Molo,24622.695922851562,2.842520220661012,4,3.0816317179541195,1.0,1.0,0.0,1.0
hospital,Nakapiripirit,Chekwi,Moruita,35729.96141242981,5.774014368916108,5,6.364583696942122,1.0,1.0,0.0,1.0
hospital,Abim,Labwor,Morulem,35469.737199783325,3.348201250068588,8,3.7282090407436863,1.0,1.0,0.0,1.0
hospital,Amuria,Amuria,Morungatuny,22972.217742919922,8.405906112820173,8,9.14410906829612,1.0,1.0,0.0,1.0
hospital,Moyo,Moyo,Moyo Town Council,9483.440979003906,0.1403070792631939,8,0.1514605224701361,0.0,0.0,0.0,0.0
hospital,Kween,Kween,Moyok,7046.332733154297,3.6395590491821417,5,3.9474416448104725,1.0,1.0,0.0,1.0
hospital,Kyegegwa,Kyaka,Mpara,75092.72758483887,9.096746239620588,4,9.529836735394348,1.0,1.0,0.0,1.0
hospital,Hoima,Hoima Municipality,Mparo Divison,26142.855880737305,1.5849045459558475,10,1.6190990315626403,0.9799815607464336,0.9799815607464336,0.0,1.0
hospital,Rukiga,Rukiga,Mparo Town Council,6045.972244262695,2.1480347193013394,4,2.273285348888051,1.0,1.0,0.0,1.0
hospital,Kakumiro,Bugangaizi,Mpasaana,35288.6365814209,8.739855760942621,4,9.311477893759132,1.0,1.0,0.0,1.0
hospital,Kagadi,Buyaga,Mpeefu,58312.06946563721,3.3735538124112905,4,3.644115432749793,1.0,1.0,0.0,1.0
hospital,Mpigi,Mawokota,Mpigi Town Council,56034.96708679199,4.399090850135903,4,4.769010179468099,1.0,1.0,0.0,1.0
hospital,Kasese,Bukonjo,Mpondwe-Lhubiriha,52821.70715332031,0.46079874259238,11,0.4646759323470267,0.0,0.0,0.0,0.011715586519708651
hospital,Lyantonde,Kabula,Mpumudde,17991.20601272583,4.081013136248376,4,4.391420664409315,1.0,1.0,0.0,1.0
hospital,Jinja,Jinja Municipality,Mpumudde Division,39015.09193253517,0.3806697489725938,4,0.392951952601753,0.007167001288498896,0.007167001288498896,0.0,0.045341279806546855
hospital,Mukono,Mukono,Mpunge,20825.91028904915,4.904612152399472,4,5.524323611752958,1.0,1.0,0.0,1.0
hospital,Kanungu,Kinkizi,Mpungu,9674.742853164673,2.405003847024099,10,2.543349526612387,1.0,1.0,0.0,1.0
hospital,Mayuge,Bunya,Mpungwe,32743.775177001953,3.2025884009277026,4,3.4398145553279744,1.0,1.0,0.0,1.0
hospital,Kitgum,Chua,Mucwini,25669.1114654541,4.740634202536962,7,4.901207568701745,1.0,1.0,0.0,1.0
hospital,Mpigi,Mawokota,Muduuma,40365.278244018555,3.344414898541679,4,3.5588289804120015,1.0,1.0,0.0,1.0
hospital,Kibaale,Buyanja,Mugarama,17511.192672729492,5.324663553298509,4,5.730495932829391,1.0,1.0,0.0,1.0
hospital,Budaka,Iki-Iki,Mugiti,15148.941589355469,1.7606990219583272,4,1.802427136560817,1.0,1.0,0.0,1.0
hospital,Kalangala,Bujumba,Mugoye,16728.05373388529,,1,,1.0,1.0,0.0,1.0
hospital,Kabarole,Burahya,Mugusu,13638.811218261719,2.288220836080276,4,2.380387765468541,1.0,1.0,0.0,1.0
hospital,Kabarole,Burahya,Mugusu Town Council,15961.96353149414,1.4942094733709097,10,1.532600105398588,0.9613621800089978,0.9613621800089978,0.0,1.0
hospital,Rukiga,Rukiga,Muhanga Town Council,18714.39273071289,1.7616726711182242,4,1.8726795749113747,0.9822911453128857,0.9822911453128857,0.0,1.0
hospital,Kasese,Busongora,Muhokya,26873.939007878304,3.311155269832965,4,3.4505112951539707,1.0,1.0,0.0,1.0
hospital,Rubanda,Rubanda,Muko,44650.926250457764,2.445320844356191,4,2.6246317000496093,1.0,1.0,0.0,1.0
hospital,Kumi,Kumi,Mukongoro,70149.27807235718,2.990788343785964,4,3.3423372318949895,1.0,1.0,0.0,1.0
hospital,Namisindwa,Bubulo,Mukoto,10138.633224487305,2.304479667836603,5,2.556358682074863,1.0,1.0,0.0,1.0
hospital,Ngora,Ngora,Mukura,41939.652769327164,2.715997415403924,5,2.8383066075249244,1.0,1.0,0.0,1.0
hospital,Tororo,West Budama (Kisolo),Mulanda,50717.251052856445,3.321570139728161,4,3.859943782048427,1.0,1.0,0.0,1.0
hospital,Kapchorwa,Tingey,Munarya,7461.800506591797,2.4394448434313674,5,2.6167400295484002,1.0,1.0,0.0,1.0
hospital,Amolatar,Kioga,Muntu,18702.474116802216,4.2961485897674025,9,4.527700624614288,1.0,1.0,0.0,1.0
hospital,Kisoro,Bufumbira,Murora,19279.372756958008,2.2154398971675584,4,2.358993517163703,1.0,1.0,0.0,1.0
hospital,Bugiri,Bukooli,Muterere,35867.147521972656,3.023078522503821,4,3.1851130157635414,1.0,1.0,0.0,1.0
hospital,Namayingo,Bukooli,Mutumba,57791.79338645935,7.215198545388399,4,7.996387482125441,1.0,1.0,0.0,1.0
hospital,Kiryandongo,Kibanda,Mutunda,99767.84467697144,4.120803657488989,8,4.334020972974483,1.0,1.0,0.0,1.0
hospital,Kiboga,Kiboga,Muwanga,22940.71282196045,5.836673019871845,4,6.192806961272007,1.0,1.0,0.0,1.0
hospital,Bulambuli,Bulambuli,Muyembe,8935.436645507812,3.8854418641761987,5,3.961099237973887,1.0,1.0,0.0,1.0
hospital,Rwampara,Rwampara,Mwizi,41732.03300476074,4.283303315868578,4,4.450110678544907,1.0,1.0,0.0,1.0
hospital,Kassanda,Kassanda,Myanzi,30323.287378191948,2.918433560663352,4,3.063177069850147,1.0,1.0,0.0,1.0
hospital,Oyam,Oyam,Myene,34939.269287109375,4.30138234217796,8,4.6725439123201005,1.0,1.0,0.0,1.0
hospital,Bulambuli,Bulambuli,Nabbongo,14622.457702636719,3.789181260000952,5,4.054831628405061,1.0,1.0,0.0,1.0
hospital,Kyotera,Kyotera,Nabigasa,24993.504669189453,2.6675420438347737,4,2.9777209924584858,1.0,1.0,0.0,1.0
hospital,Nabilatuk,Pian,Nabilatuk,38188.76112365723,8.964158023577719,4,9.908508857280298,1.0,1.0,0.0,1.0
hospital,Nabilatuk,Pian,Nabilatuk Town Council,4467.963914871216,8.562763688235698,4,9.459521729664054,1.0,1.0,0.0,1.0
hospital,Mubende,Kasambya,Nabingoola,50918.28428649902,5.079491441677951,4,5.371470985460592,1.0,1.0,0.0,1.0
hospital,Kibuku,Kibuku,Nabiswa,17767.950744628906,4.351976889526858,4,4.810639690831498,1.0,1.0,0.0,1.0
hospital,Nakasongola,Buruli,Nabisweera,21378.845115482807,10.55738735352774,4,11.299773228002834,1.0,1.0,0.0,1.0
hospital,Iganga,Kigulu,Nabitende,36778.095153808594,4.344046307991286,4,4.486760783519732,1.0,1.0,0.0,1.0
hospital,Budaka,Budaka,Naboa,18825.64370727539,1.9378053444917451,4,2.1545230520705223,1.0,1.0,0.0,1.0
hospital,Mbale,Bungokho,Nabumali Town Council,9868.91616821289,2.8625313919603155,4,2.8958503139712772,1.0,1.0,0.0,1.0
hospital,Tororo,West Budama (Kisolo),Nabuyoga,39784.77114868164,3.6185556909683543,4,4.07312106464682,1.0,1.0,0.0,1.0
hospital,Wakiso,Nansana Municipality,Nabweru Division,179650.64208984375,0.29588278585025973,4,0.30133713610378554,0.0,0.0,0.0,0.0
hospital,Namutumba,Busiki,Nabweyo,19822.319244384766,6.939201320066602,4,7.426275005428116,1.0,1.0,0.0,1.0
hospital,Tororo,West Budama (Kisolo),Nagongera,34129.33688354492,2.7410335170562075,4,3.082267580901146,1.0,1.0,0.0,1.0
hospital,Tororo,West Budama (Kisolo),Nagongera Town Council,15564.633819580078,2.8846349683705346,4,3.220657960945207,1.0,1.0,0.0,1.0
hospital,Buvuma,Buvuma Island,Nairambi,29430.801488876343,7.818824751173971,4,8.994422511111976,1.0,1.0,0.0,1.0
hospital,Mbale,Bungokho,Nakaloke Town Council,34744.55480957031,1.0925538942525255,4,1.1006494987668582,0.5933972314463773,0.5933972314463773,0.0,0.6469600731648482
hospital,Kotido,Jie,Nakapelimoru,35735.6135995388,11.503390741634782,8,12.271972850871324,1.0,1.0,0.0,1.0
hospital,Nakapiripirit,Chekwi,Nakapiripirit Town Council,4830.417556762695,5.955233111891229,4,6.487954786961768,1.0,1.0,0.0,1.0
hospital,Nakaseke,Nakaseke,Nakaseke Town Council,9705.512893676758,1.8854767707914475,4,1.9986492840696324,1.0,1.0,0.0,1.0
hospital,Nakasongola,Buruli,Nakasongola Town Council,13452.167434692383,11.43938929745216,4,12.095244870644235,1.0,1.0,0.0,1.0
hospital,Bududa,Manjiya,Nakatsi,16041.15966796875,1.3429160674203138,5,1.4792417665612023,1.0,1.0,0.0,1.0
hospital,Kampala,KCCA,Nakawa Division,378179.35763549805,0.5881906758492075,4,0.5937260694567869,0.05372468484269115,0.05372468484269115,0.0,0.05743638751158089
hospital,Nakasongola,Buruli,Nakitoma,17231.608241558075,8.099924450265256,9,8.580434832873623,1.0,1.0,0.0,1.0
hospital,Manafwa,Bubulo,Nalondo,7869.782196044922,3.3800392086030264,5,3.4984007035489135,1.0,1.0,0.0,1.0
hospital,Sironko,Budadiri,Nalusala,12919.209335327148,2.8160382462890285,4,2.988717401617091,1.0,1.0,0.0,1.0
hospital,Kassanda,Kassanda,Nalutuntu,36926.99167251587,4.911276483365775,4,5.139901728328471,1.0,1.0,0.0,1.0
hospital,Kakumiro,Bugangaizi,Nalweyo,29871.706161499023,7.687143136992644,4,8.090518358630574,1.0,1.0,0.0,1.0
hospital,Namisindwa,Bubulo,Namabya,14776.602478027344,2.5023819424001945,5,2.6354427630307278,1.0,1.0,0.0,1.0
hospital,Bugweri,Bugweri,Namalemba,30977.066848754883,4.230421941408422,4,4.516047580204437,1.0,1.0,0.0,1.0
hospital,Nakapiripirit,Chekwi,Namalu,39362.75489425659,8.077488330270642,5,8.876944718100438,1.0,1.0,0.0,1.0
hospital,Kamuli,Bugabula,Namasagali,44886.71659851074,3.384065869047228,4,3.653223996969798,1.0,1.0,0.0,1.0
hospital,Amolatar,Kioga,Namasale,31126.630904734135,8.048588689557121,9,8.500986469510687,1.0,1.0,0.0,1.0
hospital,Amolatar,Kioga,Namasale Town Council,10126.458161354065,9.274789375446984,9,9.896069056043684,1.0,1.0,0.0,1.0
hospital,Namayingo,Bukooli,Namayingo Town Council,19521.723205566406,4.333333142797445,4,4.674114111270077,1.0,1.0,0.0,1.0
hospital,Wakiso,Busiro,Namayumba,30607.005783081055,5.082899747998639,4,5.351159055910743,1.0,1.0,0.0,1.0
hospital,Wakiso,Busiro,Namayumba Town Council,23769.58155822754,5.79554268148301,4,5.977310355719019,1.0,1.0,0.0,1.0
hospital,Iganga,Kigulu,Nambale,60795.088928222656,4.544581237138285,4,4.632728164632135,1.0,1.0,0.0,1.0
hospital,Kwania,Kwania,Nambieso,64079.74275279045,6.952736244428402,9,7.547923764081908,1.0,1.0,0.0,1.0
hospital,Namisindwa,Bubulo,Namboko,10729.071380615234,2.853691495183995,4,3.2076061409599728,1.0,1.0,0.0,1.0
hospital,Namisindwa,Bubulo,Namisindwa Town Council,6211.546325683594,2.681530628222912,5,2.8193511826725355,1.0,1.0,0.0,1.0
hospital,Bulambuli,Bulambuli,Namisuni,10369.232788085938,3.211637105980933,5,3.3428783231006625,1.0,1.0,0.0,1.0
hospital,Kitgum,Chua,Namokora,17554.537889957428,7.511586249856467,8,8.05387561307476,1.0,1.0,0.0,1.0
hospital,Kaliro,Bulamogi,Namugongo,26394.06640625,6.585766076327104,4,6.987241011659918,1.0,1.0,0.0,1.0
hospital,Iganga,Kigulu,Namungalwe,49474.22277832031,2.4295893005648055,4,2.519269069263756,1.0,1.0,0.0,1.0
hospital,Mityana,Mityana,Namungo,20558.817741394043,4.110689612045044,4,4.381829092202553,1.0,1.0,0.0,1.0
hospital,Namutumba,Busiki,Namutumba,49721.36668395996,4.553636418361445,4,4.90263949328004,1.0,1.0,0.0,1.0
hospital,Namutumba,Busiki,Namutumba Town Council,24579.835388183594,5.535760689943233,4,6.067668237968567,1.0,1.0,0.0,1.0
hospital,Kamuli,Bugabula,Namwendwa,73770.74320983887,3.0619029889353513,4,3.2794301532780024,1.0,1.0,0.0,1.0
hospital,Kaliro,Bulamogi,Namwiwa,23631.863845825195,3.3780107363236316,4,3.82278802559891,1.0,1.0,0.0,1.0
hospital,Kibuku,Kibuku,Nandere,18851.573196411133,3.6508928365501467,4,4.045647802809944,1.0,1.0,0.0,1.0
hospital,Kyotera,Kyotera,Nangoma,2587.7971229553223,10.514004292318774,4,11.588101394741258,1.0,1.0,0.0,1.0
hospital,Namutumba,Busiki,Nangonde,24961.772958755493,5.81577545708678,4,6.545914381248734,1.0,1.0,0.0,1.0
hospital,Bugiri,Bukooli,Nankoma,53860.91598510742,3.221951762312301,4,3.528474492529378,1.0,1.0,0.0,1.0
hospital,Kibuku,Kibuku,Nankondo,13688.355934143066,1.955496544581687,4,2.1967671248270526,1.0,1.0,0.0,1.0
hospital,Wakiso,Nansana Municipality,Nansana Division,241726.380859375,0.5337108995992239,4,0.5374768905902297,0.0,0.0,0.0,0.0
hospital,Budaka,Budaka,Nansanga,13192.459167480469,3.149750386843063,4,3.536958696937481,1.0,1.0,0.0,1.0
hospital,Kaliro,Bulamogi,Nansololo,19995.769638061523,6.920892518499507,4,7.6789301276993776,1.0,1.0,0.0,1.0
hospital,Napak,Bokora,Napak Town Council,2969.396198272705,6.271773565654893,4,6.4443184348744005,1.0,1.0,0.0,1.0
hospital,Karenga,Dodoth,Napore Karenga,5756.107758760452,10.281872408380336,8,11.053339361883667,1.0,1.0,0.0,1.0
hospital,Kaliro,Bulamogi,Nawaikoke,29779.111087799072,6.971587500605114,4,7.775336931043021,1.0,1.0,0.0,1.0
hospital,Luuka,Luuka,Nawampiti,26174.995361328125,3.2303567716045722,4,3.4509184111658278,1.0,1.0,0.0,1.0
hospital,Iganga,Kigulu,Nawandala,40069.70146179199,5.684256104761369,4,5.881303350273718,1.0,1.0,0.0,1.0
hospital,Kamuli,Buzaaya,Nawanyago,30194.13136291504,2.2433415001609314,4,2.3657969591928727,1.0,1.0,0.0,1.0
hospital,Butaleja,Bunyole,Naweyo,28491.393188476562,1.806120683252936,4,2.0011870314508338,1.0,1.0,0.0,1.0
hospital,Kayunga,Ntenjeru,Nazigo,55161.14535522461,2.6146697769127925,4,2.752141728219185,1.0,1.0,0.0,1.0
hospital,Lwengo,Bukoto,Ndagwe,44314.845359802246,3.8216969031521058,4,4.230431579768738,1.0,1.0,0.0,1.0
hospital,Kagadi,Buyaga,Ndaiga,13326.203134775162,5.704423566645806,4,6.137858545298272,1.0,1.0,0.0,1.0
hospital,Rwampara,Rwampara,Ndeija,38763.092655181885,3.022008483243278,4,3.2157949549668956,1.0,1.0,0.0,1.0
hospital,Wakiso,Makindye Ssabagabo Municipality,Ndejje Division,185163.69696044922,1.905794141201999,4,1.9579107307903985,1.0,1.0,0.0,1.0
hospital,Bundibugyo,Bughendera,Nduguto,5101.860061645508,2.3738900751365226,4,2.535398603180774,1.0,1.0,0.0,1.0
hospital,Oyam,Oyam,Ngai,36579.29219818115,6.672699183464293,8,7.2721733168402105,1.0,1.0,0.0,1.0
hospital,Bundibugyo,Bughendera,Ngamba,13799.991912841797,1.985049026516509,4,2.17329131088931,1.0,1.0,0.0,1.0
hospital,Butambala,Butambala,Ngando,21480.059997558594,3.11897761346164,4,3.407527672811556,1.0,1.0,0.0,1.0
hospital,Isingiro,Bukanga,Ngarama,33347.4780960083,8.062731174050306,4,8.276767732045467,1.0,1.0,0.0,1.0
hospital,Katakwi,Katakwi,Ngariam,11482.671779632568,4.813997538565223,8,5.180169522979532,1.0,1.0,0.0,1.0
hospital,Kween,Kween,Ngenge,13977.132230758667,3.6628645975718106,5,4.057598939076345,1.0,1.0,0.0,1.0
hospital,Napak,Bokora,Ngoleriet,20637.330951690674,2.395071540098422,4,2.552282081918936,1.0,1.0,0.0,1.0
hospital,Nakaseke,Nakaseke,Ngoma,10785.244376659393,8.310975903364945,4,8.857257874570903,1.0,1.0,0.0,1.0
hospital,Nakaseke,Nakaseke,Ngoma Town Council,8198.083688735962,8.114365128676168,4,8.588519690441638,1.0,1.0,0.0,1.0
hospital,Ngora,Ngora,Ngora Town Council,17592.893768310547,1.7778229773574965,5,1.9490398098493034,1.0,1.0,0.0,1.0
hospital,Buliisa,Buliisa,Ngwedo,21869.79653453827,2.5778748014958404,10,2.6924772755282063,0.9893874699884028,0.9893874699884028,0.0,0.9893874699884028
hospital,Kyankwanzi,Kiboga,Nkandwa,18943.615234375,4.17762642576789,4,4.461215010015798,1.0,1.0,0.0,1.0
hospital,Buikwe,Buikwe,Nkokonjeru Town Council,11529.112930297852,0.25410854915291986,4,0.2600299932046063,0.0,0.0,0.0,0.0
hospital,Kamwenge,Kibale,Nkoma,50730.04586029053,8.728634917750906,4,9.178582504715816,1.0,1.0,0.0,1.0
hospital,Kamwenge,Kibale,Nkoma Town Council,45771.41719055176,6.878718846369628,10,7.255177479147462,1.0,1.0,0.0,1.0
hospital,Buyende,Budiope,Nkondo,42064.48063707352,8.251811381520806,4,8.694128708669048,1.0,1.0,0.0,1.0
hospital,Kakumiro,Bugangaizi,Nkooko,52944.00360107422,7.270208538034306,4,7.870553211728793,1.0,1.0,0.0,1.0
hospital,Kazo,Kazo,Nkungu,33299.571632385254,8.80824236506681,4,9.336973450872401,1.0,1.0,0.0,1.0
hospital,Ntoroko,Ntoroko,Nombe,339.9867732524872,8.89373270934041,4,9.574168099348443,1.0,1.0,0.0,1.0
hospital,Kotido,Kotido Municipality,North Division,13642.723728179932,10.580854551513509,8,11.426817360336827,1.0,1.0,0.0,1.0
hospital,Kisoro,Kisoro Municipality,Northern,5307.6256103515625,0.2255749969810584,4,0.23167054386411837,0.0,0.0,0.0,0.0
hospital,Iganga,Iganga Municipality,Northern Division,36581.01708984375,0.2508085906089103,4,0.25411093847355015,0.0,0.0,0.0,0.0
hospital,Mbale,Mbale Municipality,Northern Division,49300.377685546875,0.22029178061783322,1,0.22029178061783322,0.0,0.0,0.0,0.0
hospital,Soroti,Soroti Municipality,Northern Division,22283.208251953125,0.4529984158979249,5,0.47123450146679413,0.0,0.0,0.0,0.0
hospital,Moroto,Moroto Municipality,Northern Division,11410.489868164062,0.1580295596749059,4,0.1590935714702839,0.0,0.0,0.0,0.0
hospital,Kabale,Kabale Municipality,Northern Division,13775.705780029297,0.17687889507207885,4,0.181444365133232,0.0,0.0,0.0,0.0
hospital,Koboko,Koboko Municipality,Northern Divison,17478.35498046875,0.24972161264981702,10,0.2575454699024898,0.0,0.0,0.0,0.0
hospital,Kyankwanzi,Kiboga,Nsambya,39020.55854225159,6.467874500499331,10,6.695415219589178,1.0,1.0,0.0,1.0
hospital,Buhweju,Buhweju,Nsiika Town Council,3931.9961853027344,5.518066065863282,4,5.904114749539413,1.0,1.0,0.0,1.0
hospital,Namutumba,Busiki,Nsinze,36710.85806274414,5.717573334033183,4,6.052141595604569,1.0,1.0,0.0,1.0
hospital,Bundibugyo,Bughendera,Ntandi Town Council,3926.9510803222656,3.0922406870443395,4,3.3149231798954704,1.0,1.0,0.0,1.0
hospital,Kitagwenda,Kitagwenda,Ntara,23440.351760864258,5.930760339712374,4,6.255646638562784,1.0,1.0,0.0,1.0
hospital,Kitagwenda,Kitagwenda,Ntara Kichwamba Town Council,16693.558700561523,5.328932971157634,4,5.668022863157309,1.0,1.0,0.0,1.0
hospital,Mukono,Mukono,Ntenjeru,54706.09110850096,2.744785698664498,4,3.0348412739699864,1.0,1.0,0.0,1.0
hospital,Bundibugyo,Bughendera,Ntotoro,22565.700689315796,2.6112198844269243,4,2.7400110047568367,1.0,1.0,0.0,1.0
hospital,Ssembabule,Lwemiyaga,Ntuusi,31807.20078086853,8.983786883644957,4,9.537641607896111,1.0,1.0,0.0,1.0
hospital,Kyankwanzi,Kiboga,Ntwetwe,25598.085815429688,4.048305699187999,4,4.37211670512709,1.0,1.0,0.0,1.0
hospital,Kyankwanzi,Kiboga,Ntwetwe Town Council,13589.630950927734,4.563837115843628,4,4.918590569493226,1.0,1.0,0.0,1.0
hospital,Kitagwenda,Kitagwenda,Nyabbani,28235.303421020508,6.478513912029965,4,6.682087418373939,1.0,1.0,0.0,1.0
hospital,Ntungamo,Kajara,Nyabihoko,26311.539142608643,3.758793995507324,11,3.885517502943604,1.0,1.0,0.0,1.0
hospital,Kyenjojo,Mwenge,Nyabiringo,13202.58869934082,4.2439251613914895,10,4.502469761371679,1.0,1.0,0.0,1.0
hospital,Kyenjojo,Mwenge,Nyabuharwa,33374.45195770264,3.0188804295671092,10,3.2020034986406767,1.0,1.0,0.0,1.0
hospital,Ibanda,Ibanda,Nyabuhikye,3267.409538269043,2.0619106863986603,4,2.2119127584976614,1.0,1.0,0.0,1.0
hospital,Kisoro,Bufumbira,Nyabwishenya,18049.305694580078,3.231214136309899,10,3.517215524506429,1.0,1.0,0.0,1.0
hospital,Bundibugyo,Bwamba,Nyahuka Town Council,16771.36993408203,1.792936834861319,4,1.900745662575998,1.0,1.0,0.0,1.0
hospital,Bushenyi,Bushenyi Municipality,Nyakabirizi Division,9626.295677185059,1.9474975528348692,4,1.9834878730035463,1.0,1.0,0.0,1.0
hospital,Kasese,Bukonjo,Nyakatonzi,36412.944343566895,2.8391303107017034,4,2.9330483932894866,1.0,1.0,0.0,1.0
hospital,Kanungu,Kinkizi,Nyakinoni,12226.726936340332,2.2184749887393322,4,2.298427723550879,1.0,1.0,0.0,1.0
hospital,Buhweju,Buhweju,Nyakishana,24718.292861938477,5.797496268362349,4,6.156900547688261,1.0,1.0,0.0,1.0
hospital,Isingiro,Isingiro,Nyakitunda,55352.287101745605,6.294833210890224,4,6.533062044776165,1.0,1.0,0.0,1.0
hospital,Kasese,Bukonjo,Nyakiyumbu,9050.173832535744,1.6083945065203753,4,1.6465292049180966,0.8457091985467055,0.8457091985467055,0.0,0.8637219217530313
hospital,Abim,Labwor,Nyakwae,23727.832263946533,7.019432316028149,8,7.744411207487126,1.0,1.0,0.0,1.0
hospital,Ibanda,Ibanda,Nyamarebe,28075.785285949707,5.804201605717178,4,6.084166996238128,1.0,1.0,0.0,1.0
hospital,Kibaale,Buyanja,Nyamarunda,35960.3106842041,3.8903122270542054,4,4.188825979332091,1.0,1.0,0.0,1.0
hospital,Kibaale,Buyanja,Nyamarwa,30312.967407226562,4.524221506450006,4,4.8721035801909975,1.0,1.0,0.0,1.0
hospital,Kanungu,Kinkizi,Nyamirama,21368.484344482422,2.9747229842306178,4,3.0733391478951644,1.0,1.0,0.0,1.0
hospital,Mbarara,Mbarara Municipality,Nyamitanga Division,34181.029388427734,0.4529277076141394,4,0.46139806837777575,0.0,0.0,0.0,0.0
hospital,Ntungamo,Kajara,Nyamunuka Town Council,2955.5015563964844,4.00498420878725,12,4.077135964851346,1.0,1.0,0.0,1.0
hospital,Isingiro,Isingiro,Nyamuyanja,21841.294326782227,4.200584100574054,4,4.364687499885194,1.0,1.0,0.0,1.0
hospital,Kasese,Kasese Municipality,Nyamwamba Division,68536.845703125,2.265098381629362,10,2.3339074362043997,1.0,1.0,0.0,1.0
hospital,Kanungu,Kinkizi,Nyanga,7546.0041580200195,3.4763312687934396,10,3.643652875418308,1.0,1.0,0.0,1.0
hospital,Kyenjojo,Mwenge,Nyankwanzi,28095.88011932373,3.538095715083951,4,3.694907339880881,1.0,1.0,0.0,1.0
hospital,Masaka,Masaka Municipality,Nyendo-Ssenyange Division,48902.24560546875,0.41745349918797114,4,0.44551471085559885,0.0,0.0,0.0,0.0
hospital,Kumi,Kumi,Nyero,48137.52919006348,2.27352298191234,5,2.4678480310561706,1.0,1.0,0.0,1.0
hospital,Luwero,Katikamu,Nyimbwa,46952.399826049805,4.093308247745117,4,4.295268904283159,1.0,1.0,0.0,1.0
hospital,Mbale,Bungokho,Nyondo,8820.998901367188,2.5269345425011833,5,2.614349132814467,1.0,1.0,0.0,1.0
hospital,Kapelebyong,Kapelebyong,Obalanga,23553.007932662964,10.065847992516929,8,10.871071020397947,1.0,1.0,0.0,1.0
hospital,Obongi,Obongi,Obongi Town Council,2864.94402885437,6.6566886350338255,8,6.993141207843275,1.0,1.0,0.0,1.0
hospital,Kaberamaido,Kaberamaido,Ochero,35480.360781908035,4.338743719986261,9,4.577101329471224,1.0,1.0,0.0,1.0
hospital,Omoro,Omoro,Odek,42940.51627922058,9.41741338981498,8,10.108356541787392,1.0,1.0,0.0,1.0
hospital,Yumbe,Aringa,Odravu,68595.61209869385,2.881442980851287,10,3.0424408811229644,1.0,1.0,0.0,1.0
hospital,Arua,Terego,Odupi,50878.805223464966,5.238594967478349,10,5.558399290973401,1.0,1.0,0.0,1.0
hospital,Madi Okollo,Madi Okollo,Offaka,24615.67914581299,4.365407225230054,8,4.596468255675116,1.0,1.0,0.0,1.0
hospital,Madi Okollo,Madi Okollo,Ogoko,9823.342734336853,7.708772781927622,8,8.33472451488886,1.0,1.0,0.0,1.0
hospital,Amuria,Amuria,Ogolai,19782.72100830078,6.792701472720056,8,7.461867994538594,1.0,1.0,0.0,1.0
hospital,Pader,Aruu,Ogom,13233.6372756958,6.735390222093254,8,7.5375606390834635,1.0,1.0,0.0,1.0
hospital,Otuke,Otuke,Ogor,16597.008533477783,7.791613431094375,7,8.76140403744873,1.0,1.0,0.0,1.0
hospital,Lira,Erute,Ogur,47159.0358581543,4.040945484714918,8,4.2571057115342095,1.0,1.0,0.0,1.0
hospital,Otuke,Otuke,Ogwette,21643.19460105896,5.897892299930873,7,6.391400540773806,1.0,1.0,0.0,1.0
hospital,Lira,Lira Municipality,Ojwina Division,54131.200927734375,0.5022977722412176,8,0.5050156195388867,0.0,0.0,0.0,0.0
hospital,Madi Okollo,Madi Okollo,Okollo,23398.967326164246,5.433962558191462,8,5.637567492578535,1.0,1.0,0.0,1.0
hospital,Kapelebyong,Kapelebyong,Okungur,17285.087781906128,8.576229341270395,7,9.599267424296793,1.0,1.0,0.0,1.0
hospital,Dokolo,Dokolo,Okwalongwen,18621.803649902344,4.030317005883175,8,4.33648988216198,1.0,1.0,0.0,1.0
hospital,Otuke,Otuke,Okwang,30246.982482910156,8.350780712431744,8,8.822897615172868,1.0,1.0,0.0,1.0
hospital,Kole,Kole,Okwerodot,43558.90965270996,3.0490857813895933,8,3.2472833402771806,1.0,1.0,0.0,1.0
hospital,Dokolo,Dokolo,Okwongodul,17184.2354888916,5.1197175292658095,9,5.503359904755171,1.0,1.0,0.0,1.0
hospital,Otuke,Otuke,Olilim,24630.023447990417,6.619741885075414,8,7.362465464842435,1.0,1.0,0.0,1.0
hospital,Serere,Serere,Olio,39144.69779968262,5.62620911911732,5,5.997836762894347,1.0,1.0,0.0,1.0
hospital,Maracha,Maracha,Oluvu,35018.39874267578,2.2801117793547925,10,2.412503899534016,1.0,1.0,0.0,1.0
hospital,Kitgum,Chua,Omiya Anyima,23983.201637268066,6.366049463827834,8,7.05994266117785,1.0,1.0,0.0,1.0
hospital,Agago,Agago,Omiya Pacwa,13804.715677261353,4.9127507618443795,8,5.310636816237854,1.0,1.0,0.0,1.0
hospital,Katakwi,Toroma,Omodoi,21478.414124965668,3.4917085150860294,8,3.6515016578717057,1.0,1.0,0.0,1.0
hospital,Alebtong,Moroto,Omoro,55167.380350112915,9.17989731184829,8,9.781929072700564,1.0,1.0,0.0,1.0
hospital,Omoro,Omoro,Omoro Town Council,27760.54274368286,6.047498923502805,8,6.520910871555539,1.0,1.0,0.0,1.0
hospital,Agago,Agago,Omot,16805.342247009277,8.316749252768947,8,9.208605257605164,1.0,1.0,0.0,1.0
hospital,Arua,Terego,Omugo,58665.605350494385,4.076250052930206,10,4.309970168139401,1.0,1.0,0.0,1.0
hospital,Katakwi,Katakwi,Ongongoja,21457.315212249756,5.748295202157019,8,6.255589097764641,1.0,1.0,0.0,1.0
hospital,Pallisa,Butebo,Opwateta,22240.93473815918,3.2126487822654197,4,3.453056220906811,1.0,1.0,0.0,1.0
hospital,Kitgum,Chua,Orom,32593.79083919525,10.549655168053253,8,11.419334212364124,1.0,1.0,0.0,1.0
hospital,Otuke,Otuke,Orum,17475.75905227661,9.044340461833201,8,10.080362344809727,1.0,1.0,0.0,1.0
hospital,Amuria,Amuria,Orungo,19676.933654785156,5.384492963502283,8,5.895264791167694,1.0,1.0,0.0,1.0
hospital,Otuke,Otuke,Otuke Town Council,5265.343782424927,9.514640858076554,8,10.629709137638946,1.0,1.0,0.0,1.0
hospital,Oyam,Oyam,Otwal,34411.06074523926,8.376942363624945,8,9.089027380527526,1.0,1.0,0.0,1.0
hospital,Oyam,Oyam,Oyam Town Council,15579.420753479004,4.902647078422182,8,5.308737322403016,1.0,1.0,0.0,1.0
hospital,Kagadi,Buyaga,Paacwa,24089.602172851562,5.163436896078456,4,5.301414790113536,1.0,1.0,0.0,1.0
hospital,Amuru,Kilak,Pabo,66769.8394241333,6.733907216106682,8,7.254004422368455,1.0,1.0,0.0,1.0
hospital,Pader,Aruu,Pader,12186.30586051941,10.941051326306383,8,12.065424701982826,1.0,1.0,0.0,1.0
hospital,Pader,Aruu,Pader Town Council,16822.70979309082,7.67681960627141,8,8.548626094310912,1.0,1.0,0.0,1.0
hospital,Lamwo,Lamwo,Padibe East,10823.216095924377,4.609830327229017,7,4.856070023929616,1.0,1.0,0.0,1.0
hospital,Lamwo,Lamwo,Padibe Town Council,11041.646183013916,4.67516230495163,7,4.854923699228031,1.0,1.0,0.0,1.0
hospital,Lamwo,Lamwo,Padibe West,14975.72437286377,4.6111942953577945,7,4.898648388120733,1.0,1.0,0.0,1.0
hospital,Kitgum,Kitgum Municipality,Pager Division,21681.88555908203,0.4245972978207243,7,0.4298741884108826,0.0,0.0,0.0,0.0
hospital,Gulu,Aswa,Paicho,32308.110906600952,5.50434572818743,8,5.667708035721383,1.0,1.0,0.0,1.0
hospital,Zombo,Okoro,Paidha Town Council,38637.20867919922,1.727368981233679,9,1.7900507684676252,1.0,1.0,0.0,1.0
hospital,Agago,Agago,Paimol,25141.976912498474,2.6753473560678187,8,2.970766036018144,1.0,1.0,0.0,1.0
hospital,Pader,Aruu,Pajule,24732.685819625854,7.577805931626694,8,8.257265800304406,1.0,1.0,0.0,1.0
hospital,Pakwach,Jonam,Pakwach,31794.11586201191,6.274925215553133,10,6.560377726861378,1.0,1.0,0.0,1.0
hospital,Pakwach,Jonam,Pakwach Town Council,28172.79815196991,7.9161650245811375,10,8.014249035235345,1.0,1.0,0.0,1.0
hospital,Lamwo,Lamwo,Palabek Gem,16773.91311597824,6.726384859742626,8,7.110326784379163,1.0,1.0,0.0,1.0
hospital,Lamwo,Lamwo,Palabek Kal,17655.6967086792,8.528869470915298,8,8.977753001949152,1.0,1.0,0.0,1.0
hospital,Lamwo,Lamwo,Palabek Ogili,11274.560351133347,11.517776203829264,8,12.179090261616032,1.0,1.0,0.0,1.0
hospital,Katakwi,Katakwi,Palam,17244.84257221222,4.509346987735948,8,4.720423862346322,1.0,1.0,0.0,1.0
hospital,Gulu,Aswa,Palaro,16526.567263126373,8.494994273628887,8,9.417327567580712,1.0,1.0,0.0,1.0
hospital,Lamwo,Lamwo,Paloga,11768.521068572998,6.989411351369464,7,7.417173696504068,1.0,1.0,0.0,1.0
hospital,Kitgum,Kitgum Municipality,Pandwong Division,20183.788177490234,0.4379277997856716,7,0.45509152687348703,0.0,0.0,0.0,0.051902981550743514
hospital,Kotido,Jie,Panyangara,40365.13148498535,10.032781049231266,7,10.81126273495781,1.0,1.0,0.0,1.0
hospital,Pakwach,Jonam,Panyango,38396.37498521805,7.003808589411632,10,7.221121274994927,1.0,1.0,0.0,1.0
hospital,Pakwach,Jonam,Panyimur,37256.31884098053,4.537807916468729,10,4.7687276138096575,1.0,1.0,0.0,1.0
hospital,Gulu,Aswa,Patiko,24620.096529006958,5.218222468915609,8,5.817023902051159,1.0,1.0,0.0,1.0
hospital,Agago,Agago,Patongo,13424.164337158203,7.468861344200767,8,8.304874411159146,1.0,1.0,0.0,1.0
hospital,Agago,Agago,Patongo Town Council,13303.69702911377,6.539405631185461,8,7.219802652960603,1.0,1.0,0.0,1.0
hospital,Madi Okollo,Madi Okollo,Pawor,12246.663210988045,9.297031920459636,8,9.885367167922295,1.0,1.0,0.0,1.0
hospital,Tororo,West Budama (Kisolo),Petta,20804.96240234375,2.6856020117921795,4,3.001609641104172,1.0,1.0,0.0,1.0
hospital,Serere,Kasilo,Pingire,39775.642735004425,7.791422826384737,5,8.62971556549181,1.0,1.0,0.0,1.0
hospital,Pader,Aruu,Puranga,23134.692176818848,9.079293922451878,8,9.738883091807892,1.0,1.0,0.0,1.0
hospital,Nwoya,Nwoya,Purongo,10702.611783027649,2.951359767534448,8,3.2039347656073156,1.0,1.0,0.0,1.0
hospital,Pallisa,Pallisa,Puti-Puti,33104.44241333008,1.9453379219441553,4,2.077884739632403,1.0,1.0,0.0,1.0
hospital,Lira,Lira Municipality,Railway Division,8780.6484375,0.3342035119827853,8,0.3364463443918067,0.0,0.0,0.0,0.0
hospital,Kotido,Jie,Rengen,43195.87450313568,9.485028425979987,8,10.262227662536363,1.0,1.0,0.0,1.0
hospital,Madi Okollo,Madi Okollo,Rhino Camp,30256.15308380127,7.696506912460933,10,8.374188591415379,1.0,1.0,0.0,1.0
hospital,Madi Okollo,Madi Okollo,Rigbo,34653.30417180061,9.53579696285674,10,10.254065745565109,1.0,1.0,0.0,1.0
hospital,Arua,Arua Municipality,River Oli Division,39480.974609375,0.23001188772747067,1,0.23001188772747067,0.0,0.0,0.0,0.0
hospital,Yumbe,Aringa,Romogi,63009.06529998779,3.3466987179987746,10,3.5030992250660664,1.0,1.0,0.0,1.0
hospital,Ntungamo,Rushenyi,Rubaare,32005.89360809326,3.514371242129454,4,3.622444501235235,1.0,1.0,0.0,1.0
hospital,Ntungamo,Rushenyi,Rubaare Town Council,16665.827178955078,3.0570256364420363,4,3.1175813078457955,1.0,1.0,0.0,1.0
hospital,Kampala,KCCA,Rubaga Division,461634.62890625,0.5337294128527064,4,0.5339515720510013,0.04084353799146063,0.04084353799146063,0.0,0.04084353799146063
hospital,Rubanda,Rubanda,Rubanda Town Council,25149.410034179688,3.378213104902936,4,3.604376884435847,1.0,1.0,0.0,1.0
hospital,Kabale,Ndorwa,Rubaya,16818.697465658188,3.6962878301555855,4,3.915690329293014,1.0,1.0,0.0,1.0
hospital,Mbarara,Kashari,Rubaya,22789.78870010376,3.47227707669365,4,3.6015364560748737,1.0,1.0,0.0,1.0
hospital,Mbarara,Kashari,Rubindi,30041.86410522461,4.2890080460406175,4,4.480567134180367,1.0,1.0,0.0,1.0
hospital,Rubirizi,Bunyaruguru,Rubiriziri Town Council,11568.940979003906,3.935084154357957,10,4.018473793254403,1.0,1.0,0.0,1.0
hospital,Bunyangabu,Bunyangabu,Rubona Town Council,7754.203582763672,2.981337165176712,4,3.0859610764986733,1.0,1.0,0.0,1.0
hospital,Isingiro,Isingiro,Ruborogota,23260.936290740967,7.790142697108067,4,8.30904501791469,1.0,1.0,0.0,1.0
hospital,Kisoro,Bufumbira,Rubuguri Town Council,19130.177238464355,3.262868786151653,11,3.531110358482991,1.0,1.0,0.0,1.0
hospital,Isingiro,Bukanga,Rugaaga,45375.08568286896,8.474537035033697,4,9.135218640075186,1.0,1.0,0.0,1.0
hospital,Rwampara,Rwampara,Rugando,15396.896202087402,2.915698023273449,4,3.0142862481805808,1.0,1.0,0.0,1.0
hospital,Ntungamo,Rushenyi,Rugarama,40417.10940551758,3.223736736996019,4,3.391045775653947,1.0,1.0,0.0,1.0
hospital,Sheema,Sheema,Rugarama,9073.168045043945,2.1230929796919535,4,2.287580886499297,1.0,1.0,0.0,1.0
hospital,Kagadi,Buyaga,Rugashari,24349.865951538086,3.1346463144714485,4,3.3656182782710373,1.0,1.0,0.0,1.0
hospital,Kasese,Busongora,Rugendabara,12431.0514793396,5.958568105406958,10,6.289280464080554,1.0,1.0,0.0,1.0
hospital,Kanungu,Kinkizi,Rugyeyo,25542.645706176758,1.9823595502313247,4,2.0675999147711055,1.0,1.0,0.0,1.0
hospital,Ntungamo,Ruhaama,Ruhaama,30118.271224975586,4.405366088193931,4,4.69680078144906,1.0,1.0,0.0,1.0
hospital,Rubanda,Rubanda,Ruhija,12015.98212814331,3.9027027776394614,4,4.172667688655462,1.0,1.0,0.0,1.0
hospital,Rukungiri,Bujumbura,Ruhinda,29557.099884033203,2.9368509427035683,4,3.004121260879454,1.0,1.0,0.0,1.0
hospital,Bushenyi,Igara,Ruhumuro,15384.855987548828,3.0009736680967616,10,3.2132223898646535,1.0,1.0,0.0,1.0
hospital,Ibanda,Ibanda,Rukiri,29473.547637939453,3.0312221613984742,4,3.257502291557103,1.0,1.0,0.0,1.0
hospital,Ntungamo,Ruhaama,Rukoni East,29881.61823272705,5.9652384154202025,4,6.365273541342344,1.0,1.0,0.0,1.0
hospital,Ntungamo,Ruhaama,Rukoni West,19972.716232299805,5.031081124096748,4,5.372988224302736,1.0,1.0,0.0,1.0
hospital,Mitooma,Ruhinda,Rurehe,14950.110595703125,3.1310096278948993,4,3.2451247643522447,1.0,1.0,0.0,1.0
hospital,Ibanda,Ibanda,Rushango Town Council,5148.366394042969,6.548722728340887,4,6.8273918763302985,1.0,1.0,0.0,1.0
hospital,Isingiro,Bukanga,Rushasha,19064.55479478836,7.181782854169142,4,7.837666933771294,1.0,1.0,0.0,1.0
hospital,Kabarole,Burahya,Ruteete,22778.671184539795,2.9741478657241767,10,3.131054595713299,1.0,1.0,0.0,1.0
hospital,Kanungu,Kinkizi,Rutenga,17124.085334777832,2.5503009803314143,4,2.70898181569862,1.0,1.0,0.0,1.0
hospital,Rubirizi,Bunyaruguru,Rutoto,15634.208045959473,2.794694695478377,10,2.9704909566390256,1.0,1.0,0.0,1.0
hospital,Kyegegwa,Kyaka,Ruyonza,52951.37643814087,10.303668604666145,4,10.935087025860392,1.0,1.0,0.0,1.0
hospital,Rukiga,Rukiga,Rwamucucu,25895.703163146973,2.537676905827876,4,2.6669086114285765,1.0,1.0,0.0,1.0
hospital,Mbarara,Kashari,Rwanyamahembe,33308.78739929199,4.210875144411795,4,4.288267217215232,1.0,1.0,0.0,1.0
hospital,Ntungamo,Kajara,Rwashamaire Town Council,8899.612579345703,3.698545299846528,4,3.8503825219121026,1.0,1.0,0.0,1.0
hospital,Ntoroko,Ntoroko,Rwebisengo,3853.2440371513367,8.525227809638393,4,9.155569815004013,1.0,1.0,0.0,1.0
hospital,Ntoroko,Ntoroko,Rwebisengo Town Council,2781.8712940216064,8.630300270877548,4,9.309708778194466,1.0,1.0,0.0,1.0
hospital,Ntungamo,Ruhaama,Rweikiniro,35959.56935119629,4.024293196304623,4,4.230655597962517,1.0,1.0,0.0,1.0
hospital,Kazo,Kazo,Rwemikoma,32090.141450881958,7.10948499574094,4,7.554780919614339,1.0,1.0,0.0,1.0
hospital,Buhweju,Buhweju,Rwengwe,21929.829956054688,5.564059777967449,4,5.921085471475633,1.0,1.0,0.0,1.0
hospital,Ibanda,Ibanda,Rwenkoba Town Council,2904.3899841308594,4.350946237620269,4,4.581783216845652,1.0,1.0,0.0,1.0
hospital,Kyegegwa,Kyaka,Rwentuha,60224.0380897522,8.843586241911781,4,9.291780617043258,1.0,1.0,0.0,1.0
hospital,Bushenyi,Igara,Rwentuha Town Council,6268.023742675781,3.039992456620913,4,3.1000081589107187,1.0,1.0,0.0,1.0
hospital,Rukungiri,Bujumbura,Rwerere Town Council,4218.240509033203,1.7786188017479607,4,1.8050369352504074,1.0,1.0,0.0,1.0
hospital,Bunyangabu,Bunyangabu,Rwimi,21733.87857055664,5.463457017684644,10,5.8032098325971955,1.0,1.0,0.0,1.0
hospital,Bunyangabu,Bunyangabu,Rwimi Town Council,20639.248275756836,6.035499608355674,10,6.413332125542006,1.0,1.0,0.0,1.0
hospital,Kabale,Ndorwa,Ryakirimira Town Council,9658.29963684082,4.134111726179176,4,4.376100287210191,1.0,1.0,0.0,1.0
hospital,Rubirizi,Bunyaruguru,Ryeru,13219.030479431152,3.622711945568517,10,3.7951879504625747,1.0,1.0,0.0,1.0
hospital,Kiruhura,Nyabushozi,Sanga,6184.831432532519,5.022985733348419,4,5.385578865719429,1.0,1.0,0.0,1.0
hospital,Kiruhura,Nyabushozi,Sanga Town Council,12506.486243963242,5.877859690857706,4,6.1418217959058,1.0,1.0,0.0,1.0
hospital,Karenga,Dodoth,Sangar,3284.1213340759277,5.180077971964993,8,5.5436252671401745,1.0,1.0,0.0,1.0
hospital,Ssembabule,Mawogola,Sembabule Town Council,8633.850456237793,7.497327350921677,4,8.115280158195272,1.0,1.0,0.0,1.0
hospital,Nakaseke,Nakaseke,Semuto,33184.557273864746,5.259350855158144,4,5.581354415608253,1.0,1.0,0.0,1.0
hospital,Nakaseke,Nakaseke,Semuto Town Council,11157.75473022461,4.5667284253056195,4,4.814782607982424,1.0,1.0,0.0,1.0
hospital,Serere,Serere,Serere Town Council,10014.711791992188,5.959571400473107,5,6.220478521539553,1.0,1.0,0.0,1.0
hospital,Sheema,Sheema Municipality,Sheema Central Division,24534.37240600586,4.602563429411039,4,4.753755322331388,1.0,1.0,0.0,1.0
hospital,Sheema,Sheema,Shuuku Town Council,17368.14825439453,2.8961732806109173,4,3.0946982553174154,1.0,1.0,0.0,1.0
hospital,Manafwa,Bubulo,Sibanga,10242.667114257812,3.4016960946316304,4,3.590870338537458,1.0,1.0,0.0,1.0
hospital,Namayingo,Bukooli,Sigulu Island,14162.776211738586,9.225830619015582,4,10.163492054454974,1.0,1.0,0.0,1.0
hospital,Busia,Samia-Bugwe,Sikuda,25375.919311523438,1.756466393248226,4,1.8859840322877313,1.0,1.0,0.0,1.0
hospital,Bulambuli,Bulambuli,Simu,8579.820343017578,4.313868644011886,5,4.616541192131423,1.0,1.0,0.0,1.0
hospital,Bundibugyo,Bughendera,Sindila,10838.899085998535,5.118406426367952,4,5.719514642623257,1.0,1.0,0.0,1.0
hospital,Kapchorwa,Tingey,Sipi,9903.427791595459,2.6820308729299205,5,2.908073342157239,1.0,1.0,0.0,1.0
hospital,Sironko,Budadiri,Sironko Town Council,23153.11085510254,3.7487339680195437,4,3.903384938083313,1.0,1.0,0.0,1.0
hospital,Bulambuli,Bulambuli,Sisiyi,20985.55972290039,3.917446758321176,5,4.068720392500932,1.0,1.0,0.0,1.0
hospital,Manafwa,Bubulo,Sisuni,5582.402740478516,3.8154558845525606,4,4.040620246855199,1.0,1.0,0.0,1.0
hospital,Tororo,West Budama (Kisolo),Sop-Sop,17871.119659423828,2.8252061134664648,4,3.096824446786778,1.0,1.0,0.0,1.0
hospital,Kotido,Kotido Municipality,South Division,11292.16519165039,12.069276397918907,8,13.159975422108351,1.0,1.0,0.0,1.0
hospital,Kisoro,Kisoro Municipality,Southern,6043.172668457031,0.3119815635250623,4,0.31740446929604393,0.0,0.0,0.0,0.0
hospital,Koboko,Koboko Municipality,Southern Division,26037.343383789062,0.18615722112193414,10,0.18902539909240285,0.0,0.0,0.0,0.0
hospital,Kabale,Kabale Municipality,Southern Division,23009.381958007812,0.6498747899850567,4,0.661438527351078,0.09943014710631713,0.09943014710631713,0.0,0.1386975130840104
hospital,Kabarole,Fort Portal Municipality,Southern Division,21869.703002929688,0.15220794866375226,10,0.15854651240639733,0.0,0.0,0.0,0.0
hospital,Moroto,Moroto Municipality,Southern Divison,3524.74853515625,0.1842833310365677,1,0.1842833310365677,0.0,0.0,0.0,0.0
hospital,Mityana,Mityana,Ssekanyonyi,31136.24334716797,3.669645789105547,4,3.8492768261208767,1.0,1.0,0.0,1.0
hospital,Bukwo,Kongasis,Suam,8203.615921020508,2.208839417812773,5,2.5045755695057017,1.0,1.0,0.0,1.0
hospital,Moroto,Matheniko,Tapac,18853.54852962494,5.669213605726554,4,6.15347019658376,1.0,1.0,0.0,1.0
hospital,Maracha,Maracha,Tara,23374.77894592285,2.8414605887898863,10,2.9422947211632864,1.0,1.0,0.0,1.0
hospital,Kibuku,Kibuku,Tirinyi,27010.027618408203,4.341396959278738,4,4.6951315844538835,1.0,1.0,0.0,1.0
hospital,Katakwi,Toroma,Toroma,15202.637140929699,4.8424310664306764,5,5.1850059106515225,1.0,1.0,0.0,1.0
hospital,Namisindwa,Bubulo,Tsekululu,18272.18536376953,1.431901413932041,5,1.5455656892468754,1.0,1.0,0.0,1.0
hospital,Mityana,Mityana Municipality,Ttamu Division,27059.7391204834,2.2564238696075796,4,2.3221907171552885,1.0,1.0,0.0,1.0
hospital,Soroti,Soroti,Tubur,29457.257873535156,5.569536517350783,5,6.059751755025417,1.0,1.0,0.0,1.0
hospital,Bukwo,Kongasis,Tulel,8998.079814910889,2.222181575921853,5,2.4732033299737415,1.0,1.0,0.0,1.0
hospital,Adjumani,East Moyo,Ukusijoni,13050.318315029144,7.6031047811954595,8,8.270295135678667,1.0,1.0,0.0,1.0
hospital,Madi Okollo,Madi Okollo,Uleppi,12167.403049468994,4.778670392533796,10,4.911137505827088,1.0,1.0,0.0,1.0
hospital,Gulu,Aswa,Unyama,22108.691856384277,2.1796295830065024,8,2.2545461212413622,1.0,1.0,0.0,1.0
hospital,Arua,Terego,Uriama,33248.490089416504,4.39170443406405,10,4.755943488490391,1.0,1.0,0.0,1.0
hospital,Katakwi,Katakwi,Usuk,27210.373838424683,2.708299742645813,8,2.8768511911049397,1.0,1.0,0.0,1.0
hospital,Nakasongola,Buruli,Wabinyonyi,24359.912755966187,11.202832217602616,4,12.037470543608327,1.0,1.0,0.0,1.0
hospital,Pakwach,Jonam,Wadelai,33377.90926742554,8.522156582082134,10,9.034361478362387,1.0,1.0,0.0,1.0
hospital,Luuka,Luuka,Waibuga,44140.049743652344,2.3326162758337876,4,2.479346183810959,1.0,1.0,0.0,1.0
hospital,Buikwe,Njeru Municipality,Wakisi Division,50409.68000411987,2.3113990767788826,4,2.4988339906693326,0.9297290175667133,0.9297290175667133,0.0,0.9605145908838097
hospital,Wakiso,Busiro,Wakiso Town Council,108494.71368408203,0.559515468448959,4,0.5826669742312339,0.01633615401483935,0.01633615401483935,0.0,0.10123148568019955
hospital,Mbale,Bungokho,Wanale,16795.666015625,1.8894941350663175,5,1.9680075487071291,1.0,1.0,0.0,1.0
hospital,Kamuli,Buzaaya,Wankole,26361.192413330078,2.2216765276638966,4,2.3628200823470897,1.0,1.0,0.0,1.0
hospital,Zombo,Okoro,Warr,27078.458572387695,2.9783048011586972,9,3.167082669931928,1.0,1.0,0.0,1.0
hospital,Kyankwanzi,Kiboga,Wattuba,30446.121353149414,2.5730427053619023,4,2.6695103800266464,1.0,1.0,0.0,1.0
hospital,Amuria,Amuria,Wera,31844.62240600586,4.111291945277138,5,4.410493416395863,1.0,1.0,0.0,1.0
hospital,Kotido,Kotido Municipality,West Division,15588.30138015747,11.36155884205298,8,12.478140059029014,1.0,1.0,0.0,1.0
hospital,Bugiri,Bugiri Municipality,Western Division,18609.215576171875,0.21989437787418822,4,0.22054094366912189,0.0,0.0,0.0,0.0
hospital,Busia,Busia Municipality,Western Division,21105.587890625,1.1580816831357208,4,1.163341387557738,1.0,1.0,0.0,1.0
hospital,Kabarole,Fort Portal Municipality,Western Division,18646.587280273438,0.39632971590687344,10,0.4015500060302631,0.0,0.0,0.0,0.0
hospital,Rukungiri,Rukungiri Municipality,Western Division,15061.589660644531,0.8450738353601015,4,0.854387314833254,0.31807178966522487,0.31807178966522487,0.0,0.34140828661742617
hospital,Amuria,Amuria,Willa,17892.153743743896,8.499878572436653,8,9.280352505489143,1.0,1.0,0.0,1.0
hospital,Luwero,Katikamu,Wobulenzi Town Council,31951.317657470703,2.65395016780971,4,2.873665623516428,1.0,1.0,0.0,1.0
hospital,Maracha,Maracha,Yivu,29070.69300842285,1.7908277538196968,10,1.865704876872513,1.0,1.0,0.0,1.0
hospital,Yumbe,Aringa,Yumbe Town Council,57432.553649902344,0.39367970338793773,10,0.42091493990091633,0.0,0.0,0.0,0.02868379943785518
hospital,Sironko,Budadiri,Zesui,14138.440032958984,2.443470454729729,5,2.721500551889734,1.0,1.0,0.0,1.0
hospital,Zombo,Okoro,Zeu,24508.26188659668,3.2246714511946553,9,3.421179175396999,1.0,1.0,0.0,1.0
hospital,Luwero,Bamunanika,Zirobwe,56762.94105529785,4.47246895799313,4,4.828738005177142,1.0,1.0,0.0,1.0
