target,district,county,subcounty,population,dry_mean_h,worst_month,worst_month_mean_h,dry_share_over_1h,worst_month_share_over_1h,extra_people_over_1h,wet_day_share_over_1h
HC IV or hospital,Kikuube,Buhaguzi,Kyangwali,135665.06194591522,0.9165370284099382,4,1.0862599912299504,0.35484887930208214,0.6744978315746374,43365.194911003106,1.0
HC IV or hospital,Buyende,Budiope,Kagulu,108216.27952647209,0.9717751015160997,4,1.1309774184463954,0.2525499653295001,0.6097054899573845,38650.042087554924,0.975935431354416
HC IV or hospital,Mubende,Mubende Municipality,Western Division,50136.989181518555,0.8865320989557919,4,1.130704558301924,0.09498637075031384,0.8432920284303723,37517.79266357422,1.0
HC IV or hospital,Mubende,Mubende Municipality,Southern Division,40452.34677886963,0.9633861130574299,4,1.2152028595691138,0.21314882729890713,0.9913836840339241,31481.426300048828,1.0
HC IV or hospital,Oyam,Oyam,Aleka,39157.14067077637,0.8754818641062261,8,1.0954851665618945,0.10400702649806724,0.8535157787055134,29348.619644165035,1.0
HC IV or hospital,Kyegegwa,Kyaka,Kakabara,84913.34777832031,1.029560112794278,4,1.143760428508536,0.5975631593721221,0.9134849702702367,26825.978599548343,0.9713090620609048
HC IV or hospital,Kassanda,Kassanda,Kitumbi,80562.95777130127,0.8101272163111835,4,1.00910415340329,0.1867846739096423,0.5183177086255664,26709.28187561035,0.9310505830428489
HC IV or hospital,Kamwenge,Kibale,Nkoma Town Council,45771.41719055176,0.8746698550148305,10,1.1080596411301216,0.1989445227333361,0.7684583920692541,26067.456909179688,0.9956438396161676
HC IV or hospital,Mubende,Mubende Municipality,Eastern Division,35069.64717102051,0.8018610873474342,4,1.0238732713223018,0.0,0.6669717086068943,23390.462493896484,1.0
HC IV or hospital,Kyegegwa,Kyaka,Kasule,40685.506118774414,0.9599585943253265,4,1.2129164793765472,0.3944804189283696,0.9682782782688966,23345.256317138672,1.0
HC IV or hospital,Kamwenge,Kibale,Nkoma,50730.04586029053,0.765009194076269,4,0.9159066024225645,0.12617281864694693,0.5178820316234399,19871.426338195797,0.7987386067380832
HC IV or hospital,Buyende,Budiope,Buyende,73160.08730363846,0.7491089347559166,4,0.8957753161195687,0.05494729838881019,0.32502193989981876,19758.684351444248,0.7509193274929932
HC IV or hospital,Mubende,Buwekula,Madudu,50595.70581817627,0.7560211720417574,4,0.9614839990133973,0.08079213042251404,0.4423903276147544,18295.316009521484,0.9773033771249379
HC IV or hospital,Kyegegwa,Kyaka,Mpara,75092.72758483887,1.0351181566714027,4,1.1457232617881603,0.6589593232193182,0.8899132077811442,17342.95713806153,1.0
HC IV or hospital,Kyegegwa,Kyaka,Hapuuyo,50194.42472076416,0.7726674956227942,4,0.9781422627472429,0.07901640360313905,0.40737462660105717,16481.75210571289,1.0
HC IV or hospital,Madi Okollo,Madi Okollo,Rigbo,34653.30417180061,0.7881709977931315,10,0.9972266688792526,0.07689041811794112,0.5286639842526928,15655.44680404663,0.9583497619229553
HC IV or hospital,Kakumiro,Bugangaizi,Mpasaana,35288.6365814209,0.7590923225795124,4,0.9779723030499057,0.02930428233376722,0.4704810916307105,15568.528091430666,1.0
HC IV or hospital,Kwania,Kwania,Nambieso,64079.74275279045,0.6819674765150071,9,0.8636062106832686,0.06413934020817623,0.30519269322960485,15446.636851310728,0.8438499549441176
HC IV or hospital,Kyegegwa,Kyaka,Rwentuha,60224.0380897522,0.9628831216008098,4,1.1095680507982155,0.4349280268456586,0.6838220606218062,14989.40377044678,0.9925164072168794
HC IV or hospital,Isingiro,Bukanga,Rugaaga,45375.08568286896,1.0052686142184253,4,1.1218136049033995,0.5523785406391157,0.8808260277611081,14903.3328704834,0.994096806515621
HC IV or hospital,Luwero,Bamunanika,Kamira,33028.779121398926,0.8538638650859123,4,1.115740438579819,0.24632035593472693,0.6921181274421241,14724.15612792969,0.9989251910877727
HC IV or hospital,Wakiso,Busiro,Bussi,26378.322303414345,0.9169015749179658,4,1.1850234476857044,0.2954947876171863,0.8259484464543492,13992.477579832077,1.0
HC IV or hospital,Kyenjojo,Mwenge,Kanyegaramire,25852.071983337402,0.9328829617667143,10,1.1158887960360049,0.25015996665332324,0.791332747983253,13990.437698364258,1.0
HC IV or hospital,Rakai,Kooki,Kiziba,25726.553466796875,0.7450681573009988,4,0.9978202284487488,0.00671910170348811,0.5402116695839828,13724.925071716309,1.0
HC IV or hospital,Pader,Aruu,Pader Town Council,16822.70979309082,0.954822699235645,8,1.307933444638711,0.22795284224311646,1.0,12987.925281524656,1.0
HC IV or hospital,Oyam,Oyam,Otwal,34411.06074523926,0.8566273927296115,8,1.0148755870574013,0.09911109997203098,0.4691773071560175,12734.370735168457,1.0
HC IV or hospital,Namayingo,Bukooli,Mutumba,57791.79338645935,0.5754393975993354,4,0.80877693342104,0.0,0.2172427761536146,12554.849634170532,0.8009145733153422
HC IV or hospital,Bukwo,Kongasis,Bukwo,13589.083953857422,0.8968000629242008,5,1.1543364725592602,0.09393097109304781,1.0,12312.64810180664,1.0
HC IV or hospital,Kyenjojo,Mwenge,Kigaraale,32570.5330657959,0.7709964524466927,10,0.948585776961405,0.01539656844164292,0.38584299978235853,12065.637741088867,1.0
HC IV or hospital,Mubende,Kasambya,Kibalinga,49252.64404296875,1.0464999171884997,4,1.3206572775978604,0.7369502818322085,0.98107955252095,12024.012069702154,1.0
HC IV or hospital,Bukwo,Kongasis,Senendet,12900.278778076172,0.9477522646081157,5,1.223760327530063,0.11814401967693063,1.0,11376.18798828125,1.0
HC IV or hospital,Alebtong,Moroto,Omoro,55167.380350112915,0.5963764300744001,8,0.7593696348828809,0.01956678915745101,0.22458915223657783,11310.546684265135,0.5667231889582847
HC IV or hospital,Isingiro,Bukanga,Rushasha,19064.55479478836,0.8780372315151508,4,1.1064930938197657,0.2140536846529396,0.802872852354351,11225.575286865234,1.0
HC IV or hospital,Ssembabule,Lwemiyaga,Ntuusi,31807.20078086853,0.9574076617554758,4,1.0998100306960308,0.3421537017190389,0.6880078971000415,11000.653833389282,0.9683665746492685
HC IV or hospital,Mubende,Buwekula,Butoloogo,60745.83967590332,0.5574089075961846,4,0.7313385769527067,0.0,0.1782178974639419,10825.995826721191,0.7486772692283681
HC IV or hospital,Otuke,Otuke,Okwang,30246.982482910156,0.8748974141801833,8,1.1626192266987727,0.31723363153330275,0.6737359127677301,10783.118255615236,1.0
HC IV or hospital,Otuke,Otuke,Orum,17475.75905227661,0.806498128543014,8,1.042574628936074,0.04640069727270996,0.6419696776714117,10408.020000457762,0.998107105664431
HC IV or hospital,Luwero,Bamunanika,Kikyusa,43320.7251701355,0.6491234728178888,4,0.8629207219760827,0.035649148965029916,0.27514302125921997,10375.048221588137,0.942423352663588
HC IV or hospital,Bukwo,Kongasis,Bukwo Town Council,10368.189880371094,0.8378508118862105,5,1.0576244645995858,0.0,1.0,10368.189880371094,1.0
HC IV or hospital,Amuru,Kilak,Pabo,66769.8394241333,0.636433168728546,8,0.7419904112176866,0.04932506497801667,0.19565616999881225,9770.504384994507,0.39686747688449836
HC IV or hospital,Rakai,Kooki,Kibanda,31652.27509689331,0.7133376713458598,4,0.918439303217224,0.05288424845034962,0.3613338550495126,9763.131801605225,0.8426071541309151
HC IV or hospital,Bukwo,Kongasis,Riwo,11218.497495651245,0.7413837450356648,5,1.0975643938090487,0.011367523939664071,0.8506908223704421,9415.946321487425,0.9930832407874031
HC IV or hospital,Pader,Aruu,Awere,23233.961400985718,1.047765455481305,8,1.3322498219807033,0.5442938039826547,0.949204654226871,9407.683065414429,1.0
HC IV or hospital,Kalaki,Kalaki,Bululu,29753.562110602856,0.7299050656006307,5,0.981356089937463,0.07511265304142739,0.3909294541945388,9396.674808681011,1.0
HC IV or hospital,Madi Okollo,Madi Okollo,Rhino Camp,30256.15308380127,1.0376535925524468,10,1.2857393220207756,0.6788103568295939,0.9892050319978847,9391.348808288574,1.0
HC IV or hospital,Kayunga,Bbaale,Galiraya,35490.31912481785,1.083805478258764,4,1.2655094273046554,0.7022265929082168,0.9616579399816723,9207.301298618315,1.0
HC IV or hospital,Koboko,Koboko,Kuluba,51236.81588745117,0.791285299890019,10,0.9096920978817321,0.07468364368193392,0.25358982119008494,9166.582878112791,0.6709679092292549
HC IV or hospital,Bukwo,Kongasis,Kaptererwo,10934.399917602539,0.9366054588594105,5,1.3498291318482765,0.1631215414539796,1.0,9150.763748168945,1.0
HC IV or hospital,Agago,Agago,Adilang,24852.907026290894,1.0119411515942756,8,1.3192488373416424,0.5324457949362026,0.8972549989273018,9066.569229125977,1.0
HC IV or hospital,Pader,Aruu,Puranga,23134.692176818848,0.8382820591268187,8,1.084459625641383,0.2029748159127509,0.5851884812155408,8842.395492553711,1.0
HC IV or hospital,Kaliro,Bulamogi,Bukamba,36372.17957115173,0.8005994711165942,4,0.9779023741946491,0.0680448862255411,0.3085550323471524,8747.87822341919,0.9836933970840851
HC IV or hospital,Serere,Serere,Kateta,73847.4792752266,0.8376108484800946,5,0.9697767950490771,0.225710620174763,0.34339386721610504,8690.611146926876,0.6051981295254114
HC IV or hospital,Kalangala,Bujumba,Mugoye,16728.05373388529,0.5971884589110524,4,0.9148743400976806,0.006412401432614353,0.5220887772128097,8626.262123346329,0.7396412770961447
HC IV or hospital,Kagadi,Buyaga,Ndaiga,13326.203134775162,0.9461773096688321,4,1.1571989660603341,0.28561940740816755,0.9212597141682412,8470.671848535538,1.0
HC IV or hospital,Apac,Maruzi,Akokoro,55590.158178567886,0.957713062500896,9,1.0911980828517707,0.4360357920564227,0.5876192016451808,8426.545716285707,0.7999570764308894
HC IV or hospital,Buliisa,Buliisa,Butiaba,42066.3454914093,0.8623723816041193,4,0.9365193385267229,0.19205518443772981,0.3909574892863241,8367.093074798584,0.8410605354935607
HC IV or hospital,Kwania,Kwania,Chawente,44409.67566752434,0.6557739416107551,9,0.7968473394162315,0.050354087721213685,0.23814396414718916,8339.687505722046,0.7648542579390446
HC IV or hospital,Mubende,Buwekula,Kitenga,85907.32238769531,1.1261932863861834,4,1.2770572550627213,0.8297660290964248,0.9265222103170789,8312.064453125004,0.9661671728766231
HC IV or hospital,Buyende,Budiope,Bugaya,116536.97692871094,0.5573930067381277,4,0.6680554934152351,0.0,0.06935359277704611,8082.258041381837,0.327256041025404
HC IV or hospital,Kyegegwa,Kyaka,Ruyonza,52951.37643814087,0.746324628295607,4,0.8388068891966096,0.09536366106323277,0.24328928162319613,7832.86521911621,0.7274385284044151
HC IV or hospital,Omoro,Omoro,Omoro Town Council,27760.54274368286,0.7647986181004068,8,0.8916830302177623,0.07091424369456786,0.35012361631781513,7751.003723144532,0.5737793017398777
HC IV or hospital,Amuria,Amuria,Morungatuny,22972.217742919922,0.7437997649766629,8,0.9390254500452239,0.002827074705933899,0.3401275237422269,7748.539360046386,0.992309569477188
HC IV or hospital,Nwoya,Nwoya,Lungulu,47646.99034905434,0.9280032934650628,8,1.1172741398013786,0.40608329835620394,0.5648302240249943,7563.8132352829,0.8144369452247561
HC IV or hospital,Kagadi,Buyaga,Kyaterekera,35585.67253112793,0.7543607925416671,4,0.9208013490384102,0.0,0.2099867356526416,7472.51921081543,1.0
HC IV or hospital,Kyenjojo,Mwenge,Kisojo,29151.419120788574,0.9204842231343341,10,1.0199546636035113,0.27937491423417526,0.5353322598576333,7461.519859313965,0.739806034329965
HC IV or hospital,Amuru,Kilak,Amuru,54307.534145355225,1.2762418470763548,8,1.5448609646701261,0.5978763800995222,0.7350447015026891,7449.273298263548,0.9362787776679686
HC IV or hospital,Isingiro,Bukanga,Endiinzi,23961.277797698975,1.0951822575995287,4,1.4284857053296278,0.6907178603843315,1.0,7410.795265197753,1.0
HC IV or hospital,Kayunga,Bbaale,Bbaale,22932.848419189453,1.077925105219526,4,1.2533907976249254,0.6152217799040445,0.9281995754333147,7177.472343444823,1.0
HC IV or hospital,Pallisa,Pallisa,Gogonyo,39860.83796787262,0.9143624447080704,4,1.1949576410206164,0.35081612948584323,0.5293873381779628,7117.998015403745,1.0
HC IV or hospital,Omoro,Omoro,Odek,42940.51627922058,1.1131765327286829,8,1.3473557727719279,0.7942559784419718,0.9587991682584722,7065.569520950317,1.0
HC IV or hospital,Buvuma,Buvuma Island,Buwooya,21615.49303817749,1.0454012363594527,4,1.3417546321813085,0.6875320776139814,1.0,6754.1482009887695,1.0
HC IV or hospital,Nwoya,Nwoya,Lii,49062.01354408264,0.6967891697662556,8,0.798317024244575,0.13396406438924702,0.26888440812561043,6619.463731765747,0.5133159616513706
HC IV or hospital,Kyegegwa,Kyaka,Kyegegwa Town Council,31992.420616149902,1.0738986920927198,4,1.2426663592958491,0.7938083350471046,1.0,6596.570472717285,1.0
HC IV or hospital,Gulu,Aswa,Palaro,16526.567263126373,0.9557906480780496,8,1.2865011773708666,0.3305499236745132,0.7295210052405026,6593.622415542602,0.9847044287525853
HC IV or hospital,Otuke,Otuke,Alango,17766.757232666016,0.7174137871739773,8,0.9650433038590985,0.010915900334250115,0.3801345345887482,6559.817840576172,1.0
HC IV or hospital,Namayingo,Bukooli,Buhemba,40631.964363098145,0.5100357727291838,4,0.7234733284165575,0.0,0.16065172904150837,6527.595329284667,0.6328733506086133
HC IV or hospital,Amuru,Kilak,Attiak,49720.06378173828,0.4955305584037691,8,0.6086258878280864,0.1065775840029479,0.23718054416126347,6493.587509155273,0.4175160630235669
HC IV or hospital,Mukono,Mukono,Mpunge,20825.91028904915,0.779894981008953,4,0.9526098551646225,0.06262468822433732,0.3738637488385195,6481.836754798889,0.8342186049015341
HC IV or hospital,Omoro,Omoro,Lalogi,22387.094228744507,0.7697341172602553,8,0.9267223525417485,0.12588372496276654,0.41175831506672306,6399.901386260987,0.8007622103329238
HC IV or hospital,Kaliro,Bulamogi,Gadumire,35153.03560554981,0.5726782013362202,4,0.8066894372470159,0.05233927060117111,0.23425749232696216,6394.977725625038,0.8077647218941642
HC IV or hospital,Isingiro,Bukanga,Kashumba,95878.65458402038,0.9502823718471156,4,0.9862218366197981,0.3009683244491035,0.3670395085823939,6334.816241472961,0.5214852698837019
HC IV or hospital,Kapelebyong,Kapelebyong,Kapelebyong,16541.43451309204,0.8434657980907342,8,1.1087976674369788,0.18844082220399272,0.5652296326813381,6232.627433776856,1.0
HC IV or hospital,Kyenjojo,Mwenge,Kihuura,43654.30553436279,0.860351962532994,10,0.9178142827701189,0.11814939591287087,0.26039734160541916,6209.735282897948,0.4670920328736939
HC IV or hospital,Kamwenge,Kibale,Biguli,47470.04818725586,1.107863746866698,4,1.3013900922961552,0.8713187590785645,1.0,6108.504707336424,1.0
HC IV or hospital,Mayuge,Bunya,Bukatube,54176.01568841934,0.5933920788350594,4,0.808572503540993,0.083244401063147,0.19493784952492713,6051.106016159058,0.5646042333800847
HC IV or hospital,Lyantonde,Kabula,Kasagama,14172.69356918335,0.9929495000622985,4,1.137531544468506,0.42507095084567803,0.8476620803386353,5989.254583358764,1.0
HC IV or hospital,Kapelebyong,Kapelebyong,Okungur,17285.087781906128,1.1120020026826483,8,1.3956113064823716,0.6463446942129555,0.9918655303227558,5972.357982635499,1.0
HC IV or hospital,Amudat,Pokot,Karita,47630.44357299805,0.5420187181337215,5,0.6527461155624652,0.0867188460147677,0.2108721936547511,5913.479019165039,0.46265211562357467
HC IV or hospital,Nabilatuk,Pian,Lolachat,48989.2135181427,1.5229001888420266,4,1.8659398817212216,0.6073209577073236,0.728014736085224,5912.693279266357,0.956599989570416
HC IV or hospital,Amudat,Pokot,Amudat,45181.596590042114,0.666551470462983,5,0.8043649851994448,0.24616092435916007,0.3738113027022723,5767.447898864746,0.589391793231342
HC IV or hospital,Pader,Aruu,Ogom,13233.6372756958,1.0076217630695972,8,1.3719303105359175,0.4794031608507038,0.9082582081273952,5675.312139511108,1.0
HC IV or hospital,Kole,Kole,Aboke,60364.1686706543,0.5744720347670237,8,0.6957659214323867,0.0,0.09375987043208019,5659.736633300781,0.5139892722620364
HC IV or hospital,Amuria,Amuria,Orungo,19676.933654785156,0.7333514839959214,8,0.9567038241629587,0.0061501692278849275,0.2897352715168332,5580.085243225098,0.9385747891986957
HC IV or hospital,Masaka,Bukoto,Kyesiiga,31201.597490906715,0.5532890580634973,4,0.7504693331345633,0.021663009952127013,0.1981654395065272,5507.157763123513,0.5587021660763312
HC IV or hospital,Nakasongola,Buruli,Kalongo,25197.32391166687,0.9429960217500138,4,1.073344480494595,0.37665121775590893,0.5950511251272209,5503.093208312989,0.9389895613120164
HC IV or hospital,Kitgum,Chua,Omiya Anyima,23983.201637268066,0.9111318354231667,8,1.032951469257846,0.2543598449976974,0.48241345454284196,5469.455701828003,0.9757053264329317
HC IV or hospital,Kayunga,Bbaale,Kayonza,67315.78547668457,0.6504793265341337,4,0.7706943787429413,0.038576746528231405,0.11975231333809123,5464.3970413208,0.5346871971492834
HC IV or hospital,Kyankwanzi,Kiboga,Ntwetwe,25598.085815429688,0.7045575054131908,4,0.8808762746116493,0.0,0.2112315851926203,5407.124244689941,0.9621240723375241
HC IV or hospital,Otuke,Otuke,Ogor,16597.008533477783,1.053190671958714,8,1.4122795653551377,0.676357878941657,0.9980522313909865,5339.163912773132,1.0
HC IV or hospital,Bukwo,Kongasis,Kortek,7774.04020690918,0.8757553758677777,5,1.0171895360472574,0.023148925566482903,0.6805883959621307,5110.960876464844,1.0
HC IV or hospital,Lamwo,Lamwo,Lokung,18702.72011566162,0.8073715710874043,8,0.9712929820676208,0.24070458630572633,0.5057771937737803,4957.578787803649,0.7663257514682313
HC IV or hospital,Kanungu,Kinkizi,Kayonza,38174.030462265015,0.7842086662839024,10,0.9207611511404269,0.09761942178900446,0.22652793674437627,4920.957576751709,0.9737143709058019
HC IV or hospital,Nakapiripirit,Chekwi,Namalu,39362.75489425659,0.799474230630112,5,0.9787721239630022,0.22545763363020233,0.3463162959730422,4757.329902648925,0.7859194026256704
HC IV or hospital,Yumbe,Aringa,Kochi,62356.11643028259,0.5702977699837292,10,0.6660028269273301,0.0010749833038842668,0.0763087013834838,4691.282484054565,0.4419457339777547
HC IV or hospital,Kikuube,Buhaguzi,Kabwoya,89652.33725762367,0.7170176346898607,4,0.7590858102596937,0.13052742592285693,0.18260789140131073,4669.135455608367,0.3326428199019697
HC IV or hospital,Kassanda,Kassanda,Kalwana,47122.50668334961,1.134807198145995,4,1.290074597520733,0.8531389508593648,0.9522026376303575,4668.1292419433585,1.0
HC IV or hospital,Rakai,Kooki,Kyalulangira,34641.88535499573,0.5606767337902653,4,0.738231675893154,0.008232184466305439,0.14170453165548222,4623.733749389648,0.6177953553498696
HC IV or hospital,Mityana,Busujju,Bbanda,16744.644743442535,0.801890615029575,4,0.948097441632801,0.04969452385724501,0.3247531391637298,4605.758796930313,1.0
HC IV or hospital,Otuke,Otuke,Olilim,24630.023447990417,0.7723343539346609,7,0.8976700724789922,0.06292800736007516,0.24984003502164132,4603.647624015808,0.7746827322586121
HC IV or hospital,Isingiro,Bukanga,Ngarama,33347.4780960083,0.7819492276480615,4,0.8531305382577787,0.03271144444882829,0.16783140667809457,4505.909980773927,0.5865572758879888
HC IV or hospital,Moyo,Moyo,Difule,9430.043462276459,0.9652995366925584,8,1.1363795704457114,0.2755571360954028,0.7480714787116577,4455.830787420274,1.0
HC IV or hospital,Kitgum,Chua,Lagoro,20763.482530593872,0.6553731901784645,8,0.7914729128073664,0.006587019324748542,0.21801868227469784,4390.057640075684,0.5856701584199416
HC IV or hospital,Amuru,Kilak,Amuru Town Council,12273.956554412842,0.8498547192540294,8,0.9737074401007345,0.007143745515638341,0.3578759501104915,4304.871841430664,0.9909225516754981
HC IV or hospital,Ssembabule,Lwemiyaga,Lwemiyaga,46804.212646484375,0.7002519700261393,4,0.7679765449721305,0.019687798033076565,0.10925226647931952,4191.994426727295,0.6251915529417589
HC IV or hospital,Buvuma,Buvuma Island,Nairambi,29430.801488876343,1.3232300935423384,4,1.7293806549384885,0.8330078496967638,0.9743396837289041,4159.50915145874,1.0
HC IV or hospital,Amudat,Pokot,Loroo,45211.66734313965,1.177934294928044,4,1.4181336980238655,0.7870849010956993,0.8788699356187999,4149.754447937013,0.9810140744697855
HC IV or hospital,Kitgum,Chua,Orom,32593.79083919525,1.2228309519134357,8,1.4040644656183776,0.5427485526937257,0.6699313332556549,4145.368947982788,0.9128539579354528
HC IV or hospital,Kassanda,Kassanda,Kiganda,52696.85908508301,0.8058698121161216,4,0.8581881574461796,0.03537818991289989,0.11404164907471238,4145.317222595215,0.42708772866159134
HC IV or hospital,Kamuli,Bugabula,Kagumba,41929.411662817,0.6913884110580373,4,0.8078265232713904,0.08171607094102278,0.1783897568049661,4053.4707715511327,0.524009175952813
HC IV or hospital,Masindi,Bujenje,Bwijanga,66550.49136447906,0.5899421954448104,10,0.6503285755729985,0.0763209328187391,0.13697108922874948,4036.2977104187007,0.31979891584362247
HC IV or hospital,Isingiro,Bukanga,Kakamba,14192.41120147705,0.9583832745367604,4,1.112381577511312,0.43073494064977436,0.7131179580997116,4007.6958999633785,0.9407679657946566
HC IV or hospital,Kyenjojo,Mwenge,Nyantungo,30697.775966644287,0.7484335724780877,10,0.8301117084881835,0.0,0.12858480051203924,3947.2673988342285,0.46248121521426655
HC IV or hospital,Gulu,Aswa,Patiko,24620.096529006958,0.6388090780411322,8,0.8494498980162395,0.037606400907197024,0.1962017379613735,3904.6325073242188,0.8700770159854082
HC IV or hospital,Oyam,Oyam,Minakulu,49146.20373916626,0.5985636407317267,8,0.6936100297415037,0.010345191000354744,0.08890607788418199,3860.969352722168,0.27192342889911636
HC IV or hospital,Kassanda,Kassanda,Kassanda,32108.107223510742,0.7068587260396302,4,0.7794117047447883,0.04554034163971503,0.16318952469285047,3777.4925842285156,0.471426191095027
HC IV or hospital,Kassanda,Kassanda,Manyogaseka,15028.05796790123,0.788679232204063,4,0.9379576030342138,0.11755961498845803,0.361735912030877,3669.4955463409424,0.9888789230488805
HC IV or hospital,Hoima,Bugahya,Kigorobya,92070.85977375507,0.6360639866351081,4,0.6939821095862927,0.03752376668387433,0.07713423721660481,3646.9700779914856,0.3320057263555593
HC IV or hospital,Otuke,Otuke,Adwari,15508.00020980835,1.1221291029704206,8,1.5177775900525263,0.7651243126003497,1.0,3642.4522094726567,1.0
HC IV or hospital,Adjumani,East Moyo,Arinyapi,13700.746225357056,0.9222408132335483,8,1.086835648480891,0.3392756364387772,0.6034811190942652,3619.812269210816,1.0
HC IV or hospital,Katakwi,Toroma,Magoro,23721.053129196167,0.9096312705686563,4,1.1117564512427527,0.2370798009481209,0.3887810906706334,3598.514353275299,0.9760696781795045
HC IV or hospital,Serere,Serere,Kyere,67230.14206695557,0.6159161107093685,5,0.7409403600972368,0.004434925667437676,0.05739581944681918,3560.5684127807617,0.41540681403612356
HC IV or hospital,Bukedea,Bukedea,Malera,60906.32338142395,0.5089698571340733,4,0.628928429123115,0.0926575075367837,0.1499291430618992,3488.2047538757324,0.31270946671021344
HC IV or hospital,Nakasongola,Buruli,Lwabiyata,20534.703984975815,0.8157175539379343,4,0.949044411256563,0.16754592118266942,0.3363070729950529,3465.46029663086,0.7693667463941285
HC IV or hospital,Buliisa,Buliisa,Biiso,24795.310257911682,1.1499515085553718,4,1.2624787479689017,0.34024868223927074,0.477250136209479,3396.9935569763197,0.9910695452856821
HC IV or hospital,Masindi,Bujenje,Pakanyi,103210.16857147217,0.7768732815355885,4,0.8407570875004218,0.23882596630789257,0.27172438842634744,3395.4516925811754,0.3815398800409881
HC IV or hospital,Katakwi,Katakwi,Ongongoja,21457.315212249756,1.0282146062681967,8,1.2646886795813024,0.49907645130521966,0.657089764884532,3390.541477203369,0.8717911050929037
HC IV or hospital,Namayingo,Bukooli,Sigulu Island,14162.776211738586,1.067707343042958,4,1.4949176835164044,0.7632447842668753,1.0,3353.1111373901363,1.0
HC IV or hospital,Kiryandongo,Kibanda,Kiryandongo,106483.96399116516,1.0646070622706485,10,1.2226309499151176,0.4320416837851633,0.46325916049168303,3324.160665512087,0.537938898011182
HC IV or hospital,Kapelebyong,Kapelebyong,Kapelebyong Town Council,9686.81489944458,1.027377487191621,8,1.3575696554990393,0.6627893198903358,1.0,3266.4974403381348,1.0
HC IV or hospital,Nwoya,Nwoya,Got Apwoyo,44906.72548954189,0.7911710774310964,10,0.9106064077299764,0.32005310871080606,0.39254050029118054,3255.171395152807,0.5938471536337172
HC IV or hospital,Pakwach,Jonam,Wadelai,33377.90926742554,1.2002795089345817,10,1.4276398604836706,0.882587011748839,0.9790970765933864,3221.3041877746577,1.0
HC IV or hospital,Namutumba,Busiki,Ivukula,35489.23762512207,0.5625976386857318,4,0.7190278432357495,0.01313706513491011,0.10168970117062798,3142.665542602539,0.5345628389020991
HC IV or hospital,Bukwo,Kongasis,Chepkwasta,13260.302486419678,1.6372739856190404,5,1.9538678109507424,0.7673926791015644,1.0,3084.4434356689458,1.0
HC IV or hospital,Ngora,Ngora,Kobwin,48502.42559850216,0.5156366724913524,5,0.6876852614322531,0.122293762237789,0.1851317408240761,3047.794381141662,0.42030337771473175
HC IV or hospital,Madi Okollo,Madi Okollo,Inde Town Council,14760.12261390686,1.0204680119231595,8,1.1758018041968712,0.5526102509860443,0.7524191978800735,2949.204555511475,0.9934784510901655
HC IV or hospital,Mpigi,Mawokota,Kammengo,47851.36061668396,0.3943113024137847,4,0.4554447424685704,0.021025693258310864,0.08250316404445944,2941.7806243896484,0.18903573610839797
HC IV or hospital,Mayuge,Bunya,Kityerera,63168.89307022095,0.4214291517742646,4,0.5242098195299658,0.016710810886082256,0.06315476488248972,2933.813163757324,0.13054828766684218
HC IV or hospital,Pader,Aruu,Atanga,21361.135778427124,0.8237666647425609,8,0.9660773411168663,0.2198282724694323,0.3569774101625831,2929.661352157592,0.636365704333935
HC IV or hospital,Namutumba,Busiki,Bulange,60228.856536865234,0.5094748332906917,4,0.6615841871415159,0.0,0.04750108299557038,2860.9359130859375,0.3950637169548847
HC IV or hospital,Namayingo,Bukooli,Bukana,13245.957217216492,0.6765878534270205,4,0.9432197400521377,0.0,0.21140623250289112,2800.2779111862183,1.0
HC IV or hospital,Abim,Labwor,Nyakwae,23727.832263946533,1.1366377390249798,7,1.2865582171547405,0.5754290192880276,0.6902625742485378,2724.751330375671,0.9199328983817925
HC IV or hospital,Kyotera,Kyotera,Kabira,38022.15888595581,0.675644985400596,4,0.860497667689073,0.17106635871538195,0.24243338417773538,2713.5283813476562,0.4497139952609175
HC IV or hospital,Kyankwanzi,Kiboga,Byerima,23512.670413970947,0.8005394364477901,4,0.8809672471259825,0.0,0.1148002801398619,2699.2611503601074,0.8850354733684076
HC IV or hospital,Kabarole,Burahya,Mabende,17496.21982574463,0.7182700571383216,4,0.90545743685442,0.02737925665160673,0.18113506966667964,2690.1455039978027,1.0
HC IV or hospital,Pader,Aruu,Laguti,15296.322913646698,0.6930298984034153,8,0.8446228092066215,0.1235578530174386,0.2990547770051049,2684.457619667053,0.6186190072595731
HC IV or hospital,Kitgum,Chua,Namokora,17554.537889957428,1.0930870546274274,8,1.217457289630927,0.8133309270663027,0.9653259357430721,2668.2021389007564,0.994335496284913
HC IV or hospital,Pader,Aruu,Angagura,11172.200420379639,0.8735735998533091,8,1.0749632138719427,0.2851018684662187,0.522709981315431,2654.605458259582,0.7773036399347096
HC IV or hospital,Agago,Agago,Wol,26221.263525009155,1.304490498369668,8,1.6547695881223905,0.8988150257694995,1.0,2653.1978740692152,1.0
HC IV or hospital,Buhweju,Buhweju,Engaju,23609.37197494507,0.8451891425075769,4,0.9888475689884333,0.19161927133218412,0.3021753783816264,2610.1602554321294,0.9928689219074855
HC IV or hospital,Amuria,Amuria,Akeriau,18759.887908935547,0.7166254531752965,8,0.8887358932728637,0.020810616397481937,0.15681260069935743,2551.381980895996,0.9535462651940971
HC IV or hospital,Lyantonde,Kabula,Lyakajura,13371.754159927368,0.7867664146821274,4,0.9383359961010125,0.08472225175169897,0.2715669820153751,2498.441799163819,0.9773321055185517
HC IV or hospital,Ssembabule,Mawogola,Lugusulu,41311.28746986389,0.5214479162156715,4,0.6039142792266765,0.06686091027349911,0.12710155194410797,2488.6184654235844,0.42775060635688633
HC IV or hospital,Otuke,Otuke,Ogwette,21643.19460105896,0.7752236984251517,7,0.9138144342507797,0.20182818236446304,0.31668389958389953,2485.8446388244624,0.5921240994912532
HC IV or hospital,Masaka,Bukoto,Bukakata,21140.832230180502,0.7100220515844344,4,0.8780654729756214,0.1672596497708828,0.28391844372725616,2466.263991206884,0.47515540646718335
HC IV or hospital,Lira,Erute,Aromo,42760.71463012695,0.6130487210854464,8,0.7705516359669004,0.0,0.05762505783353737,2464.088653564453,0.7812807550589514
HC IV or hospital,Bugiri,Bukooli,Buluguyi,42180.99956893921,0.5029421922376737,4,0.5944972228290528,0.0,0.05722898717794882,2413.9758834838867,0.18254246060270612
HC IV or hospital,Karenga,Dodoth,Kapedo,10664.35126543045,1.0224723623091503,8,1.2321281281296148,0.6239151356613694,0.84961271634093,2406.9182801246643,1.0
HC IV or hospital,Nakaseke,Nakaseke,Kinyogoga,15195.532357215881,0.9201878038433053,4,1.0299073554904303,0.3629746063262661,0.5190521671886631,2371.6816263198843,0.8445978143422685
HC IV or hospital,Kiruhura,Nyabushozi,Kikaatsi,24533.955911636353,0.6594947645348213,4,0.7729764678924798,0.059530971087260125,0.153890841585587,2315.020902633667,0.7017310921824722
HC IV or hospital,Pader,Aruu,Pader,12186.30586051941,1.0682486187651457,8,1.4449114209512472,0.8112709477094672,1.0,2299.909955978394,1.0
HC IV or hospital,Kyotera,Kyotera,Kyebe,20961.067823946476,1.2018597451437838,4,1.3816561210039662,0.7580985313043866,0.8669631774465012,2281.9192314147963,0.9690764356636291
HC IV or hospital,Oyam,Oyam,Abok,22460.97947692871,0.6688275272195624,8,0.794476791876424,0.048079992345068656,0.14924477712474057,2272.260154724121,0.7201618891539694
HC IV or hospital,Gomba,Gomba,Kabulasoke,59530.45239639282,0.5793379959676928,4,0.712838290206849,0.011693895461773116,0.04983364742042926,2270.4766883850098,0.8205863137668775
HC IV or hospital,Kagadi,Buyaga,Mpeefu,58312.06946563721,0.5890886479866343,4,0.7275535525247684,0.0,0.03887071112081471,2266.631607055664,0.7624720549340653
HC IV or hospital,Kyenjojo,Mwenge,Nyabuharwa,33374.45195770264,0.6336388057273226,10,0.7171900852617449,0.0,0.06765735023994356,2258.026985168457,0.4300288161968454
HC IV or hospital,Pader,Aruu,Lapul,24172.18411064148,0.44391443789819607,8,0.6022205586960152,0.030568750752507593,0.12363518173022818,2249.6189041137695,0.4476597329824905
HC IV or hospital,Kamwenge,Kibale,Busiriba,39783.071643829346,0.6233583631271581,10,0.7284736466950478,0.16462143088981518,0.22113760819424025,2248.3871307373047,0.41007390011870015
HC IV or hospital,Kyankwanzi,Kiboga,Gayaza,29845.57159805298,0.5381350866574385,4,0.7037302383601263,0.004896896171113623,0.08019965257660416,2247.4538078308105,0.7822034913907308
HC IV or hospital,Kyegegwa,Kyaka,Kigambo,27911.405334472656,0.6747242902431755,4,0.859912559271689,0.0,0.07672770953775435,2141.5782012939453,1.0
HC IV or hospital,Lamwo,Lamwo,Agoro,21054.657979011536,0.8354680487688132,7,0.9546387623778477,0.25574138969349336,0.3568218093410789,2128.2136640548706,0.626802704827993
HC IV or hospital,Kamuli,Bugabula,Namasagali,44886.71659851074,0.5660799699749928,4,0.671269954910528,0.08140378814735925,0.12815164893632194,2098.3579788208012,0.24146840684661003
HC IV or hospital,Nakapiripirit,Chekwi,Kakomongole,31750.78133583069,0.537020569181684,4,0.6357418722122951,0.1777148045829038,0.24320136427854583,2079.249437332153,0.39503089794055685
HC IV or hospital,Kalangala,Bujumba,Bujumba,15645.810626000166,0.5075919506600887,4,0.6614576619597312,0.03879835960493354,0.17129525466405704,2073.021328628063,0.36939092597880896
HC IV or hospital,Masaka,Bukoto,Buwunga,53234.06545186043,0.4138227024081927,4,0.5493000946011457,0.10652263372185461,0.14542828365652813,2071.1059150695796,0.18933210028515865
HC IV or hospital,Kalungu,Kalungu,Lwabenge,39599.38869857788,0.4480713875272712,4,0.5944623213939498,0.010181812577804775,0.062079339379210056,2055.110336303711,0.4809101397937227
HC IV or hospital,Koboko,Koboko,Ludara,45142.482288360596,0.5588882466629523,10,0.6868239760684033,0.0340736232578491,0.07956775044250955,2053.7178306579585,0.40161472733543446
HC IV or hospital,Pader,Aruu,Pajule,24732.685819625854,0.4312019297858802,8,0.5865974087491472,0.0,0.08170159771947266,2020.6999473571775,0.45910990295872284
HC IV or hospital,Nakasongola,Buruli,Lwampanga,38310.56385111809,0.5610268538890886,4,0.6440294925089889,0.006093662612921673,0.058819936710411046,2019.9732904434204,0.5361202841567073
HC IV or hospital,Gomba,Gomba,Maddu,42457.12720489502,0.5680174844043192,4,0.6499148613296385,0.16825669242002403,0.21566548454449022,2012.8411178588863,0.4408258652192972
HC IV or hospital,Kiruhura,Nyabushozi,Kinoni,27419.99320793152,0.637152303531836,4,0.7431699809616213,0.03182585841678212,0.10503338216423198,2007.3498039245605,0.7122929125419982
HC IV or hospital,Kole,Kole,Bala,58517.22457885742,0.4583671524339956,8,0.5919859052612133,0.0,0.03414060493167583,1997.8134460449219,0.5417529763735728
HC IV or hospital,Kyenjojo,Mwenge,Butunduzi Town Council,17048.769371032715,1.0113763082119838,10,1.0725031836003867,0.6077664409803896,0.7228146226816723,1961.4299163818355,0.7635768358816576
HC IV or hospital,Butambala,Butambala,Ngando,21480.059997558594,0.5947059062173968,4,0.766452281997972,0.006744867803747504,0.09717455845101935,1942.4351806640627,0.6601391867474019
HC IV or hospital,Kabarole,Burahya,Kasenda,31088.652433395386,0.52319905411026,10,0.6074943051904719,0.051793171059547095,0.11423583020572571,1941.2581272125244,0.28245350140906506
HC IV or hospital,Adjumani,East Moyo,Pakele,59688.187870025635,0.3431182185941292,8,0.42392347635047845,0.0,0.03250816165277979,1940.3532600402832,0.17014410722786888
HC IV or hospital,Apac,Maruzi,Ibuje,53720.84181022644,0.5892994665594703,9,0.6608402423524209,0.037047628457819004,0.07248114166826586,1903.5181579589844,0.46025877813139027
HC IV or hospital,Masindi,Buruuli,Kimengo,18462.64506673813,0.8580410372434639,10,0.9826152260403873,0.3226870687992538,0.42538114310301334,1896.004244327545,0.6104496275383611
HC IV or hospital,Nabilatuk,Pian,Nabilatuk,38188.76112365723,0.47243104794742213,4,0.5697846542771622,0.1076288517910685,0.15725017099058672,1894.9767055511472,0.3646265564383347
HC IV or hospital,Kaabong,Dodoth,Kalapata,17621.6699924469,0.6782131159657498,4,0.8135068540026861,0.025089263690808918,0.1280572844740403,1814.4684820175173,0.9598582873260554
HC IV or hospital,Bukedea,Bukedea,Kolir,43300.32772064209,0.4396308818819364,5,0.5570989567764866,0.01230993702148988,0.05388740667584465,1800.318061828613,0.2666383329308506
HC IV or hospital,Kasese,Kasese Municipality,Nyamwamba Division,68536.845703125,0.26245682401649445,10,0.2751453854043701,0.006747520419488092,0.03277027680494624,1783.5176391601562,0.08248529567452954
HC IV or hospital,Nakapiripirit,Chekwi,Moruita,35729.96141242981,1.4116303415001563,5,1.6518473666800921,0.7029006492985772,0.7520733162668957,1756.9374933242805,0.8474084993945549
HC IV or hospital,Amuria,Amuria,Ogolai,19782.72100830078,0.5783900627154802,8,0.7891915133208207,0.0,0.08821369196722545,1745.1068572998047,0.8665498892492324
HC IV or hospital,Yumbe,Aringa,Kei,69414.812084198,0.40816428207276373,10,0.5040890537396839,0.021253028926532438,0.04615989557467595,1728.9054679870605,0.20716111435003864
HC IV or hospital,Otuke,Otuke,Otuke Town Council,5265.343782424927,0.6890347246969892,8,0.962765214851362,0.0,0.3270856858201501,1722.2185821533203,1.0
HC IV or hospital,Abim,Labwor,Abim,19212.4908618927,0.5477041114230682,8,0.6586306834696518,0.07173968270622058,0.16083941245160324,1711.8277435302737,0.4137702211590351
HC IV or hospital,Rukungiri,Bujumbura,Bwambara,33465.016287982464,0.7757243300939846,4,0.8761565775596427,0.30540405526309744,0.35596893642052474,1692.1545715332022,0.5647867449003906
HC IV or hospital,Pallisa,Pallisa,Olok,20983.87047958374,0.3230476557998449,4,0.4423377547129512,0.012211981527487885,0.09254352856999003,1685.6667785644534,0.2521612632617979
HC IV or hospital,Kabarole,Burahya,Kijura Town Council,11068.85842514038,0.8679703651944285,4,1.0327078684672177,0.19939883627458108,0.3502261059678494,1669.4856948852537,1.0
HC IV or hospital,Lamwo,Lamwo,Palabek Kal,17655.6967086792,0.848100153238027,8,0.9858394677389322,0.20333183167703656,0.297366368356955,1660.2452597618096,0.8249228829906999
HC IV or hospital,Kibaale,Buyanja,Nyamarunda,35960.3106842041,0.564840020837257,4,0.7109624495418386,0.010866600624375004,0.05674225980987719,1649.70295715332,0.7987210171867638
HC IV or hospital,Karenga,Dodoth,Sangar,3284.1213340759277,0.9196698972180654,8,1.1292121137783229,0.24905956979182825,0.7503700562483163,1646.364463567734,1.0
HC IV or hospital,Oyam,Oyam,Myene,34939.269287109375,0.5317243581072685,8,0.6795242494311554,0.0,0.0468123936565936,1635.5908279418945,0.578642466426835
HC IV or hospital,Kasese,Busongora,Bugoye,44500.62691497803,1.1815523601038755,4,1.4394632213775793,0.4695723295356853,0.5062024565000979,1630.0636138916013,0.6114774734470546
HC IV or hospital,Kasese,Busongora,Bwesumbu,27002.664909362793,0.6297107667642119,10,0.7787802877964326,0.22414943291666367,0.28400684521399633,1616.3096466064455,0.4387612886430764
HC IV or hospital,Bududa,Manjiya,Bushiyi,21341.253875732422,0.5770168306128802,5,0.7337071672417811,0.12727342902918617,0.20237673722385693,1602.798767089844,0.32782713551898723
HC IV or hospital,Mpigi,Mawokota,Buwama,63448.13804554939,0.28305327498834937,4,0.333872601148285,0.001291924309846887,0.026463649634013212,1597.0991032123566,0.07819296136058577
HC IV or hospital,Kaliro,Bulamogi,Kisinda,12760.999038696289,0.6180301126729522,4,0.8747496426919076,0.0,0.12416946178284252,1584.526382446289,1.0
HC IV or hospital,Kasese,Busongora,Maliba,58348.92305755615,1.1151901870028371,4,1.344472207970442,0.4130009285204664,0.4399106765225847,1570.154815673827,0.5177105340855799
HC IV or hospital,Bukwo,Kongasis,Kabei,15676.886240005493,1.1100663848399461,5,1.2977438195144289,0.24513721067228889,0.3444232719774716,1556.4962882995603,0.95430951945279
HC IV or hospital,Kiryandongo,Kibanda,Mutunda,99767.84467697144,0.420035964100013,8,0.4662875269377153,0.011882989940153183,0.027452058498673233,1553.2924137115479,0.16040339576377166
HC IV or hospital,Adjumani,East Moyo,Itirikwa,18824.926056861877,0.4391597984655758,8,0.5453715822867451,0.09125053234075138,0.1728362031941719,1535.8442211151125,0.323051707751015
HC IV or hospital,Kapelebyong,Kapelebyong,Obalanga,23553.007932662964,0.6321707283955768,8,0.7691255009828484,0.0,0.06510261703099066,1533.362455368042,0.6019911304920479
HC IV or hospital,Luwero,Bamunanika,Zirobwe,56762.94105529785,0.5354306927344217,4,0.6376158825920513,0.0,0.026144458049328793,1484.0363311767578,0.28475266668233956
HC IV or hospital,Kakumiro,Bugangaizi,Kisiita,34289.3037109375,0.7151639474943835,4,0.8666029872089729,0.0,0.04327682927127962,1483.9323425292969,0.9932949031822145
HC IV or hospital,Lamwo,Lamwo,Palabek Ogili,11274.560351133347,1.404076518569893,8,1.6246142875719474,0.8174929474444176,0.9489681833495254,1482.3254818916316,1.0
HC IV or hospital,Luuka,Luuka,Ikumbya,42775.61827087402,0.6243145278522653,4,0.8090191547723877,0.0,0.03437118068822318,1470.2485046386719,0.8591107315758254
HC IV or hospital,Madi Okollo,Madi Okollo,Ogoko,9823.342734336853,1.1892860542057742,10,1.4656400647348609,0.8408711823979118,0.9856818599924332,1422.5249176025382,1.0
HC IV or hospital,Yumbe,Aringa,Kerwa,35882.39270019531,0.4666164301520235,10,0.5443128442932578,0.015905305367356435,0.05536967784305636,1416.0761108398438,0.20584485081898393
HC IV or hospital,Soroti,Soroti,Tubur,29457.257873535156,0.6247800435892696,8,0.797352346723205,0.0,0.04789165515656992,1410.7568359375,0.8496054312778346
HC IV or hospital,Oyam,Oyam,Iceme,62039.25791168213,0.4657559283541922,8,0.5783754822926531,0.0,0.02244964978497671,1392.7596130371094,0.3638967835186458
HC IV or hospital,Napak,Bokora,Lorengecora,16348.354845046997,1.0663072145569052,4,1.164631814568628,0.5232305541509255,0.6082761118753132,1390.354955673218,0.7279602372969505
HC IV or hospital,Mubende,Kasambya,Kasambya,38763.12875366211,1.251067413346801,4,1.423035801110229,0.8681074399492908,0.9037350015877897,1381.0357589721657,1.0
HC IV or hospital,Apac,Maruzi,Chegere,48857.06460571289,0.5818512863860725,10,0.7166254723320501,0.0019288588291714428,0.030126820279510427,1377.6696243286133,0.7707506675232765
HC IV or hospital,Moroto,Matheniko,Nadunget,65480.30608725548,1.1175873521838355,4,1.3089804719732816,0.4484857023990806,0.46943380641544874,1371.6882629394524,0.5321527225223172
HC IV or hospital,Abim,Labwor,Awach,14381.603191375732,0.5470080562642895,8,0.6848338041320216,0.058296023252165104,0.14992693890587958,1317.7994689941406,0.5036906518102748
HC IV or hospital,Nakasongola,Buruli,Nakitoma,17231.608241558075,0.8054761572149562,9,0.8504773865034193,0.15172095779282746,0.22789582513192028,1312.6154718399048,0.4267338324971712
HC IV or hospital,Nakaseke,Nakaseke,Wakyato,16533.338633060455,0.5962791552139578,4,0.6987757874663324,0.1628137403274876,0.2409754515478257,1292.2740397453308,0.3863341305473263
HC IV or hospital,Arua,Vurra,Ajia,31272.39058494568,0.37178613367799934,10,0.45589042582041706,0.009606904750996948,0.05079833194210958,1288.154399871826,0.24860418663718167
HC IV or hospital,Amolatar,Kioga,Namasale,31126.630904734135,0.7573822908887918,4,0.8421319903941907,0.14391815982652031,0.18518810021850307,1284.594202041626,0.33858614276035676
HC IV or hospital,Kaabong,Dodoth,Kathile,12742.064900636673,0.7106598299315234,4,0.8487304766589621,0.07821730856041063,0.1773837622515791,1263.5853888988497,1.0
HC IV or hospital,Buhweju,Buhweju,Burere,23464.772689819336,0.6723576575125984,4,0.7722062709055895,0.03918253344604358,0.0923750687288626,1248.1507492065432,0.5108582259933453
HC IV or hospital,Napak,Bokora,Iriiri,37554.45788383484,1.6965753981408955,4,1.9273038324877185,0.7167693014455824,0.7497006858648656,1236.7202892303467,0.8120998530402851
HC IV or hospital,Kyankwanzi,Kiboga,Nsambya,39020.55854225159,0.5123910387593609,10,0.555725978377732,0.05813988668939392,0.08981587785810648,1236.0148677825925,0.21625967090117643
HC IV or hospital,Buliisa,Buliisa,Kihungya,17313.819984436035,0.8504744994062603,4,0.9240635788157233,0.09791420465229372,0.16867062820317907,1225.0639801025393,0.9900114041686044
HC IV or hospital,Kakumiro,Bugangaizi,Nkooko,52944.00360107422,0.3615553760489056,4,0.4704530770234633,0.0,0.02294789561962977,1214.953468322754,0.4178945027155392
HC IV or hospital,Kaabong,Dodoth,Kamion,8583.84070611,2.634243650386223,8,3.132088831557347,0.7604541505802451,0.9017983140839388,1213.2757842540736,1.0
HC IV or hospital,Bulambuli,Bulambuli,Bumasobo,11507.144729614258,0.7715955771118955,10,0.9605950342511335,0.34098415090031486,0.4463794974991899,1212.799507141113,0.5688725198999814
HC IV or hospital,Madi Okollo,Madi Okollo,Okollo,23398.967326164246,0.6167650843295762,8,0.6567590040024077,0.06904744140609961,0.12083764546848795,1211.8372926712034,0.2791399650118206
HC IV or hospital,Kabarole,Burahya,Hakibaale,36248.38620376587,0.511255727650342,10,0.5959409773305261,0.04164783682907915,0.07496206596396819,1207.5870437622068,0.21032929078995075
HC IV or hospital,Napak,Bokora,Lotome,25460.117345809937,1.2184794320609926,4,1.4013447275928297,0.4400500702689057,0.4870458418222589,1196.5178585052495,0.6049350402590442
HC IV or hospital,Kyankwanzi,Kiboga,Ntwetwe Town Council,13589.630950927734,0.7069000358220261,4,0.8662759404049285,0.0,0.0879556194635099,1195.284408569336,1.0
HC IV or hospital,Kabarole,Burahya,Ruteete,22778.671184539795,0.5566994951973289,10,0.6323421216908361,0.1513163126468514,0.20334691441488462,1185.187969207764,0.293968873097036
HC IV or hospital,Ngora,Ngora,Kapir,41072.89375305176,0.45851351546133245,5,0.5374352059850515,0.0,0.028839839034795006,1184.53564453125,0.12170487816627124
HC IV or hospital,Bunyangabu,Bunyangabu,Kabonero,22812.85959625244,0.7768215613977711,10,0.9512521855013291,0.35598927793148116,0.4077176062332999,1180.0710906982422,0.5037044386433451
HC IV or hospital,Kalangala,Kyamuswa,Mazinga,6761.3032376766205,1.1947863497854976,4,1.612682665512122,0.8256851297717747,0.9988857542502901,1171.0619430541992,1.0
HC IV or hospital,Kiruhura,Nyabushozi,Sanga,6184.831432532519,0.7926139212181919,4,0.9116895119332986,0.19869395640111764,0.3875352171489831,1167.9513652324677,0.7550767660175912
HC IV or hospital,Rakai,Kooki,Kacheera,29159.217415332794,0.33069678393588403,4,0.4435826533408654,0.0,0.03941814067126713,1149.4021339416504,0.33341134406189965
HC IV or hospital,Nakapiripirit,Chekwi,Loregae,27009.0094165802,1.490845420911958,5,1.7819716127923937,0.5469549690064468,0.5892083721279011,1141.2225627899188,0.6801873112791373
HC IV or hospital,Kyenjojo,Mwenge,Bufunjo,30002.88999938965,0.6566667068110129,4,0.772902568350897,0.0,0.03785386175355923,1135.7252502441406,0.6952547835994675
HC IV or hospital,Buyende,Budiope,Buyende Town Council,19831.395500183105,0.6662060776740703,4,0.7783585021333675,0.0,0.05676155212977083,1125.660789489746,0.5160003830832992
HC IV or hospital,Kyotera,Kyotera,Kakuuto,45097.08751869202,0.6601720080605435,4,0.6970729800422955,0.04368310205918455,0.0681872756322771,1105.0668601989748,0.13997734236716253
HC IV or hospital,Kapelebyong,Kapelebyong,Acowa,24726.019065856934,0.5528466138627466,8,0.6374895213056845,0.003349174028163523,0.04801198868419912,1104.3336067199707,0.19031649528338596
HC IV or hospital,Nakasongola,Buruli,Nabisweera,21378.845115482807,0.8049626213521492,4,0.87137835015024,0.27624600300971786,0.32693022346333905,1083.5700988769534,0.4746346289847493
HC IV or hospital,Rubanda,Rubanda,Ikumba,22424.64719390869,0.5367302537193133,4,0.6413925804247389,0.023817928118566468,0.07211425977886458,1083.0281982421877,0.3330113424153603
HC IV or hospital,Arua,Terego,Uriama,33248.490089416504,0.47951146384314497,10,0.5888033494909757,0.0,0.032201014653533026,1070.6351165771484,0.3771089402963847
HC IV or hospital,Abim,Labwor,Morulem,35469.737199783325,0.497756194951836,8,0.5950930588468483,0.09692884386291666,0.12687054748388052,1062.024358749389,0.2922031700294187
HC IV or hospital,Kaabong,Dodoth,Lotim,5933.07596206665,0.6871230324992286,4,0.8177887362960435,0.0,0.17350856545291654,1029.4394989013672,0.9082045272521412
HC IV or hospital,Kalungu,Kalungu,Bukulula,51361.6648375988,0.40103471900073717,4,0.4636598532070965,0.00795737249634359,0.027874375256964967,1022.9704203605651,0.08269738136622294
HC IV or hospital,Isingiro,Bukanga,Mbaare,46942.29997634888,1.269175289848498,4,1.3954978411585077,0.8740991142015795,0.8958243600528975,1019.8330078124968,0.9384747374850252
HC IV or hospital,Alebtong,Moroto,Abia,29683.14948272705,0.6073004139635126,8,0.747859777303005,0.0158362074158077,0.050173604169531046,1019.2420806884767,0.49839537687452473
HC IV or hospital,Nwoya,Nwoya,Koch-Goma,23263.043170928955,0.503106222629568,8,0.5797725804204472,0.003943217434515724,0.04766398937460528,1017.0782051086426,0.22877750970251887
HC IV or hospital,Bududa,Manjiya,Bukalasi,18386.23944091797,0.7461010009220066,10,0.9180367743408483,0.2945785028447752,0.3493128988547466,1006.3597106933588,0.4401981502817418
HC IV or hospital,Lamwo,Lamwo,Palabek Gem,16773.91311597824,0.859910679224949,8,0.9962490083192664,0.32720195529716106,0.3870460817460384,1003.8201775550837,0.5877774270691265
HC IV or hospital,Napak,Bokora,Lopeei,15433.682595729828,0.9374031654065581,4,1.04526136320529,0.35923569726238647,0.4238670757432493,997.5001811981197,0.6576968471364039
HC IV or hospital,Lyantonde,Kabula,Kaliiro,23661.047470092773,0.5455106461663484,4,0.6386830126905891,0.008933893440754116,0.05022058205283146,976.8862991333009,0.24998971673439221
HC IV or hospital,Kasese,Bukonjo,Ihandiro,16937.803253173828,0.38763756304687225,4,0.4514608328166475,0.14163860707802675,0.19930280739737605,976.7048797607418,0.23986072814075557
HC IV or hospital,Kasese,Busongora,Lake Katwe,31462.2121219337,0.4973947198703874,10,0.5427534455640572,0.0482938798977525,0.07918015216181201,971.7504496276376,0.28911648105071147
HC IV or hospital,Kole,Kole,Ayer,46633.66556549072,0.46161895846701484,8,0.5467834537451836,0.0,0.020825513760685067,971.1700439453124,0.4889603954532178
HC IV or hospital,Nakasongola,Buruli,Kalungi,30986.366912722588,0.5970071089693347,4,0.6567384049733792,0.03238351375687491,0.0635279263543263,965.0521960258483,0.3552316057832793
HC IV or hospital,Mubende,Kasambya,Kigando,56207.0691986084,1.41948122749389,4,1.6529997412311488,0.9828535791889498,1.0,963.750061035159,1.0
HC IV or hospital,Abim,Labwor,Alerek,21179.802277565002,1.7676973138038174,8,2.1106531159399013,0.6710840611482656,0.7165381940257292,962.7095470428454,0.8166355842506481
HC IV or hospital,Arua,Terego,Bileafe,28758.697313308716,0.38736108432879374,10,0.49382752029126736,0.0,0.03304237565880555,950.2556800842285,0.13444073891534836
HC IV or hospital,Amuria,Amuria,Wera,31844.62240600586,0.4592799997790271,8,0.4967389377412295,0.0,0.029713562266540695,946.217170715332,0.1283168897922591
HC IV or hospital,Bundibugyo,Bughendera,Harugale,14383.831405639648,0.45097508875084724,4,0.5299129116929464,0.09619512426434475,0.16154587061474074,939.9941177368165,0.35286605060245685
HC IV or hospital,Hoima,Bugahya,Buseruka,60901.67556476593,0.6430466806276741,4,0.6622719250957201,0.010017811475105538,0.02541716892147132,937.8466711044312,0.08639123430105118
HC IV or hospital,Kakumiro,Bugangaizi,Kisiita Town Council,19285.297561645508,0.7190753715650934,4,0.8342243432339077,0.0,0.048592077353380426,937.1126708984374,0.9218640911553162
HC IV or hospital,Kyankwanzi,Kiboga,Kyankwanzi,7482.097409248352,1.1019700957735628,4,1.2713404455635309,0.7196855642676105,0.8440951847607849,930.8448991775508,0.9687483774117349
HC IV or hospital,Kisoro,Bufumbira,Rubuguri Town Council,19130.177238464355,0.3039279372017584,11,0.37197216490256846,0.019253210506914486,0.06745768740603197,922.1601867675781,0.2554675767693065
HC IV or hospital,Buhweju,Buhweju,Bihanga,19397.72519683838,0.6178055536306846,4,0.7401278170967516,0.02009403869741386,0.06744029692079634,918.4097061157227,0.7604293425625148
HC IV or hospital,Bulambuli,Bulambuli,Bunambutye,12294.55734539032,0.9661754930752212,5,1.2291286119345928,0.3250632862309604,0.3991219733687555,910.518775939942,0.7603213678668811
HC IV or hospital,Abim,Labwor,Magamaga,7635.890959739685,0.8319837450468444,8,1.0232939531391423,0.29706198912838994,0.41554811133514163,904.7471094131469,0.6806576414783634
HC IV or hospital,Kaabong,Dodoth,Sidok,10349.00753325224,0.5693899010050819,8,0.7023245579458567,0.08923542235069404,0.17649717969801193,903.0725841522218,0.6724612749296569
HC IV or hospital,Masaka,Bukoto,Kyanamukaaka,39890.512998104095,0.39241390595741016,4,0.5017750280716985,0.0,0.02234934635395411,891.5268912315369,0.28626952038914055
HC IV or hospital,Gomba,Gomba,Kyegonza,36084.57013940811,0.5575857399363366,4,0.6427134663078958,0.00018748688689544467,0.02488791937688949,891.3044886589051,0.36638374711456634
HC IV or hospital,Kitagwenda,Kitagwenda,Kanara,19056.24958229065,0.4885973694536479,4,0.5839067855391151,0.08680923336913322,0.13324149269010288,884.8247222900392,0.30845583982851915
HC IV or hospital,Bulambuli,Bulambuli,Bwikhonge,11581.158603668213,0.5792450737451437,5,0.7560143132340675,0.1779720847109923,0.2542508817642883,883.3968467712403,0.402356407979004
HC IV or hospital,Kamwenge,Kibale,Kamwenge,31845.84626197815,0.33645580044308404,4,0.415232502474702,0.031824496100379615,0.05917927351005607,871.1360359191893,0.20342950677949775
HC IV or hospital,Nebbi,Padyere,Kucwiny,40536.45157814026,0.362230647041321,10,0.41402267682601157,0.0,0.0213572367999165,865.7465953826904,0.25689125579547106
HC IV or hospital,Katakwi,Toroma,Kapujan,18895.87553358078,0.6140953193347953,5,0.6865058526241318,0.021528515229295,0.06691424896341162,857.6031756401062,0.23322020162734436
HC IV or hospital,Bushenyi,Igara,Kyamuhunga,26604.49137878418,0.4474298288028891,10,0.5017216978288441,0.10710127762255885,0.13924498918299222,855.167097091675,0.25260802338457655
HC IV or hospital,Moyo,Moyo,Metu,26458.993967056274,0.46711437693709584,8,0.5469103061146573,0.07858531461751599,0.11044198028502052,842.8953247070311,0.22573709021198285
HC IV or hospital,Bugiri,Bukooli,Iwemba,24095.55793762207,0.3601639405266037,4,0.49379528055573424,0.0,0.03465857898013787,835.1177978515625,0.20983798267432643
HC IV or hospital,Kasese,Bukonjo,Kitholhu,19781.072784423828,0.4746589823934026,4,0.5370336959674746,0.14172734932044442,0.1835674676273149,827.6424255371089,0.2760529835907813
HC IV or hospital,Kole,Kole,Alito,50740.31480407715,0.5216186075885956,8,0.688499042639622,0.0,0.016304050886457505,827.2726745605469,0.7596622956943707
HC IV or hospital,Pakwach,Jonam,Panyango,38396.37498521805,0.42557111878022236,10,0.4985879888585526,0.0,0.021044227761223864,808.0220603942872,0.46763522172664673
HC IV or hospital,Bulambuli,Bulambuli,Bulaago,13115.968765258789,1.0368839376939727,10,1.2915273623739536,0.5608168703984138,0.6221205800430509,804.057540893555,0.7766003234398655
HC IV or hospital,Katakwi,Katakwi,Palam,17244.84257221222,0.6167297057298058,8,0.6806756374505801,0.126357721183338,0.1725011793283244,795.7366714477544,0.3137227735459597
HC IV or hospital,Buvuma,Buvuma Island,Bweema,13734.580974578857,2.5646180746622065,4,3.3406273621873908,0.9426715677615773,1.0,787.381994724273,1.0
HC IV or hospital,Kiboga,Kiboga,Ddwaniro,15483.169225692749,0.37327798458122574,4,0.46330567873980605,0.04986881816972735,0.10023548935906737,779.835693359375,0.2532657247445034
HC IV or hospital,Mukono,Nakifuma,Ntunda,20054.996166229248,0.4219261799091041,4,0.5076215075535367,0.015802813564316256,0.05413495064126505,768.7508621215821,0.10714978383525443
HC IV or hospital,Bunyangabu,Bunyangabu,Katebwa,11085.578674316406,0.48822681331684564,4,0.581018140335687,0.13456459960404044,0.20311466928261931,759.9171905517577,0.34145260003653327
HC IV or hospital,Kasese,Bukonjo,Kisinga Town Council,29259.031661987305,0.1527938249768937,4,0.1851611766720967,0.008800102678882291,0.03461148801355933,755.2161407470703,0.09650943914402632
HC IV or hospital,Bududa,Manjiya,Bumayoka,25578.428268432617,0.5004907086865589,10,0.6055348317223634,0.12475335713614064,0.1540906302787607,750.4013366699218,0.19635714054018866
HC IV or hospital,Sironko,Budadiri,Bugitimwa,10169.611755371094,0.7699984952909711,10,0.9945891585140534,0.3683638035726303,0.44160895228230357,744.874725341797,0.5644769127328212
HC IV or hospital,Kumi,Kumi,Ongino,55309.397435605526,0.36382526445033925,4,0.46238915853692075,0.0770937065339065,0.09053239764622134,743.2859077453612,0.1684801113925771
HC IV or hospital,Moroto,Matheniko,Tapac,18853.54852962494,1.437535926820673,4,1.7372604746965419,0.8575883984631705,0.8969397358297926,741.9123487472532,0.9716490240745329
HC IV or hospital,Napak,Bokora,Matany,31200.95289993286,0.5172241621686239,4,0.5726534720385442,0.16987889345022994,0.19315122239456414,726.1188392639157,0.2602015239079711
HC IV or hospital,Rubirizi,Bunyaruguru,Katunguru,5313.751313120127,0.6963015341473356,10,0.8007115158693145,0.19490205172857938,0.3290369660807914,712.7595772743224,0.6272659684878362
HC IV or hospital,Bulambuli,Bulambuli,Bumugibole,12157.583770751953,0.6543798372177996,5,0.8177397402710769,0.26415231167461206,0.32272154526546476,712.0603637695309,0.3527769844600894
HC IV or hospital,Rubanda,Rubanda,Ruhija,12015.98212814331,0.6743041640211335,4,0.8196083196489442,0.007474794851134804,0.06670244444891306,711.6783790588379,0.984513348633071
HC IV or hospital,Kamwenge,Kibale,Bwizi,41183.91429901123,1.1392741686876702,10,1.317823698759514,0.9827346931542751,1.0,711.0529174804668,1.0
HC IV or hospital,Nabilatuk,Pian,Lorengedwat,11843.317299842834,0.8981120671789034,4,0.9962990870169466,0.31182762561634775,0.37160338691305655,707.9433078765871,0.4813740581064567
HC IV or hospital,Pallisa,Pallisa,Chelekura,14415.935061454773,0.4989817574766231,4,0.6906483563971246,0.0,0.04788338493185026,690.2837677001953,0.7949674136575199
HC IV or hospital,Bundibugyo,Bwamba,Kisubba,21625.003005981445,0.2639188868444057,4,0.31976474724477816,0.046089660235515924,0.07765995282369752,682.7076721191407,0.15229780851848393
HC IV or hospital,Kwania,Kwania,Abongomola,45635.46049499512,0.4750960125487475,9,0.6137881146803397,0.0,0.014639066629956912,668.060546875,0.6499616307769688
HC IV or hospital,Namisindwa,Bubulo,Mukoto,10138.633224487305,0.4476055727553872,5,0.594737455475969,0.03206837439377098,0.09634223601377959,651.6491088867188,0.278332423328881
HC IV or hospital,Napak,Bokora,Lokopo,27560.048692703247,1.5857980009337276,4,1.8065879884179612,0.6763639262940836,0.6999332431372597,649.5715198516839,0.7647343892729872
HC IV or hospital,Bushenyi,Igara,Bitooma,20498.300647735596,0.5164039412817453,10,0.586960885704817,0.10531732982309908,0.1368798715658022,646.9784698486332,0.21796991099773533
HC IV or hospital,Kasese,Bukonjo,Kyondo,30954.107627868652,1.172851490731081,4,1.3959670691627013,0.50976432256438,0.5304710210833089,640.9573745727544,0.5782858177288995
HC IV or hospital,Adjumani,East Moyo,Dzaipi,49386.05540084839,0.5472300509598592,8,0.6481409507668424,0.0,0.0129422936430878,639.168830871582,0.42992276586781014
HC IV or hospital,Bugiri,Bukooli,Nabukalu,47806.94073486328,0.34992522411694493,4,0.44606571294087377,0.0,0.013106275861576158,626.5709533691406,0.05047781405833573
HC IV or hospital,Kasese,Bukonjo,Kisinga,20295.490234375,0.23020253932550191,4,0.28102013221756755,0.0,0.030720515140996437,623.4879150390625,0.11267388028349894
HC IV or hospital,Sironko,Budadiri,Masaba,12925.13330078125,0.26156998884992944,5,0.3248498396135248,0.0,0.04815463607593203,622.4050903320312,0.10185109385016392
HC IV or hospital,Bunyangabu,Bunyangabu,Kyamukube Town Council,14770.940994262695,0.3793354703675005,4,0.4384666562021784,0.026078218662655358,0.06792357202243167,618.0952453613281,0.199265346132323
HC IV or hospital,Kapchorwa,Tingey,Chema,11688.856285095215,0.3238692513990476,5,0.3719263038372287,0.07499977819395386,0.1274265007882533,612.8084259033203,0.1764697296956482
HC IV or hospital,Karenga,Dodoth,Lokori,6348.285773277283,0.6648829554154123,7,0.7769635632385331,0.09042181753860837,0.18547753226029484,603.4408414363862,0.6021906949542801
HC IV or hospital,Kalaki,Kalaki,Kalaki,14748.245956420898,0.44880134868091554,8,0.6127256772013461,0.0,0.04062750425538834,599.1844253540039,0.5623613220432634
HC IV or hospital,Kasese,Busongora,Karusandara,14506.31660079956,0.7170244143839828,4,0.8019479886930805,0.2574489959882412,0.2986425849619655,597.5672435760501,0.480891433871355
HC IV or hospital,Buikwe,Njeru Municipality,Wakisi Division,50409.68000411987,0.28080895542324863,4,0.3322328240517153,0.005091054717218842,0.016663424525471208,583.3594589233398,0.06123574846663549
HC IV or hospital,Gulu,Aswa,Paicho,32308.110906600952,0.4201469138467362,8,0.5273722061325785,0.00280941086984269,0.020857063350151913,583.0855579376222,0.1954580713944592
HC IV or hospital,Kiboga,Kiboga,Kapeke,20592.526410102844,0.34480719752100203,4,0.3824759930335216,0.01786881818415077,0.045974467275284335,578.766321182251,0.16077046742419915
HC IV or hospital,Kyenjojo,Mwenge,Kyarusozi,55198.02194213867,0.37840855457741707,4,0.47475094538029217,0.003991332375452113,0.014399912521323546,574.5330352783203,0.4029715189200923
HC IV or hospital,Karenga,Dodoth,Kawalakol,6560.730468869209,1.5865025758804847,8,1.9119060347076935,0.719655604607504,0.8071895810235037,574.286826133728,1.0
HC IV or hospital,Gulu,Aswa,Awach,25452.08308696747,0.29862571209789907,8,0.4186588176844888,0.0031427724917179717,0.025453992085988447,567.8670148849487,0.23420064181918349
HC IV or hospital,Ngora,Ngora,Ngora,33352.39194869995,0.253102363733655,5,0.33341443686990246,0.0,0.01695546418500437,565.5052871704102,0.1092381968150515
HC IV or hospital,Bukwo,Kongasis,Kamet,7596.548406600952,0.7115307453554268,5,0.8155902791896708,0.023435659621711926,0.09648808821693017,554.946310043335,0.4087741632411987
HC IV or hospital,Buyende,Budiope,Nkondo,42064.48063707352,0.31990608935429127,4,0.36363956230033057,0.008961519199553687,0.022145804973860962,554.5901336669922,0.03439329983005468
HC IV or hospital,Kanungu,Kinkizi,Mpungu,9674.742853164673,0.6554313544372931,10,0.7488872523297735,0.0039482783636326175,0.06080483323657844,550.0725479125977,0.7114462898268881
HC IV or hospital,Rubirizi,Bunyaruguru,Kichwamba,21230.99140319228,0.5296057979851103,10,0.6083004712925293,0.22442562585251927,0.250182305255602,546.8398389816288,0.31195713279956344
HC IV or hospital,Kaberamaido,Kaberamaido,Aperkira,19518.89401626587,0.4334052534411206,9,0.5631104470661271,0.0,0.02773694008839502,541.3943939208984,0.458698301241512
HC IV or hospital,Kasese,Busongora,Kitswamba,25872.848083496094,0.34129489187957507,10,0.39714885379348863,0.04360643955040201,0.06446190871621095,539.5903854370116,0.15335851658320873
HC IV or hospital,Kasese,Bukonjo,Kyarumba,50368.6003036499,0.9188336346491596,4,1.1180284652469399,0.4234237808355159,0.4340827504541771,536.8773803710934,0.49887465764869005
HC IV or hospital,Kaabong,Dodoth,Loyoro,4125.7807467877865,1.969445352174514,4,2.2842838977761164,0.6442553606865954,0.7728479585431803,530.5448644161226,0.9021520547073142
HC IV or hospital,Oyam,Oyam,Loro,72454.9116973877,0.4384090797306886,8,0.5074696156213746,0.0,0.007226841713776251,523.6201782226562,0.22586871180832507
HC IV or hospital,Serere,Kasilo,Bugondo,48210.363639354706,0.2798222234742253,5,0.3206438867730735,0.0035648771589434306,0.014284229681580921,516.7838830947876,0.03754970275506448
HC IV or hospital,Masindi,Masindi Municipality,Karujubu Division,39823.81978416443,0.2458607590513065,4,0.277059912971211,0.021540136556627405,0.034158653094153446,502.51752853393555,0.0821001440721093
HC IV or hospital,Oyam,Oyam,Ngai,36579.29219818115,0.4637728821558446,8,0.5648332192667228,0.0033920080950935673,0.017046660181821414,499.47750854492193,0.2888930874962504
HC IV or hospital,Lyantonde,Kabula,Kinuuka,11409.292097091675,0.6774398629714155,4,0.7600408798175068,0.0033615044779496638,0.04670312826849367,494.49724578857416,0.5230331875841049
HC IV or hospital,Nwoya,Nwoya,Alero,30867.839805603027,0.4747139733998973,8,0.5926616144992325,0.0,0.0159188882044739,491.3816909790039,0.3509761992577877
HC IV or hospital,Moroto,Matheniko,Rupa,18449.74299621582,1.1493908233567647,4,1.3232655296966533,0.5407814153605134,0.5672951941114013,489.1724038124098,0.6381188910509493
HC IV or hospital,Nakasongola,Buruli,Wabinyonyi,24359.912755966187,0.33813323402179635,4,0.3883168134545833,0.023433104747907225,0.043133950819917846,479.91089153289784,0.16941461255349102
HC IV or hospital,Kaberamaido,Kaberamaido,Ochero,35480.360781908035,0.46818575742179025,9,0.5238868122894961,0.0065435859104425575,0.020046490028113772,479.08790969848627,0.13448902507179808
HC IV or hospital,Bududa,Manjiya,Nalwanza,14006.890197753906,0.29066746428906864,5,0.37281709449365885,0.0825001183390626,0.11645880653071618,475.6556167602539,0.14338525012424458
HC IV or hospital,Adjumani,East Moyo,Ukusijoni,13050.318315029144,1.207765567358414,8,1.4743848974550537,0.5217010626974541,0.5580010512270963,473.7264051437378,0.6171346377115843
HC IV or hospital,Kassanda,Kassanda,Bukuya,44594.48984527588,0.6300423383581557,4,0.72042792851226,0.0,0.01057040231301882,471.38169860839844,0.6280444862271902
HC IV or hospital,Amuru,Kilak,Lamogi,58777.33320426941,0.2876491390315612,8,0.33459916638671183,0.0,0.007980416930717516,469.0676250457764,0.0752714662409326
HC IV or hospital,Amolatar,Kioga,Namasale Town Council,10126.458161354065,0.7076259947843794,9,0.770632056813743,0.011421447441836846,0.05730105290271327,464.5979051589966,0.4918360455481644
HC IV or hospital,Kaliro,Bulamogi,Namwiwa,23631.863845825195,0.4796743863375228,4,0.6759180047979529,0.0,0.019287835836803855,455.80751037597656,0.8286614906466523
HC IV or hospital,Butaleja,Bunyole,Budumba,29356.425567626953,0.3939628793763828,4,0.4839371726412433,0.0,0.015416653299306707,452.5778350830078,0.09560924283039082
HC IV or hospital,Moroto,Matheniko,Katikekile,13040.986283302307,0.4456328973484628,4,0.5147911442879148,0.06175466225634156,0.0963761821427273,451.49876594543457,0.3625624207983973
HC IV or hospital,Kiboga,Kiboga,Kibiga,32494.69327545166,0.3296530074207384,4,0.4070553682139655,0.0,0.01354027031790939,439.98693084716797,0.12738180754962736
HC IV or hospital,Kasese,Kasese Municipality,Bulembia Division,15725.641403198242,0.750957635490086,4,0.8908149421888262,0.4089571027534965,0.43649599922864024,433.0668106079105,0.4680323941989139
HC IV or hospital,Kotido,Jie,Kotido,17705.43284034729,1.3914123259389108,8,1.5686472806106266,0.9756096151226652,1.0,431.8423213958735,1.0
HC IV or hospital,Obongi,Obongi,Itula,12538.664143264294,0.6541320444173372,8,0.7520889692558868,0.0025170700233762625,0.03682089964367896,430.12419843673706,0.7029526134557597
HC IV or hospital,Kyankwanzi,Kiboga,Butemba Town Council,20678.786569595337,0.6318237859655931,4,0.6594628562337536,0.08636049564153504,0.10692624760676502,425.27479553222645,0.19513858943048196
HC IV or hospital,Katakwi,Katakwi,Ngariam,11482.671779632568,0.8825888997760193,8,1.0157016432573356,0.34528641916720065,0.3820322914061695,421.94079017639154,0.5353227591289995
HC IV or hospital,Katakwi,Toroma,Toroma,15202.637140929699,0.6067835611424659,5,0.6861994011371325,0.018371062658543453,0.04594571853548588,419.20748758316034,0.35156979629109786
HC IV or hospital,Serere,Kasilo,Kadungulu,31069.73443007469,0.5045710585453489,5,0.5694158055987117,0.005519480171517409,0.01894454242384207,417.1131188869477,0.17118862856812425
HC IV or hospital,Ntoroko,Ntoroko,Bweramule,6711.055184602737,0.7214118128888866,4,0.7773642234771287,0.17994108868169895,0.24167631423694086,414.3085055351257,0.30901856662063415
HC IV or hospital,Kasese,Busongora,Muhokya,26873.939007878304,0.9112425384014571,4,0.9972714434775468,0.42229230563508124,0.4376911193052404,413.82677936553995,0.4783758578468752
HC IV or hospital,Tororo,West Budama (Kisolo),Iyolwa,25798.6580657959,0.45460448838772,4,0.6440060925766099,0.0,0.016019467986417114,413.28077697753906,0.33729987556253854
HC IV or hospital,Isingiro,Isingiro,Kabingo,35306.40502738953,0.46283951143341523,4,0.5083447125593419,0.012130139004269277,0.023567587508253357,403.8151893615723,0.13384724740572915
HC IV or hospital,Luwero,Katikamu,Butuntumula,42684.84334945679,0.31164143674966877,4,0.372507577068125,0.00752564093567061,0.01683840488293051,397.5138702392577,0.14718990939028534
HC IV or hospital,Masindi,Bujenje,Budongo,37579.754888534546,0.5273889413454177,4,0.5830946528149454,0.007157259853920653,0.017547973770486797,390.48048210144054,0.18175825727928108
HC IV or hospital,Kamwenge,Kibale,Bihanga,21327.57061767578,0.587049741075492,4,0.7174289292850681,0.0,0.0182812512122389,389.8946762084961,0.7508769762779749
HC IV or hospital,Kasese,Busongora,Kilembe,18937.030403137207,0.42992780325024843,4,0.5237075771903189,0.22565865938440455,0.24609064350199109,386.9211044311528,0.28066393283382396
HC IV or hospital,Kitgum,Chua,Mucwini,25669.1114654541,0.5199783161201849,7,0.5707040240590624,0.07562319588109905,0.09056864384572781,383.6363697051999,0.13181723057035638
HC IV or hospital,Kapchorwa,Tingey,Sipi,9903.427791595459,0.5533074045448781,5,0.6515838514071326,0.22829774581179269,0.2669645503378127,382.9339065551756,0.32829154830392504
HC IV or hospital,Nakasongola,Buruli,Kakooge,26282.245255470276,0.33417790140214576,4,0.3905123833401936,0.011492197904671595,0.025828045415743617,376.778260231018,0.11603210401247804
HC IV or hospital,Kiruhura,Nyabushozi,Kashongi,42977.19529724121,0.592396578258612,4,0.6702946431018646,0.0,0.00869902213903327,373.8595733642578,0.41505721044768334
HC IV or hospital,Bududa,Manjiya,Bubiita,8613.599517822266,0.6616340170178463,5,0.8148333082148432,0.30082416544351825,0.3438681195060292,370.7633819580079,0.41224103595605166
HC IV or hospital,Kiruhura,Nyabushozi,Nyakashashara,26475.787166133523,0.49610472512065645,4,0.5446703252510618,0.011093507722767262,0.025037462076119774,369.1771677136421,0.1250828961811704
HC IV or hospital,Mpigi,Mawokota,Nkozi,53823.5986199379,0.1621501819799797,4,0.18322374745099199,0.0031251967471539258,0.009785586576633561,358.4861488342285,0.02525749080227872
HC IV or hospital,Serere,Kasilo,Pingire,39775.642735004425,0.4621430206638817,5,0.5311043782133973,0.05402059667666969,0.06302324417504927,358.0860905647276,0.1452092403119021
HC IV or hospital,Nakaseke,Nakaseke,Ngoma,10785.244376659393,1.3286361308284043,4,1.5365591402941796,0.9501913793856984,0.9833597800011893,357.7293062210088,1.0
HC IV or hospital,Bukwo,Kongasis,Suam,8203.615921020508,1.5355081075533557,5,1.8929797829293822,0.9574673984400855,1.0,348.9211273193359,1.0
HC IV or hospital,Kasese,Busongora,Rugendabara,12431.0514793396,0.3732812390669332,10,0.4203439054862021,0.02803453876245858,0.05545945484757528,340.9205436706543,0.14524393338150388
HC IV or hospital,Dokolo,Dokolo,Adok,18330.71028137207,0.4931817323149231,9,0.5974750637515936,0.0,0.01853953609945969,339.8428649902344,0.28895795756258
HC IV or hospital,Katakwi,Toroma,Omodoi,21478.414124965668,0.475701007750055,8,0.5391810500177185,0.01173180860947944,0.027508875080425398,338.86636734008783,0.12896346460726948
HC IV or hospital,Kapchorwa,Tingey,Munarya,7461.800506591797,0.5550780608980743,5,0.6547633386315695,0.22782807591558077,0.27287355063343277,336.12034606933605,0.3301945483408355
HC IV or hospital,Rubirizi,Bunyaruguru,Kyabakara,19222.22201538086,0.36140856963848994,10,0.45489688968977116,0.0,0.017139171365813232,329.45295715332037,0.31770969274096034
HC IV or hospital,Kassanda,Kassanda,Nalutuntu,36926.99167251587,0.6108584063267792,4,0.6524803038908314,0.03668414013521195,0.0455556098238928,327.59668731689464,0.1935757979476828
HC IV or hospital,Omoro,Omoro,Bobi,40359.92247390747,0.5216844272525896,8,0.5746556707610202,0.005126353905897115,0.013197040671608264,325.73229217529297,0.12115789289558204
HC IV or hospital,Bundibugyo,Bughendera,Ntotoro,22565.700689315796,0.44595149312226207,4,0.4744893138881729,0.11396708689926147,0.12822835696521526,321.81555175781216,0.17185634757042037
HC IV or hospital,Kween,Kween,Kaptum,12367.214546203613,0.39822429576303564,5,0.4400116994640303,0.0,0.025992724427876205,321.4575996398926,0.1248008189313068
HC IV or hospital,Dokolo,Dokolo,Kwera,17822.11088705063,0.5598187436787602,9,0.673810811704816,0.016144853894220684,0.034178305387620476,321.3941721916199,0.1853845443052517
HC IV or hospital,Buikwe,Lugazi Municipality,Najjembe Division,42738.090854644775,0.16695210038390926,4,0.19305051191285488,0.0009895648026710796,0.00848044779845718,320.1460380554199,0.023351479802865623
HC IV or hospital,Ibanda,Ibanda,Kicuzi,20381.76683807373,0.4067920751275621,4,0.5067704914690687,0.0,0.015648590871187713,318.94593048095703,0.2620893291465483
HC IV or hospital,Wakiso,Busiro,Kasanje,49754.65843176842,0.33581688607251864,4,0.4192748447300645,0.0,0.006307273035458417,313.8162155151367,0.09066240212088307
HC IV or hospital,Madi Okollo,Madi Okollo,Offaka,24615.67914581299,0.6074040689859229,8,0.6776022140028983,0.0,0.012521201100289692,308.21786880493164,0.41930322575721307
HC IV or hospital,Karenga,Dodoth,Lobalangit,6913.970975399017,0.42511569323231185,8,0.4902149026324448,0.00851306511011365,0.051820293012809875,299.4249167442322,0.27690732262345047
HC IV or hospital,Soroti,Soroti,Kamuda,58331.05244910717,0.25089287253825326,5,0.28780674187604394,0.00023441358117863147,0.0052300245796898515,291.39924716949463,0.07055672851465158
HC IV or hospital,Alebtong,Moroto,Amugu,36482.41722869873,0.5935444025066466,8,0.7176269457276545,0.0,0.007969472915232556,290.7456359863281,0.5210108298205026
HC IV or hospital,Bundibugyo,Bughendera,Sindila,10838.899085998535,2.032641081047339,4,2.3904645832746683,0.8354115753982645,0.8620573659776168,288.8110351562505,0.8923473979887891
HC IV or hospital,Lamwo,Lamwo,Madi Opei,14003.815343379974,0.5178147670637635,7,0.5922945359340375,0.17105101912610396,0.19111242160353797,280.9361758232115,0.24707189304737384
HC IV or hospital,Kyankwanzi,Kiboga,Kyankwanzi Town Council,9270.121963500977,1.4105441404240209,4,1.659006305018574,0.9465146372501978,0.9765349772776164,278.29221343994067,0.9985714588034913
HC IV or hospital,Bundibugyo,Bughendera,Butama-Mitunda Town Council,9511.804100036621,0.6921964702098381,4,0.8081181852647392,0.3781446168315031,0.4068734979034418,273.26348876953114,0.48587403388666495
HC IV or hospital,Masindi,Buruuli,Miirya,26222.341811180115,0.43096155270578795,10,0.46649753923495585,0.0014355858375348428,0.01162122408205801,267.09128761291504,0.09493457326426143
HC IV or hospital,Kiruhura,Nyabushozi,Kenshunga,34455.54885101318,0.27606074153804777,4,0.31848030189164556,0.0017629357809544463,0.009244788829948253,257.791353225708,0.10063884009201868
HC IV or hospital,Mubende,Buwekula,Kiyuni,27923.364707946777,0.5007869483805951,4,0.6439554800198499,0.0,0.009232061021493394,257.7902069091797,0.7496667511399165
HC IV or hospital,Bulambuli,Bulambuli,Buluganya,13265.858978271484,0.28704541182234583,5,0.3720165236678639,0.01825943206376612,0.03760146291037219,256.5886535644531,0.08469630777341058
HC IV or hospital,Bundibugyo,Bwamba,Tokwe,18901.031856536865,0.4033032089618709,4,0.4509775099831773,0.15518596870611984,0.1686670639204691,254.80661010742202,0.22223705008958605
HC IV or hospital,Kotido,Jie,Kacheri,40289.65858745575,2.032698677951904,8,2.3509432899333533,0.9896998162733559,0.9959050813608038,250.00801181793454,1.0
HC IV or hospital,Kazo,Kazo,Rwemikoma,32090.141450881958,0.3397718819431365,4,0.3962675367020679,0.0,0.00775980425015649,249.01321601867676,0.2650872609362652
HC IV or hospital,Pader,Aruu,Latanya,19356.80962562561,0.3489140847914594,8,0.4571902667793683,0.0,0.012598872758090067,243.87398147583008,0.2562616145705538
HC IV or hospital,Nwoya,Nwoya,Purongo,10702.611783027649,0.42220220243565565,8,0.5412114386193771,0.006151764900938261,0.028624593981610814,240.51796531677246,0.21225899903622855
HC IV or hospital,Ntoroko,Ntoroko,Rwebisengo,3853.2440371513367,1.1859785016826907,4,1.3585908206805257,0.9378866098129647,1.0,239.3380503654482,1.0
HC IV or hospital,Bukomansimbi,Bukomansimbi,Bigasa,46626.56024932861,0.31418652986677914,4,0.4098309257651828,0.0,0.005114095838912753,238.45269775390625,0.1518359711731964
HC IV or hospital,Mpigi,Mawokota,Kituntu,28044.747619628906,0.27277135644569417,4,0.35392734947017096,0.0,0.008496607654203923,238.28521728515622,0.12880123007023436
HC IV or hospital,Nakaseke,Nakaseke,Kinoni,8117.299370288849,1.345515898453769,4,1.5404088638561575,0.9649487326624192,0.9936211381921933,232.742499351502,1.0
HC IV or hospital,Kaabong,Dodoth,Lodiko,7226.9960787296295,1.102227624345229,4,1.2913778078519362,0.42125891878561134,0.4533398125691879,231.84849357604978,0.5385127285273007
HC IV or hospital,Obongi,Obongi,Gimara,9778.524472236633,0.33151758275923277,10,0.3774379794304025,0.009937541313574405,0.03338819391779073,229.31278038024908,0.16442554252451627
HC IV or hospital,Kaabong,Dodoth,Kakamar,4570.5700051784515,0.29555368218497224,8,0.3691755613850538,0.03302829692209451,0.082546067260081,226.32443583011627,0.15972204889294137
HC IV or hospital,Buliisa,Buliisa,Buliisa,25183.80124938488,0.45599618301309847,10,0.5140830955340596,0.07996422082501704,0.08887424839152032,224.38836336135893,0.18558278698418007
HC IV or hospital,Kanungu,Kinkizi,Kihihi,21548.8174610734,0.4049034713595633,10,0.4402323311602656,0.11602378214403224,0.12640318495397215,223.66385650634757,0.17277839625918623
HC IV or hospital,Kiruhura,Nyabushozi,Kanyaryeru,11037.008750915527,0.5010771743668078,4,0.5390513173974342,0.008068346051802278,0.028236103317559016,222.59171342849731,0.16506242526442141
HC IV or hospital,Bundibugyo,Bwamba,Bubukwanga,17124.067405700684,0.27929295730387865,4,0.3044212170711798,0.04162287751610924,0.05454132123180681,221.2163009643555,0.12191702906337393
HC IV or hospital,Lamwo,Lamwo,Paloga,11768.521068572998,0.48604545622758594,7,0.5500642017685083,0.011337315405542288,0.03005325725346839,220.25895595550537,0.15785276577035384
HC IV or hospital,Rubirizi,Bunyaruguru,Rutoto,15634.208045959473,0.5542012491935566,10,0.6261377286369404,0.167378806480966,0.18122902080756542,216.5371322631837,0.24922771866673335
HC IV or hospital,Hoima,Bugahya,Kyabigambire,57827.21684265137,0.4030449710904575,10,0.43613332493028895,0.0,0.003607100074772641,208.58855819702148,0.09282616375715293
HC IV or hospital,Kapchorwa,Kapchorwa Municipality,Western Division,26038.649810791016,0.2241264403856458,5,0.2602934846416961,0.03126827835040707,0.03907649760852315,203.3154869079591,0.08431686885526544
HC IV or hospital,Ntungamo,Rushenyi,Ngoma,32257.20962524414,0.349854517504129,4,0.3789026363479791,0.0020884800230863785,0.008373746644697724,202.74516296386722,0.032660087968710096
HC IV or hospital,Ntungamo,Ruhaama,Rukoni East,29881.61823272705,0.4316217587988439,4,0.5373516469656019,0.0,0.006764865435613502,202.14512634277344,0.5368923505014517
HC IV or hospital,Moyo,Moyo,Moyo,22620.062229156494,0.21898159170715872,8,0.2731181476598622,0.004042326855094028,0.012880791677723784,199.9266242980957,0.11475731134861238
HC IV or hospital,Nabilatuk,Pian,Nabilatuk Town Council,4467.963914871216,0.2792235392940682,4,0.3366837268928438,0.028108274832280514,0.07232630897077981,197.5645809173584,0.1962120774764698
HC IV or hospital,Ntoroko,Ntoroko,Kanara Town Council,11748.86448764801,1.1480842769297506,4,1.4110425056179738,0.983628757495987,1.0,192.3435096740721,1.0
HC IV or hospital,Ntoroko,Ntoroko,Kibuuku Town Council,3165.9907331466675,0.6808051457712722,4,0.7316763779382824,0.0401537515281211,0.10044454790853717,190.88010263442993,0.26955890604426724
HC IV or hospital,Kween,Kween,Ngenge,13977.132230758667,0.3861369187990797,5,0.48360262412748156,0.016447644055165928,0.030057565563834297,190.22767257690427,0.26474694411998434
HC IV or hospital,Pakwach,Jonam,Alwi,25335.8815574646,0.4550713818384337,10,0.4930320081884148,0.013583178281423074,0.021061245474502305,189.46342468261716,0.2476226486895668
HC IV or hospital,Mukono,Mukono,Ntenjeru,54706.09110850096,0.3873608455697797,4,0.43826306342003596,0.0,0.0034449724086682955,188.46097445487976,0.027836251527075615
HC IV or hospital,Kagadi,Buyaga,Kiryanga,37347.86525726318,0.48161164447038296,4,0.5783990373810639,0.0,0.004973904350169783,185.76470947265625,0.40620979840844573
HC IV or hospital,Nwoya,Nwoya,Anaka Payira,21328.251541137695,0.3239812037447442,8,0.4236637409440278,0.0023336276594163666,0.01098556629657359,184.53072357177734,0.12209576480212804
HC IV or hospital,Kyankwanzi,Kiboga,Banda,2044.7940607070923,0.7152045886822316,4,0.8050439797388098,0.040654159574429846,0.12845418169042908,179.53296375274658,0.6680657417653996
HC IV or hospital,Rakai,Kooki,Lwamaggwa,54652.322023153305,0.4227417240597927,4,0.5652466597020219,0.0,0.0030874145645360894,168.734375,0.48173901639140904
HC IV or hospital,Kotido,Jie,Panyangara,40365.13148498535,2.0178887049283585,7,2.328319131153017,0.9958850764515406,1.0,166.09943008422766,1.0
HC IV or hospital,Kiryandongo,Kibanda,Kigumba,57823.981842041016,0.2803254474420974,4,0.30520730764602244,0.019075580031142222,0.021928553587829275,164.97029113769528,0.03396440823370955
HC IV or hospital,Soroti,Soroti,Gweri,65969.35831451416,0.34364269315835083,5,0.38179818515648783,0.0,0.0024580486389660775,162.15589141845703,0.02187570990265165
HC IV or hospital,Bundibugyo,Bughendera,Nduguto,5101.860061645508,0.48927238431484293,4,0.5835560363241571,0.12147053623622002,0.1530952379934075,161.34480285644526,0.3018952453245266
HC IV or hospital,Buliisa,Buliisa,Kigwera,19721.938551664352,0.255289522791775,10,0.28248837644045854,0.025229387399448203,0.033386257641605604,160.8692936897278,0.07738937634791355
HC IV or hospital,Lyantonde,Kabula,Mpumudde,17991.20601272583,0.5571316745922519,4,0.6973088920288838,0.0,0.008893794119843446,160.01008224487305,0.7962733401753418
HC IV or hospital,Bundibugyo,Bughendera,Kagugu,3393.9133224487305,0.9486826287985783,4,1.1155356636624425,0.47045687889724297,0.5168679745663659,157.5152359008789,0.6005063972477171
HC IV or hospital,Kassanda,Kassanda,Myanzi,30323.287378191948,0.39077039188501517,4,0.42059270642807745,0.012184913406925816,0.0172914661070682,154.84746503829956,0.03936395719754159
HC IV or hospital,Namisindwa,Bubulo,Bupoto,12157.500045776367,0.28835545596591045,5,0.3733593670692604,0.013539412469262482,0.02575269277965011,148.4829559326172,0.051521774559244934
HC IV or hospital,Pakwach,Jonam,Pakwach,31794.11586201191,0.3603926327335934,10,0.4032596899876698,0.0,0.004597001565860913,146.15760040283203,0.2804501065469248
HC IV or hospital,Bulambuli,Bulambuli,Masiira,15739.456115722656,0.73276994184109,5,0.8932017784516281,0.3202252109119631,0.3294733978133745,145.56143188476554,0.35896578717409205
HC IV or hospital,Amuria,Amuria,Kuju,23744.74599456787,0.33476935184080064,8,0.44017155855930457,0.0,0.00610527196425717,144.96813201904297,0.17135845417658566
HC IV or hospital,Kween,Kween,Benet,9998.985954284668,1.0734785257768642,5,1.317166991679885,0.4711468336403653,0.4855501416595294,144.01847457885773,0.5109777916650571
HC IV or hospital,Kiruhura,Nyabushozi,Sanga Town Council,12506.486243963242,0.5095819157697292,4,0.5374479898544211,0.00038438973560329774,0.01165042594741119,140.89852690696716,0.09867258033604256
HC IV or hospital,Serere,Kasilo,Labori,26725.162882328033,0.4385032224566584,5,0.4977179712879166,0.0,0.004967091282848215,132.74632358551025,0.0999929399733303
HC IV or hospital,Karenga,Dodoth,Karenga Town Council,9705.764507293701,0.14460124434963365,7,0.17552648010583885,0.0006781704678811536,0.014289148949714923,132.1049518585205,0.07757601422577179
HC IV or hospital,Moyo,Moyo,Lefori,12832.509712219238,0.5389280759186911,8,0.6470525252451633,0.0,0.00998466013960751,128.12824821472168,0.6171660836504685
HC IV or hospital,Amolatar,Kioga,Agwingiri,19928.622271835804,0.2949934271707035,9,0.34353924352089393,0.00014508984065824987,0.006524564892347602,127.1341485977173,0.08221363795936626
HC IV or hospital,Bukwo,Kongasis,Chesower,4364.9068031311035,1.133737351864026,5,1.3068776485369173,0.4293592163951264,0.4573780419898662,122.29956245422356,0.5308145488815428
HC IV or hospital,Oyam,Oyam,Aber,34072.49675369263,0.3240146472830653,8,0.3992750309596903,0.0,0.003445871199899446,117.4094352722168,0.2510130848031542
HC IV or hospital,Kaabong,Dodoth,Lolelia,6503.145287156105,0.9152963464902879,8,1.0837380208506429,0.48046303485245756,0.4966756273907585,105.43284475803392,0.6608717663902332
HC IV or hospital,Moyo,Moyo,Laropi,8859.96650505066,0.5926898815309473,8,0.7031872935161398,0.0,0.011073520105436547,98.11101722717285,0.8869361239115265
HC IV or hospital,Agago,Agago,Arum,14626.97401046753,1.3291574916111673,8,1.790853054601726,0.9933300490505819,1.0,97.56119918823228,1.0
HC IV or hospital,Lira,Erute,Agweng,36140.35739898682,0.35964113710038315,8,0.46754875070138424,0.0,0.0026908688624388117,97.24896240234375,0.14373938144683335
HC IV or hospital,Kapchorwa,Kapchorwa Municipality,Eastern Division,10064.98533821106,0.13753066811968548,5,0.1536416912788501,0.0033532947130532906,0.012947273827772887,96.56325912475587,0.024950058694243715
HC IV or hospital,Soroti,Soroti,Katine,49267.48077464104,0.41385715455621175,5,0.45220648006170366,0.0,0.0018883398681460118,93.03374814987183,0.05756728779220535
HC IV or hospital,Kibaale,Buyanja,Nyamarwa,30312.967407226562,0.5498472755237663,4,0.707910791967044,0.0,0.0030338036950936353,91.96359252929688,0.9258309227746323
HC IV or hospital,Agago,Agago,Lapono,26585.621218681335,1.4395226673752712,8,1.821449864676492,0.9966465393242726,1.0,89.15383529663164,1.0
HC IV or hospital,Mityana,KCCA,Central Division,33229.10221850872,0.06876906434023107,4,0.0838022080210567,0.0,0.0024627227188490784,81.83406496047974,0.00359969728800691
HC IV or hospital,Mukono,Mukono,Mpatta,22599.047216415405,0.382596852808199,4,0.4911434441276621,0.00010992445024898885,0.003575579381191205,78.32049942016602,0.07257696637767569
HC IV or hospital,Kitgum,Chua,Labongo Akwang,18983.764944076538,0.24246904348485546,7,0.27274939268802034,0.0038773395953577996,0.007976462556229334,77.81678676605225,0.034125786922734845
HC IV or hospital,Mityana,Busujju,Maanyi,25696.730026483536,0.5357729924398221,4,0.671260297123034,0.0037926185155230186,0.006771292288058283,76.54217576980592,0.669620714235918
HC IV or hospital,Mukono,Nakifuma,Seeta Namuganga,50675.617820739746,0.33501827384996213,4,0.38339612314057775,0.0,0.0014397344846858013,72.95943450927734,0.01707169889699732
HC IV or hospital,Bugiri,Bukooli,Budhaya,36054.31817626953,0.3619647496924632,4,0.4412191481783047,0.0,0.001990395269978634,71.76234436035156,0.1191182688662055
HC IV or hospital,Adjumani,East Moyo,Pacara,18316.24676132202,0.394219686439138,8,0.48131638415719014,0.0,0.003755046743323239,68.77836275100708,0.33200769043687883
HC IV or hospital,Kiboga,Kiboga,Bukomero,19191.39510345459,0.2189440050282508,4,0.25314676380855566,0.0,0.003416867554846317,65.57445526123047,0.06631556739097959
HC IV or hospital,Kapelebyong,Kapelebyong,Akoromit,24561.33763885498,0.45674193121505025,8,0.5665785382746078,0.0,0.0026409118033717434,64.86432647705078,0.2679981603487433
HC IV or hospital,Isingiro,Isingiro,Ruborogota,23260.936290740967,0.4248189210263161,4,0.5104635374798273,0.0,0.002763375842149883,64.2787094116211,0.2049350209016652
HC IV or hospital,Nakasongola,Buruli,Migeera Town Council,7559.172156333923,0.5350798126864778,4,0.5471900213227227,0.0,0.008442688585579778,63.81973648071289,0.051676348531823624
HC IV or hospital,Yumbe,Aringa,Midigo,65036.23221206665,0.2827783675778325,10,0.34282349547866875,0.0,0.000959776305562094,62.42023468017578,0.14962014350003103
HC IV or hospital,Karenga,Dodoth,Napore Karenga,5756.107758760452,0.3001978376860962,7,0.3614608123687568,0.015822181145018276,0.026600379814056753,62.04047298431396,0.19411765526950628
HC IV or hospital,Kyankwanzi,Kiboga,Butemba,26395.297080993652,0.5641043537561968,4,0.5972034826578567,0.027687015781389577,0.02996317673635974,60.07994461059571,0.2009692169379246
HC IV or hospital,Kyotera,Kyotera,Kasasa,21673.351818084717,0.40656870088270364,4,0.4377357870180393,0.0,0.0026936549455318292,58.38053131103516,0.04472534357032087
HC IV or hospital,Zombo,Okoro,Atyak,29378.601036071777,0.4308435777349469,8,0.5057013881798159,0.0,0.0018162626831301103,53.359256744384766,0.20590182972123314
HC IV or hospital,Dokolo,Dokolo,Agwata,31520.12378835678,0.4254594304322649,9,0.4664360822310502,0.0,0.0016161266990219359,50.940513610839844,0.052413854792730065
HC IV or hospital,Mukono,Nakifuma,Nagojje,45456.87772369385,0.200269487062789,4,0.2307667014444851,0.0,0.0011149184939982745,50.68071365356445,0.004677883604869534
HC IV or hospital,Kween,Kween,Kitawoi,11248.689037322998,0.34075083669459355,5,0.38345475638885995,0.04968897473237627,0.052789769756762826,34.879878997802784,0.06227624729323359
HC IV or hospital,Madi Okollo,Madi Okollo,Ewanga,4677.307205200195,0.42081723918144215,10,0.4736144747385355,0.0,0.006484649947074857,30.330699920654293,0.13889296771800386
HC IV or hospital,Buikwe,Buikwe,Ssi-Bukunja,31595.703545570374,0.3763179166867735,4,0.4670441803090457,0.0,0.0009481384486930393,29.957101345062256,0.1941977661414663
HC IV or hospital,Napak,Bokora,Napak Town Council,2969.396198272705,0.6822610409442943,4,0.7189524367165356,0.05091721805100459,0.06068220872210257,28.996126174926765,0.2548360987990488
HC IV or hospital,Ntoroko,Ntoroko,Karugutu,12076.561714172363,0.4484358642687727,4,0.48753295089248544,0.00675987284677818,0.009139857305130549,28.74202919006347,0.03140452925534773
HC IV or hospital,Bukwo,Kongasis,Tulel,8998.079814910889,0.6036990627906753,5,0.6650800239054466,0.0,0.0030496175853966067,27.440702438354492,0.027386903596975154
HC IV or hospital,Kaberamaido,Kaberamaido,Kobulubulu,25862.242906332016,0.27177348713025,5,0.3039179423101187,0.0,0.0009428169824526827,24.38336181640625,0.03202818414605863
HC IV or hospital,Kasese,Bukonjo,Nyakiyumbu,9050.173832535744,0.19992860087779168,4,0.22271296266777818,0.002788069622301026,0.005452895026412259,24.11713314056397,0.057873726902470043
HC IV or hospital,Buikwe,Buikwe,Ngogwe,43922.75812506676,0.25887776371463156,4,0.3190959307358629,0.0,0.0005460973782557712,23.986103057861328,0.08455154691463611
HC IV or hospital,Isingiro,Isingiro,Isingiro Town Council,35298.323525846004,0.5291875999728649,4,0.5529766043472076,0.009879429688975134,0.010505797768527045,22.10974311828619,0.05249982020641441
HC IV or hospital,Kiboga,Kiboga,Lwamata,27040.96476173401,0.3671428218204379,4,0.38922796766465884,0.0,0.0007424064275906383,20.07538604736328,0.010691706033578007
HC IV or hospital,Kaliro,Bulamogi,Nawaikoke,29779.111087799072,0.5442019948995359,4,0.6777541800479271,0.0,0.0003410396640085391,10.155858039855957,0.5166381853332751
HC IV or hospital,Bugiri,Bukooli,Bulidha,36349.74098157883,0.4362301942914047,4,0.5701346990088191,0.0,0.00018671925721945416,6.787196636199951,0.2807001588184794
HC IV or hospital,Amolatar,Kioga,Etam,20108.921914458275,0.489480067920612,9,0.5645901036479063,0.0,0.0001945583605469198,3.91235888004303,0.18293711654156983
HC IV or hospital,Alebtong,Moroto,Abako,35968.96807861328,0.496831404036755,8,0.5817480602296655,0.0,0.0,0.0,0.15213596773557517
HC IV or hospital,Zombo,Okoro,Abanga,22856.434478759766,0.18916514928136965,9,0.2162855725638496,0.0,0.0,0.0,0.0
HC IV or hospital,Amuria,Amuria,Abarilela,31706.83935546875,0.474021099617636,8,0.5615886795818734,0.0,0.0,0.0,0.06975881867670845
HC IV or hospital,Abim,Labwor,Abim Town Council,26773.978561401367,0.1538831607263369,8,0.1782402554849536,0.0,0.0,0.0,0.0
HC IV or hospital,Nebbi,Nebbi Municipality,Abindu Division,16662.509719848633,0.0658455116776871,9,0.07243626969635819,0.0,0.0,0.0,0.0
HC IV or hospital,Koboko,Koboko,Abuku,20965.90087890625,0.2929858935287758,10,0.3647837343967747,0.0,0.0,0.0,0.0
HC IV or hospital,Oyam,Oyam,Acaba,38795.55989074707,0.26753693183293736,8,0.3366470141298942,0.0,0.0,0.0,0.027033437307621998
HC IV or hospital,Pader,Aruu,Acholibur,18433.099254608154,0.39298040203671203,8,0.494398635644091,0.0,0.0,0.0,0.10145517425665852
HC IV or hospital,Dokolo,Dokolo,Adeknino,20447.17755174637,0.4395187889113846,9,0.4942931942935943,0.0,0.0,0.0,0.07458009377684313
HC IV or hospital,Lira,Erute,Adekokwok,51492.51544189453,0.11237813067193417,8,0.124719917003338,0.0,0.0,0.0,0.0
HC IV or hospital,Adjumani,East Moyo,Adjumani Town Council,37976.12615966797,0.02809372344491983,8,0.03260174834480053,0.0,0.0,0.0,0.0
HC IV or hospital,Adjumani,East Moyo,Adropi,21138.781818389893,0.1710794290079874,8,0.19839159338487675,0.0,0.0,0.0,0.0
HC IV or hospital,Kwania,Kwania,Aduku,38220.85316467285,0.21107621000790155,9,0.27613781296961915,0.0,0.0,0.0,0.005974348880175381
HC IV or hospital,Kwania,Kwania,Aduku Town Council,10699.09912109375,0.06939097459563394,9,0.09062237026475753,0.0,0.0,0.0,0.0
HC IV or hospital,Arua,Ayivu,Adumi,37683.91668701172,0.11104941140050571,10,0.15334432431750097,0.0,0.0,0.0,0.0
HC IV or hospital,Lira,Lira Municipality,Adyel Division,37581.715393066406,0.032323452180965676,8,0.034176413786238785,0.0,0.0,0.0,0.0
HC IV or hospital,Agago,Agago,Agago Town Council,7267.604740142822,1.5980516167843293,8,2.123390821793025,1.0,1.0,0.0,1.0
HC IV or hospital,Lira,Erute,Agali,32466.873977661133,0.31367069161780164,8,0.4155128155228011,0.0,0.0,0.0,0.1624647293404294
HC IV or hospital,Amolatar,Kioga,Agikdak,14748.52006149292,0.32759750008113586,9,0.36180993959266416,0.0,0.0,0.0,0.0
HC IV or hospital,Pallisa,Pallisa,Agule,25433.477346420288,0.3820078313241545,4,0.5362499280300033,0.0,0.0,0.0,0.30392033725935125
HC IV or hospital,Apac,Apac Municipality,Agulu Division,17311.48748779297,0.17019612277588078,9,0.2119055206016143,0.0,0.0,0.0,0.00787101115538998
HC IV or hospital,Arua,Terego,Aii-Vu,49674.47607421875,0.270158228653566,10,0.3052285882018946,0.0,0.0,0.0,0.0
HC IV or hospital,Zombo,Okoro,Akaa,18867.014373779297,0.4465756882817022,9,0.5162340600125842,0.0,0.0,0.0,0.0848585458762467
HC IV or hospital,Kole,Kole,Akalo,45354.36729431152,0.3354665545450926,9,0.4034300232631433,0.0,0.0,0.0,0.17113374046198623
HC IV or hospital,Apac,Apac Municipality,Akere Division,9959.79663848877,0.1638563899194042,9,0.19319060331553814,0.0,0.0,0.0,0.0
HC IV or hospital,Pallisa,Pallisa,Akisim,19203.312774658203,0.37992485693560535,4,0.501993006117837,0.0,0.0,0.0,0.018687946585550782
HC IV or hospital,Alebtong,Moroto,Akura,26464.011474609375,0.4048326319921748,8,0.513067358605277,0.0,0.0,0.0,0.054174024946965355
HC IV or hospital,Amolatar,Kioga,Akwon,10051.051177024841,0.24382916168883526,9,0.2751474191932063,0.0,0.0,0.0,0.0
HC IV or hospital,Nebbi,Padyere,Akworo,32410.002433776855,0.3603361224807504,10,0.4274428702356921,0.0,0.0,0.0,0.056433443388482885
HC IV or hospital,Zombo,Okoro,Alangi,21776.35888671875,0.6462290772534732,8,0.774634426655915,0.0,0.0,0.0,0.9114276696941653
HC IV or hospital,Alebtong,Moroto,Alebtong Town Council,7900.213088989258,0.06588674294485194,8,0.08982878435662932,0.0,0.0,0.0,0.0
HC IV or hospital,Obongi,Obongi,Aliba,14717.55084657669,0.17650012022308859,8,0.20275211511222066,0.0,0.0,0.0,0.004456894673468494
HC IV or hospital,Alebtong,Moroto,Aloi,39521.70399475098,0.3140618036641074,8,0.42926058468599154,0.0,0.0,0.0,0.17821765675703696
HC IV or hospital,Kaberamaido,Kaberamaido,Alwa,31927.41854095459,0.20910147438006924,9,0.25287292075404694,0.0,0.0,0.0,0.013584394631178635
HC IV or hospital,Lira,Erute,Amach,43520.17680358887,0.23980527731259632,8,0.2952103356123943,0.0,0.0,0.0,0.04153683245628102
HC IV or hospital,Amolatar,Kioga,Amolatar Town Council,14022.976127624512,0.07640771286016651,9,0.08689535263501598,0.0,0.0,0.0,0.0
HC IV or hospital,Amudat,Pokot,Amudat Town Council,14082.183490753174,0.04152063717516419,4,0.05127976339266017,0.0,0.0,0.0,0.0
HC IV or hospital,Kapchorwa,Tingey,Amukol,4137.244567871094,0.13545178147138068,5,0.1379506281782761,0.0,0.0,0.0,0.0
HC IV or hospital,Amuria,Amuria,Amuria Town Council,9918.72241973877,0.06167627712301541,8,0.08372842433666952,0.0,0.0,0.0,0.0
HC IV or hospital,Dokolo,Dokolo,Amwoma,18277.95164489746,0.2414234127272874,9,0.28069197315359495,0.0,0.0,0.0,0.0
HC IV or hospital,Nwoya,Nwoya,Anaka Town Council,25266.2435836792,0.08495024369165692,8,0.10332764495667268,0.0,0.0,0.0,0.0
HC IV or hospital,Kalaki,Kalaki,Anyara,30921.15825653076,0.4268387775192536,8,0.5016260510697645,0.0,0.0,0.0,0.0335717232838219
HC IV or hospital,Madi Okollo,Madi Okollo,Anyiribu,10658.476976394653,0.31410061888737506,8,0.3393111878195737,0.0,0.0,0.0,0.06387273233216617
HC IV or hospital,Apac,Maruzi,Apac,30979.599731445312,0.3770690907296138,9,0.4674098710396578,0.0,0.0,0.0,0.23821456340025235
HC IV or hospital,Alebtong,Moroto,Apala,25356.029319763184,0.42785284641422505,8,0.5124935977113391,0.0,0.0,0.0,0.006016847820571989
HC IV or hospital,Kalaki,Kalaki,Apapai,14753.463348388672,0.3699654694935794,8,0.392649842225725,0.0,0.0,0.0,0.0
HC IV or hospital,Amuria,Amuria,Apeduru,18893.626403808594,0.22683149274229636,8,0.29861433638127727,0.0,0.0,0.0,0.03374944102899284
HC IV or hospital,Yumbe,Aringa,Apo,59237.895278930664,0.1606954002032513,10,0.1931476694526764,0.0,0.0,0.0,0.0
HC IV or hospital,Pallisa,Pallisa,Apopong,36419.43772125244,0.2730055066226333,4,0.3875081375534341,0.0,0.0,0.0,0.05927587476113292
HC IV or hospital,Amolatar,Kioga,Aputi,20584.18042743206,0.22976590746936146,9,0.2547535339791173,0.0,0.0,0.0,0.0
HC IV or hospital,Soroti,Soroti,Arapai,53017.94624328613,0.2692889014949799,5,0.3098479301609057,0.0,0.0,0.0,0.07423038591704842
HC IV or hospital,Arua,Vurra,Arivu,35747.125411987305,0.2767432748529558,10,0.3047949553533158,0.0,0.0,0.0,0.0
HC IV or hospital,Yumbe,Aringa,Ariwa,35778.14942932129,0.15128131171351544,10,0.17167219147935542,0.0,0.0,0.0,0.0
HC IV or hospital,Apac,Apac Municipality,Arocha Division,16884.932189941406,0.18907938820101297,9,0.2272227554006236,0.0,0.0,0.0,0.012562362519204328
HC IV or hospital,Arua,Ayivu,Aroi,30734.82992553711,0.21607140958309884,10,0.23746515685301745,0.0,0.0,0.0,0.0
HC IV or hospital,Arua,Arua Municipality,Arua Hill Division,32299.47021484375,0.017924737083658944,10,0.01989893953075745,0.0,0.0,0.0,0.0
HC IV or hospital,Amolatar,Kioga,Arwotcek,22767.457080841064,0.3006309547570679,9,0.3335188508145332,0.0,0.0,0.0,0.018309431493779678
HC IV or hospital,Amuria,Amuria,Asamuk,28404.786224365234,0.2827756134963022,5,0.3361668252802433,0.0,0.0,0.0,0.0
HC IV or hospital,Soroti,Soroti,Asuret,53290.70416069031,0.2907450833631367,5,0.33594860646901753,0.0,0.0,0.0,0.010319067542003547
HC IV or hospital,Nebbi,Padyere,Atego,13596.70751953125,0.19317409194114168,9,0.23273582007446872,0.0,0.0,0.0,0.08107006967808764
HC IV or hospital,Zombo,Okoro,Athuma,30986.30125427246,0.22146788509396326,9,0.25325771669159575,0.0,0.0,0.0,0.0
HC IV or hospital,Serere,Serere,Atiira,27274.87402820587,0.4609588642189493,5,0.5202611870714562,0.0,0.0,0.0,0.029805528203403948
HC IV or hospital,Apac,Apac Municipality,Atik Division,11965.389892578125,0.13535300673764647,9,0.1652122982729869,0.0,0.0,0.0,0.0
HC IV or hospital,Kumi,Kumi,Atutur,31480.33839416504,0.09459175682873251,5,0.11143122652452178,0.0,0.0,0.0,0.0
HC IV or hospital,Alebtong,Moroto,Awei,32663.477615356445,0.41462076234861367,8,0.5147603820213493,0.0,0.0,0.0,0.20823937577709845
HC IV or hospital,Amolatar,Kioga,Awelo,15828.476346731186,0.3009069045349412,9,0.3350717582103266,0.0,0.0,0.0,0.0
HC IV or hospital,Arua,Ayivu,Ayivuni,29185.56478881836,0.22206798435175362,10,0.29993206918799525,0.0,0.0,0.0,0.0
HC IV or hospital,Mubende,Kasambya,Bagezza,8784.611083984375,1.224526418407969,4,1.5528109676592374,1.0,1.0,0.0,1.0
HC IV or hospital,Mayuge,Bunya,Baitambogwe,52990.85673522949,0.14722766927022396,4,0.18922929223772977,0.0,0.0,0.0,0.0
HC IV or hospital,Kamuli,Bugabula,Balawoli,26009.485107421875,0.3209897361580588,4,0.3859777122949717,0.0,0.0,0.0,0.04493391615575639
HC IV or hospital,Luwero,Bamunanika,Bamunanika,37641.34233093262,0.350449585999552,4,0.41052356624809805,0.0,0.0,0.0,0.11474731581680034
HC IV or hospital,Kyankwanzi,Kiboga,Bananywa,44911.49388885498,0.4627428300524141,4,0.49997160752018904,0.0,0.0,0.0,0.08039039165003016
HC IV or hospital,Namayingo,Bukooli,Banda,60523.861271858215,0.4652542821254831,4,0.6456982995219892,0.0,0.0,0.0,0.6146280366267274
HC IV or hospital,Gulu,Gulu Municipality,Bar Dege Division,42489.71026611328,0.030912643307030186,8,0.03727610788600756,0.0,0.0,0.0,0.0
HC IV or hospital,Lira,Erute,Barr,57390.407958984375,0.43174594852911147,8,0.5387378324516238,0.0,0.0,0.0,0.2923346820783946
HC IV or hospital,Dokolo,Dokolo,Batta,23974.05055999756,0.5295089566894111,8,0.6620837932183473,0.0,0.0,0.0,0.48027831625040535
HC IV or hospital,Mbarara,Kashari,Biharwe Division,27155.080291748047,0.17181670462065504,4,0.17965863559110626,0.0,0.0,0.0,0.0
HC IV or hospital,Kween,Kween,Binyiny,6452.3073654174805,0.2549787060625359,5,0.28310134115745583,0.0,0.0,0.0,0.0
HC IV or hospital,Kween,Kween,Binyiny Town Council,4534.4779052734375,0.17763060071973966,5,0.180446634996183,0.0,0.0,0.0,0.0
HC IV or hospital,Kakumiro,Bugangaizi,Birembo,40456.4807434082,0.5089469384485836,4,0.6587202768438848,0.0,0.0,0.0,0.8768950629028373
HC IV or hospital,Isingiro,Isingiro,Birere,27980.503143310547,0.1728532877074187,4,0.18764150199529042,0.0,0.0,0.0,0.0
HC IV or hospital,Ibanda,Ibanda Municipality,Bisheshe Division,40198.98294067383,0.21183277952247034,4,0.23137737492577715,0.0,0.0,0.0,0.0
HC IV or hospital,Mitooma,Ruhinda,Bitereko,32733.822509765625,0.41054514777060996,4,0.446143364663043,0.0,0.0,0.0,0.0
HC IV or hospital,Buhweju,Buhweju,Bitsya,19918.768783569336,0.443137970648712,4,0.5510563700365878,0.0,0.0,0.0,0.39600855780185595
HC IV or hospital,Luwero,Katikamu,Bombo Town Council,31932.478393554688,0.12355436235899235,4,0.13020299319684042,0.0,0.0,0.0,0.0
HC IV or hospital,Mbarara,Kashari,Bubaare,28215.943565368652,0.29764204937764227,4,0.33067721603941935,0.0,0.0,0.0,0.025744211698730014
HC IV or hospital,Rubanda,Rubanda,Bubaare,40860.58520531654,0.14964294824719573,4,0.1683608880017333,0.0,0.0,0.0,0.0
HC IV or hospital,Bundibugyo,Bwamba,Bubandi,10372.780639648438,0.061079499783186726,4,0.0648029839598176,0.0,0.0,0.0,0.0
HC IV or hospital,Kibaale,Buyanja,Bubango,23717.98134613037,0.4220319316221346,4,0.5386125791266695,0.0,0.0,0.0,0.5029796011314212
HC IV or hospital,Kalangala,Kyamuswa,Bubeke,6712.846569061279,,1,,1.0,1.0,0.0,1.0
HC IV or hospital,Namisindwa,Bubulo,Bubutu,27820.259185791016,0.23341776072334183,5,0.26290483743799703,0.0,0.0,0.0,0.0
HC IV or hospital,Mbale,Bungokho,Bubyangu,28108.553802490234,0.24555367877083348,5,0.33594881142684924,0.0,0.0,0.0,0.0
HC IV or hospital,Sironko,Budadiri,Budadiri Town Council,16920.853515625,0.024575106444831896,5,0.029268511255051862,0.0,0.0,0.0,0.0
HC IV or hospital,Budaka,Budaka,Budaka,14736.063690185547,0.2529160692968507,4,0.31854841390945154,0.0,0.0,0.0,0.0
HC IV or hospital,Budaka,Budaka,Budaka Town Council,34977.728759765625,0.19613867142763167,4,0.25172656459683057,0.0,0.0,0.0,0.0
HC IV or hospital,Butambala,Butambala,Budde,15683.366813659668,0.28668756115512845,4,0.3209108989595053,0.0,0.0,0.0,0.0
HC IV or hospital,Kaliro,Bulamogi,Budomero,30031.238052368164,0.22962111598865373,4,0.3170770497313308,0.0,0.0,0.0,0.021598636324330654
HC IV or hospital,Jinja,Kagoma,Budondo,62894.72702026367,0.11037461869719291,4,0.14308403410561596,0.0,0.0,0.0,0.0
HC IV or hospital,Bududa,Manjiya,Bududa,16918.82208251953,0.13697073624453313,5,0.17660977618765947,0.0,0.0,0.0,0.0
HC IV or hospital,Bududa,Manjiya,Bududa Town Council,6840.655029296875,0.032771892562056315,5,0.03872936023702923,0.0,0.0,0.0,0.0
HC IV or hospital,Mbale,Bungokho,Budwale,9876.285583496094,0.2541667002658232,5,0.2796479516201697,0.0,0.0,0.0,0.0
HC IV or hospital,Mbale,Bungokho,Bufumbo,20954.404907226562,0.16232490245049314,5,0.22411466474492694,0.0,0.0,0.0,0.0
HC IV or hospital,Kalangala,Kyamuswa,Bufumira,13682.31707572937,2.0743715609494884,4,2.8757464461365134,1.0,1.0,0.0,1.0
HC IV or hospital,Ibanda,Ibanda Municipality,Bufunda Division,37949.23878479004,0.17335689925721917,4,0.19127616827392174,0.0,0.0,0.0,0.0
HC IV or hospital,Rubanda,Rubanda,Bufundi,28016.45799922943,0.45960290271507026,4,0.565544962243232,0.0,0.0,0.0,0.278671801420547
HC IV or hospital,Kyenjojo,Mwenge,Bugaaki,41719.91068267822,0.34923444740962517,10,0.3887497313090214,0.0,0.0,0.0,0.0047909282357712114
HC IV or hospital,Rwampara,Rwampara,Bugamba,43849.58260345459,0.20165779653080426,4,0.25180766192804194,0.0,0.0,0.0,0.04114429016512944
HC IV or hospital,Kikuube,Buhaguzi,Bugambe,42435.24133682251,0.32505226728494735,10,0.3661814210158592,0.0,0.0,0.0,0.021935681260858337
HC IV or hospital,Rukungiri,Bujumbura,Bugangari,35417.464668273926,0.1394008746280981,4,0.16228164934337777,0.0,0.0,0.0,0.0
HC IV or hospital,Bundibugyo,Bwamba,Buganikire Town Councili,3147.8161010742188,0.07721558381700251,4,0.08853354668042769,0.0,0.0,0.0,0.0
HC IV or hospital,Buvuma,Buvuma Island,Bugaya,7657.361080408096,,1,,1.0,1.0,0.0,1.0
HC IV or hospital,Jinja,Butembe,Bugembe Town Council,44847.125,0.01810043938739159,4,0.021118119143203582,0.0,0.0,0.0,0.0
HC IV or hospital,Bulambuli,Bulambuli,Buginyanya,7314.27685546875,0.21422349596389967,5,0.2429158683956875,0.0,0.0,0.0,0.0
HC IV or hospital,Manafwa,Bubulo,Bugobero,17963.63720703125,0.07958614855635458,4,0.10387928503168635,0.0,0.0,0.0,0.0
HC IV or hospital,Sheema,Sheema,Bugongi Town Council,14134.360160827637,0.36108804536884176,4,0.41743035943855983,0.0,0.0,0.0,0.010638692328325677
HC IV or hospital,Kamuli,Buzaaya,Bugulumbya,46489.1423034668,0.3720435813818261,4,0.44666787154809584,0.0,0.0,0.0,0.0
HC IV or hospital,Bugweri,Bugweri,Bugweri Town Council,21837.946685791016,0.2556010292925062,4,0.2613281081876805,0.0,0.0,0.0,0.0
HC IV or hospital,Kitagwenda,Kitagwenda,Buhanda,33388.83949279785,0.21609197551356965,4,0.2546219051537867,0.0,0.0,0.0,0.0
HC IV or hospital,Hoima,Bugahya,Buhanika,20558.44383621216,0.12582544705340176,10,0.1375854387647394,0.0,0.0,0.0,0.0
HC IV or hospital,Kabale,Ndorwa,Buhara,28787.006088256836,0.2643303827883404,4,0.28579200511721203,0.0,0.0,0.0,0.0
HC IV or hospital,Bunyangabu,Bunyangabu,Buheesi,10618.002227783203,0.19593673760513458,10,0.23003086679659673,0.0,0.0,0.0,0.0
HC IV or hospital,Bunyangabu,Bunyangabu,Buheesi Town Council,22103.97119140625,0.19221294247973278,4,0.2094730240112164,0.0,0.0,0.0,0.0
HC IV or hospital,Busia,Samia-Bugwe,Buhehe,23660.631408691406,0.22127545640308788,4,0.28180128372824104,0.0,0.0,0.0,0.0
HC IV or hospital,Kikuube,Buhaguzi,Buhimba,40923.60939025879,0.26425011473494175,10,0.30840172217943307,0.0,0.0,0.0,0.08741157928048376
HC IV or hospital,Kikuube,Buhaguzi,Buhimba Town Council,13374.050064086914,0.19835904231738594,10,0.20565574504451856,0.0,0.0,0.0,0.0
HC IV or hospital,Sironko,Budadiri,Buhugu,15424.041717529297,0.08213362033289483,5,0.0961277967773971,0.0,0.0,0.0,0.0
HC IV or hospital,Kasese,Busongora,Buhuhira,24367.196319580078,0.16051083302095778,10,0.2159268299992563,0.0,0.0,0.0,0.02977898614574108
HC IV or hospital,Rukungiri,Bujumbura,Buhunga,26681.253219604492,0.114980618552625,4,0.13681942447903775,0.0,0.0,0.0,0.0
HC IV or hospital,Buikwe,Buikwe,Buikwe,21293.386291503906,0.17088671924698154,4,0.20732726489438746,0.0,0.0,0.0,0.0
HC IV or hospital,Buikwe,Buikwe,Buikwe Town Council,20295.416107177734,0.045839868613453134,4,0.056322158673390736,0.0,0.0,0.0,0.0
HC IV or hospital,Hoima,Hoima Municipality,Bujumbura Division,32147.048797607422,0.09682794914549299,10,0.10220245419968962,0.0,0.0,0.0,0.0
HC IV or hospital,Mayuge,Bunya,Bukabooli,66393.40028572083,0.24699418069750662,4,0.31794014638588264,0.0,0.0,0.0,0.003223848314226918
HC IV or hospital,Luuka,Luuka,Bukanga,50115.00735473633,0.22844931987954267,4,0.2659653808557925,0.0,0.0,0.0,0.0
HC IV or hospital,Mbale,Bungokho,Bukasakya,29584.464965820312,0.060274558502519476,4,0.06796231607283257,0.0,0.0,0.0,0.0
HC IV or hospital,Bukedea,Bukedea,Bukedea,41781.29776763916,0.15564044089068776,4,0.1959961548373467,0.0,0.0,0.0,0.0
HC IV or hospital,Bukedea,Bukedea,Bukedea Town Council,9931.665817260742,0.09431851396745836,4,0.11612217169473314,0.0,0.0,0.0,0.0
HC IV or hospital,Namisindwa,Bubulo,Bukhabusi,12489.441284179688,0.17692656771016183,5,0.19751873624028918,0.0,0.0,0.0,0.0
HC IV or hospital,Bulambuli,Bulambuli,Bukhalu,35853.627853393555,0.1476670897485371,5,0.17809796344778042,0.0,0.0,0.0,0.0
HC IV or hospital,Namisindwa,Bubulo,Bukhaweka,11005.821411132812,0.15411626176130813,5,0.17108511100385765,0.0,0.0,0.0,0.0
HC IV or hospital,Manafwa,Bubulo,Bukhofu,8945.236083984375,0.1121018759199599,5,0.13634561680170396,0.0,0.0,0.0,0.0
HC IV or hospital,Sironko,Budadiri,Bukhulo,21715.346710205078,0.06606688525470222,4,0.07052356800690315,0.0,0.0,0.0,0.0
HC IV or hospital,Namisindwa,Bubulo,Bukiabi,10061.109130859375,0.12665548569650587,5,0.1549897337682665,0.0,0.0,0.0,0.0
HC IV or hospital,Bududa,Manjiya,Bukibokolo,16033.520263671875,0.12259554125085376,5,0.14314116776205424,0.0,0.0,0.0,0.0
HC IV or hospital,Mbale,Bungokho,Bukiende,30119.201171875,0.11860675736967496,4,0.13850885384287911,0.0,0.0,0.0,0.0
HC IV or hospital,Bududa,Manjiya,Bukigai,24537.0009765625,0.11812263666439746,5,0.16283570922258303,0.0,0.0,0.0,0.0
HC IV or hospital,Sironko,Budadiri,Bukiise,26014.812408447266,0.17123228431385124,5,0.18922777113915254,0.0,0.0,0.0,0.0
HC IV or hospital,Kisoro,Bufumbira,Bukimbiri,20767.871658325195,0.25023965349463917,4,0.3233147100061469,0.0,0.0,0.0,0.0
HC IV or hospital,Rukiga,Rukiga,Bukinda,6713.665061950684,0.3303815700358669,4,0.3474199434368095,0.0,0.0,0.0,0.0
HC IV or hospital,Mbarara,Kashari,Bukiro,18910.51954650879,0.17058486862988664,4,0.21487523419980764,0.0,0.0,0.0,0.025812480174760122
HC IV or hospital,Sironko,Budadiri,Bukiyi,19443.296966552734,0.09998259626951644,4,0.1155994672553627,0.0,0.0,0.0,0.0
HC IV or hospital,Namisindwa,Bubulo,Bukokho,23292.731170654297,0.0928054376323892,5,0.10917155225989128,0.0,0.0,0.0,0.0
HC IV or hospital,Bukomansimbi,Bukomansimbi,Bukomansimbi Town Council,11182.332061767578,0.20128262620334236,4,0.2692154993877058,0.0,0.0,0.0,0.0
HC IV or hospital,Kiboga,Kiboga,Bukomero Town Council,17446.532585144043,0.04568799937964684,4,0.05130270770532815,0.0,0.0,0.0,0.0
HC IV or hospital,Mbale,Bungokho,Bukonde,26387.530334472656,0.18722826838092085,5,0.22260674679119283,0.0,0.0,0.0,0.0
HC IV or hospital,Bundibugyo,Bughendera,Bukonzo,16517.891593933105,0.2571173672579062,4,0.32065798786845434,0.0,0.0,0.0,0.07449385552970074
HC IV or hospital,Luuka,Luuka,Bukooma,48007.011642456055,0.38744475060824396,4,0.48151528873612703,0.0,0.0,0.0,0.03835991542926201
HC IV or hospital,Rukungiri,Bujumbura,Bukurungu Town Council,3805.3712463378906,0.22007583768635824,4,0.24607801049669914,0.0,0.0,0.0,0.0
HC IV or hospital,Manafwa,Bubulo,Bukusu,14487.045501708984,0.1866226990043871,5,0.2284394350171262,0.0,0.0,0.0,0.0
HC IV or hospital,Kabarole,Burahya,Bukuuku,15173.896514892578,0.08156308457995533,4,0.09734511613179575,0.0,0.0,0.0,0.0
HC IV or hospital,Sironko,Budadiri,Bukyabo,8902.933349609375,0.12133085077259735,5,0.1690310344400373,0.0,0.0,0.0,0.0
HC IV or hospital,Sironko,Budadiri,Bukyambi,6676.4561767578125,0.050206984081331535,5,0.0688400124620606,0.0,0.0,0.0,0.0
HC IV or hospital,Bulambuli,Bulambuli,Bulambuli Town Council,8113.130859375,0.03298458654070927,5,0.035452342044637486,0.0,0.0,0.0,0.0
HC IV or hospital,Iganga,Kigulu,Bulamogi,40654.347412109375,0.10458837272134001,4,0.11635951600201655,0.0,0.0,0.0,0.0
HC IV or hospital,Kibuku,Kibuku,Bulangira,18457.216827392578,0.24580057210545958,4,0.3195231846275121,0.0,0.0,0.0,0.0
HC IV or hospital,Bulambuli,Bulambuli,Bulegeni,7814.6966552734375,0.0832817118297871,5,0.08933472023749156,0.0,0.0,0.0,0.0
HC IV or hospital,Bulambuli,Bulambuli,Bulegeni Town Council,15142.845947265625,0.1250805267728944,5,0.13479355393001072,0.0,0.0,0.0,0.0
HC IV or hospital,Mityana,Mityana,Bulera,37118.95916748047,0.23088801014772947,4,0.2698134127230216,0.0,0.0,0.0,0.0
HC IV or hospital,Bugiri,Bukooli,Bulesa,52484.27752685547,0.3388187415448697,4,0.38082515628370067,0.0,0.0,0.0,0.0
HC IV or hospital,Buliisa,Buliisa,Buliisa Town Council,10703.357995033264,0.06445270676626412,10,0.0721943782582404,0.0,0.0,0.0,0.0
HC IV or hospital,Butambala,Butambala,Bulo,22103.048225402832,0.32703332935893964,4,0.3734568680705965,0.0,0.0,0.0,0.0
HC IV or hospital,Luuka,Luuka,Bulongo,36263.12615966797,0.12494612494344455,4,0.15473437382813385,0.0,0.0,0.0,0.0
HC IV or hospital,Kamuli,Bugabula,Bulopa,33833.56330871582,0.26309349530040893,4,0.3091067093383944,0.0,0.0,0.0,0.0
HC IV or hospital,Bududa,Manjiya,Bulucheke,21941.891967773438,0.29230463199382223,5,0.3878197387590095,0.0,0.0,0.0,0.023873737128360148
HC IV or hospital,Busia,Samia-Bugwe,Bulumbi,17553.279708862305,0.2637075035101529,4,0.3200137090178976,0.0,0.0,0.0,0.0
HC IV or hospital,Sironko,Budadiri,Bumalimba,15983.755004882812,0.13580230106210553,5,0.18180748675826452,0.0,0.0,0.0,0.0
HC IV or hospital,Kaliro,Bulamogi,Bumanya,35383.59526062012,0.15427546170350648,4,0.22129100308610483,0.0,0.0,0.0,0.0
HC IV or hospital,Bududa,Manjiya,Bumasheti,17778.630859375,0.13518319891596653,5,0.16745034144810322,0.0,0.0,0.0,0.0
HC IV or hospital,Sironko,Budadiri,Bumasifwa,12736.778442382812,0.09792696235145153,5,0.12679183782988826,0.0,0.0,0.0,0.0
HC IV or hospital,Mbale,Bungokho,Bumasikye,15536.211486816406,0.125041196125855,4,0.13668079550585574,0.0,0.0,0.0,0.0
HC IV or hospital,Bushenyi,Igara,Bumbaire,17186.173263549805,0.14755227857277922,4,0.15947364315912732,0.0,0.0,0.0,0.0
HC IV or hospital,Namisindwa,Bubulo,Bumbo,20659.120239257812,0.072562078601759,5,0.09593995527859941,0.0,0.0,0.0,0.0
HC IV or hospital,Mbale,Bungokho,Bumbobi,21867.29327392578,0.18121886269417037,4,0.20492944256838663,0.0,0.0,0.0,0.0
HC IV or hospital,Namisindwa,Bubulo,Bumwoni,23127.866638183594,0.1373635991595949,5,0.17885127800160155,0.0,0.0,0.0,0.0
HC IV or hospital,Manafwa,Bubulo,Bunabwana,13184.102081298828,0.23536749115931543,5,0.28355893627683887,0.0,0.0,0.0,0.0
HC IV or hospital,Wakiso,Makindye Ssabagabo Municipality,Bunamwaya Division,102071.23291015625,0.06461806580439029,4,0.06543214496658387,0.0,0.0,0.0,0.0
HC IV or hospital,Bundibugyo,Bwamba,Bundibugyo Town Council,22981.283325195312,0.028903987495755522,4,0.03402090706282916,0.0,0.0,0.0,0.0
HC IV or hospital,Bundibugyo,Bwamba,Bundingoma,4408.181701660156,0.07948526627171079,4,0.09169706759185892,0.0,0.0,0.0,0.0
HC IV or hospital,Gulu,Aswa,Bungatira,48179.60131454468,0.19362897337927037,8,0.25558452802351483,0.0,0.0,0.0,0.09802172353580549
HC IV or hospital,Mbale,Bungokho,Bungokho,39345.933197021484,0.1456273804597927,4,0.17065853063675504,0.0,0.0,0.0,0.0
HC IV or hospital,Mbale,Bungokho,Bungokho Mutoto,34794.840576171875,0.09621283738430049,4,0.10313745126198925,0.0,0.0,0.0,0.0
HC IV or hospital,Sironko,Budadiri,Bunyafa,13820.596008300781,0.08460055041975141,5,0.1257734322330754,0.0,0.0,0.0,0.0
HC IV or hospital,Manafwa,Bubulo,Bunyinza Town Council,1576.8723754882812,0.278385342301703,5,0.3404479868889261,0.0,0.0,0.0,0.0
HC IV or hospital,Kazo,Kazo,Buremba,28332.59897994995,0.5268205244011288,4,0.5692311900776754,0.0,0.0,0.0,0.10487392204206507
HC IV or hospital,Bundibugyo,Bughendera,Burondo,3335.4355087280273,0.47558185551533916,4,0.4819784147217328,0.0,0.0,0.0,0.0
HC IV or hospital,Kagadi,Buyaga,Burora,19591.225051879883,0.38335548167887784,4,0.4364009886210583,0.0,0.0,0.0,0.0471247527197782
HC IV or hospital,Kazo,Kazo,Burunga,32402.376712799072,0.2944490595331551,4,0.32408761793078295,0.0,0.0,0.0,0.02781197453717507
HC IV or hospital,Kayunga,Ntenjeru,Busaana,67822.95178222656,0.36961748069776396,4,0.44518794064272516,0.0,0.0,0.0,0.024855227526576807
HC IV or hospital,Butaleja,Bunyole,Busaba,32718.35612487793,0.2833118423002025,4,0.37447598527552345,0.0,0.0,0.0,0.0266034250174466
HC IV or hospital,Butaleja,Bunyole,Busabi,24289.188232421875,0.4436810224888439,4,0.6147026111297453,0.0,0.0,0.0,0.4798949305857063
HC IV or hospital,Mayuge,Bunya,Busakira,39704.97183227539,0.3969623624478011,4,0.5309014595044241,0.0,0.0,0.0,0.1035544332296926
HC IV or hospital,Buvuma,Buvuma Island,Busamuzi,25435.242619514465,1.3248051095452624,4,1.7024634204030933,1.0,1.0,0.0,1.0
HC IV or hospital,Mbale,Bungokho,Busano,20481.35772705078,0.2984101396419382,5,0.3632277551973264,0.0,0.0,0.0,0.019092743938896296
HC IV or hospital,Kisoro,Bufumbira,Busanza,18806.428457260132,0.14063100964760683,11,0.1727282196795109,0.0,0.0,0.0,0.0
HC IV or hospital,Bundibugyo,Bwamba,Busaru,16020.762481689453,0.06920722221945463,4,0.0817914881973946,0.0,0.0,0.0,0.0
HC IV or hospital,Jinja,Butembe,Busedde,43353.5167388916,0.2906500666853846,4,0.36480214243064074,0.0,0.0,0.0,0.0
HC IV or hospital,Bugweri,Bugweri,Busembatia Town Council,17035.16619873047,0.0442584456437606,4,0.04643443834900988,0.0,0.0,0.0,0.0
HC IV or hospital,Kibuku,Kibuku,Buseta,11896.770874023438,0.22281178503793225,4,0.2569292229822547,0.0,0.0,0.0,0.0
HC IV or hospital,Bududa,Manjiya,Bushika,38343.24694824219,0.21903920763959414,5,0.295809093089326,0.0,0.0,0.0,0.0
HC IV or hospital,Bududa,Manjiya,Bushiribo,16800.742919921875,0.08342314812864784,5,0.113615582006666,0.0,0.0,0.0,0.0
HC IV or hospital,Hoima,Hoima Municipality,Busiisi Division,27872.45083618164,0.11346127670604594,10,0.1225470112441174,0.0,0.0,0.0,0.0
HC IV or hospital,Mityana,Mityana Municipality,Busimbi Division,56181.38063764572,0.06997249889892608,4,0.0754873076576512,0.0,0.0,0.0,0.0
HC IV or hospital,Busia,Samia-Bugwe,Busime,24336.406295776367,0.3947058041579416,4,0.534979084868666,0.0,0.0,0.0,0.0732310067991185
HC IV or hospital,Busia,Samia-Bugwe,Busitema,24669.329666137695,0.37634653701838,4,0.42381639294004475,0.0,0.0,0.0,0.0
HC IV or hospital,Mbale,Bungokho,Busiu,19482.891326904297,0.08621771367124433,4,0.10300792687979805,0.0,0.0,0.0,0.0
HC IV or hospital,Mbale,Bungokho,Busiu Town Council,11384.221405029297,0.03660833138564915,4,0.04320663949717149,0.0,0.0,0.0,0.0
HC IV or hospital,Mbale,Bungokho,Busoba,26777.971282958984,0.11391254640215037,4,0.1351243877125285,0.0,0.0,0.0,0.0
HC IV or hospital,Butaleja,Bunyole,Busolwe,19910.46762084961,0.16474701817311965,4,0.20553997765134555,0.0,0.0,0.0,0.0
HC IV or hospital,Butaleja,Bunyole,Busolwe Town Council,22651.93212890625,0.04349174099128258,4,0.052817923217228675,0.0,0.0,0.0,0.0
HC IV or hospital,Kabarole,Burahya,Busoro,32664.159118652344,0.18137634441619804,10,0.20254811943547085,0.0,0.0,0.0,0.0073406066035707415
HC IV or hospital,Wakiso,Nansana Municipality,Busukuma Division,64853.25971984863,0.24969723050181922,4,0.28669908957515716,0.0,0.0,0.0,0.0
HC IV or hospital,Manafwa,Bubulo,Busukuya,15291.715087890625,0.16637757493540334,4,0.2101232613729431,0.0,0.0,0.0,0.0
HC IV or hospital,Sironko,Budadiri,Busulani,11819.760223388672,0.07612410954765836,5,0.09392578869514331,0.0,0.0,0.0,0.0
HC IV or hospital,Bundibugyo,Bwamba,Busunga Town Council,10236.605407714844,0.09632411503275524,4,0.10025965065063276,0.0,0.0,0.0,0.0
HC IV or hospital,Mityana,Mityana,Busunju Town Council,15180.185348510742,0.42912681417208176,4,0.43533598617327013,0.0,0.0,0.0,0.0
HC IV or hospital,Namayingo,Bukooli,Buswale,37529.19958496094,0.2505001005558793,4,0.3017970385921939,0.0,0.0,0.0,0.009084384726303105
HC IV or hospital,Jinja,Kagoma,Butagaya,62247.57116699219,0.23422436729924292,4,0.275119879073934,0.0,0.0,0.0,0.0
HC IV or hospital,Nakaseke,Nakaseke,Butalangu Town Council,5161.276152610779,0.3466386512934267,4,0.3936843864036682,0.0,0.0,0.0,0.030192793381285554
HC IV or hospital,Butaleja,Bunyole,Butaleja,21340.977767944336,0.1762373886495627,4,0.2373370291094073,0.0,0.0,0.0,0.0
HC IV or hospital,Butaleja,Bunyole,Butaleja Town Council,23924.380432128906,0.2603577697512289,4,0.34632584590477883,0.0,0.0,0.0,0.0
HC IV or hospital,Kabale,Ndorwa,Butanda,17046.512283325195,0.5685556433961271,4,0.691512049164769,0.0,0.0,0.0,0.7725291122944191
HC IV or hospital,Sironko,Budadiri,Butandiga,9119.5673828125,0.18951936290789648,5,0.24408622707739663,0.0,0.0,0.0,0.0
HC IV or hospital,Kamuli,Bugabula,Butansi,37034.720153808594,0.2485046265291147,4,0.3082097339026577,0.0,0.0,0.0,0.005635132951799884
HC IV or hospital,Mityana,Busujju,Butayunja,13320.283447265625,0.31145680665741365,4,0.37788905008103024,0.0,0.0,0.0,0.0
HC IV or hospital,Busia,Samia-Bugwe,Buteba,31964.787048339844,0.31444066429681955,4,0.37766518848213027,0.0,0.0,0.0,0.0
HC IV or hospital,Butebo,Butebo,Butebo,25418.631240844727,0.16777523679839274,4,0.23182765657518,0.0,0.0,0.0,0.0
HC IV or hospital,Butebo,Butebo,Butebo Town Council,12766.74917602539,0.0682731567387823,4,0.09606826827886983,0.0,0.0,0.0,0.0
HC IV or hospital,Bukomansimbi,Bukomansimbi,Butenga,43789.42849731445,0.13749910895831347,4,0.18204792958857938,0.0,0.0,0.0,0.0
HC IV or hospital,Sironko,Budadiri,Buteza,14962.5166015625,0.14594973326073485,5,0.20374627902106265,0.0,0.0,0.0,0.0
HC IV or hospital,Kyenjojo,Mwenge,Butiiti,25971.71002960205,0.446229258958784,10,0.4789167595983519,0.0,0.0,0.0,0.0
HC IV or hospital,Manafwa,Bubulo,Butiru,24000.50131225586,0.16733623101967238,4,0.20137518996373785,0.0,0.0,0.0,0.014815945458048452
HC IV or hospital,Kanungu,Kinkizi,Butogota Town Council,11872.743148803711,0.46991436202655584,10,0.550207307523347,0.0,0.0,0.0,0.2091294463028827
HC IV or hospital,Manafwa,Bubulo,Butta,4219.362976074219,0.10657651345527291,5,0.13236193112570427,0.0,0.0,0.0,0.0
HC IV or hospital,Kyenjojo,Mwenge,Butunduzi,16805.912857055664,1.167105438189718,4,1.2750894765827792,1.0,1.0,0.0,1.0
HC IV or hospital,Ntoroko,Ntoroko,Butungama,22121.768890619278,0.9447078996535447,4,1.0751295383675803,0.5050470362002871,0.5050470362002871,0.0,0.5050470362002871
HC IV or hospital,Buvuma,Buvuma Island,Buvuma Town Council,16313.224328994751,1.3709886535675937,4,1.7592615818934627,1.0,1.0,0.0,1.0
HC IV or hospital,Mayuge,Bunya,Buwaaya,29203.569549560547,0.3170945093492049,4,0.38451923446484443,0.0,0.0,0.0,0.0
HC IV or hospital,Namisindwa,Bubulo,Buwabwala,9374.730163574219,0.25352050341904564,5,0.30114078879158057,0.0,0.0,0.0,0.0
HC IV or hospital,Manafwa,Bubulo,Buwagogo,9043.231811523438,0.1127913712752474,5,0.13183472925308945,0.0,0.0,0.0,0.0
HC IV or hospital,Sironko,Budadiri,Buwalasi,17079.52423095703,0.11726444204088571,5,0.14382962610854233,0.0,0.0,0.0,0.0
HC IV or hospital,Bududa,Manjiya,Buwali,10130.714050292969,0.19931236999494464,5,0.24373785348843388,0.0,0.0,0.0,0.0
HC IV or hospital,Manafwa,Bubulo,Buwangani Town Council,9577.36962890625,0.058144437076524655,5,0.06615647221394778,0.0,0.0,0.0,0.0
HC IV or hospital,Sironko,Budadiri,Buwasa,10057.574584960938,0.05226329439725427,5,0.07271256064779928,0.0,0.0,0.0,0.0
HC IV or hospital,Jinja,Kagoma,Buwenge,60763.681701660156,0.09742392356765764,4,0.11485315422361636,0.0,0.0,0.0,0.0
HC IV or hospital,Jinja,Kagoma,Buwenge Town Council,23045.4404296875,0.016922777532240675,4,0.018989774352781492,0.0,0.0,0.0,0.0
HC IV or hospital,Bugiri,Bukooli,Buwunga,60976.24951171875,0.23840633764876315,4,0.283670151043848,0.0,0.0,0.0,0.0
HC IV or hospital,Bulambuli,Bulambuli,Buyaga Town Council,983.1026611328125,0.12679468095302582,1,0.12679466605186462,0.0,0.0,0.0,0.0
HC IV or hospital,Bugweri,Bugweri,Buyanga,54392.11004638672,0.28725337506443616,4,0.3381165434716624,0.0,0.0,0.0,0.0
HC IV or hospital,Busia,Samia-Bugwe,Buyanga,25144.9054107666,0.39273047110512405,4,0.49963230866025465,0.0,0.0,0.0,0.01218698367529353
HC IV or hospital,Rukungiri,Rubabo,Buyanja,36813.78160095215,0.1802585256232465,4,0.20006414745472945,0.0,0.0,0.0,0.0
HC IV or hospital,Rukungiri,Rubabo,Buyanja Town Council,5017.874938964844,0.110652606435219,4,0.11171644971652007,0.0,0.0,0.0,0.0
HC IV or hospital,Jinja,Kagoma,Buyengo,38883.04965209961,0.2217374179727278,4,0.26720545803231693,0.0,0.0,0.0,0.0
HC IV or hospital,Kaliro,Bulamogi,Buyinda,25546.18531036377,0.2973686784978445,4,0.42038550374023037,0.0,0.0,0.0,0.14251212518922168
HC IV or hospital,Namayingo,Bukooli,Buyinja,32983.22888183594,0.2014365536445849,4,0.2587948184077708,0.0,0.0,0.0,0.0
HC IV or hospital,Sironko,Budadiri,Buyobo,16163.707611083984,0.0904728577960368,5,0.11616253143853106,0.0,0.0,0.0,0.0
HC IV or hospital,Kibaale,Buyanja,Bwamiramira,14328.031288146973,0.1728764894218856,4,0.2234372746183897,0.0,0.0,0.0,0.0
HC IV or hospital,Kakumiro,Bugangaizi,Bwanswa,26466.760231018066,0.2262111976735782,4,0.29699336853394676,0.0,0.0,0.0,0.0
HC IV or hospital,Kasese,Bukonjo,Bwera,17996.797821044922,0.050210058099644725,4,0.059469032528658185,0.0,0.0,0.0,0.0
HC IV or hospital,Kiryandongo,Kibanda,Bweyale Town Council,39527.89030456543,0.21042292233410934,9,0.21370273616912766,0.0,0.0,0.0,0.0
HC IV or hospital,Wakiso,Kira Municipality,Bweyogerere Division,141789.44484329224,0.060135748505579574,4,0.06500572913119639,0.0,0.0,0.0,0.0
HC IV or hospital,Kagadi,Buyaga,Bwikara,64355.48806762695,0.45815413686933854,4,0.5345113648888675,0.0,0.0,0.0,0.34245892224179736
HC IV or hospital,Ntungamo,Kajara,Bwongyera,40956.733001708984,0.1733457889757378,12,0.19167065056345248,0.0,0.0,0.0,0.0
HC IV or hospital,Rakai,Kooki,Byakabanda,21963.868771791458,0.20995806495532784,4,0.2921441278835747,0.0,0.0,0.0,8.75630028285603e-05
HC IV or hospital,Kisoro,Kisoro Municipality,Central,5578.041442871094,0.022520166440350726,4,0.02584971487318685,0.0,0.0,0.0,0.0
HC IV or hospital,Buikwe,KCCA,Central Division,45238.28381347656,0.02788582647186948,4,0.03214553111176182,0.0,0.0,0.0,0.0
HC IV or hospital,Kampala,KCCA,Central Division,106096.45703125,0.010576608645181475,1,0.010576608342083656,0.0,0.0,0.0,0.0
HC IV or hospital,Mukono,KCCA,Central Division,88197.59791564941,0.0340296777066231,4,0.03681702104738822,0.0,0.0,0.0,0.0
HC IV or hospital,Iganga,Iganga Municipality,Central Division,33064.68408203125,0.018348220904587417,4,0.01877815792824387,0.0,0.0,0.0,0.0
HC IV or hospital,Jinja,Jinja Municipality,Central Division,29144.54083251953,0.02381374952993597,4,0.027477674023771295,0.0,0.0,0.0,0.0
HC IV or hospital,Kapchorwa,Kapchorwa Municipality,Central Division,20021.40281677246,0.032087138248663605,5,0.0337910071954271,0.0,0.0,0.0,0.0
HC IV or hospital,Kitgum,Kitgum Municipality,Central Division,10414.16552734375,0.012313785151908287,7,0.013552410922220147,0.0,0.0,0.0,0.0
HC IV or hospital,Kotido,Kotido Municipality,Central Division,17583.080596923828,1.600079214303786,8,1.7708016066668075,1.0,1.0,0.0,1.0
HC IV or hospital,Lira,Lira Municipality,Central Division,25839.049865722656,0.024907305901573196,9,0.026113147968822744,0.0,0.0,0.0,0.0
HC IV or hospital,Nebbi,Nebbi Municipality,Central Division,15783.155014038086,0.05886155871127043,9,0.06999792017719839,0.0,0.0,0.0,0.0
HC IV or hospital,Kabale,Kabale Municipality,Central Division,19390.518432617188,0.0194783349996405,4,0.020494215077804603,0.0,0.0,0.0,0.0
HC IV or hospital,Kasese,Kasese Municipality,Central Division,41043.92558288574,0.1593674423564321,10,0.16242658480027072,0.0,0.0,0.0,0.0
HC IV or hospital,Masindi,Masindi Municipality,Central Division,52258.96417236328,0.037797122712934575,4,0.04066927702666028,0.0,0.0,0.0,0.0
HC IV or hospital,Ntungamo,Ntungamo Municipality,Central Division,7275.575134277344,0.16314054177225737,4,0.1653289079880788,0.0,0.0,0.0,0.0
HC IV or hospital,Bushenyi,Bushenyi Municipality,Central Divison,20369.847595214844,0.04560848924291801,4,0.04987127304433932,0.0,0.0,0.0,0.0
HC IV or hospital,Kisoro,Bufumbira,Chahi,21658.188842773438,0.10525191577213652,4,0.11414697213401619,0.0,0.0,0.0,0.0
HC IV or hospital,Kapchorwa,Tingey,Chepterech,4753.27734375,0.1254807965410618,5,0.13082838911553152,0.0,0.0,0.0,0.0
HC IV or hospital,Adjumani,East Moyo,Ciforo,17901.128905296326,0.3073719716167647,8,0.34031985450472296,0.0,0.0,0.0,0.025106619787726197
HC IV or hospital,Busia,Samia-Bugwe,Dabani,46442.927825927734,0.08658157295859788,4,0.10755371760974852,0.0,0.0,0.0,0.0
HC IV or hospital,Arua,Ayivu,Dadamu,53205.771408081055,0.07864750946156061,10,0.09482296615797796,0.0,0.0,0.0,0.0
HC IV or hospital,Rakai,Kooki,Ddwaniro,39852.750312805176,0.2853141396863428,4,0.3716748529694451,0.0,0.0,0.0,0.003148980293081157
HC IV or hospital,Wakiso,Entebbe Municipality,Division A,66507.40141677856,0.030135143846987185,4,0.03222968557283852,0.0,0.0,0.0,0.0
HC IV or hospital,Wakiso,Entebbe Municipality,Division B,46839.294496536255,0.059625944666984454,4,0.06531517529946991,0.0011456429605474947,0.0011456429605474947,0.0,0.0011456429605474947
HC IV or hospital,Dokolo,Dokolo,Dokolo,20115.904251098633,0.28593926889546883,9,0.3301202616895178,0.0,0.0,0.0,0.0
HC IV or hospital,Dokolo,Dokolo,Dokolo Tc,26592.999000549316,0.10099417240542655,9,0.1220219760973911,0.0,0.0,0.0,0.0
HC IV or hospital,Yumbe,Aringa,Drajini,45623.89469909668,0.17524735028480246,10,0.1995318327063593,0.0,0.0,0.0,0.0
HC IV or hospital,Koboko,Koboko,Dranya,21780.43360900879,0.34260159963291725,10,0.35585809977142346,0.0,0.0,0.0,0.0
HC IV or hospital,Bugiri,Bugiri Municipality,Eastern Division,15272.839233398438,0.037896190750299305,4,0.038070699759500885,0.0,0.0,0.0,0.0
HC IV or hospital,Busia,Busia Municipality,Eastern Division,31152.322265625,0.10387493202663192,4,0.10515348452665152,0.0,0.0,0.0,0.0
HC IV or hospital,Soroti,Soroti Municipality,Eastern Division,23424.89129638672,0.04443956959711377,5,0.04968679441935114,0.0,0.0,0.0,0.0
HC IV or hospital,Tororo,Tororo Municipality,Eastern Division,21445.779724121094,0.02667188464206663,4,0.030018015856896865,0.0,0.0,0.0,0.0
HC IV or hospital,Kabarole,Fort Portal Municipality,Eastern Division,23169.091033935547,0.050429851504170904,10,0.052392222645384144,0.0,0.0,0.0,0.0
HC IV or hospital,Ntungamo,Ntungamo Municipality,Eastern Division,9553.404769897461,0.15908695543105303,4,0.164144523064212,0.0,0.0,0.0,0.0
HC IV or hospital,Rukungiri,Rukungiri Municipality,Eastern Divison,14944.833053588867,0.04500213249727485,4,0.05030948055120732,0.0,0.0,0.0,0.0
HC IV or hospital,Isingiro,Bukanga,Endiinzi Town Council,7713.977283477783,1.1827536723328935,4,1.5572005543056278,1.0,1.0,0.0,1.0
HC IV or hospital,Kazo,Kazo,Engari,33496.04196929932,0.396787138451659,4,0.4452079088689805,0.0,0.0,0.0,0.01135928778596169
HC IV or hospital,Nebbi,Padyere,Erussi,41021.44314575195,0.4397547758830191,9,0.5255471448392595,0.0,0.0,0.0,0.061178682548624096
HC IV or hospital,Kapchorwa,Tingey,Gamogo,4700.5570068359375,0.16737830982827787,5,0.179874624756767,0.0,0.0,0.0,0.0
HC IV or hospital,Kibuku,Kibuku,Goli Goli,12891.233764648438,0.29203086039130977,4,0.3678965275975377,0.0,0.0,0.0,0.0
HC IV or hospital,Mukono,Mukono Municipality,Goma Division,134395.49374389648,0.07019632962034428,4,0.07864247093595518,0.0,0.0,0.0,0.0
HC IV or hospital,Wakiso,Nansana Municipality,Gombe Division,122560.44062805176,0.09949200642881613,4,0.10729124288343429,0.0,0.0,0.0,0.0
HC IV or hospital,Butambala,Butambala,Gombe Town Council,18070.875495910645,0.056549119114271414,4,0.06838587731052827,0.0,0.0,0.0,0.0
HC IV or hospital,Rubanda,Rubanda,Hamurwa,31898.763061523438,0.3263483486050138,4,0.35829388940914947,0.0,0.0,0.0,0.0
HC IV or hospital,Rubanda,Rubanda,Hamurwa Town Council,6347.930465698242,0.3040255825916507,4,0.31818276551044183,0.0,0.0,0.0,0.0
HC IV or hospital,Kabarole,Burahya,Harugogo,28292.943069458008,0.24801918387866317,10,0.29496452838383086,0.0,0.0,0.0,0.0
HC IV or hospital,Kasese,Busongora,Hima Town Council,16243.863800048828,0.32717257478005873,10,0.33544624265467443,0.0,0.0,0.0,0.0
HC IV or hospital,Butaleja,Bunyole,Himutu,22723.201400756836,0.16551362513901852,4,0.21402084494873433,0.0,0.0,0.0,0.0
HC IV or hospital,Bushenyi,Igara,Ibaare,13142.956359863281,0.11687355273972808,4,0.12262950009359073,0.0,0.0,0.0,0.0
HC IV or hospital,Bugweri,Bugweri,Ibulanku,34749.94812011719,0.292449682360831,4,0.3261667909322927,0.0,0.0,0.0,0.0
HC IV or hospital,Bugweri,Bugweri,Igombe,23027.113830566406,0.2666901020922478,4,0.3147791945002983,0.0,0.0,0.0,0.0
HC IV or hospital,Ibanda,Ibanda,Igorora Town Council,7078.154861450195,0.25242266423335913,4,0.2583947958523314,0.0,0.0,0.0,0.0
HC IV or hospital,Ntungamo,Kajara,Ihunga,16619.254791259766,0.18992551583324774,12,0.20443685662335623,0.0,0.0,0.0,0.0
HC IV or hospital,Budaka,Iki-Iki,Iki-Iki,25657.890411376953,0.20460593032681917,4,0.26894854885968306,0.0,0.0,0.0,0.0
HC IV or hospital,Mayuge,Bunya,Imanyiro,42677.53713226318,0.25897606036995363,4,0.33770097371322716,0.0,0.0,0.0,0.0
HC IV or hospital,Mbale,Mbale Municipality,Industrial Divison,61945.90478515625,0.016095230223269662,4,0.01702932578928151,0.0,0.0,0.0,0.0
HC IV or hospital,Kwania,Kwania,Inomo,40241.987533569336,0.5039807697687676,10,0.6562758148313057,0.0,0.0,0.0,0.7718145430383613
HC IV or hospital,Luuka,Luuka,Irongo,34931.67419433594,0.22204994961131985,4,0.2604589691717245,0.0,0.0,0.0,0.0
HC IV or hospital,Kasese,Bukonjo,Isango,10354.558822631836,0.09072702866964694,4,0.1004108664432726,0.0,0.0,0.0,0.0
HC IV or hospital,Bushenyi,Bushenyi Municipality,Ishaka Divison,19071.525466918945,0.027661310548366055,4,0.03100616343552957,0.0,0.0,0.0,0.0
HC IV or hospital,Ibanda,Ibanda,Ishongororo,18583.52109527588,0.18889719982501268,4,0.20888102597564873,0.0,0.0,0.0,0.0
HC IV or hospital,Ibanda,Ibanda,Ishongororo Town Council,27108.80249786377,0.07494400455387526,4,0.08470139495000131,0.0,0.0,0.0,0.0
HC IV or hospital,Ntungamo,Ruhaama,Itojo,28869.56842803955,0.14288294567931803,4,0.1653425696097131,0.0,0.0,0.0,0.0
HC IV or hospital,Mayuge,Bunya,Jaguzi,17401.811547279358,,1,,1.0,1.0,0.0,1.0
HC IV or hospital,Zombo,Okoro,Jangokoro,5707.384460449219,0.3183397848948198,9,0.3687918311826222,0.0,0.0,0.0,0.0
HC IV or hospital,Kaabong,Dodoth,Kaabong East,7777.75297164917,0.23321472825197442,4,0.278623070334401,0.0,0.0,0.0,0.04579621711314646
HC IV or hospital,Kaabong,Dodoth,Kaabong Town Council,10446.696655273438,0.03602072879621292,4,0.042516074553168554,0.0,0.0,0.0,0.0
HC IV or hospital,Kaabong,Dodoth,Kaabong West,13719.10147857666,0.1397390860894551,4,0.1634973134193306,0.0,0.0,0.0,0.0
HC IV or hospital,Manafwa,Bubulo,Kaato,6966.0819091796875,0.08945881322567492,5,0.11785486842049928,0.0,0.0,0.0,0.0
HC IV or hospital,Kagadi,Buyaga,Kabamba,26529.416122436523,0.523324165421998,4,0.6437004133981566,0.0,0.0,0.0,0.682140135000348
HC IV or hospital,Kamwenge,Kibale,Kabambiro,21715.952682495117,0.3006321816838114,4,0.358778687053326,0.0,0.0,0.0,0.0
HC IV or hospital,Kibaale,Buyanja,Kabasekende,13643.719902038574,0.41357159181074754,4,0.5321279229288579,0.0,0.0,0.0,0.41390691311790745
HC IV or hospital,Kaberamaido,Kaberamaido,Kaberamaido,24986.99102973938,0.1591375221525904,9,0.199895104154101,0.0,0.0,0.0,0.0011129940885308944
HC IV or hospital,Kaberamaido,Kaberamaido,Kaberamaido Town Council,5508.409820556641,0.015641410087771944,9,0.017902864870510984,0.0,0.0,0.0,0.0
HC IV or hospital,Isingiro,Isingiro,Kaberebere Town Council,9064.38900756836,0.17481352824911192,4,0.176644683116481,0.0,0.0,0.0,0.0
HC IV or hospital,Kapchorwa,Tingey,Kabeywa,1235.5126953125,0.21999515666851366,5,0.24470000786026333,0.0,0.0,0.0,0.0
HC IV or hospital,Mitooma,Ruhinda,Kabira,13614.257034301758,0.2835107617081211,4,0.3382822386816238,0.0,0.0,0.0,0.0
HC IV or hospital,Masaka,Bukoto,Kabonera,41040.22381591797,0.16877709348047076,4,0.18753670038271406,0.0,0.0,0.0,0.0
HC IV or hospital,Isingiro,Isingiro,Kabuyanda,29343.1075592041,0.3649538725351766,4,0.4164064961194477,0.0,0.0,0.0,0.05584251402826734
HC IV or hospital,Isingiro,Isingiro,Kabuyanda Town Council,21361.662399291992,0.43524697032727816,4,0.4841670778661191,0.0,0.0,0.0,0.011643440790966582
HC IV or hospital,Butebo,Butebo,Kabwangasi,38166.659606933594,0.14608302127240977,4,0.18519455140388694,0.0,0.0,0.0,0.0
HC IV or hospital,Kibuku,Kibuku,Kabweri,22568.797241210938,0.19636969809373742,4,0.24641000294544954,0.0,0.0,0.0,0.0
HC IV or hospital,Kyegegwa,Kyaka,Kabweza Kyegegwa,54720.64570617676,1.1842279482518687,4,1.3292028058972742,1.0,1.0,0.0,1.0
HC IV or hospital,Sheema,Sheema Municipality,Kabwohe Division,23494.133712768555,0.3539608921371764,4,0.3708913644369846,0.0,0.0,0.0,0.0
HC IV or hospital,Budaka,Iki-Iki,Kachomo,20285.173431396484,0.2888971548492353,4,0.3895892534923631,0.0,0.0,0.0,0.0
HC IV or hospital,Butaleja,Bunyole,Kachonga,36261.012634277344,0.14428074460495646,4,0.19750189062141793,0.0,0.0,0.0,0.0
HC IV or hospital,Bukedea,Bukedea,Kachumbala,70390.44876098633,0.18485131950048161,4,0.21560679005060168,0.0,0.0,0.0,0.0
HC IV or hospital,Kibuku,Kibuku,Kadama,7381.277862548828,0.1520944746063056,4,0.17196245784325248,0.0,0.0,0.0,0.0
HC IV or hospital,Budaka,Budaka,Kaderuna,21909.799865722656,0.3286959603972312,4,0.4240906520598668,0.0,0.0,0.0,0.0
HC IV or hospital,Serere,Kasilo,Kadungulu Town Council,14084.764799118042,0.18982282699471137,5,0.21372516627688548,0.0,0.0,0.0,0.0
HC IV or hospital,Ntungamo,Ruhaama,Kafunjo-Mirama Town Council,28040.804496765137,0.28633988999349297,4,0.33971774884219647,0.0,0.0,0.0,0.030117653966117954
HC IV or hospital,Kagadi,Buyaga,Kagadi,20057.30421447754,0.277364622963958,4,0.346834436091585,0.0,0.0,0.0,0.012744286325752857
HC IV or hospital,Kagadi,Buyaga,Kagadi Town Council,35263.65838623047,0.04847233716399298,4,0.05550145840708185,0.0,0.0,0.0,0.0
HC IV or hospital,Rakai,Kooki,Kagamba,41104.191581726074,0.46151484444949753,4,0.6026693388534435,0.0,0.0,0.0,0.21644282961023614
HC IV or hospital,Ibanda,Ibanda Municipality,Kagango Division,45827.45686340332,0.11224307759049822,4,0.13044683187038927,0.0,0.0,0.0,0.0
HC IV or hospital,Sheema,Sheema Municipality,Kagango Division,31203.884071350098,0.28061930985140504,4,0.30652892114921676,0.0,0.0,0.0,0.0
HC IV or hospital,Ntungamo,Kajara,Kagarama Town Council,16718.205673217773,0.1511374095931813,12,0.15620202486463722,0.0,0.0,0.0,0.0
HC IV or hospital,Mbarara,Kashari,Kagongi,25845.90672302246,0.39726803881015066,4,0.42385378511281785,0.0,0.0,0.0,0.0
HC IV or hospital,Kibuku,Kibuku,Kagumu,23143.24285888672,0.20645510621140484,4,0.23688821871069524,0.0,0.0,0.0,0.0
HC IV or hospital,Kabale,Ndorwa,Kaharo,21537.79232788086,0.20274141649576138,4,0.21573849699775735,0.0,0.0,0.0,0.0
HC IV or hospital,Hoima,Hoima Municipality,Kahoora Divison,55182.82540893555,0.021221760785820148,10,0.02249435621110068,0.0,0.0,0.0,0.0
HC IV or hospital,Kamwenge,Kibale,Kahunge,29154.55347442627,0.2595556477284936,10,0.33222882133731063,0.0,0.0,0.0,0.10355588214336224
HC IV or hospital,Kamwenge,Kibale,Kahunge Town Council,21720.85509109497,0.23989086216464392,10,0.27563336887902745,0.0,0.0,0.0,0.01630793978252765
HC IV or hospital,Wakiso,Busiro,Kajjansi Town Council,150640.93717956543,0.08971230844292373,4,0.0994734230577596,0.0,0.0,0.0,0.0
HC IV or hospital,Bushenyi,Igara,Kakanju,26305.363220214844,0.20404250746566976,10,0.2412411410163863,0.0,0.0,0.0,0.0
HC IV or hospital,Mbarara,Kashari,Kakiika Division,30730.31708908081,0.08279637676577498,4,0.08983433123850713,0.0,0.0,0.0,0.0
HC IV or hospital,Kakumiro,Bugangaizi,Kakindo,54719.76358795166,0.23677669482512106,4,0.30179287560251367,0.0,0.0,0.0,0.10759326965385665
HC IV or hospital,Sheema,Sheema,Kakindo Town Council,9417.160690307617,0.4348011804474295,4,0.48354842450267266,0.0,0.0,0.0,0.0
HC IV or hospital,Mityana,Busujju,Kakindu,22238.29510498047,0.3787578988443078,4,0.43697246153454594,0.0,0.0,0.0,0.0
HC IV or hospital,Jinja,Butembe,Kakira Town Council,41702.508056640625,0.10637521349274043,4,0.1395547467305936,0.0,0.0,0.0,0.0
HC IV or hospital,Wakiso,Busiro,Kakiri,63663.190338134766,0.3041332984965722,4,0.3306679996847497,0.0,0.0,0.0,0.0
HC IV or hospital,Wakiso,Busiro,Kakiri Town Council,31098.629943847656,0.20326585667339409,4,0.20799465929254482,0.0,0.0,0.0,0.0
HC IV or hospital,Mbarara,Mbarara Municipality,Kakoba Division,61910.029541015625,0.0292146954771624,4,0.030587506579594456,0.0,0.0,0.0,0.0
HC IV or hospital,Nakasongola,Buruli,Kakooge Town Council,11258.728874206543,0.09362777068189262,4,0.11020824171160278,0.0,0.0,0.0,0.0
HC IV or hospital,Butebo,Butebo,Kakoro,23025.554626464844,0.12165825216499047,4,0.17180048125589417,0.0,0.0,0.0,0.0
HC IV or hospital,Budaka,Budaka,Kakule,16647.608306884766,0.29721194104935933,4,0.3747214296342985,0.0,0.0,0.0,0.0
HC IV or hospital,Kakumiro,Bugangaizi,Kakumiro Town Council,14900.337265014648,0.09236299586753277,4,0.12055784742173498,0.0,0.0,0.0,0.0
HC IV or hospital,Kalaki,Kalaki,Kakure,17456.009910583496,0.45118334207690075,8,0.5442822275468852,0.0,0.0,0.0,0.04502762074611283
HC IV or hospital,Kibuku,Kibuku,Kakutu,14502.613830566406,0.28807013684930294,4,0.35031772303771175,0.0,0.0,0.0,0.0
HC IV or hospital,Luwero,Bamunanika,Kalagala,55411.90586853027,0.38573436611706735,4,0.4651869327717657,0.0,0.0,0.0,0.0
HC IV or hospital,Kalaki,Kalaki,Kalaki Town Council,8020.71403503418,0.31291128580374755,8,0.43657528921936867,0.0,0.0,0.0,0.025120463550421426
HC IV or hospital,Butambala,Butambala,Kalamba,23205.85562133789,0.2482018293176111,4,0.2873445501054806,0.0,0.0,0.0,0.0
HC IV or hospital,Mityana,Mityana,Kalangaalo,37036.72993469238,0.22588007390790074,4,0.25868631732626557,0.0,0.0,0.0,0.0
HC IV or hospital,Kalangala,Bujumba,Kalangala Town Council,6584.320819020271,0.04865896515534545,4,0.07825203537122243,0.0,0.0,0.0,0.0
HC IV or hospital,Kaliro,Bulamogi,Kaliro Town Council,23945.066497802734,0.2932497306592276,4,0.32294687179077464,0.0,0.0,0.0,0.0
HC IV or hospital,Kyotera,Kyotera,Kalisizo,20560.470024108887,0.10737362055927023,4,0.13371663134235803,0.0,0.0,0.0,0.0
HC IV or hospital,Kyotera,Kyotera,Kalisizo Town Council,16683.56069946289,0.020976107203653106,4,0.024760335728091887,0.0,0.0,0.0,0.0
HC IV or hospital,Agago,Agago,Kalongo Town Council,13793.999740600586,1.8667183012605635,8,2.2756368688451207,1.0,1.0,0.0,1.0
HC IV or hospital,Kalungu,Kalungu,Kalungu,45428.952407836914,0.1333433157963079,4,0.1786556212837903,0.0,0.0,0.0,0.0
HC IV or hospital,Kalungu,Kalungu,Kalungu Town Council,9517.13949584961,0.21831611898035985,4,0.29760116438682604,0.0,0.0,0.0,0.0
HC IV or hospital,Kanungu,Kinkizi,Kambuga,28699.016708374023,0.08831602575022394,4,0.09724898304380465,0.0,0.0,0.0,0.0
HC IV or hospital,Kanungu,Kinkizi,Kambuga Town Council,5617.361083984375,0.02384803332262814,4,0.026029178796331168,0.0,0.0,0.0,0.0
HC IV or hospital,Oyam,Oyam,Kamdini,64620.69287109375,0.17782795075036828,8,0.21664456995220366,0.0,0.0,0.0,0.0
HC IV or hospital,Pallisa,Pallisa,Kameke,21928.287994384766,0.4130964982213904,4,0.511063404616933,0.0,0.0,0.0,0.039375255652510696
HC IV or hospital,Budaka,Iki-Iki,Kameruka,20245.160034179688,0.153251553257567,4,0.21859806683105587,0.0,0.0,0.0,0.0
HC IV or hospital,Budaka,Iki-Iki,Kamonkoli,34578.32391357422,0.11110611642939876,4,0.12598193910879005,0.0,0.0,0.0,0.0
HC IV or hospital,Bulambuli,Bulambuli,Kamu,7248.27880859375,0.11711678239991606,5,0.13338389705767567,0.0,0.0,0.0,0.0
HC IV or hospital,Kabale,Ndorwa,Kamuganguzi,27196.656648397446,0.22035863460242103,4,0.23757408939498129,0.0,0.0,0.0,0.0
HC IV or hospital,Pallisa,Pallisa,Kamuge,27906.287658691406,0.2714305086370998,4,0.34102564122532086,0.0,0.0,0.0,0.0
HC IV or hospital,Mbarara,Mbarara Municipality,Kamukuzi Division,38877.878845214844,0.016470847547097454,4,0.017144737685960667,0.0,0.0,0.0,0.0
HC IV or hospital,Kamwenge,Kibale,Kamwenge Town Council,26235.111709594727,0.06422545853534324,4,0.07587312519817994,0.0,0.0,0.0,0.0
HC IV or hospital,Rukiga,Rukiga,Kamwezi,30213.66152191162,0.4957819892771715,4,0.5551991837992144,0.0,0.0,0.0,0.2691011648324375
HC IV or hospital,Kisoro,Bufumbira,Kanaba,19043.893173217773,0.15975005429364328,4,0.18947530403163787,0.0,0.0,0.0,0.0
HC IV or hospital,Ntoroko,Ntoroko,Kanara,10156.69713318348,1.920072229672889,4,2.2899525956485007,1.0,1.0,0.0,1.0
HC IV or hospital,Dokolo,Dokolo,Kangai,21816.532592773438,0.3009270523134934,9,0.36714781274241465,0.0,0.0,0.0,0.0
HC IV or hospital,Butebo,Butebo,Kanginima,12858.980560302734,0.12066417834882895,4,0.1702505577101588,0.0,0.0,0.0,0.0
HC IV or hospital,Zombo,Okoro,Kango,16987.644485473633,0.6141500445436896,8,0.7366835305422086,0.0,0.0,0.0,0.7835433496273598
HC IV or hospital,Kayunga,Ntenjeru,Kangulumira,63780.957931518555,0.37658878518627326,4,0.42814686234839866,0.0,0.0,0.0,0.0
HC IV or hospital,Kazo,Kazo,Kanoni,22405.91404724121,0.37568389212158665,4,0.41340772841391765,0.0,0.0,0.0,0.005788191111104546
HC IV or hospital,Gomba,Gomba,Kanoni Town Council,14922.710968017578,0.5604201914769474,4,0.6283737555121782,0.0,0.0,0.0,0.11365486778510872
HC IV or hospital,Kanungu,Kinkizi,Kanungu Town Council,18106.816986083984,0.2663063648072429,4,0.2872193728133972,0.0,0.0,0.0,0.005721307373182241
HC IV or hospital,Mitooma,Ruhinda,Kanyabwanga,21079.801879882812,0.4872414319245279,4,0.5585876823326407,0.0,0.0,0.0,0.06700279334592642
HC IV or hospital,Kanungu,Kinkizi,Kanyantorogo,21898.962631225586,0.2533857992558148,10,0.28209251266207774,0.0,0.0,0.0,0.0
HC IV or hospital,Kumi,Kumi,Kanyum,53851.467544555664,0.27389455698954585,5,0.3516803866052004,0.0,0.0,0.0,0.0
HC IV or hospital,Nakaseke,Nakaseke,Kapeeka,35000.16584777832,0.5275358527627309,4,0.6219118394644619,0.0,0.0,0.0,0.10857370558052894
HC IV or hospital,Kween,Kween,Kaproron,5813.014427185059,0.47486021051863053,5,0.5152163202806158,0.0,0.0,0.0,0.11866570024759195
HC IV or hospital,Kween,Kween,Kaproron Town Council,1119.8869934082031,0.5783432796607468,5,0.6449840060850127,0.0,0.0,0.0,0.20621954729853076
HC IV or hospital,Kapchorwa,Tingey,Kapsinda,10272.454093933105,0.2023808425663601,5,0.23202126226780873,0.0,0.0,0.0,0.0
HC IV or hospital,Kapchorwa,Tingey,Kaptanya,10108.512386322021,0.11835189501629496,5,0.14909281129662666,0.0,0.0,0.0,0.0
HC IV or hospital,Kween,Kween,Kaptoyoy,11488.622394561768,0.14881006024237664,5,0.17187619432798248,0.0,0.0,0.0,0.0
HC IV or hospital,Bugiri,Bukooli,Kapyanga,84637.22543334961,0.1526565303552439,4,0.17442214593586058,0.0,0.0,0.0,0.0
HC IV or hospital,Kabarole,Burahya,Karago Town Council,15623.973510742188,0.09471714034937495,4,0.11017626105090307,0.0,0.0,0.0,0.0
HC IV or hospital,Kibaale,Buyanja,Karama,11728.107704162598,0.44825334682022194,4,0.5775775256347268,0.0,0.0,0.0,0.6820014295186512
HC IV or hospital,Kabarole,Burahya,Karambi,35061.601989746094,0.06712673649676588,10,0.07346438144350761,0.0,0.0,0.0,0.0
HC IV or hospital,Kasese,Bukonjo,Karambi,39882.20245361328,0.08602071148677289,11,0.09062440437104827,0.0,0.0,0.0,0.0
HC IV or hospital,Kabarole,Burahya,Karangura,15141.58219909668,0.2143202500673074,4,0.26484888083823155,0.0,0.0,0.0,0.011474298170836403
HC IV or hospital,Ntoroko,Ntoroko,Karugutu Town Council,11520.974746704102,0.3251542666018313,4,0.34913668108164214,0.0,0.0,0.0,0.0
HC IV or hospital,Buhweju,Buhweju,Karungu,19867.891403198242,0.2463202088068472,4,0.3122943253697396,0.0,0.0,0.0,0.015279194077106602
HC IV or hospital,Kyotera,Kyotera,Kasaali Town Council,36175.70790100098,0.23655043278410934,4,0.25845861404763343,0.0,0.0,0.0,0.002470056037060392
HC IV or hospital,Sheema,Sheema,Kasaana,20397.850158691406,0.18038701045598907,4,0.2064506131217449,0.0,0.0,0.0,0.0
HC IV or hospital,Kakumiro,Bugangaizi,Kasambya,48711.61031341553,0.4583757042822369,4,0.5944377561466153,0.0,0.0,0.0,0.6673043804237363
HC IV or hospital,Mubende,Kasambya,Kasambya Town Council,16437.164588928223,1.4952056473269175,4,1.7908744711579854,1.0,1.0,0.0,1.0
HC IV or hospital,Wakiso,Kyadondo,Kasangati Town Council,235378.41506958008,0.05460922290045146,4,0.06258552104475838,0.0,0.0,0.0,0.0
HC IV or hospital,Nakaseke,Nakaseke,Kasangombe,28565.841751098633,0.21042801829895613,4,0.2579812430033167,0.0,0.0,0.0,0.0
HC IV or hospital,Kibuku,Kibuku,Kasasira,15643.22494506836,0.31901553358730445,4,0.39534418051184056,0.0,0.0,0.0,0.0
HC IV or hospital,Mukono,Nakifuma,Kasawo,45536.13284301758,0.12156241770124122,4,0.1408658862387405,0.0,0.0,0.0,0.0
HC IV or hospital,Kapchorwa,Tingey,Kaserem,8323.212036132812,0.09200288423400634,5,0.09409979368761852,0.0,0.0,0.0,0.0
HC IV or hospital,Rukiga,Rukiga,Kashambya,30657.842529296875,0.26787842297216996,4,0.3095494818558977,0.0,0.0,0.0,0.007231932706604826
HC IV or hospital,Mbarara,Kashari,Kashare,29197.3984375,0.3228501214405942,4,0.3611221473561678,0.0,0.0,0.0,0.016040076043536626
HC IV or hospital,Mitooma,Ruhinda,Kashenshero,13939.509552001953,0.4418753804025223,4,0.5151912380175343,0.0,0.0,0.0,0.0
HC IV or hospital,Mitooma,Ruhinda,Kashenshero Town Council,6513.463470458984,0.4638242583962304,4,0.5372487904775535,0.0,0.0,0.0,0.0
HC IV or hospital,Sheema,Sheema Municipality,Kashozi Division,16361.623947143555,0.3083068919029505,4,0.34573213243814094,0.0,0.0,0.0,0.0
HC IV or hospital,Serere,Kasilo,Kasilo Town Council,5630.78239440918,0.23730406301698728,5,0.2587535144705022,0.0,0.0,0.0,0.0
HC IV or hospital,Kibaale,Buyanja,Kasimbi,21371.812049865723,0.5003451889736259,4,0.6250351240007491,0.0,0.0,0.0,0.7356836423445628
HC IV or hospital,Bundibugyo,Bughendera,Kasitu,5434.453750610352,0.44705442100645165,4,0.4803524919665205,0.0,0.0,0.0,0.0
HC IV or hospital,Pallisa,Pallisa,Kasodo,19254.082410812378,0.19097525071798013,4,0.2652461937505292,0.0,0.0,0.0,0.05206691653824696
HC IV or hospital,Kaliro,Bulamogi,Kasokwe,19795.01629638672,0.29900205356652954,4,0.4124609881390713,0.0,0.0,0.0,0.0
HC IV or hospital,Kassanda,Kassanda,Kassanda Town Council,29410.791160583496,0.672163343427599,4,0.7451007446387982,0.0,0.0,0.0,0.6348081615408973
HC IV or hospital,Wakiso,Busiro,Katabi Town Council,165169.6874730587,0.07622946747422331,4,0.08326837403634245,0.0,0.0,0.0,0.0
HC IV or hospital,Katakwi,Katakwi,Katakwi,47414.34436225891,0.16687456886519114,8,0.19041920021887151,0.0,0.0,0.0,0.007722381086326026
HC IV or hospital,Katakwi,Katakwi,Katakwi Town Council,8960.306182861328,0.030868403199764513,8,0.03393546629899281,0.0,0.0,0.0,0.0
HC IV or hospital,Rubirizi,Bunyaruguru,Katanda,22983.13638305664,0.17678596636734206,10,0.2194727875665411,0.0,0.0,0.0,0.02529454762093746
HC IV or hospital,Mitooma,Ruhinda,Katenga,20058.912231445312,0.23579250478229855,4,0.2602275696234492,0.0,0.0,0.0,0.0
HC IV or hospital,Rubirizi,Bunyaruguru,Katerera,8694.304481506348,0.12051405569576615,10,0.15375260158832765,0.0,0.0,0.0,0.0
HC IV or hospital,Rubirizi,Bunyaruguru,Katerera Town Council,11420.372383117676,0.04938612766084915,10,0.06136818362078435,0.0,0.0,0.0,0.0
HC IV or hospital,Kanungu,Kinkizi,Katete,8258.695556640625,0.16729700685203633,4,0.18400440366799184,0.0,0.0,0.0,0.0
HC IV or hospital,Kaabong,Dodoth,Kathile South,7863.9232177734375,0.497037958952219,4,0.5955312338664369,0.0,0.0,0.0,0.6244453228553015
HC IV or hospital,Budaka,Iki-Iki,Katiira,21863.305755615234,0.11657093087526343,4,0.1459534345994887,0.0,0.0,0.0,0.0
HC IV or hospital,Luwero,Katikamu,Katikamu,56861.92760467529,0.18658014626931357,4,0.20914069877067992,0.0,0.0,0.0,0.0
HC IV or hospital,Kakumiro,Bugangaizi,Katikara,34990.04666137695,0.579142129682025,4,0.7273082004725782,0.0,0.0,0.0,0.9957658696063564
HC IV or hospital,Kyenjojo,Mwenge,Katooke,48629.04903411865,0.5241211537614278,4,0.6153054825913523,0.0,0.0,0.0,0.12269678298861016
HC IV or hospital,Kyenjojo,Mwenge,Katooke Town Council,20458.905654907227,0.5143827075207673,4,0.5357565216229603,0.0,0.0,0.0,0.0
HC IV or hospital,Arua,Terego,Katrini,41472.445861816406,0.11663283053071823,10,0.13977852323969805,0.0,0.0,0.0,0.0
HC IV or hospital,Kabale,Ndorwa,Katuna Town Council,10951.343688964844,0.25933910760183015,4,0.2658192131309394,0.0,0.0,0.0,0.0
HC IV or hospital,Masaka,Masaka Municipality,Katwe-Butego Division,33171.63171386719,0.04817226631881254,4,0.0507410341920655,0.0,0.0,0.0,0.0
HC IV or hospital,Kasese,Busongora,Katwe Kabatoro Town Council,7875.20588684082,0.5002342172963911,4,0.5260174331679928,0.0,0.0,0.0,0.0
HC IV or hospital,Kampala,KCCA,Kawempe Division,374249.9169921875,0.016004043512832793,4,0.016498601754464527,0.0,0.0,0.0,0.0
HC IV or hospital,Buikwe,Lugazi Municipality,Kawolo Division,51806.61408996582,0.09827068417595099,4,0.11126697901748207,0.0,0.0,0.0,0.0
HC IV or hospital,Kapchorwa,Tingey,Kawowo,10555.234420776367,0.10269479285903348,5,0.12366880426182363,0.0,0.0,0.0,0.0
HC IV or hospital,Ntungamo,Rushenyi,Kayonza,34319.55812072754,0.23743193649514135,4,0.25181257254151823,0.0,0.0,0.0,0.0
HC IV or hospital,Kayunga,Ntenjeru,Kayunga,50035.29441833496,0.15734737223084905,4,0.18527252245047854,0.0,0.0,0.0,0.0
HC IV or hospital,Kayunga,Ntenjeru,Kayunga Town Council,33383.205726623535,0.047605182440627086,4,0.05587514466227939,0.0,0.0,0.0,0.0
HC IV or hospital,Kazo,Kazo,Kazo,30558.69271850586,0.29443907986285156,4,0.35203774418937883,0.0,0.0,0.0,0.0770896794689632
HC IV or hospital,Kazo,Kazo,Kazo Town Council,17400.552757263184,0.0995499863518531,4,0.11712270707881536,0.0,0.0,0.0,0.0
HC IV or hospital,Rukungiri,Rubabo,Kebisoni,24256.19538116455,0.1139439982761221,12,0.12366447539626076,0.0,0.0,0.0,0.0
HC IV or hospital,Rukungiri,Rubabo,Kebisoni Town Council,5691.0517578125,0.02359598643910935,12,0.024334077924208733,0.0,0.0,0.0,0.0
HC IV or hospital,Ibanda,Ibanda,Keihangara,13847.141708374023,0.3821931026719504,4,0.43329751400602623,0.0,0.0,0.0,0.0
HC IV or hospital,Manafwa,Bubulo,Khabutoola,16639.64633178711,0.09409015537905505,5,0.10109309732473645,0.0,0.0,0.0,0.0
HC IV or hospital,Namutumba,Busiki,Kibaale,22998.5760345459,0.27521884621746057,4,0.33915573737472565,0.0,0.0,0.0,0.02878495605527399
HC IV or hospital,Kibaale,Buyanja,Kibaale Town Council,9836.241241455078,0.06773323101942755,10,0.08853924799194171,0.0,0.0,0.0,0.0
HC IV or hospital,Pallisa,Butebo,Kibale,22366.973175048828,0.22046089979143457,4,0.2451624051811812,0.0,0.0,0.0,0.0
HC IV or hospital,Ntungamo,Kajara,Kibatsi,22841.858627319336,0.21001897793709848,12,0.22428303817779624,0.0,0.0,0.0,0.0
HC IV or hospital,Butambala,Butambala,Kibibi,16722.36450958252,0.19462529256044223,4,0.2225415422150134,0.0,0.0,0.0,0.0
HC IV or hospital,Bunyangabu,Bunyangabu,Kibiito,22401.53448486328,0.11731113218647955,10,0.14065884005518187,0.0,0.0,0.0,0.0
HC IV or hospital,Bunyangabu,Bunyangabu,Kibiito Town Council,17861.209869384766,0.04355422324598665,10,0.05210908805646825,0.0,0.0,0.0,0.0
HC IV or hospital,Bukomansimbi,Bukomansimbi,Kibinge,36636.23008728027,0.12252497817856364,4,0.15421212443021837,0.0,0.0,0.0,0.0
HC IV or hospital,Kiboga,Kiboga,Kiboga Town Council,23830.588500976562,0.029202696191684575,4,0.031142757719212932,0.0,0.0,0.0,0.0
HC IV or hospital,Kibuku,Kibuku,Kibuku,16671.129791259766,0.09967183153716785,4,0.11649827404121943,0.0,0.0,0.0,0.0
HC IV or hospital,Kibuku,Kibuku,Kibuku Town Council,12113.16976928711,0.035587473825149825,4,0.040360773617109796,0.0,0.0,0.0,0.0
HC IV or hospital,Kitagwenda,Kitagwenda,Kicheche,36477.952545166016,0.18332202390104563,4,0.2123380280194111,0.0,0.0,0.0,0.002293860826506289
HC IV or hospital,Kabarole,Burahya,Kicwamba,8195.771102905273,0.1713239496354391,4,0.2030106714607411,0.0,0.0,0.0,0.0
HC IV or hospital,Buyende,Budiope,Kidera,88675.75422239304,0.23924266421565077,4,0.2714065984249202,0.0,0.0,0.0,0.014479402379471503
HC IV or hospital,Serere,Kasilo,Kidetok Town Council,8198.428009033203,0.4248407397395951,5,0.5184833603748611,0.0,0.0,0.0,0.020212237297822712
HC IV or hospital,Bukedea,Bukedea,Kidongole,37442.60664367676,0.27677665862748285,4,0.39332692229104094,0.0,0.0,0.0,0.0
HC IV or hospital,Rakai,Kooki,Kifamba,17865.84295654297,0.3543970376120781,4,0.4850957078880562,0.0,0.0,0.0,0.02445545040280978
HC IV or hospital,Mayuge,Bunya,Kigandalo,32238.547912597656,0.1426855530352142,4,0.1819866709032166,0.0,0.0,0.0,0.0
HC IV or hospital,Sheema,Sheema,Kigarama,24754.822784423828,0.511864734707161,4,0.584426151890123,0.0,0.0,0.0,0.03530361829142321
HC IV or hospital,Hoima,Bugahya,Kigorobya Town Council,11489.255432128906,0.4956016566622509,4,0.5302966811334111,0.0,0.0,0.0,0.0
HC IV or hospital,Masindi,Masindi Municipality,Kigulya Division,16850.658275604248,0.1585155816186132,10,0.16788181888376505,0.0,0.0,0.0,0.0
HC IV or hospital,Kiryandongo,Kibanda,Kigumba Town Council,24563.026763916016,0.04676564884181611,4,0.04881894579531369,0.0,0.0,0.0,0.0
HC IV or hospital,Kanungu,Kinkizi,Kihiihi Town Council,23542.057342529297,0.061075236533692796,10,0.06787638549003906,0.0,0.0,0.0,0.0
HC IV or hospital,Kakumiro,Bugangaizi,Kijangi,16003.566284179688,0.3071797612573071,4,0.3957525435973369,0.0,0.0,0.0,0.08548765547291076
HC IV or hospital,Maracha,Maracha,Kijomoro,37019.11895751953,0.19334862672373032,10,0.21452548438685873,0.0,0.0,0.0,0.0
HC IV or hospital,Ibanda,Ibanda,Kijongo,9869.09439086914,0.19260344622663783,4,0.23759430720560248,0.0,0.0,0.0,0.0
HC IV or hospital,Isingiro,Isingiro,Kikagate,66781.29647064209,0.5945857798566275,4,0.6696182129078728,0.0,0.0,0.0,0.24502208456684893
HC IV or hospital,Nakaseke,Nakaseke,Kikamulo,23988.273471832275,0.1696219065272944,4,0.2022411042744854,0.0,0.0,0.0,0.0
HC IV or hospital,Mityana,Mityana,Kikandwa,35717.35859680176,0.2584278583152031,4,0.27732637845060115,0.0,0.0,0.0,0.0
HC IV or hospital,Kabarole,Burahya,Kiko Town Council,15092.615600585938,0.2137584402624843,10,0.23271482116450576,0.0,0.0,0.0,0.004985326925167536
HC IV or hospital,Kikuube,Buhaguzi,Kikuube Town Council,25110.394874572754,0.13876348423633625,10,0.16586845817509868,0.0,0.0,0.0,0.007291476954229539
HC IV or hospital,Kakumiro,Bugangaizi,Kikwaya,18402.511932373047,0.26388080820028703,4,0.33701279623814484,0.0,0.0,0.0,0.0
HC IV or hospital,Ibanda,Ibanda,Kikyenkye,14310.723724365234,0.2677968229103709,4,0.29555150682632547,0.0,0.0,0.0,0.0
HC IV or hospital,Masaka,Masaka Municipality,Kimaanya-Kyabakuza Division,44994.53909301758,0.017376374512215315,4,0.018568192583047878,0.0,0.0,0.0,0.0
HC IV or hospital,Mukono,Nakifuma,Kimenyedde,45014.810455322266,0.16824793503402993,4,0.20486227401936716,0.0,0.0,0.0,0.0
HC IV or hospital,Kanungu,Kinkizi,Kinaaba,9726.85205078125,0.5395787357355455,4,0.6402579113522976,0.0,0.0,0.0,0.6378690775545688
HC IV or hospital,Rwampara,Rwampara,Kinoni Town Council,18175.98583984375,0.0808543131841565,4,0.09579094445864511,0.0,0.0,0.0,0.0
HC IV or hospital,Kasese,Bukonjo,Kinyamasrke Town Council,12223.386611938477,0.19722864990165823,4,0.20859220120417765,0.0,0.0,0.0,0.0
HC IV or hospital,Wakiso,Kira Municipality,Kira Division,191983.50708007812,0.056565753159717895,4,0.0601218824183099,0.0,0.0,0.0,0.0
HC IV or hospital,Tororo,West Budama (Kisolo),Kirewa,36770.25491333008,0.23594316812619612,4,0.3311989475285178,0.0,0.0,0.0,0.010706742097883772
HC IV or hospital,Kibuku,Kibuku,Kirika,14919.624206542969,0.22414432972660583,4,0.28197216121581464,0.0,0.0,0.0,0.0
HC IV or hospital,Kween,Kween,Kiriki,4218.087749481201,0.5131006331230643,5,0.5782136495623035,0.0,0.0,0.0,0.14046872067803576
HC IV or hospital,Kanungu,Kinkizi,Kirima,18959.505767822266,0.2531425076317356,4,0.2788326185900522,0.0,0.0,0.0,0.0
HC IV or hospital,Mpigi,Mawokota,Kiringente,27984.811752319336,0.19321087557169012,4,0.21010646770255612,0.0,0.0,0.0,0.0
HC IV or hospital,Rubirizi,Bunyaruguru,Kirugu,13172.30103111267,0.27446901863159223,10,0.3202209498246402,0.0,0.0,0.0,0.08431902174767984
HC IV or hospital,Kiruhura,Nyabushozi,Kiruhura Town Council,7432.763557434082,0.28670302556732125,4,0.3117314736397463,0.0,0.0,0.0,0.0
HC IV or hospital,Kyotera,Kyotera,Kirumba,29666.605125427246,0.1677891196943433,4,0.21861984839557666,0.0,0.0,0.0,0.0
HC IV or hospital,Bundibugyo,Bwamba,Kirumya,14923.815460205078,0.1450327640319082,4,0.17923824429361235,0.0,0.0,0.0,0.0
HC IV or hospital,Kisoro,Bufumbira,Kirundo,5505.859222412109,0.15981998815427007,11,0.2039889110433671,0.0,0.0,0.0,0.0
HC IV or hospital,Kiryandongo,Kibanda,Kiryandongo Town Council,6891.797180175781,0.0209844754341158,9,0.022333964399343754,0.0,0.0,0.0,0.0
HC IV or hospital,Lwengo,Bukoto,Kisekka,57826.395362854004,0.14935728057442238,4,0.1743167900845147,0.0,0.0,0.0,0.0
HC IV or hospital,Tororo,West Budama (Kisolo),Kisoko,22579.177703857422,0.09123200043973645,4,0.14175578720364046,0.0,0.0,0.0,0.0
HC IV or hospital,Bunyangabu,Bunyangabu,Kisomoro,28472.744049072266,0.09908065659481337,4,0.11326014923592966,0.0,0.0,0.0,0.0
HC IV or hospital,Kamuli,Buzaaya,Kisozi,35451.99105834961,0.4186435138982374,4,0.48481328864258555,0.0,0.0,0.0,0.0
HC IV or hospital,Sheema,Sheema,Kitagata,7972.655426025391,0.2075155243876444,4,0.23549409294796272,0.0,0.0,0.0,0.0
HC IV or hospital,Sheema,Sheema,Kitagata Town Council,13055.143524169922,0.06413061859874762,4,0.07107094847556915,0.0,0.0,0.0,0.0
HC IV or hospital,Kakumiro,Bugangaizi,Kitaihuka,20085.324577331543,0.3947858123810894,4,0.5039112845300374,0.0,0.0,0.0,0.4410906098430826
HC IV or hospital,Bukomansimbi,Bukomansimbi,Kitanda,33109.0287399292,0.21711798581294456,4,0.2786856351266184,0.0,0.0,0.0,0.0
HC IV or hospital,Kamuli,Bugabula,Kitayunjwa,49418.7227935791,0.2348698648962056,4,0.2838231380431234,0.0,0.0,0.0,0.0
HC IV or hospital,Kitgum,Chua,Kitgum Matidi,21564.948579788208,0.3917409927242665,7,0.44135224659525907,0.0,0.0,0.0,0.042146241145419434
HC IV or hospital,Kayunga,Bbaale,Kitimbwa,59293.31859207153,0.44085043553203596,4,0.5432543832166122,0.0,0.0,0.0,0.30543306104698803
HC IV or hospital,Nakaseke,Nakaseke,Kito,13072.402034759521,0.42581188615945925,4,0.4856194359930159,0.0,0.0,0.0,0.015998520174096625
HC IV or hospital,Hoima,Bugahya,Kitoba,49083.31131744385,0.355188604201549,4,0.3798766243974373,0.0,0.0,0.0,0.01312366539281622
HC IV or hospital,Kabale,Ndorwa,Kitumba,24831.228788375854,0.10879770701503941,4,0.12125894232249151,0.0,0.0,0.0,0.0
HC IV or hospital,Kiruhura,Nyabushozi,Kitura,21626.18263244629,0.5534188439400906,4,0.6326406310009683,0.0,0.0,0.0,0.44145109343459527
HC IV or hospital,Kibuku,Kibuku,Kituti,11474.453216552734,0.1231105033469807,4,0.1456661087300759,0.0,0.0,0.0,0.0
HC IV or hospital,Ntungamo,Ruhaama,Kitwe Town Council,22359.30361175537,0.10805392898096682,4,0.1341591020480397,0.0,0.0,0.0,0.0
HC IV or hospital,Nakaseke,Nakaseke,Kiwoko Town Council,14165.168502807617,0.05844225190875652,4,0.06649273440394915,0.0,0.0,0.0,0.0
HC IV or hospital,Mitooma,Ruhinda,Kiyanga,23288.806640625,0.5315228192268745,4,0.5915031199151943,0.0,0.0,0.0,0.14984245701835536
HC IV or hospital,Bunyangabu,Bunyangabu,Kiyombya,12478.683135986328,0.23889400339796812,10,0.29557686890853124,0.0,0.0,0.0,0.0
HC IV or hospital,Kikuube,Buhaguzi,Kiziranfumbi,24388.302444458008,0.22531026361578968,10,0.24074527301244267,0.0,0.0,0.0,0.0
HC IV or hospital,Lwengo,Bukoto,Kkingo,39458.64988708496,0.1314570756225118,4,0.1498149899263946,0.0,0.0,0.0,0.0
HC IV or hospital,Kole,Kole,Kole Town Council,12241.50072479248,0.38925932433096744,8,0.4410679979853136,0.0,0.0,0.0,0.010238536541226164
HC IV or hospital,Mukono,Mukono,Koome Island,21016.372079730034,,1,,1.0,1.0,0.0,1.0
HC IV or hospital,Omoro,Omoro,Koro,40558.3331451416,0.2313668899776179,8,0.2816491026121277,0.0,0.0,0.0,0.0
HC IV or hospital,Agago,Agago,Kotomol,14503.837968826294,1.419701145802491,8,1.9181339086097973,1.0,1.0,0.0,1.0
HC IV or hospital,Yumbe,Aringa,Kululu,54780.86754608154,0.23768681058193525,10,0.267746440458219,0.0,0.0,0.0,0.0008788316784721184
HC IV or hospital,Kumi,Kumi,Kumi,27284.303811073303,0.23524437939921702,5,0.3053306146079075,0.0,0.0,0.0,0.0001099056515788907
HC IV or hospital,Yumbe,Aringa,Kuru,60524.696868896484,0.07122951390085042,10,0.08759056476650662,0.0,0.0,0.0,0.0
HC IV or hospital,Kween,Kween,Kwanyiy,13879.410926818848,0.5833023817214464,5,0.649856519093577,0.0,0.0,0.0,0.23724525184694029
HC IV or hospital,Tororo,Tororo,Kwapa,23860.010803222656,0.258158554088514,4,0.3726373445345018,0.0,0.0,0.0,0.0
HC IV or hospital,Kween,Kween,Kwosir,18911.15717315674,0.37617712357282507,5,0.4058749979019063,0.0014105519163551072,0.0014105519163551072,0.0,0.009875624502618675
HC IV or hospital,Kasese,Busongora,Kyabarungira,18495.71795654297,0.0835200920044696,10,0.11152167436936972,0.0,0.0,0.0,0.0
HC IV or hospital,Bushenyi,Igara,Kyabugimbi,21923.53353881836,0.2831003147714437,4,0.31135277757904223,0.0,0.0,0.0,0.0
HC IV or hospital,Kagadi,Buyaga,Kyakabadiima,14085.73876953125,0.23071120447352805,4,0.27111543542770467,0.0,0.0,0.0,0.0
HC IV or hospital,Mukono,Mukono,Kyampisi,59896.09503173828,0.18087217453235238,4,0.19623334897900607,0.0,0.0,0.0,0.0
HC IV or hospital,Bushenyi,Igara,Kyamuhunga Town Council,16035.00464630127,0.2378884043229128,10,0.24754372930470495,0.0,0.0,0.0,0.0
HC IV or hospital,Kalungu,Kalungu,Kyamulibwa,31027.30436706543,0.14146636673635488,4,0.19204789790988783,0.0,0.0,0.0,0.0
HC IV or hospital,Kalungu,Kalungu,Kyamulibwa Town Council,7700.393310546875,0.03814513403761145,4,0.0522128584695794,0.0,0.0,0.0,0.0
HC IV or hospital,Kalangala,Kyamuswa,Kyamuswa,6384.384218335152,,1,,1.0,1.0,0.0,1.0
HC IV or hospital,Kyenjojo,Mwenge,Kyamutunzi Town Council,8211.545425415039,0.2862704187098225,4,0.2942097792347598,0.0,0.0,0.0,0.0
HC IV or hospital,Kagadi,Buyaga,Kyanaisoke,23372.761993408203,0.25052141934120026,4,0.3058174426119606,0.0,0.0,0.0,0.0
HC IV or hospital,Kabale,Ndorwa,Kyanamira,23286.744018554688,0.1278803890838493,4,0.13654936436674198,0.0,0.0,0.0,0.0
HC IV or hospital,Sheema,Sheema,Kyangyenyi,13676.06071472168,0.5064066055845109,4,0.5543365431967399,0.0,0.0,0.0,0.0
HC IV or hospital,Kyenjojo,Mwenge,Kyarusozi Town Council,17537.857986450195,0.12223382282780852,4,0.1558281957007219,0.0,0.0,0.0,0.0
HC IV or hospital,Lwengo,Bukoto,Kyazanga,40892.922775268555,0.23566575327250935,4,0.29172137060528625,0.0,0.0,0.0,0.03451913602275377
HC IV or hospital,Lwengo,Bukoto,Kyazanga Town Council,16226.855010986328,0.03756697230680434,4,0.045801831261843604,0.0,0.0,0.0,0.0
HC IV or hospital,Kibaale,Buyanja,Kyebando,14072.469627380371,0.43214108902907783,4,0.5584810730560651,0.0,0.0,0.0,0.5255340002311588
HC IV or hospital,Bushenyi,Igara,Kyeizooba,23719.611373901367,0.21541329541392965,4,0.2320462969763074,0.0,0.0,0.0,0.0
HC IV or hospital,Kyenjojo,Mwenge,Kyembogo,25338.522857666016,0.30145905949085844,4,0.38421163058845376,0.0,0.0,0.0,0.18657686780600774
HC IV or hospital,Wakiso,Busiro,Kyengera Town Council,324653.2867279053,0.12152690261319232,4,0.1267921546242947,0.0,0.0,0.0,0.0
HC IV or hospital,Kyenjojo,Mwenge,Kyenjojo Town Council,32206.013481140137,0.5792603463165589,10,0.6304654049387398,0.0,0.0,0.0,0.0049585024231498616
HC IV or hospital,Kagadi,Buyaga,Kyenzige,24076.21336364746,0.08583250589972687,4,0.0981047645193838,0.0,0.0,0.0,0.0
HC IV or hospital,Kyotera,Kyotera,Kyotera Town Council,12066.96142578125,0.18015387885655582,4,0.1815842173913201,0.0,0.0,0.0,0.0
HC IV or hospital,Kitgum,Chua,Labongo Amida,18639.148882865906,0.21403967135825552,7,0.26628511979330016,0.0,0.0,0.0,0.06250944512299222
HC IV or hospital,Kitgum,Chua,Labongo Layamo,14166.674690246582,0.15574349292321737,7,0.16966158002345222,0.0,0.0,0.0,0.0
HC IV or hospital,Omoro,Omoro,Lakwana,15261.200939178467,0.5172491234067431,8,0.6013063742150871,0.0,0.0,0.0,0.2427144718976781
HC IV or hospital,Agago,Agago,Lamiyo,10468.913122177124,1.240590022521428,8,1.6614999328212812,1.0,1.0,0.0,1.0
HC IV or hospital,Lamwo,Lamwo,Lamwo Town Council,8454.890438079834,0.40591238284783876,8,0.4587351591609886,0.0,0.0,0.0,0.05764952185394141
HC IV or hospital,Gulu,Gulu Municipality,Laroo Division,37517.43884277344,0.03482080562734326,8,0.03862970540891874,0.0,0.0,0.0,0.0
HC IV or hospital,Gulu,Gulu Municipality,Layibi Division,51124.70129394531,0.028981217083478564,8,0.02962613791086016,0.0,0.0,0.0,0.0
HC IV or hospital,Lira,Erute,Lira,45409.471618652344,0.09431741209159379,8,0.11028892563183251,0.0,0.0,0.0,0.0
HC IV or hospital,Agago,Agago,Lira Palwo,18902.872484207153,1.464341035715305,8,1.9893122979012654,1.0,1.0,0.0,1.0
HC IV or hospital,Koboko,Koboko,Lobule,45170.918395996094,0.3167781996532219,10,0.35454378919692603,0.0,0.0,0.0,0.0
HC IV or hospital,Yumbe,Aringa,Lodonga,50785.37648010254,0.0885565395653328,10,0.10839756516150081,0.0,0.0,0.0,0.0
HC IV or hospital,Arua,Vurra,Logiri,47717.435649871826,0.36105018468117794,10,0.43069595929332705,0.0,0.0,0.0,0.11288133927461341
HC IV or hospital,Agago,Agago,Lokole,20121.814447402954,1.6174970739480348,8,2.134113423273358,1.0,1.0,0.0,1.0
HC IV or hospital,Namayingo,Bukooli,Lolwe,18941.22131919861,,1,,1.0,1.0,0.0,1.0
HC IV or hospital,Abim,Labwor,Lotukei,22199.19548034668,0.33821554875894305,8,0.3937487342732351,0.0,0.0,0.0,0.024821992643588045
HC IV or hospital,Buvuma,Buvuma Island,Lubya,10022.076751708984,,1,,1.0,1.0,0.0,1.0
HC IV or hospital,Kalungu,Kalungu,Lukaya Town Council,28403.794967651367,0.41018654306688673,4,0.42149465272692377,0.0,0.0,0.0,0.0
HC IV or hospital,Mbale,Bungokho,Lukhonge,13257.602783203125,0.16735210025931951,4,0.1927959728455394,0.0,0.0,0.0,0.0
HC IV or hospital,Busia,Samia-Bugwe,Lumino,11148.760009765625,0.28478634582534745,4,0.3145785375348777,0.0,0.0,0.0,0.0
HC IV or hospital,Busia,Samia-Bugwe,Lunyo,19909.094680786133,0.16008318101853233,4,0.21540284024069983,0.0,0.0,0.0,0.0
HC IV or hospital,Bulambuli,Bulambuli,Lusha,18635.20068359375,0.28042285162206926,5,0.3410463348467862,0.0,0.0,0.0,0.0
HC IV or hospital,Luuka,Luuka,Luuka Town Council,13688.729431152344,0.035663706279380654,4,0.0454930098199863,0.0,0.0,0.0,0.0
HC IV or hospital,Luwero,Katikamu,Luwero,46721.331687927246,0.170003577902796,4,0.21451187280756281,0.0,0.0,0.0,0.014367588281724256
HC IV or hospital,Luwero,Katikamu,Luwero Town Council,50664.201416015625,0.030936753575305242,4,0.032881400485876934,0.0,0.0,0.0,0.0
HC IV or hospital,Buvuma,Buvuma Island,Lwajje,6911.535118103027,,1,,1.0,1.0,0.0,1.0
HC IV or hospital,Namisindwa,Bubulo,Lwakhakha Town Council,6904.506774902344,0.24563165682962704,5,0.30778646351800193,0.0,0.0,0.0,0.0
HC IV or hospital,Kibuku,Kibuku,Lwamata,15006.391357421875,0.23282290454721727,4,0.287540130372513,0.0,0.0,0.0,0.016023556832774656
HC IV or hospital,Kiboga,Kiboga,Lwamata Town Council,8709.338088989258,0.3019390381271664,4,0.3043236519990312,0.0,0.0,0.0,0.0
HC IV or hospital,Rakai,Kooki,Lwanda,35360.02001953125,0.2393507440341777,4,0.27241846427787353,0.0,0.0,0.0,0.0
HC IV or hospital,Kyotera,Kyotera,Lwankoni,18557.131233215332,0.1739177717145179,4,0.2280770536839613,0.0,0.0,0.0,0.0
HC IV or hospital,Mbale,Bungokho,Lwasso,13643.369018554688,0.11931664776711702,4,0.12705321559489244,0.0,0.0,0.0,0.0
HC IV or hospital,Ssembabule,Mawogola,Lwebitakuli,79519.6490020752,0.3996635864002845,4,0.46150559152328213,0.0,0.0,0.0,0.06064776550702645
HC IV or hospital,Lwengo,Bukoto,Lwengo,57686.081771850586,0.16464946897354388,4,0.1850666869646836,0.0,0.0,0.0,0.0
HC IV or hospital,Lwengo,Bukoto,Lwengo Town Council,18501.54150390625,0.034863493822366885,4,0.038640890551056094,0.0,0.0,0.0,0.0
HC IV or hospital,Buvuma,Buvuma Island,Lyabaana,10899.809926986694,,1,,1.0,1.0,0.0,1.0
HC IV or hospital,Budaka,Budaka,Lyama,24507.555694580078,0.21769857550794383,4,0.30033604330460595,0.0,0.0,0.0,0.007868868191800778
HC IV or hospital,Lyantonde,Kabula,Lyantonde,24912.553115844727,0.3612834452099332,4,0.39968038206840123,0.0,0.0,0.0,0.0
HC IV or hospital,Lyantonde,Kabula,Lyantonde Town Council,16861.14190673828,0.27134301334996364,4,0.27871398590805,0.0,0.0,0.0,0.0
HC IV or hospital,Kagadi,Buyaga,Mabaale,19706.250259399414,0.2719346967746717,4,0.29922433698436784,0.0,0.0,0.0,0.0
HC IV or hospital,Kagadi,Buyaga,Mabaale Town Council,13407.520278930664,0.2021583623201277,4,0.21046639464577707,0.0,0.0,0.0,0.0
HC IV or hospital,Bundibugyo,Bughendera,Mabere,4167.213348388672,0.4085761239783696,4,0.4518209435704812,0.0,0.0,0.0,0.0
HC IV or hospital,Jinja,Butembe,Mafubira,91804.63638305664,0.0693134664553994,4,0.08353318298271227,0.0,0.0,0.0,0.0
HC IV or hospital,Namutumba,Busiki,Magada,34756.51708984375,0.1692666046389715,4,0.21758079011568698,0.0,0.0,0.0,0.0
HC IV or hospital,Namisindwa,Bubulo,Magale,18340.11083984375,0.17289054064977652,5,0.21811473296704853,0.0,0.0,0.0,0.0
HC IV or hospital,Namisindwa,Bubulo,Magale Town Council,7668.395263671875,0.09607904480823659,5,0.11624187276444779,0.0,0.0,0.0,0.0
HC IV or hospital,Mayuge,Bunya,Magamaga Town Council,20934.96255493164,0.1310512990842011,4,0.15807953191622048,0.0,0.0,0.0,0.0
HC IV or hospital,Rubirizi,Bunyaruguru,Magambo,15207.46908569336,0.12101291884140876,10,0.14208082782881035,0.0,0.0,0.0,0.01647096389168268
HC IV or hospital,Kamuli,Buzaaya,Magogo,24051.414779663086,0.2961104845385542,4,0.35169465090880436,0.0,0.0,0.0,0.0
HC IV or hospital,Tororo,West Budama (Kisolo),Magola,23461.79278564453,0.29823640770095816,4,0.34918417657252315,0.0,0.0,0.0,0.0
HC IV or hospital,Kasese,Bukonjo,Mahango,23968.29100036621,0.1755259365448071,4,0.2071612210782622,0.0,0.0,0.0,0.0
HC IV or hospital,Kitagwenda,Kitagwenda,Mahyoro,39400.97274231911,0.377597600591346,4,0.4863050939737912,0.0,0.0,0.0,0.3898984768619517
HC IV or hospital,Busia,Samia-Bugwe,Majanji,21070.156188964844,0.42794017448229704,4,0.4760806276720532,0.0,0.0,0.0,0.0
HC IV or hospital,Kampala,KCCA,Makindye Division,486409.8373031616,0.041190403256533774,4,0.04367692693077614,0.0,0.0,0.0,0.0
HC IV or hospital,Kassanda,Kassanda,Makokoto,11004.07783126831,0.5821713033724534,4,0.6497792654625972,0.0,0.0,0.0,0.2906563722235513
HC IV or hospital,Luwero,Katikamu,Makulubita,42734.726806640625,0.3412136524072406,4,0.39111257260746524,0.0,0.0,0.0,0.0
HC IV or hospital,Bugweri,Bugweri,Makuutu,35786.159240722656,0.32491321972126214,4,0.37786086779437905,0.0,0.0,0.0,0.0
HC IV or hospital,Tororo,Tororo,Malaba Town Council,14151.834838867188,0.14465628640643177,4,0.15175487517291072,0.0,0.0,0.0,0.0
HC IV or hospital,Mityana,Busujju,Malangala,29355.912284851074,0.35033918303209843,4,0.3774285054732955,0.0,0.0,0.0,0.0
HC IV or hospital,Lwengo,Bukoto,Malongo,44008.46912384033,0.18831631867920498,4,0.21739727685912436,0.0,0.0,0.0,0.0
HC IV or hospital,Mayuge,Bunya,Malongo,132847.59964179993,0.3283654572272597,4,0.4174304301320402,0.0003030412358958641,0.0003030412358958641,0.0,0.035243919635764655
HC IV or hospital,Manafwa,Bubulo,Manafwa Town Council,17930.708618164062,0.052072646086397494,5,0.060338940643845033,0.0,0.0,0.0,0.0
HC IV or hospital,Arua,Terego,Manibe,37919.89994812012,0.11976490765333843,10,0.149559644237056,0.0,0.0,0.0,0.0
HC IV or hospital,Maracha,Maracha,Maracha Town Council,10475.745239257812,0.10244168205327168,10,0.10488253554805847,0.0,0.0,0.0,0.0
HC IV or hospital,Busia,Samia-Bugwe,Masaba,29977.665771484375,0.2340461139371921,4,0.2901993135087988,0.0,0.0,0.0,0.0
HC IV or hospital,Busia,Samia-Bugwe,Masafu,19029.23486328125,0.15263707741793747,4,0.21697125823219707,0.0,0.0,0.0,0.0
HC IV or hospital,Wakiso,Makindye Ssabagabo Municipality,Masajja Division,173317.64516448975,0.057196678056798324,4,0.0620989679981619,0.0,0.0,0.0,0.0
HC IV or hospital,Jinja,Jinja Municipality,Masese Walukuba,25670.923828125,0.012421690869919226,4,0.012539038641274113,0.0,0.0,0.0,0.0
HC IV or hospital,Isingiro,Isingiro,Masha,37301.74655532837,0.2970621959690394,4,0.3307286000616078,0.0,0.0,0.0,0.1248841795426111
HC IV or hospital,Sheema,Sheema,Masheruka,16919.129455566406,0.42663237769196316,4,0.5347815158983557,0.0,0.0,0.0,0.17722828211498146
HC IV or hospital,Sheema,Sheema,Masheruka Town Council,4350.983184814453,0.40277179699834326,4,0.5107093344700645,0.0,0.0,0.0,0.0
HC IV or hospital,Kiryandongo,Kibanda,Masindi Port,12203.342650413513,0.3610053296805169,4,0.3863671469207312,0.0,0.0,0.0,0.032086417117667194
HC IV or hospital,Busia,Samia-Bugwe,Masinya,32816.439453125,0.14699529201989475,4,0.21560942246339979,0.0,0.0,0.0,0.0
HC IV or hospital,Wakiso,Busiro,Masuliita,17309.858558654785,0.38591453308044704,4,0.40685295423185663,0.0,0.0,0.0,0.0
HC IV or hospital,Wakiso,Busiro,Masulita Town Council,23460.49530029297,0.47975478720257264,4,0.5139068168494673,0.0,0.0,0.0,0.0
HC IV or hospital,Kibaale,Buyanja,Matale,20117.987106323242,0.3466852248253265,4,0.45149970492998537,0.0,0.0,0.0,0.3714656656437525
HC IV or hospital,Ssembabule,Mawogola,Mateete,67138.81088256836,0.18806550130496705,4,0.21672936765385695,0.0,0.0,0.0,0.0
HC IV or hospital,Ssembabule,Mawogola,Mateete Town Council,12823.607482910156,0.10056038171214579,4,0.10972832226894712,0.0,0.0,0.0,0.0
HC IV or hospital,Mitooma,Ruhinda,Mayanga,12062.90249633789,0.2335353849282276,4,0.2778451612398722,0.0,0.0,0.0,0.0
HC IV or hospital,Mayuge,Bunya,Mayuge Town Council,23001.04718017578,0.3289104688509108,4,0.40614898581343406,0.0,0.0,0.0,0.0
HC IV or hospital,Kabale,Ndorwa,Maziba,24350.722442626953,0.43143119302001215,4,0.4826997105958358,0.0,0.0,0.0,0.03387408259127302
HC IV or hospital,Butaleja,Bunyole,Mazimasa,42080.28927612305,0.11837474099222765,4,0.15975110317752267,0.0,0.0,0.0,0.0
HC IV or hospital,Namutumba,Busiki,Mazuba,30994.23405456543,0.19749328422261764,4,0.22944096090858776,0.0,0.0,0.0,0.0
HC IV or hospital,Kamuli,Buzaaya,Mbulamuti,39612.06684875488,0.3269052863258656,4,0.3858626331928724,0.0,0.0,0.0,0.0
HC IV or hospital,Tororo,Tororo,Mella,23487.197662353516,0.26669692441706105,4,0.35900159357220013,0.0,0.0,0.0,0.0
HC IV or hospital,Wakiso,Busiro,Mende,41654.971603393555,0.1640113472407279,4,0.18817284703510148,0.0,0.0,0.0,0.0
HC IV or hospital,Tororo,Tororo,Merikit,32042.320831298828,0.1402281710569088,4,0.1775249109595634,0.0,0.0,0.0,0.0
HC IV or hospital,Koboko,Koboko,Midia,37911.99481201172,0.47918475642123554,10,0.5071228485850003,0.0,0.0,0.0,0.0
HC IV or hospital,Ssembabule,Mawogola,Mijwala,37362.961963653564,0.27578682309082314,4,0.3357422239594706,0.0,0.0,0.0,0.09071060807092764
HC IV or hospital,Bundibugyo,Bwamba,Mirambi,13535.658111572266,0.0977396529611583,4,0.1299052690071341,0.0,0.0,0.0,0.03885276214449525
HC IV or hospital,Mitooma,Ruhinda,Mitooma,21560.154357910156,0.3899819755316519,4,0.4450797046240699,0.0,0.0,0.0,0.0
HC IV or hospital,Mitooma,Ruhinda,Mitooma Town Council,7011.981109619141,0.36076671202154226,4,0.39395591415030495,0.0,0.0,0.0,0.0
HC IV or hospital,Tororo,Tororo,Molo,24622.695922851562,0.1562844137841539,4,0.17813034803994995,0.0,0.0,0.0,0.0
HC IV or hospital,Moyo,Moyo,Moyo Town Council,9483.440979003906,0.041044552744810794,8,0.05246420259691019,0.0,0.0,0.0,0.0
HC IV or hospital,Kween,Kween,Moyok,7046.332733154297,0.44823390531693114,5,0.4680120875208565,0.0,0.0,0.0,0.06390549445992871
HC IV or hospital,Hoima,Hoima Municipality,Mparo Divison,26142.855880737305,0.12339133206535628,10,0.1301420050867156,0.0,0.0,0.0,0.0
HC IV or hospital,Rukiga,Rukiga,Mparo Town Council,6045.972244262695,0.2776820383404472,4,0.3003110367976966,0.0,0.0,0.0,0.0
HC IV or hospital,Gomba,Gomba,Mpenja,37790.40612030029,0.2590611455516648,4,0.31254749648164076,0.0,0.0,0.0,0.0
HC IV or hospital,Mpigi,Mawokota,Mpigi Town Council,56034.96708679199,0.08199554686046909,4,0.10230153313597443,0.0,0.0,0.0,0.0
HC IV or hospital,Kasese,Bukonjo,Mpondwe-Lhubiriha,52821.70715332031,0.0453579866276428,11,0.0473238943265609,0.0,0.0,0.0,0.0
HC IV or hospital,Jinja,Jinja Municipality,Mpumudde Division,39015.09193253517,0.025051570820561125,4,0.02802149021321377,0.0,0.0,0.0,0.0
HC IV or hospital,Mayuge,Bunya,Mpungwe,32743.775177001953,0.3672157935267187,4,0.4348180189499765,0.0,0.0,0.0,0.0
HC IV or hospital,Mpigi,Mawokota,Muduuma,40365.278244018555,0.35239173801193846,4,0.38844419409589714,0.0,0.0,0.0,0.0
HC IV or hospital,Kibaale,Buyanja,Mugarama,17511.192672729492,0.49656559834565805,4,0.6446149675637673,0.0,0.0,0.0,0.8922122221280239
HC IV or hospital,Budaka,Iki-Iki,Mugiti,15148.941589355469,0.08191965337262785,4,0.09710451378996159,0.0,0.0,0.0,0.0
HC IV or hospital,Kabarole,Burahya,Mugusu,13638.811218261719,0.162083244087115,4,0.1928412410152561,0.0,0.0,0.0,0.0
HC IV or hospital,Kabarole,Burahya,Mugusu Town Council,15961.96353149414,0.11079668314568603,4,0.11764009338174199,0.0,0.0,0.0,0.0
HC IV or hospital,Rukiga,Rukiga,Muhanga Town Council,18714.39273071289,0.2548073542551492,4,0.2570959264821679,0.0,0.0,0.0,0.0
HC IV or hospital,Kagadi,Buyaga,Muhorro,28552.531829833984,0.22909088226298852,4,0.27403783551454913,0.0,0.0,0.0,0.0
HC IV or hospital,Kagadi,Buyaga,Muhorro Town Council,34570.93762207031,0.1647500710342982,4,0.17109769110762368,0.0,0.0,0.0,0.0
HC IV or hospital,Rubanda,Rubanda,Muko,44650.926250457764,0.3432017105015973,4,0.39259846387620806,0.0,0.0,0.0,0.0
HC IV or hospital,Kumi,Kumi,Mukongoro,70149.27807235718,0.27306715739070453,5,0.37388667741885473,0.0,0.0,0.0,0.0
HC IV or hospital,Tororo,Tororo,Mukuju,48686.720275878906,0.1450669093552862,4,0.18770087715537992,0.0,0.0,0.0,0.0
HC IV or hospital,Masaka,Bukoto,Mukungwe,55422.16539764404,0.16636542791558198,4,0.1947634686387265,0.0,0.0,0.0,0.0
HC IV or hospital,Ngora,Ngora,Mukura,41939.652769327164,0.3427327486390012,5,0.43916709362850426,0.0,0.0,0.0,0.016922983394903342
HC IV or hospital,Kyankwanzi,Kiboga,Mulagi,19110.42805480957,0.22238080301066937,4,0.2609639019121878,0.0,0.0,0.0,0.06192232938844823
HC IV or hospital,Tororo,West Budama (Kisolo),Mulanda,50717.251052856445,0.1604317844153386,4,0.24910552122970517,0.0,0.0,0.0,0.017383899687652176
HC IV or hospital,Kasese,Bukonjo,Munkunyu,27763.981506347656,0.1849569136116043,4,0.21945429584858492,0.0,0.0,0.0,0.027913941902419824
HC IV or hospital,Amolatar,Kioga,Muntu,18702.474116802216,0.24783258978858674,9,0.28067492389187026,0.0,0.0,0.0,0.00032719538975088186
HC IV or hospital,Kisoro,Bufumbira,Muramba,46328.775314331055,0.20935199951715136,4,0.2386333356322847,0.0,0.0,0.0,0.013863077759238307
HC IV or hospital,Kisoro,Bufumbira,Murora,19279.372756958008,0.09224278547862294,4,0.12413068553935094,0.0,0.0,0.0,0.0
HC IV or hospital,Mitooma,Ruhinda,Mutara,27457.49821472168,0.27275666509077195,4,0.30532817077531205,0.0,0.0,0.0,0.0
HC IV or hospital,Bugiri,Bukooli,Muterere,35867.147521972656,0.3385756379315896,4,0.373458277559691,0.0,0.0,0.0,0.0
HC IV or hospital,Kiboga,Kiboga,Muwanga,22940.71282196045,0.2708800860329325,4,0.2910040529842754,0.0,0.0,0.0,0.0
HC IV or hospital,Bulambuli,Bulambuli,Muyembe,8935.436645507812,0.028436106254869857,5,0.0333832767239509,0.0,0.0,0.0,0.0
HC IV or hospital,Rwampara,Rwampara,Mwizi,41732.03300476074,0.1663706673187233,4,0.19538908520208498,0.0,0.0,0.0,0.020393964970879922
HC IV or hospital,Mukono,Nakifuma,Nabbaale,48922.44584655762,0.10579404919839337,4,0.13061916032820972,0.0,0.0,0.0,0.0
HC IV or hospital,Bulambuli,Bulambuli,Nabbongo,14622.457702636719,0.14623581937958813,5,0.1936262354975214,0.0,0.0,0.0,0.0
HC IV or hospital,Kyotera,Kyotera,Nabigasa,24993.504669189453,0.3284307113822671,4,0.432920476689714,0.0,0.0,0.0,0.0
HC IV or hospital,Mubende,Kasambya,Nabingoola,50918.28428649902,1.248976216886362,4,1.5067788346334738,1.0,1.0,0.0,1.0
HC IV or hospital,Kibuku,Kibuku,Nabiswa,17767.950744628906,0.12013234372734466,4,0.12784331125148943,0.0,0.0,0.0,0.0
HC IV or hospital,Iganga,Kigulu,Nabitende,36778.095153808594,0.12563146574348014,4,0.15182203158836208,0.0,0.0,0.0,0.0
HC IV or hospital,Budaka,Budaka,Naboa,18825.64370727539,0.24521359041390456,4,0.26673680003100586,0.0,0.0,0.0,0.0
HC IV or hospital,Mbale,Bungokho,Nabumali Town Council,9868.91616821289,0.19927628110098977,4,0.21006868958795927,0.0,0.0,0.0,0.0
HC IV or hospital,Tororo,West Budama (Kisolo),Nabuyoga,39784.77114868164,0.30744198307965254,4,0.46274895506247515,0.0,0.0,0.0,0.2809559028155204
HC IV or hospital,Wakiso,Nansana Municipality,Nabweru Division,179650.64208984375,0.038497303891370155,4,0.04159546646205188,0.0,0.0,0.0,0.0
HC IV or hospital,Bududa,Manjiya,Nabweya,12874.250854492188,0.16144531339541643,5,0.22984613066216517,0.0,0.0,0.0,0.0
HC IV or hospital,Namutumba,Busiki,Nabweyo,19822.319244384766,0.2619816731023062,4,0.32338622745196527,0.0,0.0,0.0,0.0
HC IV or hospital,Kamuli,Bugabula,Nabwigulu,25359.66958618164,0.19762026551122366,4,0.2388296755192167,0.0,0.0,0.0,0.0
HC IV or hospital,Tororo,West Budama (Kisolo),Nagongera,34129.33688354492,0.13368661077961075,4,0.181720800456391,0.0,0.0,0.0,0.0
HC IV or hospital,Tororo,West Budama (Kisolo),Nagongera Town Council,15564.633819580078,0.05335521448358633,4,0.07267996519904298,0.0,0.0,0.0,0.0
HC IV or hospital,Buikwe,Buikwe,Najja,57196.61795377731,0.3162149024776387,4,0.3948045034690062,0.0,0.0,0.0,0.06274363083067779
HC IV or hospital,Iganga,Kigulu,Nakalama,56837.74247741699,0.09045244767417877,4,0.09805348760006159,0.0,0.0,0.0,0.0
HC IV or hospital,Mbale,Bungokho,Nakaloke,9046.2607421875,0.08075947982256249,4,0.0920379545533369,0.0,0.0,0.0,0.0
HC IV or hospital,Mbale,Bungokho,Nakaloke Town Council,34744.55480957031,0.048869152809802044,4,0.05838724123090083,0.0,0.0,0.0,0.0
HC IV or hospital,Kotido,Jie,Nakapelimoru,35735.6135995388,1.781531853505428,7,2.144370908405651,1.0,1.0,0.0,1.0
HC IV or hospital,Nakapiripirit,Chekwi,Nakapiripirit Town Council,4830.417556762695,0.203135313858776,5,0.2495181200202006,0.0,0.0,0.0,0.0
HC IV or hospital,Nakaseke,Nakaseke,Nakaseke,23564.803298950195,0.1653709803780589,4,0.199518843766847,0.0,0.0,0.0,0.0
HC IV or hospital,Nakaseke,Nakaseke,Nakaseke Town Council,9705.512893676758,0.04477389540543954,4,0.05462654894631106,0.0,0.0,0.0,0.0
HC IV or hospital,Nakasongola,Buruli,Nakasongola Town Council,13452.167434692383,0.05487833615783798,4,0.060563873888800884,0.0,0.0,0.0,0.0
HC IV or hospital,Bududa,Manjiya,Nakatsi,16041.15966796875,0.24248823896352686,5,0.33315443978549214,0.0,0.0,0.0,0.0
HC IV or hospital,Kampala,KCCA,Nakawa Division,378179.35763549805,0.021937105334689493,4,0.02388412918241775,0.0,0.0,0.0,0.0
HC IV or hospital,Iganga,Kigulu,Nakigo,49306.014556884766,0.10938196273273018,4,0.1291372573889889,0.0,0.0,0.0,0.0
HC IV or hospital,Mukono,Mukono,Nakisunga,63623.301933288574,0.16885540862661655,4,0.18582968801418012,0.0,0.0,0.0,0.0
HC IV or hospital,Manafwa,Bubulo,Nalondo,7869.782196044922,0.09932319171010633,4,0.11268300602219186,0.0,0.0,0.0,0.0
HC IV or hospital,Sironko,Budadiri,Nalusala,12919.209335327148,0.15111694338706383,5,0.18657293262932004,0.0,0.0,0.0,0.0
HC IV or hospital,Kakumiro,Bugangaizi,Nalweyo,29871.706161499023,0.42912419856115464,4,0.5456854341887291,0.0,0.0,0.0,0.5914518763378118
HC IV or hospital,Mukono,Mukono,Nama,67459.01271057129,0.12829546561722033,4,0.13566686394227173,0.0,0.0,0.0,0.0
HC IV or hospital,Namisindwa,Bubulo,Namabya,14776.602478027344,0.21002018420173585,5,0.23838396138465473,0.0,0.0,0.0,0.0
HC IV or hospital,Bugweri,Bugweri,Namalemba,30977.066848754883,0.09667018526150785,4,0.11761901442142414,0.0,0.0,0.0,0.0
HC IV or hospital,Mbale,Bungokho,Namambasa,25203.514190673828,0.055004614823669994,4,0.06846686371612488,0.0,0.0,0.0,0.0
HC IV or hospital,Mbale,Bungokho,Namanyonyi,36894.195556640625,0.1110531216052239,4,0.12144603064535382,0.0,0.0,0.0,0.0
HC IV or hospital,Namayingo,Bukooli,Namayingo Town Council,19521.723205566406,0.04499103062503886,4,0.05368549062554508,0.0,0.0,0.0,0.0
HC IV or hospital,Wakiso,Busiro,Namayumba,30607.005783081055,0.5591508975298067,4,0.6276213580188243,0.0,0.0,0.0,0.17655897467190607
HC IV or hospital,Wakiso,Busiro,Namayumba Town Council,23769.58155822754,0.5026491735425079,4,0.5112729778773615,0.0,0.0,0.0,0.0
HC IV or hospital,Iganga,Kigulu,Nambale,60795.088928222656,0.15265658069693688,4,0.17947621594691873,0.0,0.0,0.0,0.0
HC IV or hospital,Namisindwa,Bubulo,Namboko,10729.071380615234,0.2960526502877671,5,0.36306141714243073,0.0,0.0,0.0,0.0
HC IV or hospital,Namisindwa,Bubulo,Namisindwa Town Council,6211.546325683594,0.18570518582163711,5,0.23740317052491608,0.0,0.0,0.0,0.0
HC IV or hospital,Bulambuli,Bulambuli,Namisuni,10369.232788085938,0.16533779754279015,5,0.1835759258437,0.0,0.0,0.0,0.0
HC IV or hospital,Kaliro,Bulamogi,Namugongo,26394.06640625,0.3333486502546122,4,0.4045165284675552,0.0,0.0,0.0,0.007660639761156072
HC IV or hospital,Wakiso,Kira Municipality,Namugongo Division,172145.81396484375,0.027300504772314806,4,0.028964304291681276,0.0,0.0,0.0,0.0
HC IV or hospital,Iganga,Kigulu,Namungalwe,49474.22277832031,0.2046273001506171,4,0.2352842408804694,0.0,0.0,0.0,0.0
HC IV or hospital,Mityana,Mityana,Namungo,20558.817741394043,0.4067252968129463,4,0.45265654799846455,0.0,0.0,0.0,0.012361109577691515
HC IV or hospital,Namutumba,Busiki,Namutumba,49721.36668395996,0.24754393327672958,4,0.30796024510692444,0.0,0.0,0.0,0.0
HC IV or hospital,Namutumba,Busiki,Namutumba Town Council,24579.835388183594,0.14208396059024922,4,0.14847553937456395,0.0,0.0,0.0,0.0
HC IV or hospital,Kamuli,Bugabula,Namwendwa,73770.74320983887,0.3530910276620402,4,0.41655713333794214,0.0,0.0,0.0,0.0
HC IV or hospital,Kibuku,Kibuku,Nandere,18851.573196411133,0.147982394849844,4,0.2027841739468944,0.0,0.0,0.0,0.01463745349016485
HC IV or hospital,Bududa,Manjiya,Nangako Town Council,5811.042724609375,0.14386707245016547,5,0.19084306899755202,0.0,0.0,0.0,0.0
HC IV or hospital,Kyotera,Kyotera,Nangoma,2587.7971229553223,1.7059422370795112,4,2.0381230652661113,1.0,1.0,0.0,1.0
HC IV or hospital,Namutumba,Busiki,Nangonde,24961.772958755493,0.36697450656943736,4,0.4337952247980764,0.0,0.0,0.0,0.04660588800267226
HC IV or hospital,Bugiri,Bukooli,Nankoma,53860.91598510742,0.3021770500921626,4,0.39496097715514983,0.0,0.0,0.0,0.0
HC IV or hospital,Kibuku,Kibuku,Nankondo,13688.355934143066,0.3393758347702745,4,0.45764233202156696,0.0,0.0,0.0,0.12687706114295016
HC IV or hospital,Wakiso,Nansana Municipality,Nansana Division,241726.380859375,0.04780914637383629,4,0.04867026795941355,0.0,0.0,0.0,0.0
HC IV or hospital,Budaka,Budaka,Nansanga,13192.459167480469,0.12058249212733824,4,0.16137131995298779,0.0,0.0,0.0,0.0
HC IV or hospital,Kaliro,Bulamogi,Nansololo,19995.769638061523,0.4007936735933054,4,0.5293218156272896,0.0,0.0,0.0,0.25714247775091104
HC IV or hospital,Luuka,Luuka,Nawampiti,26174.995361328125,0.24948250498195063,4,0.3007622535237555,0.0,0.0,0.0,0.0
HC IV or hospital,Iganga,Kigulu,Nawandala,40069.70146179199,0.20008807389135944,4,0.2379388957863407,0.0,0.0,0.0,0.0
HC IV or hospital,Butaleja,Bunyole,Nawanjofu,27376.086669921875,0.34981035598324955,4,0.4819569436802877,0.0,0.0,0.0,0.2356152825465306
HC IV or hospital,Kamuli,Buzaaya,Nawanyago,30194.13136291504,0.2619952083108752,4,0.306768069706484,0.0,0.0,0.0,0.0
HC IV or hospital,Iganga,Kigulu,Nawanyingi,32201.208892822266,0.15541244032076992,4,0.19110972829360212,0.0,0.0,0.0,0.01419383433053216
HC IV or hospital,Butaleja,Bunyole,Naweyo,28491.393188476562,0.24870502727528146,4,0.33719343872084173,0.0,0.0,0.0,0.0
HC IV or hospital,Mbale,Bungokho,Nawuyo Town Council,13505.819213867188,0.06319430472608824,4,0.06954682333853916,0.0,0.0,0.0,0.0
HC IV or hospital,Kayunga,Ntenjeru,Nazigo,55161.14535522461,0.3329850545622962,4,0.3864247150255281,0.0,0.0,0.0,0.0
HC IV or hospital,Lwengo,Bukoto,Ndagwe,44314.845359802246,0.3659149163840609,4,0.4522180287745509,0.0,0.0,0.0,0.012200549543134103
HC IV or hospital,Rwampara,Rwampara,Ndeija,38763.092655181885,0.22167779949713018,4,0.24629768743555272,0.0,0.0,0.0,0.016362422084985978
HC IV or hospital,Wakiso,Makindye Ssabagabo Municipality,Ndejje Division,185163.69696044922,0.04863850073137549,4,0.05127714850422063,0.0,0.0,0.0,0.0
HC IV or hospital,Nebbi,Padyere,Ndhew,26183.451919555664,0.30099113673490396,9,0.3566322104121081,0.0,0.0,0.0,0.0
HC IV or hospital,Nebbi,Padyere,Nebbi,31599.943283081055,0.24399278320062975,9,0.280697237348564,0.0,0.0,0.0,0.019821059878810242
HC IV or hospital,Bundibugyo,Bughendera,Ngamba,13799.991912841797,0.3804100797414933,4,0.47642676722644645,0.0,0.0,0.0,0.14270868454599
HC IV or hospital,Lira,Erute,Ngetta,40651.92562866211,0.18422455092052503,8,0.1998078104527645,0.0,0.0,0.0,0.0
HC IV or hospital,Napak,Bokora,Ngoleriet,20637.330951690674,0.37876701651560835,4,0.40576332372877577,0.0,0.0,0.0,0.02027497770158327
HC IV or hospital,Nakaseke,Nakaseke,Ngoma Town Council,8198.083688735962,1.1823858011220858,4,1.2886158974272222,1.0,1.0,0.0,1.0
HC IV or hospital,Ngora,Ngora,Ngora Town Council,17592.893768310547,0.08652691978220109,5,0.11788722118703761,0.0,0.0,0.0,0.0
HC IV or hospital,Buliisa,Buliisa,Ngwedo,21869.79653453827,0.3863854657619152,10,0.42143239219052886,0.0,0.0,0.0,0.007853027427280383
HC IV or hospital,Buikwe,Njeru Municipality,Njeru Division,98037.43713378906,0.06109724418215854,4,0.0684493385524309,0.0,0.0,0.0,0.0
HC IV or hospital,Kyankwanzi,Kiboga,Nkandwa,18943.615234375,0.620276184104536,4,0.7283864788023979,0.0,0.0,0.0,0.6601668260119128
HC IV or hospital,Buikwe,Buikwe,Nkokonjeru Town Council,11529.112930297852,0.027900715463583598,4,0.030876937269621495,0.0,0.0,0.0,0.0
HC IV or hospital,Kazo,Kazo,Nkungu,33299.571632385254,0.362728916195426,4,0.3996881824518372,0.0,0.0,0.0,0.02989471378234651
HC IV or hospital,Ntoroko,Ntoroko,Nombe,339.9867732524872,1.55731321271778,4,1.8438692480114973,1.0,1.0,0.0,1.0
HC IV or hospital,Kotido,Kotido Municipality,North Division,13642.723728179932,1.6784264228393007,8,1.891528511740828,1.0,1.0,0.0,1.0
HC IV or hospital,Kisoro,Kisoro Municipality,Northern,5307.6256103515625,0.03123644165966898,4,0.033691995540650777,0.0,0.0,0.0,0.0
HC IV or hospital,Iganga,Iganga Municipality,Northern Division,36581.01708984375,0.014654929799373865,4,0.016219860973098407,0.0,0.0,0.0,0.0
HC IV or hospital,Kamuli,Kamuli Municipality,Northern Division,43179.94174194336,0.048800727586172495,4,0.060434293504337204,0.0,0.0,0.0,0.0
HC IV or hospital,Mbale,Mbale Municipality,Northern Division,49300.377685546875,0.026497205782802513,4,0.027670146554020867,0.0,0.0,0.0,0.0
HC IV or hospital,Soroti,Soroti Municipality,Northern Division,22283.208251953125,0.030360262794651025,5,0.03178052726420941,0.0,0.0,0.0,0.0
HC IV or hospital,Moroto,Moroto Municipality,Northern Division,11410.489868164062,0.01076589649270144,4,0.01104233273752831,0.0,0.0,0.0,0.0
HC IV or hospital,Kabale,Kabale Municipality,Northern Division,13775.705780029297,0.028513308652703854,4,0.03182089834906394,0.0,0.0,0.0,0.0
HC IV or hospital,Kumi,Kumi Municipality,Northern Divison,23810.971069335938,0.18263674576404101,5,0.22406584831907636,0.0,0.0,0.0,0.0
HC IV or hospital,Koboko,Koboko Municipality,Northern Divison,17478.35498046875,0.4129598444900795,10,0.42015439535974086,0.0,0.0,0.0,0.0
HC IV or hospital,Buhweju,Buhweju,Nsiika Town Council,3931.9961853027344,0.34482847277132334,4,0.41522638588098826,0.0,0.0,0.0,0.0
HC IV or hospital,Namutumba,Busiki,Nsinze,36710.85806274414,0.12531529983350972,4,0.14320953154996274,0.0,0.0,0.0,0.0
HC IV or hospital,Bundibugyo,Bughendera,Ntandi Town Council,3926.9510803222656,0.35547159766963504,4,0.36156407746540326,0.0,0.0,0.0,0.0
HC IV or hospital,Kitagwenda,Kitagwenda,Ntara,23440.351760864258,0.16568102955617375,4,0.19696573295942854,0.0,0.0,0.0,0.0
HC IV or hospital,Kitagwenda,Kitagwenda,Ntara Kichwamba Town Council,16693.558700561523,0.07977217069289691,4,0.0865273341894526,0.0,0.0,0.0,0.0
HC IV or hospital,Ntungamo,Ruhaama,Ntungamo,38400.347816467285,0.22692584426010282,4,0.2462864084912977,0.0,0.0,0.0,0.0
HC IV or hospital,Kitagwenda,Kitagwenda,Nyabbani,28235.303421020508,0.209862941132972,4,0.229414202552803,0.0,0.0,0.0,0.0
HC IV or hospital,Ntungamo,Kajara,Nyabihoko,26311.539142608643,0.18134304524803135,12,0.19879351018903824,0.0,0.0,0.0,0.0
HC IV or hospital,Kyenjojo,Mwenge,Nyabiringo,13202.58869934082,0.6497371417426817,10,0.6888828127401043,0.0,0.0,0.0,0.14446228089842217
HC IV or hospital,Bushenyi,Igara,Nyabubare,42225.82139587402,0.13993812022543295,4,0.15233091545795144,0.0,0.0,0.0,0.0
HC IV or hospital,Ibanda,Ibanda,Nyabuhikye,3267.409538269043,0.3511162462259266,4,0.40224125708736197,0.0,0.0,0.0,0.0
HC IV or hospital,Kisoro,Bufumbira,Nyabwishenya,18049.305694580078,0.3748079114047998,11,0.4848287486283536,0.0,0.0,0.0,0.31246281562702605
HC IV or hospital,Maracha,Maracha,Nyadri,24234.3251953125,0.07907048486502961,10,0.08949909047955958,0.0,0.0,0.0,0.0
HC IV or hospital,Bundibugyo,Bwamba,Nyahuka Town Council,16771.36993408203,0.028336459937874,4,0.030831841018387252,0.0,0.0,0.0,0.0
HC IV or hospital,Kisoro,Bufumbira,Nyakabande,35456.326736450195,0.0680394962426685,4,0.08215500442988405,0.0,0.0,0.0,0.0
HC IV or hospital,Bushenyi,Bushenyi Municipality,Nyakabirizi Division,9626.295677185059,0.08571566761578175,4,0.09582987193129335,0.0,0.0,0.0,0.0
HC IV or hospital,Rukungiri,Bujumbura,Nyakagyeme,33828.81172180176,0.15488725474605086,4,0.1671678181667966,0.0,0.0,0.0,0.0
HC IV or hospital,Kasese,Bukonjo,Nyakatonzi,36412.944343566895,0.34921784809347545,4,0.3727656422396344,0.0038183027227737367,0.0038183027227737367,0.0,0.045945073998358246
HC IV or hospital,Mbarara,Kashari,Nyakayojo Division,49547.91059112549,0.14887203658216153,4,0.15933210502552905,0.0,0.0,0.0,0.0
HC IV or hospital,Kisoro,Bufumbira,Nyakinama,22416.995730400085,0.07712423323766963,4,0.08815786359281043,0.0,0.0,0.0,0.0
HC IV or hospital,Kanungu,Kinkizi,Nyakinoni,12226.726936340332,0.15412159107065238,10,0.1740907774421572,0.0,0.0,0.0,0.0
HC IV or hospital,Buhweju,Buhweju,Nyakishana,24718.292861938477,0.5483279493741179,4,0.6447635878993069,0.0,0.0,0.0,0.3627024707915974
HC IV or hospital,Rukungiri,Rubabo,Nyakishenyi,39965.83213806152,0.2502268171755208,4,0.3002223230050082,0.0,0.0,0.0,0.007002556724579467
HC IV or hospital,Isingiro,Isingiro,Nyakitunda,55352.287101745605,0.3363116556953975,4,0.3749752927192295,0.0,0.0,0.0,0.0
HC IV or hospital,Ntungamo,Ruhaama,Nyakyera,47693.0672416687,0.41147209882829394,4,0.49955905104970466,0.0,0.0,0.0,0.33979803853057466
HC IV or hospital,Ibanda,Ibanda,Nyamarebe,28075.785285949707,0.2939847571739959,4,0.31502749976669064,0.0,0.0,0.0,0.00697981594409068
HC IV or hospital,Kanungu,Kinkizi,Nyamirama,21368.484344482422,0.2696237242700511,4,0.29591459826191857,0.0,0.0,0.0,0.0
HC IV or hospital,Mbarara,Mbarara Municipality,Nyamitanga Division,34181.029388427734,0.04034014845947087,4,0.043829036254880986,0.0,0.0,0.0,0.0
HC IV or hospital,Ntungamo,Kajara,Nyamunuka Town Council,2955.5015563964844,0.11696614959561223,12,0.11906722030344327,0.0,0.0,0.0,0.0
HC IV or hospital,Isingiro,Isingiro,Nyamuyanja,21841.294326782227,0.23267325729109675,4,0.2669239529770614,0.0,0.0,0.0,0.0
HC IV or hospital,Rubanda,Rubanda,Nyamweru,21486.708236694336,0.2185715534258198,4,0.24708204752376714,0.0,0.0,0.0,0.0
HC IV or hospital,Kanungu,Kinkizi,Nyanga,7546.0041580200195,0.1720607483016047,10,0.19424219886994495,0.0,0.0,0.0,0.0
HC IV or hospital,Masindi,Masindi Municipality,Nyangahya Division,17686.357906341553,0.15403663350580077,4,0.16979535226172987,0.0,0.0,0.0,0.0
HC IV or hospital,Kyenjojo,Mwenge,Nyankwanzi,28095.88011932373,0.3898111891615659,4,0.4117038339728621,0.0,0.0,0.0,0.0
HC IV or hospital,Zombo,Okoro,Nyapea,24129.937385559082,0.09689836273456245,9,0.1146627232161014,0.0,0.0,0.0,0.013419055308003087
HC IV or hospital,Nebbi,Padyere,Nyaravur,29446.185062408447,0.12337702572974522,9,0.1422087949100595,0.0,0.0,0.0,0.025682201394484044
HC IV or hospital,Kisoro,Bufumbira,Nyarubuye,23123.096405029297,0.15272950816391562,10,0.17972825970545003,0.0,0.0,0.0,0.0
HC IV or hospital,Rukungiri,Rubabo,Nyarushanje,53117.460357666016,0.20128286975506848,4,0.23050952623346668,0.0,0.0,0.0,0.0
HC IV or hospital,Kisoro,Bufumbira,Nyarusiza,33044.73182678223,0.15996045451847077,4,0.19319927612301496,0.0,0.0,0.0,0.012123159887717028
HC IV or hospital,Masaka,Masaka Municipality,Nyendo-Ssenyange Division,48902.24560546875,0.05481853913069478,4,0.05925812337647223,0.0,0.0,0.0,0.0
HC IV or hospital,Buikwe,Njeru Municipality,Nyenga Division,60086.06400489807,0.1456695134236848,4,0.1801399553599407,0.0,0.0,0.0,0.0
HC IV or hospital,Kumi,Kumi,Nyero,48137.52919006348,0.16277489782479154,5,0.22196949159518464,0.0,0.0,0.0,0.0
HC IV or hospital,Luwero,Katikamu,Nyimbwa,46952.399826049805,0.12021225720584318,4,0.14113453402705495,0.0,0.0,0.0,0.0
HC IV or hospital,Mbale,Bungokho,Nyondo,8820.998901367188,0.22003171968253118,4,0.2494577776277845,0.0,0.0,0.0,0.0
HC IV or hospital,Kisoro,Bufumbira,Nyundo,13223.883595466614,0.198467583793504,11,0.2548322133322515,0.0,0.0,0.0,0.0
HC IV or hospital,Obongi,Obongi,Obongi Town Council,2864.94402885437,0.04792546012258275,8,0.05455534184818865,0.0,0.0,0.0,0.0
HC IV or hospital,Yumbe,Aringa,Odravu,68595.61209869385,0.2963303201451382,10,0.33559796047019835,0.0,0.0,0.0,0.0
HC IV or hospital,Arua,Terego,Odupi,50878.805223464966,0.3205966245175419,10,0.3775171565560228,0.0,0.0,0.0,0.07039299583530059
HC IV or hospital,Adjumani,East Moyo,Ofua,17765.452434539795,0.20801414884830075,8,0.23952064999188413,0.0,0.0,0.0,0.0
HC IV or hospital,Lira,Erute,Ogur,47159.0358581543,0.1845152642405125,8,0.2403102467027546,0.0,0.0,0.0,0.0
HC IV or hospital,Lira,Lira Municipality,Ojwina Division,54131.200927734375,0.03439576102860495,8,0.03622711307509589,0.0,0.0,0.0,0.0
HC IV or hospital,Dokolo,Dokolo,Okwalongwen,18621.803649902344,0.5004002597636393,8,0.6013031123468013,0.0,0.0,0.0,0.19682299861581937
HC IV or hospital,Kole,Kole,Okwerodot,43558.90965270996,0.3192777578441598,8,0.401307748061488,0.0,0.0,0.0,0.05769693038336327
HC IV or hospital,Dokolo,Dokolo,Okwongodul,17184.2354888916,0.4245946708406937,9,0.5206476890573454,0.0,0.0,0.0,0.011278087595787025
HC IV or hospital,Maracha,Maracha,Oleba,38050.11767578125,0.19810890368198933,10,0.2147891051295142,0.0,0.0,0.0,0.0
HC IV or hospital,Serere,Serere,Olio,39144.69779968262,0.4843636300025503,5,0.5576313911315197,0.0,0.0,0.0,0.008054187802700319
HC IV or hospital,Maracha,Maracha,Oluffe,27968.459716796875,0.10275855799426376,10,0.12290393530183209,0.0,0.0,0.0,0.0
HC IV or hospital,Arua,Ayivu,Oluko,49300.8561630249,0.1847644075783834,10,0.24178641341762494,0.0,0.0,0.0,0.07791473442625738
HC IV or hospital,Maracha,Maracha,Oluvu,35018.39874267578,0.26904681890806825,10,0.3335129497516679,0.0,0.0,0.0,0.0
HC IV or hospital,Agago,Agago,Omiya Pacwa,13804.715677261353,1.479073526158083,8,1.7704341403997021,1.0,1.0,0.0,1.0
HC IV or hospital,Agago,Agago,Omot,16805.342247009277,1.6366106608438482,8,2.2212572905612378,1.0,1.0,0.0,1.0
HC IV or hospital,Arua,Terego,Omugo,58665.605350494385,0.14269587167116432,10,0.17053708647264212,0.0,0.0,0.0,0.005120097821517577
HC IV or hospital,Omoro,Omoro,Ongako,31417.097423553467,0.15647282223323986,8,0.1828771236867694,0.0,0.0,0.0,0.010435445077352353
HC IV or hospital,Pallisa,Butebo,Opwateta,22240.93473815918,0.3053280371725157,4,0.39661614792768213,0.0,0.0,0.0,0.0
HC IV or hospital,Tororo,Tororo,Osukuru,57640.14288330078,0.12304550125585753,4,0.1472389243961239,0.0,0.0,0.0,0.0
HC IV or hospital,Kalaki,Kalaki,Otuboi,37084.18453979492,0.16171117010464103,8,0.1867664069102037,0.0,0.0,0.0,0.0
HC IV or hospital,Oyam,Oyam,Oyam Town Council,15579.420753479004,0.07594432203330928,8,0.09610139354958608,0.0,0.0,0.0,0.0
HC IV or hospital,Kagadi,Buyaga,Paacwa,24089.602172851562,0.3853918572020355,4,0.40977960433122707,0.0,0.0,0.0,0.0
HC IV or hospital,Lamwo,Lamwo,Padibe East,10823.216095924377,0.26419762509125916,7,0.3104852442877325,0.0,0.0,0.0,0.09057208331467917
HC IV or hospital,Lamwo,Lamwo,Padibe Town Council,11041.646183013916,0.051273334779806924,7,0.05975117592639274,0.0,0.0,0.0,0.0
HC IV or hospital,Lamwo,Lamwo,Padibe West,14975.72437286377,0.2172576904571438,7,0.25207637197994914,0.0,0.0,0.0,0.00483385193682579
HC IV or hospital,Kitgum,Kitgum Municipality,Pager Division,21681.88555908203,0.028498149387404092,7,0.031440716375840894,0.0,0.0,0.0,0.0
HC IV or hospital,Zombo,Okoro,Paidha,18377.282257080078,0.20272771862998845,9,0.24644642787283041,0.0,0.0,0.0,0.020909994728628926
HC IV or hospital,Zombo,Okoro,Paidha Town Council,38637.20867919922,0.14567115958484847,9,0.158746315920904,0.0,0.0,0.0,0.0
HC IV or hospital,Agago,Agago,Paimol,25141.976912498474,1.8363309305891125,8,2.2921696826777476,1.0,1.0,0.0,1.0
HC IV or hospital,Arua,Ayivu,Pajulu,82993.73950195312,0.05836928793916606,10,0.07580083413693216,0.0,0.0,0.0,0.0
HC IV or hospital,Pakwach,Jonam,Pakwach Town Council,28172.79815196991,0.039418498044406856,10,0.043999062642709884,0.0,0.0,0.0,0.0
HC IV or hospital,Pallisa,Pallisa,Pallisa,19151.069190979004,0.14796828544456717,4,0.19311875722680835,0.0,0.0,0.0,0.0
HC IV or hospital,Pallisa,Pallisa,Pallisa Town Council,44374.16330718994,0.054249705445317875,4,0.07053579386093953,0.0,0.0,0.0,0.0
HC IV or hospital,Kitgum,Kitgum Municipality,Pandwong Division,20183.788177490234,0.049807352564185295,7,0.057574923677760965,0.0,0.0,0.0,0.0
HC IV or hospital,Pakwach,Jonam,Panyimur,37256.31884098053,0.25959029025963754,10,0.30076331854557165,0.0,0.0,0.0,0.09690109005130677
HC IV or hospital,Agago,Agago,Parabongo,15011.823719978333,1.8206821409081781,8,2.3378525032817103,1.0,1.0,0.0,1.0
HC IV or hospital,Nebbi,Padyere,Parombo,45334.89055633545,0.3015152681917135,9,0.3417841736106225,0.0,0.0,0.0,0.010656254426676143
HC IV or hospital,Agago,Agago,Patongo,13424.164337158203,1.6158697770342205,8,2.178735949238975,1.0,1.0,0.0,1.0
HC IV or hospital,Agago,Agago,Patongo Town Council,13303.69702911377,1.5130963258407382,7,2.026105056592776,1.0,1.0,0.0,1.0
HC IV or hospital,Madi Okollo,Madi Okollo,Pawor,12246.663210988045,1.3613858922642403,8,1.54864275141864,1.0,1.0,0.0,1.0
HC IV or hospital,Tororo,West Budama (Kisolo),Paya,39824.074935913086,0.21704442299830462,4,0.29770415826323937,0.0,0.0,0.0,0.0
HC IV or hospital,Gulu,Gulu Municipality,Pece Division,62050.045837402344,0.02969607283302838,8,0.03679807191064633,0.0,0.0,0.0,0.0
HC IV or hospital,Butebo,Butebo,Petete,36117.2431640625,0.1543680000574681,4,0.2108922340559152,0.0,0.0,0.0,0.0
HC IV or hospital,Tororo,West Budama (Kisolo),Petta,20804.96240234375,0.14936896115168846,4,0.18547579139723294,0.0,0.0,0.0,0.0
HC IV or hospital,Pallisa,Pallisa,Puti-Puti,33104.44241333008,0.2421731674223707,4,0.3009232493479141,0.0,0.0,0.0,0.0
HC IV or hospital,Lira,Lira Municipality,Railway Division,8780.6484375,0.030126546618860904,8,0.031060136433082135,0.0,0.0,0.0,0.0
HC IV or hospital,Rakai,Kooki,Rakai Town Council,9308.507232666016,0.056115607607521927,4,0.06726028616188928,0.0,0.0,0.0,0.0
HC IV or hospital,Kotido,Jie,Rengen,43195.87450313568,1.7480930872176585,8,2.029518935710669,1.0,1.0,0.0,1.0
HC IV or hospital,Arua,Arua Municipality,River Oli Division,39480.974609375,0.01452054940000233,1,0.01452054807725626,0.0,0.0,0.0,0.0
HC IV or hospital,Yumbe,Aringa,Romogi,63009.06529998779,0.43423801523916755,10,0.49410217480094554,0.0,0.0,0.0,0.07052460481805746
HC IV or hospital,Ntungamo,Rushenyi,Rubaare,32005.89360809326,0.16061873486490508,4,0.17219358043574184,0.0,0.0,0.0,0.0
HC IV or hospital,Ntungamo,Rushenyi,Rubaare Town Council,16665.827178955078,0.05274964483083502,4,0.05680692140084608,0.0,0.0,0.0,0.0
HC IV or hospital,Kampala,KCCA,Rubaga Division,461634.62890625,0.029022771396971413,4,0.029330341475187805,0.0,0.0,0.0,0.0
HC IV or hospital,Rubanda,Rubanda,Rubanda Town Council,25149.410034179688,0.42867866953813233,4,0.45538835822739626,0.0,0.0,0.0,0.0
HC IV or hospital,Kabale,Ndorwa,Rubaya,16818.697465658188,0.4016092261142019,4,0.4664084734989759,0.0,0.0,0.0,0.024038813335943553
HC IV or hospital,Mbarara,Kashari,Rubaya,22789.78870010376,0.3060378506318769,4,0.3449996577230961,0.0,0.0,0.0,0.00537610956438656
HC IV or hospital,Mbarara,Kashari,Rubindi,30041.86410522461,0.26071411266261824,4,0.28673361576645273,0.0,0.0,0.0,0.0
HC IV or hospital,Rubirizi,Bunyaruguru,Rubiriziri Town Council,11568.940979003906,0.029318338040205793,10,0.030787131960126217,0.0,0.0,0.0,0.0
HC IV or hospital,Bunyangabu,Bunyangabu,Rubona Town Council,7754.203582763672,0.14169747264446567,4,0.14646372512393308,0.0,0.0,0.0,0.0
HC IV or hospital,Tororo,West Budama (Kisolo),Rubongi,48177.509674072266,0.12396409287200492,4,0.17130134663904606,0.0,0.0,0.0,0.010482553350022497
HC IV or hospital,Rwampara,Rwampara,Rugando,15396.896202087402,0.14652387281241017,4,0.16510740542900723,0.0,0.0,0.0,0.0
HC IV or hospital,Ntungamo,Rushenyi,Rugarama,40417.10940551758,0.31559808221830254,4,0.3540343004768035,0.0,0.0,0.0,0.030573861558126463
HC IV or hospital,Sheema,Sheema,Rugarama,9073.168045043945,0.42780211649520294,4,0.5007605134455155,0.0,0.0,0.0,0.05696732692296563
HC IV or hospital,Kagadi,Buyaga,Rugashari,24349.865951538086,0.42502740812046585,4,0.5219949119263833,0.0,0.0,0.0,0.18661262113778848
HC IV or hospital,Kanungu,Kinkizi,Rugyeyo,25542.645706176758,0.2681710110609361,4,0.30225114228877814,0.0,0.0,0.0,0.01049990937403306
HC IV or hospital,Ntungamo,Ruhaama,Ruhaama,30118.271224975586,0.3822735110827607,4,0.44961553375597874,0.0,0.0,0.0,0.08883577973837531
HC IV or hospital,Rukungiri,Bujumbura,Ruhinda,29557.099884033203,0.25852348503167305,4,0.2958452123895631,0.0,0.0,0.0,0.0
HC IV or hospital,Bushenyi,Igara,Ruhumuro,15384.855987548828,0.3842876252616414,10,0.44318827248421944,0.0,0.0,0.0,0.0
HC IV or hospital,Ibanda,Ibanda,Rukiri,29473.547637939453,0.36355845470610726,4,0.4527519374178807,0.0,0.0,0.0,0.057510430311714114
HC IV or hospital,Kasese,Busongora,Rukoki,18085.81739807129,0.19539427309365334,10,0.22726349787233494,0.0,0.0,0.0,0.0
HC IV or hospital,Ntungamo,Ruhaama,Rukoni West,19972.716232299805,0.24072862095513567,4,0.299691630738952,0.0,0.0,0.0,0.0512608627010414
HC IV or hospital,Mitooma,Ruhinda,Rurehe,14950.110595703125,0.24098786114118143,4,0.2928330273326924,0.0,0.0,0.0,0.0
HC IV or hospital,Ibanda,Ibanda,Rushango Town Council,5148.366394042969,0.3214461177396355,4,0.3446749966559705,0.0,0.0,0.0,0.0
HC IV or hospital,Kagadi,Buyaga,Ruteete,17241.73747253418,0.21888942750743262,4,0.2706170874694387,0.0,0.0,0.0,0.0
HC IV or hospital,Kanungu,Kinkizi,Rutenga,17124.085334777832,0.4012633220248798,4,0.4869763571597004,0.0,0.0,0.0,0.09060406371597478
HC IV or hospital,Rukiga,Rukiga,Rwamucucu,25895.703163146973,0.3505432151485376,4,0.3816374037593158,0.0,0.0,0.0,0.03378809256087191
HC IV or hospital,Mbarara,Kashari,Rwanyamahembe,33308.78739929199,0.11329920217921657,4,0.12989720891505602,0.0,0.0,0.0,0.0
HC IV or hospital,Ntungamo,Kajara,Rwashamaire Town Council,8899.612579345703,0.03545542290117617,12,0.037692577047345646,0.0,0.0,0.0,0.0
HC IV or hospital,Ntoroko,Ntoroko,Rwebisengo Town Council,2781.8712940216064,1.0831797274574215,4,1.2450168877143033,1.0,1.0,0.0,1.0
HC IV or hospital,Ntungamo,Ruhaama,Rweikiniro,35959.56935119629,0.36543698853045387,4,0.41291602438618336,0.0,0.0,0.0,0.10219277887346404
HC IV or hospital,Buhweju,Buhweju,Rwengwe,21929.829956054688,0.4215343400625618,4,0.5066995297108946,0.0,0.0,0.0,0.13241893851920838
HC IV or hospital,Ibanda,Ibanda,Rwenkoba Town Council,2904.3899841308594,0.2193271792825479,4,0.2658714931369014,0.0,0.0,0.0,0.0
HC IV or hospital,Bushenyi,Igara,Rwentuha Town Council,6268.023742675781,0.1602415153431108,4,0.16473226094481494,0.0,0.0,0.0,0.0
HC IV or hospital,Rukungiri,Bujumbura,Rwerere Town Council,4218.240509033203,0.12517296440375092,4,0.13630494221022338,0.0,0.0,0.0,0.0
HC IV or hospital,Bunyangabu,Bunyangabu,Rwimi,21733.87857055664,0.22149189515821854,10,0.24781651304893998,0.0,0.0,0.0,0.0
HC IV or hospital,Bunyangabu,Bunyangabu,Rwimi Town Council,20639.248275756836,0.17282113020875048,10,0.18394834236717292,0.0,0.0,0.0,0.0
HC IV or hospital,Kabale,Ndorwa,Ryakirimira Town Council,9658.29963684082,0.4435955363039657,4,0.5154459947180613,0.0,0.0,0.0,0.0035700118011807343
HC IV or hospital,Rubirizi,Bunyaruguru,Ryeru,13219.030479431152,0.13912018694394754,10,0.16138470771418018,0.0,0.0,0.0,0.015039348836216116
HC IV or hospital,Ssembabule,Mawogola,Sembabule Town Council,8633.850456237793,0.04248745480763739,4,0.04911672379611823,0.0,0.0,0.0,0.0
HC IV or hospital,Nakaseke,Nakaseke,Semuto,33184.557273864746,0.48744735696268626,4,0.5579723093805503,0.0,0.0,0.0,0.05995550051498227
HC IV or hospital,Nakaseke,Nakaseke,Semuto Town Council,11157.75473022461,0.3715712836568769,4,0.4326768977729651,0.0,0.0,0.0,0.0
HC IV or hospital,Serere,Serere,Serere Town Council,10014.711791992188,0.44079280834065654,5,0.5025618799786393,0.0,0.0,0.0,0.0
HC IV or hospital,Sheema,Sheema Municipality,Sheema Central Division,24534.37240600586,0.313550930105865,4,0.3296461609608596,0.0,0.0,0.0,0.0
HC IV or hospital,Sheema,Sheema,Shuuku Town Council,17368.14825439453,0.3245179642461666,4,0.3527413208107041,0.0,0.0,0.0,0.0
HC IV or hospital,Manafwa,Bubulo,Sibanga,10242.667114257812,0.12312559380560187,4,0.14292452896967503,0.0,0.0,0.0,0.0
HC IV or hospital,Busia,Samia-Bugwe,Sikuda,25375.919311523438,0.22783117971055764,4,0.2907302926191277,0.0,0.0,0.0,0.0
HC IV or hospital,Bulambuli,Bulambuli,Simu,8579.820343017578,0.2592818481981334,5,0.3348285009194871,0.0,0.0,0.0,0.0
HC IV or hospital,Sironko,Budadiri,Sironko Town Council,23153.11085510254,0.15117308466200802,5,0.1629566795837021,0.0,0.0,0.0,0.0
HC IV or hospital,Bulambuli,Bulambuli,Sisiyi,20985.55972290039,0.18461796368527267,5,0.20936315984995912,0.0,0.0,0.0,0.0
HC IV or hospital,Manafwa,Bubulo,Sisuni,5582.402740478516,0.14295303805288478,5,0.1580598601719715,0.0,0.0,0.0,0.0
HC IV or hospital,Tororo,West Budama (Kisolo),Sop-Sop,17871.119659423828,0.17061833624989647,4,0.22140230065244684,0.0,0.0,0.0,0.0
HC IV or hospital,Soroti,Soroti,Soroti,25820.25813293457,0.10909327054323124,5,0.12126765535687455,0.0,0.0,0.0,0.0
HC IV or hospital,Kotido,Kotido Municipality,South Division,11292.16519165039,1.6831783364535704,8,1.9677627396317006,1.0,1.0,0.0,1.0
HC IV or hospital,Kisoro,Kisoro Municipality,Southern,6043.172668457031,0.021598642373240613,4,0.024247656098491877,0.0,0.0,0.0,0.0
HC IV or hospital,Kamuli,Kamuli Municipality,Southern Division,36518.95869445801,0.08388825333755419,4,0.09832250937479393,0.0,0.0,0.0,0.0
HC IV or hospital,Kumi,Kumi Municipality,Southern Division,28665.318969726562,0.1664764155675305,5,0.18503393498553386,0.0,0.0,0.0,0.0
HC IV or hospital,Koboko,Koboko Municipality,Southern Division,26037.343383789062,0.3771010221932329,10,0.3815764571930573,0.0,0.0,0.0,0.0
HC IV or hospital,Kabale,Kabale Municipality,Southern Division,23009.381958007812,0.039066152979037476,4,0.04270735054790029,0.0,0.0,0.0,0.0
HC IV or hospital,Kabarole,Fort Portal Municipality,Southern Division,21869.703002929688,0.015125596982001057,10,0.01635717761681748,0.0,0.0,0.0,0.0
HC IV or hospital,Rukungiri,Rukungiri Municipality,Southern Division,11630.917861938477,0.044751412664415784,4,0.04852940293998754,0.0,0.0,0.0,0.0
HC IV or hospital,Moroto,Moroto Municipality,Southern Divison,3524.74853515625,0.019196180626749992,1,0.019196180626749992,0.0,0.0,0.0,0.0
HC IV or hospital,Mityana,Mityana,Ssekanyonyi,31136.24334716797,0.368949032168495,4,0.41192602789647437,0.0,0.0,0.0,0.003758198219729985
HC IV or hospital,Maracha,Maracha,Tara,23374.77894592285,0.25231312133247413,10,0.28554205525919213,0.0,0.0,0.0,0.0
HC IV or hospital,Nebbi,Nebbi Municipality,Thatha Division,14590.145629882812,0.05456793202845593,8,0.05631663556894208,0.0,0.0,0.0,0.0
HC IV or hospital,Kibuku,Kibuku,Tirinyi,27010.027618408203,0.1586637844798976,4,0.18109510894475048,0.0,0.0,0.0,0.0
HC IV or hospital,Namisindwa,Bubulo,Tsekululu,18272.18536376953,0.216071056119777,5,0.29290204908882633,0.0,0.0,0.0,0.0
HC IV or hospital,Mityana,Mityana Municipality,Ttamu Division,27059.7391204834,0.16350802599480777,4,0.1788443113861419,0.0,0.0,0.0,0.0
HC IV or hospital,Madi Okollo,Madi Okollo,Uleppi,12167.403049468994,0.4733332247320379,8,0.49375902932970955,0.0,0.0,0.0,0.07837549664999113
HC IV or hospital,Gulu,Aswa,Unyama,22108.691856384277,0.21342663442365628,8,0.238455510253899,0.0,0.0,0.0,0.008694079366083438
HC IV or hospital,Katakwi,Katakwi,Usuk,27210.373838424683,0.3541250692276912,8,0.3910761898508251,0.0,0.0,0.0,0.015771357066298276
HC IV or hospital,Arua,Vurra,Vurra,55433.0125579834,0.1357420623474522,10,0.15886281567715232,0.0,0.0,0.0,0.013866894669198087
HC IV or hospital,Luuka,Luuka,Waibuga,44140.049743652344,0.2521059911134102,4,0.29184575193145146,0.0,0.0,0.0,0.0
HC IV or hospital,Mayuge,Bunya,Wairasa,21148.689002990723,0.18990017283692945,4,0.2604964189454991,0.0,0.0,0.0,0.0
HC IV or hospital,Wakiso,Busiro,Wakiso,287273.6805419922,0.09888980207679515,4,0.10459931059933329,0.0,0.0,0.0,0.0
HC IV or hospital,Wakiso,Busiro,Wakiso Town Council,108494.71368408203,0.05024689776809435,4,0.05373963393489306,0.0,0.0,0.0,0.0
HC IV or hospital,Mbale,Bungokho,Wanale,16795.666015625,0.24986751873449148,5,0.2779031544007214,0.0,0.0,0.0,0.0
HC IV or hospital,Mbale,Mbale Municipality,Wanale Division,21032.00830078125,0.029395904784449915,4,0.03151635287561625,0.0,0.0,0.0,0.0
HC IV or hospital,Kamuli,Buzaaya,Wankole,26361.192413330078,0.26502752029384175,4,0.3122153376485899,0.0,0.0,0.0,0.0
HC IV or hospital,Zombo,Okoro,Warr,27078.458572387695,0.43218377044027273,8,0.5015737724389944,0.0,0.0,0.0,0.032429835168519515
HC IV or hospital,Kyankwanzi,Kiboga,Wattuba,30446.121353149414,0.31499598864360423,4,0.3408076126680961,0.0,0.0,0.0,0.020999487705965825
HC IV or hospital,Kotido,Kotido Municipality,West Division,15588.30138015747,1.5228965451492873,8,1.6906252206625159,1.0,1.0,0.0,1.0
HC IV or hospital,Bugiri,Bugiri Municipality,Western Division,18609.215576171875,0.010755115305960227,4,0.01106685508534844,0.0,0.0,0.0,0.0
HC IV or hospital,Busia,Busia Municipality,Western Division,21105.587890625,0.11017863181108917,4,0.11292656703645684,0.0,0.0,0.0,0.0
HC IV or hospital,Soroti,Soroti Municipality,Western Division,19961.561767578125,0.03192220872648126,5,0.034286672789854394,0.0,0.0,0.0,0.0
HC IV or hospital,Tororo,Tororo Municipality,Western Division,30982.418884277344,0.017751723001568524,4,0.021963296773637588,0.0,0.0,0.0,0.0
HC IV or hospital,Koboko,Koboko Municipality,Western Division,14155.132751464844,0.3917410206700193,10,0.40169859640055217,0.0,0.0,0.0,0.0
HC IV or hospital,Kabarole,Fort Portal Municipality,Western Division,18646.587280273438,0.048778053995791236,10,0.05185420366294202,0.0,0.0,0.0,0.0
HC IV or hospital,Ntungamo,Ntungamo Municipality,Western Division,6485.393005371094,0.11966884824412462,4,0.12223101383884954,0.0,0.0,0.0,0.0
HC IV or hospital,Rukungiri,Rukungiri Municipality,Western Division,15061.589660644531,0.05553826696234099,4,0.05871563538369232,0.0,0.0,0.0,0.0
HC IV or hospital,Manafwa,Bubulo,Weswa,10663.02587890625,0.11527076505166922,5,0.1389237270042923,0.0,0.0,0.0,0.0
HC IV or hospital,Amuria,Amuria,Willa,17892.153743743896,0.35730076461409327,8,0.4798263833056073,0.0,0.0,0.0,0.2596807437402483
HC IV or hospital,Luwero,Katikamu,Wobulenzi Town Council,31951.317657470703,0.17854984774293967,4,0.1810229457876343,0.0,0.0,0.0,0.0
HC IV or hospital,Maracha,Maracha,Yivu,29070.69300842285,0.20693433392847896,10,0.2349280489841578,0.0,0.0,0.0,0.0
HC IV or hospital,Yumbe,Aringa,Yumbe Town Council,57432.553649902344,0.04031469769084477,10,0.04871300032213986,0.0,0.0,0.0,0.0
HC IV or hospital,Sironko,Budadiri,Zesui,14138.440032958984,0.2706783937315771,5,0.33404937536435025,0.0,0.0,0.0,0.028392763373358172
HC IV or hospital,Zombo,Okoro,Zeu,24508.26188659668,0.44882979457107164,9,0.5107777810805358,0.0,0.0,0.0,0.036232664637662476
HC IV or hospital,Zombo,Okoro,Zombo Town Council,19103.584396362305,0.20910497672247205,9,0.23891412414848395,0.0,0.0,0.0,0.0
hospital,Kikuube,Buhaguzi,Kyangwali,135665.06194591522,1.0247266716335826,4,1.2292844822509124,0.5320010231101124,0.79155330964911,35212.177031517036,1.0
hospital,Buyende,Budiope,Kagulu,108216.27952647209,1.0312337650068595,4,1.179611474265243,0.3331274642176211,0.6574340343555689,35095.25044631959,0.9781391082139171
hospital,Kaliro,Bulamogi,Gadumire,35153.03560554981,0.933454024538221,4,1.278414727566853,0.1987947793039063,0.9900679634251432,27815.654415130615,1.0
hospital,Namayingo,Bukooli,Banda,60523.861271858215,0.8062998996890546,4,0.9912005584620591,0.013526695287009134,0.4688811857104174,27559.812007904056,1.0
hospital,Kassanda,Kassanda,Kitumbi,80562.95777130127,0.8235606202559281,4,1.0306635320193762,0.24114162725136137,0.5689219248239676,26406.950271606445,0.9310505830428489
hospital,Mayuge,Bunya,Bukabooli,66393.40028572083,0.8022707692539423,4,0.9785926726923554,0.02561015842952786,0.42191978814161996,26312.34388256073,0.9940710106470947
hospital,Buyende,Budiope,Buyende,73160.08730363846,0.9505216740373152,4,1.1050540168615357,0.3275655940906212,0.6800428918479959,25787.269876480103,1.0
hospital,Bukomansimbi,Bukomansimbi,Bigasa,46626.56024932861,0.8803213696917053,4,1.1088422961770874,0.179934673803831,0.6892890557814934,23749.442779541016,1.0
hospital,Kakumiro,Bugangaizi,Kisiita,34289.3037109375,0.871326199220059,4,1.0789284261431482,0.08524432550557075,0.7732027584100499,23589.615646362305,1.0
hospital,Rakai,Kooki,Lwamaggwa,54652.322023153305,0.8016116620026926,4,1.0116335793526887,0.10470968183651944,0.5265785678880301,23056.114212036133,0.9798296475411716
hospital,Oyam,Oyam,Iceme,62039.25791168213,0.9240781085860497,8,1.095731328393593,0.30730347248902046,0.6779497018876378,22994.61701965332,0.9776140655216671
hospital,Lira,Erute,Agweng,36140.35739898682,0.8520800730346376,8,1.0652506712565435,0.044963834700120185,0.6672841758860562,22490.87954711914,1.0
hospital,Mubende,Buwekula,Madudu,50595.70581817627,0.8163590121079066,4,1.0503422709062098,0.15329896208584648,0.5878672849840234,21987.291023254395,1.0
hospital,Namayingo,Bukooli,Mutumba,57791.79338645935,1.0920389848560945,4,1.4079916580478922,0.6076517330476078,0.9778508390399486,21394.470245361328,1.0
hospital,Oyam,Oyam,Ngai,36579.29219818115,0.9229608127651984,8,1.0840077592524957,0.209354023211412,0.7833133570972103,20995.02618408203,0.9767847607087761
hospital,Kakumiro,Bugangaizi,Katikara,34990.04666137695,0.9305288552953795,4,1.10054885441907,0.236851466886489,0.8303560781993415,20766.754043579105,1.0
hospital,Kalungu,Kalungu,Lwabenge,39599.38869857788,0.9808104761263216,4,1.2858294219128197,0.3972227131759339,0.9142775999002848,20475.05743789673,1.0
hospital,Kwania,Kwania,Abongomola,45635.46049499512,0.8518013379249227,9,1.054480097028088,0.19160999534306858,0.6355312976608428,20258.55305480957,0.9670976311192544
hospital,Kaliro,Bulamogi,Nawaikoke,29779.111087799072,0.9237576420997823,4,1.0580845544026032,0.10188709397841815,0.752247398272129,19367.151748657227,1.0
hospital,Gomba,Gomba,Kabulasoke,59530.45239639282,1.016560948406445,4,1.2020151129829342,0.4334307485015092,0.7553404287176158,19163.42889404297,0.996387925789083
hospital,Alebtong,Moroto,Aloi,39521.70399475098,0.9980184886480777,8,1.1697903134884187,0.435193498177655,0.9063773931732534,18621.990425109863,1.0
hospital,Kamwenge,Kibale,Nkoma Town Council,45771.41719055176,0.9680529885349215,4,1.1844117885469223,0.4629805487596531,0.8569107041343844,18030.741485595703,1.0
hospital,Kamwenge,Kibale,Nkoma,50730.04586029053,0.8105548302712451,4,0.9654747979134213,0.1758368051733034,0.5312378640635177,18029.512016296387,0.8976709494956284
hospital,Kakumiro,Bugangaizi,Birembo,40456.4807434082,0.9596368104262337,4,1.2423083128616204,0.4566074727857681,0.8988519731452336,17891.6561126709,1.0
hospital,Kyegegwa,Kyaka,Mpara,75092.72758483887,1.0355679737083083,4,1.1457232617881603,0.6589593232193182,0.8899132077811442,17342.95713806153,1.0
hospital,Namutumba,Busiki,Ivukula,35489.23762512207,0.8838972004296997,4,1.0753516541638244,0.1443748091032995,0.629283553072864,17209.041641235355,0.9945303676304297
hospital,Kwania,Kwania,Nambieso,64079.74275279045,1.0606232254762882,9,1.291002501351194,0.631700379269003,0.8977993337709231,17051.55255126953,0.9936499079977164
hospital,Yumbe,Aringa,Midigo,65036.23221206665,0.7609024667594054,10,0.9456259868156244,0.15828647167908086,0.41613579356929714,16769.548374176025,0.8422247971678329
hospital,Kwania,Kwania,Aduku,38220.85316467285,0.7496542738993103,9,0.9792294943952549,0.003805064205824448,0.438934761674431,16631.028274536133,1.0
hospital,Namayingo,Bukooli,Buhemba,40631.964363098145,0.9750856417263251,4,1.243018580908887,0.44349795925243424,0.8378100030764464,16021.672912597654,1.0
hospital,Luuka,Luuka,Ikumbya,42775.61827087402,0.7494567589116427,4,0.9287564006301631,0.006791707097607491,0.37907595242721,15924.68876647949,0.8703378147081406
hospital,Kole,Kole,Alito,50740.31480407715,0.691385373737038,8,0.8841766112427459,0.013998329845380941,0.32115755218714587,15585.355636596678,0.8583207668306727
hospital,Kakumiro,Bugangaizi,Mpasaana,35288.6365814209,0.763752072698913,4,0.9928332210688695,0.04654551737923513,0.4851443698954976,15477.55551147461,1.0
hospital,Alebtong,Moroto,Amugu,36482.41722869873,0.8530084430067852,8,1.0153560558777461,0.1322289412005597,0.5563282663276428,15472.168525695799,1.0
hospital,Serere,Kasilo,Pingire,39775.642735004425,0.9981419132145066,5,1.1309732712379421,0.3164604131373142,0.6974277293626296,15153.219863891602,1.0
hospital,Kassanda,Kassanda,Bukuya,44594.48984527588,0.8496758942271347,4,0.9822517600319304,0.05401459575010647,0.39379774758477404,15152.456314086914,0.9869739070950494
hospital,Kyegegwa,Kyaka,Rwentuha,60224.0380897522,0.9647577327553924,4,1.1095680507982155,0.4349280268456586,0.6838220606218062,14989.40377044678,0.9925164072168794
hospital,Kyenjojo,Mwenge,Kigaraale,32570.5330657959,0.9139712327812023,10,1.061710212707588,0.23352681195558606,0.6834585321002669,14654.515968322752,1.0
hospital,Nakapiripirit,Chekwi,Namalu,39362.75489425659,0.9782670063271603,5,1.246714240876686,0.36776041637109214,0.7311708920114776,14304.837478637697,0.9188706411500525
hospital,Wakiso,Busiro,Bussi,26378.322303414345,0.9210865973956187,4,1.1926239564699783,0.30692823678598796,0.8388406213311335,14030.956316709518,1.0
hospital,Kyenjojo,Mwenge,Kyarusozi,55198.02194213867,0.8867042097033792,4,1.0185104162461749,0.3253173495553313,0.5790870019289122,14007.582839965818,0.7088573841476818
hospital,Kakumiro,Bugangaizi,Kijangi,16003.566284179688,0.912905492572945,4,1.1812018582020425,0.12778785555114802,1.0,13958.504867553711,1.0
hospital,Alebtong,Moroto,Abako,35968.96807861328,0.8731791946951455,8,1.0503727558311833,0.21296053549224636,0.5965507142639178,13797.342895507812,0.9784527486939497
hospital,Rakai,Kooki,Kiziba,25726.553466796875,0.7450681573009988,4,0.9978202284487488,0.00671910170348811,0.5402116695839828,13724.925071716309,1.0
hospital,Ntungamo,Ruhaama,Rukoni East,29881.61823272705,0.9367263046506075,4,1.1065528418650716,0.3230306141741191,0.7758556979094343,13531.14627838135,1.0
hospital,Luwero,Bamunanika,Kamira,33028.779121398926,0.9472906785643116,4,1.2283350882373874,0.42858246796695376,0.8364392745195636,13471.01237678528,1.0
hospital,Kakumiro,Bugangaizi,Nalweyo,29871.706161499023,1.0031265514157957,4,1.2293219631339722,0.5377759728903737,0.9864244438459048,13401.895294189453,1.0
hospital,Isingiro,Isingiro,Kikagate,66781.29647064209,0.9474030567494616,4,1.0119621367445895,0.32812424271796464,0.528794864879586,13401.04431152344,0.8187924505064215
hospital,Yumbe,Aringa,Kochi,62356.11643028259,0.7533359933003901,10,0.8856663803006224,0.068054257328831,0.28219827542627307,13353.18932533264,0.8235428826047384
hospital,Gulu,Aswa,Patiko,24620.096529006958,0.8456961977333805,8,1.095668947272392,0.16497122007470114,0.699197236418787,13152.696090698242,0.9466122040723778
hospital,Alebtong,Moroto,Awei,32663.477615356445,1.0464160172255026,8,1.2649586633890735,0.6060367814386647,0.9888052685767599,12502.549911499023,1.0
hospital,Kibaale,Buyanja,Nyamarwa,30312.967407226562,1.029806615884826,4,1.3212033778031533,0.5745462384723458,0.9854405061948365,12455.424545288086,1.0
hospital,Mubende,Buwekula,Kiyuni,27923.364707946777,0.8579157757126243,4,1.113394443948797,0.2136827572284496,0.6574156496675374,12390.515388488768,1.0
hospital,Serere,Kasilo,Bugondo,48210.363639354706,1.0005903647165388,5,1.1256170439618232,0.4817190648675049,0.7363927610999654,12277.911504745482,0.9902971766538626
hospital,Ntungamo,Ruhaama,Kitwe Town Council,22359.30361175537,0.9132005852449864,4,1.0346250390870855,0.12691763523388122,0.6733233545456317,12217.251373291016,1.0
hospital,Amuria,Amuria,Ogolai,19782.72100830078,0.9794129913275449,8,1.2317577655292997,0.3858275130551067,1.0,12150.002960205076,1.0
hospital,Kagadi,Buyaga,Kyaterekera,35585.67253112793,0.8228518834871333,4,0.9831957564000885,0.07335313905446439,0.41452867397195026,12140.960861206055,1.0
hospital,Kaliro,Bulamogi,Buyinda,25546.18531036377,0.789970460066799,4,0.9991762781249834,0.057101717178579904,0.5268830782036585,12001.121704101562,0.9510942609691853
hospital,Kagadi,Buyaga,Kiryanga,37347.86525726318,0.8501244325449595,4,0.9580517692644147,0.12988323124396967,0.437998680558173,11507.454284667969,0.8251153070919136
hospital,Yumbe,Aringa,Kerwa,35882.39270019531,1.0981139657674066,10,1.3469732614261056,0.6885843699962865,1.0,11174.337928771974,1.0
hospital,Kalaki,Kalaki,Bululu,29753.562110602856,0.7571535440141572,5,1.0285602523168296,0.10278478756230028,0.47724138873851807,11141.417740821838,1.0
hospital,Lira,Erute,Agali,32466.873977661133,0.6451397018546622,8,0.8011693791431561,0.009041174274229603,0.34600460893731155,10940.149368286133,0.6880274621370023
hospital,Ntungamo,Ruhaama,Rukoni West,19972.716232299805,0.8773083887761801,4,1.0248396540141587,0.06049110356679044,0.607512283998212,10925.498809814453,1.0
hospital,Kibaale,Buyanja,Kasimbi,21371.812049865723,0.9849113462009593,4,1.2242475362374996,0.47168146771810165,0.9818334772122163,10902.87286376953,1.0
hospital,Mubende,Buwekula,Butoloogo,60745.83967590332,0.558029797735995,4,0.7322063617502619,0.0,0.1782178974639419,10825.995826721191,0.7535742047497155
hospital,Bukwo,Kongasis,Bukwo,13589.083953857422,0.9735405579021841,5,1.1543364725592602,0.20451783104978002,1.0,10809.873977661133,1.0
hospital,Kwania,Kwania,Chawente,44409.67566752434,0.7296865545523137,9,0.878967185266762,0.06806091322549503,0.3096723245110765,10729.884412765505,0.8303916960009167
hospital,Luwero,Bamunanika,Kikyusa,43320.7251701355,0.6583229202582433,4,0.8723012390892593,0.03783943468283253,0.28415715304850764,10670.66218185425,0.9471836803652504
hospital,Kaliro,Bulamogi,Nansololo,19995.769638061523,0.8739886639221269,4,0.9997966850335132,0.015491721298450091,0.5439331905988272,10566.5938873291,0.9175986701758715
hospital,Buyende,Budiope,Nkondo,42064.48063707352,1.093021602932856,4,1.2583304075927442,0.746423233928397,0.9940741832676153,10417.308563232422,1.0
hospital,Kwania,Kwania,Inomo,40241.987533569336,0.7046490545732567,10,0.9078264729830434,0.0,0.25880398778235564,10414.786849975586,1.0
hospital,Bukwo,Kongasis,Bukwo Town Council,10368.189880371094,0.902827387039072,5,1.0576244645995858,0.0,1.0,10368.189880371094,1.0
hospital,Serere,Serere,Kateta,73847.4792752266,0.9471011079791201,5,1.087323584128107,0.33404116203214235,0.46973451733687693,10020.612243652346,0.829775961985993
hospital,Kanungu,Kinkizi,Kayonza,38174.030462265015,0.8598973018754491,10,1.0186471199725327,0.1369377481369548,0.39420042215463397,9820.753154754639,1.0
hospital,Rakai,Kooki,Kibanda,31652.27509689331,0.7133376713458598,4,0.918439303217224,0.05288424845034962,0.3613338550495126,9763.131801605225,0.8426071541309151
hospital,Mubende,Mubende Municipality,Eastern Division,35069.64717102051,0.9843203568683664,4,1.2676464027560934,0.6381059018101699,0.9132501768417681,9649.212646484377,1.0
hospital,Bugiri,Bukooli,Bulidha,36349.74098157883,0.6446808797562565,4,0.7989892318091999,0.02399093059788369,0.2892256899507568,9641.21480178833,0.557883170253748
hospital,Amuria,Amuria,Orungo,19676.933654785156,0.7800628385933753,8,0.9892037098808992,0.03158534504696548,0.5182651950095947,9576.36711883545,0.9385747891986957
hospital,Koboko,Koboko,Kuluba,51236.81588745117,0.8142254374795704,10,0.9181376507575789,0.09727430786410331,0.28160997242726876,9444.772506713867,0.6709679092292549
hospital,Kibaale,Buyanja,Kabasekende,13643.719902038574,0.922051232720977,4,1.1616596911751762,0.23466496522382194,0.9161928066646825,9298.574974060059,1.0
hospital,Kakumiro,Bugangaizi,Kisiita Town Council,19285.297561645508,0.9378610261758205,4,1.0567010495646592,0.17180332733804177,0.64640951742064,9152.921600341797,1.0
hospital,Kyenjojo,Mwenge,Kanyegaramire,25852.071983337402,1.0132357830493826,10,1.1853632467232171,0.5141445622203057,0.8632769023141611,9025.794387817385,1.0
hospital,Kaliro,Bulamogi,Namwiwa,23631.863845825195,0.6853362252860593,4,0.9649656138788674,0.019287835836803855,0.37695318927991395,8452.298934936523,1.0
hospital,Apac,Maruzi,Akokoro,55590.158178567886,0.957713062500896,9,1.0911980828517707,0.4360357920564227,0.5876192016451808,8426.545716285707,0.7999570764308894
hospital,Kwania,Kwania,Aduku Town Council,10699.09912109375,0.7892444018570443,9,1.0340493607253407,0.0,0.783213182832685,8379.675476074219,1.0
hospital,Buliisa,Buliisa,Butiaba,42066.3454914093,0.8623723816041193,4,0.9365193385267229,0.19205518443772981,0.3909574892863241,8367.093074798584,0.8410605354935607
hospital,Kaliro,Bulamogi,Kisinda,12760.999038696289,0.7479379193970319,4,1.0558925332790927,0.0,0.6484318942109952,8274.638778686523,1.0
hospital,Kaliro,Bulamogi,Bukamba,36372.17957115173,1.109063226303929,4,1.2826447804027326,0.7626688856640899,0.9861358811888717,8127.981689453128,1.0
hospital,Buyende,Budiope,Bugaya,116536.97692871094,0.56460517928,4,0.6734163312415523,0.008876001003968997,0.0775254239048437,8000.196212768555,0.327256041025404
hospital,Pallisa,Pallisa,Gogonyo,39860.83796787262,0.9500463087345711,4,1.2407702967995766,0.3596996531705825,0.5564640668439552,7843.19441127777,1.0
hospital,Kyegegwa,Kyaka,Ruyonza,52951.37643814087,0.746324628295607,4,0.8388068891966096,0.09536366106323277,0.24328928162319613,7832.86521911621,0.7274385284044151
hospital,Kibaale,Buyanja,Mugarama,17511.192672729492,0.8077455489845058,4,1.004129942439891,0.014238571760015762,0.4431398513591757,7510.572944641113,1.0
hospital,Lira,Erute,Aromo,42760.71463012695,1.0938899757589182,8,1.3663074923787961,0.8262317615582826,1.0,7430.454055786135,1.0
hospital,Oyam,Oyam,Aleka,39157.14067077637,1.1422447655868857,8,1.4825859055542552,0.8102828761668228,1.0,7428.7801055908185,1.0
hospital,Kagadi,Buyaga,Ndaiga,13326.203134775162,0.9674359271553813,4,1.1756093564597876,0.3658967363193443,0.9212597141682412,7400.879856348039,1.0
hospital,Otuke,Otuke,Okwang,30246.982482910156,1.1335774444333648,8,1.356234728362442,0.7155612434976217,0.9599561947138722,7392.209808349609,1.0
hospital,Soroti,Soroti,Tubur,29457.257873535156,0.7606061601556819,5,0.8916680877245082,0.009317903072839084,0.2593114125628339,7364.123275756836,0.8544647424753249
hospital,Pakwach,Jonam,Panyango,38396.37498521805,0.8096371719111141,10,0.8892541451272656,0.07044761992232634,0.26204802283785683,7356.760917663574,0.7674835844099247
hospital,Kisoro,Bufumbira,Nyabwishenya,18049.305694580078,0.8033726439813654,11,1.0028314893455565,0.09010532493062534,0.49375914008091804,7285.671104431152,1.0
hospital,Kayunga,Bbaale,Bbaale,22932.848419189453,1.08021856632525,4,1.2566412786365517,0.6152217799040445,0.9281995754333147,7177.472343444823,1.0
hospital,Kibaale,Buyanja,Matale,20117.987106323242,1.045127236279545,4,1.3487635439986658,0.6307748388244243,0.9865367692003061,7157.213928222656,1.0
hospital,Bukwo,Kongasis,Riwo,11218.497495651245,0.9706038424477395,5,1.1785293281197098,0.3183197741942861,0.9493332710772062,7079.023334503175,1.0
hospital,Lyantonde,Kabula,Kaliiro,23661.047470092773,0.8856299138444673,4,0.9888023968343912,0.11674745009111522,0.41549147608742737,7068.596580505372,0.9949320104876482
hospital,Kole,Kole,Aboke,60364.1686706543,0.5889349801059681,8,0.705834337027335,0.0,0.11568097068179194,6982.985626220703,0.5139892722620364
hospital,Buvuma,Buvuma Island,Buwooya,21615.49303817749,1.0454012363594527,4,1.3417546321813085,0.6875320776139814,1.0,6754.1482009887695,1.0
hospital,Kyankwanzi,Kiboga,Byerima,23512.670413970947,0.8976102604178279,4,0.9892434143426987,0.15190152224199244,0.4376769712338265,6719.34394454956,0.9557769018662517
hospital,Nwoya,Nwoya,Lii,49062.01354408264,0.6967891697662556,8,0.798317024244575,0.13396406438924702,0.26888440812561043,6619.463731765747,0.5133159616513706
hospital,Amolatar,Kioga,Namasale,31126.630904734135,1.1761339612907737,9,1.2982872040816456,0.5548948090535742,0.7663631424143159,6582.296760559082,1.0
hospital,Kakumiro,Bugangaizi,Kitaihuka,20085.324577331543,0.8659386629845129,4,1.094860586821741,0.290646523372832,0.6158583252087102,6531.9845962524405,1.0
hospital,Mukono,Mukono,Mpunge,20825.91028904915,0.779894981008953,4,0.9526098551646225,0.06262468822433732,0.3738637488385195,6481.836754798889,0.8342186049015341
hospital,Isingiro,Bukanga,Kashumba,95878.65458402038,0.9502823718471156,4,0.9862218366197981,0.3009683244491035,0.3670395085823939,6334.816241472961,0.5214852698837019
hospital,Ssembabule,Lwemiyaga,Ntuusi,31807.20078086853,1.0424858009172602,4,1.1678709562821665,0.5484522545728743,0.7466113788529049,6302.887052536013,0.9683665746492685
hospital,Bukedea,Bukedea,Kolir,43300.32772064209,0.5364619143560301,4,0.6499422742681059,0.04810046265928105,0.19140206270009041,6205.006244659423,0.32063415935413897
hospital,Rakai,Kooki,Kacheera,29159.217415332794,1.0926185370332806,4,1.3327195820165796,0.7713089086131223,0.9832790876719426,6180.884536743164,1.0
hospital,Kakumiro,Bugangaizi,Kasambya,48711.61031341553,0.6296260114645246,4,0.815336928519955,0.0,0.12594078971713005,6134.778671264648,0.8887582017279697
hospital,Amuria,Amuria,Kuju,23744.74599456787,1.0927371789861953,8,1.278225188565657,0.6756496161643968,0.932819016503319,6106.422088623044,1.0
hospital,Dokolo,Dokolo,Batta,23974.05055999756,0.7439563335648472,9,0.8972456001069833,0.0183747288241512,0.271559645935039,6069.868003845216,0.8883083022981166
hospital,Mayuge,Bunya,Bukatube,54176.01568841934,0.5935237828243491,4,0.808572503540993,0.083244401063147,0.19493784952492713,6051.106016159058,0.5646042333800847
hospital,Dokolo,Dokolo,Kwera,17822.11088705063,0.8720363340683496,9,0.9959950609765732,0.07163160434771766,0.4070542534184697,5977.939645767212,1.0
hospital,Buhweju,Buhweju,Rwengwe,21929.829956054688,0.7914237246360474,4,0.8991716799132141,0.009143101119973464,0.2816581742068417,5976.209213256836,1.0
hospital,Serere,Serere,Kyere,67230.14206695557,0.6498226818567935,5,0.7623929581914544,0.016349464807632746,0.10444741284799813,5922.837562561035,0.4234076670276384
hospital,Amuria,Amuria,Apeduru,18893.626403808594,0.8924515490877316,8,0.9908155159511424,0.1225057039876913,0.43218119067911354,5850.892951965332,0.8562097594379382
hospital,Kamwenge,Kibale,Biguli,47470.04818725586,1.113866634558619,4,1.303060809718099,0.8778557070377293,1.0,5798.195472717287,1.0
hospital,Kassanda,Kassanda,Kassanda,32108.107223510742,0.8137912037764938,4,0.9078498739577477,0.09259632155060829,0.27113442309322855,5732.5205078125,0.7961969776582881
hospital,Omoro,Omoro,Omoro Town Council,27760.54274368286,0.7747549877008593,8,0.9127699747672083,0.14466729592468108,0.35012361631781513,5703.578964233398,0.5737793017398777
hospital,Isingiro,Bukanga,Endiinzi,23961.277797698975,1.1253503234538125,4,1.457778485244258,0.7680657987488874,1.0,5557.439826965331,1.0
hospital,Masaka,Bukoto,Kyesiiga,31201.597490906715,0.5532890580634973,4,0.7504693331345633,0.021663009952127013,0.1981654395065272,5507.157763123513,0.5587021660763312
hospital,Kayunga,Bbaale,Kayonza,67315.78547668457,0.6504793265341337,4,0.7706943787429413,0.038576746528231405,0.11975231333809123,5464.3970413208,0.5346871971492834
hospital,Kitgum,Chua,Omiya Anyima,23983.201637268066,0.9126556702750462,8,1.035764418831427,0.2600042608043091,0.48598150639561793,5419.657846450806,0.9757053264329317
hospital,Isingiro,Bukanga,Rugaaga,45375.08568286896,1.1014253276218966,4,1.1766566111914187,0.7726580851223179,0.8920093121157844,5415.572151184083,0.994096806515621
hospital,Kyankwanzi,Kiboga,Ntwetwe,25598.085815429688,0.7045575054131908,4,0.8808762746116493,0.0,0.2112315851926203,5407.124244689941,0.9621240723375241
hospital,Tororo,West Budama (Kisolo),Nabuyoga,39784.77114868164,0.6229898891885798,4,0.8703820096470722,0.0,0.1347398896068567,5360.595672607422,0.9719568154171682
hospital,Kalungu,Kalungu,Kyamulibwa,31027.30436706543,0.6223420856012765,4,0.8454719599189237,0.0,0.17166666801334024,5326.353958129883,0.9851785179097136
hospital,Adjumani,East Moyo,Pakele,59688.187870025635,0.4802570676119573,8,0.5764139411981489,0.12432627901317606,0.21350420904237574,5322.869041442871,0.31309394835378523
hospital,Nwoya,Nwoya,Lungulu,47646.99034905434,1.0414481186257303,8,1.2605647277214678,0.502886392650239,0.6138079112587431,5285.076526641845,0.8148710679412774
hospital,Lyantonde,Kabula,Kasagama,14172.69356918335,1.03013299286628,4,1.1675545286942395,0.5105674086299684,0.882822397875841,5275.8558921813965,1.0
hospital,Amuru,Kilak,Amuru,54307.534145355225,1.3786720264610004,8,1.6476801118835336,0.6389794489669046,0.7354748257954448,5240.425971984863,0.9362787776679686
hospital,Yumbe,Aringa,Kei,69414.812084198,0.5435960456300636,10,0.638349871355551,0.10953010969390647,0.18387535235810096,5160.66104888916,0.2908726116711957
hospital,Bukwo,Kongasis,Kortek,7774.04020690918,0.8762466506818738,5,1.0171895360472574,0.023148925566482903,0.6805883959621307,5110.960876464844,1.0
hospital,Kole,Kole,Bala,58517.22457885742,0.46695753120251976,8,0.6020206697368023,0.0,0.08719412639762646,5102.3582763671875,0.5417529763735728
hospital,Kamuli,Bugabula,Kagumba,41929.411662817,0.7258660531192891,4,0.8497322441199638,0.11158709353525638,0.23178864667008373,5039.980403900147,0.5636463868169441
hospital,Isingiro,Isingiro,Ruborogota,23260.936290740967,1.0886278646862677,4,1.2041349844489215,0.7921978199517598,1.0,4833.6732711792,1.0
hospital,Yumbe,Aringa,Ariwa,35778.14942932129,0.7488479210740591,10,0.8452567106575305,0.012941076122290774,0.14719534627335537,4803.369338989258,0.7779557111091625
hospital,Ssembabule,Mawogola,Lugusulu,41311.28746986389,1.0408072194013125,4,1.1664148239090366,0.5582422778056982,0.673387092175981,4756.780527114867,0.9180721038129279
hospital,Kassanda,Kassanda,Kalwana,47122.50668334961,1.1370207198131046,4,1.2916863793301505,0.8531389508593648,0.9522026376303575,4668.1292419433585,1.0
hospital,Isingiro,Bukanga,Ngarama,33347.4780960083,0.8132684022889619,4,0.8669481859283652,0.05363505490625529,0.19354816226040347,4665.749282836915,0.5865572758879888
hospital,Kassanda,Kassanda,Kassanda Town Council,29410.791160583496,0.8150053628050289,4,0.905858856973584,0.0,0.1556202313139118,4576.914123535156,0.9686006291361537
hospital,Kabarole,Burahya,Mabende,17496.21982574463,1.0753749286925331,4,1.2699162069209768,0.7028063559305265,0.9639888869776154,4569.706977844238,1.0
hospital,Mityana,Busujju,Bbanda,16744.644743442535,0.8025811656951808,4,0.948097441632801,0.053926040774037565,0.3247531391637298,4534.903549432754,1.0
hospital,Amuru,Kilak,Pabo,66769.8394241333,0.7642067280207193,8,0.8804632441682311,0.26603435317824414,0.333168943576462,4482.565820693967,0.45565665400090394
hospital,Moyo,Moyo,Difule,9430.043462276459,0.9652995366925584,8,1.1363795704457114,0.2755571360954028,0.7480714787116577,4455.830787420274,1.0
hospital,Obongi,Obongi,Aliba,14717.55084657669,0.9000833766802152,8,0.9854874448165185,0.09887548713982738,0.40111481060614507,4448.22261095047,1.0
hospital,Kaliro,Bulamogi,Bumanya,35383.59526062012,0.6310156867519296,4,0.7423656377622777,0.0,0.12515794891358928,4428.5382080078125,0.39103322269795554
hospital,Bugiri,Bukooli,Budhaya,36054.31817626953,0.6518713084464266,4,0.7706035576311762,0.00788698744610143,0.12850421363589637,4348.771850585937,0.45178916538502123
hospital,Amuru,Kilak,Amuru Town Council,12273.956554412842,0.8498547192540294,8,0.9737074401007345,0.007143745515638341,0.3578759501104915,4304.871841430664,0.9909225516754981
hospital,Ssembabule,Lwemiyaga,Lwemiyaga,46804.212646484375,0.7002519700261393,4,0.7679765449721305,0.019687798033076565,0.10925226647931952,4191.994426727295,0.6251915529417589
hospital,Arua,Terego,Odupi,50878.805223464966,0.6106582322241024,10,0.7161812056700403,0.06796945954063563,0.14977752996290297,4162.296880722046,0.41674552853438435
hospital,Buvuma,Buvuma Island,Nairambi,29430.801488876343,1.3232300935423384,4,1.7293806549384885,0.8330078496967638,0.9743396837289041,4159.50915145874,1.0
hospital,Tororo,West Budama (Kisolo),Iyolwa,25798.6580657959,0.6301423274066499,4,0.7808497546497415,0.0,0.16103673794527193,4154.53173828125,0.4363547458016563
hospital,Amudat,Pokot,Loroo,45211.66734313965,1.186796118188808,4,1.4243877853945626,0.7870849010956993,0.8788699356187999,4149.754447937013,0.9810140744697855
hospital,Madi Okollo,Madi Okollo,Rhino Camp,30256.15308380127,1.2495367512897062,10,1.591826798463505,0.864274623047212,1.0,4106.527782440186,1.0
hospital,Rakai,Kooki,Kyalulangira,34641.88535499573,0.5807209161853907,4,0.7510547286591689,0.045461751928369834,0.16399556844198443,4106.234882354736,0.6177953553498696
hospital,Kyenjojo,Mwenge,Kisojo,29151.419120788574,0.9697170185314649,10,1.0311556803767863,0.42278280148630654,0.5604148105529297,4012.168380737306,0.739806034329965
hospital,Masindi,Bujenje,Bwijanga,66550.49136447906,0.5904792228271858,10,0.6508725475135182,0.07685587770955797,0.13697108922874948,4000.696865081787,0.31979891584362247
hospital,Mubende,Mubende Municipality,Western Division,50136.989181518555,1.1205788181252276,4,1.4319246849021394,0.9207139412759358,1.0,3975.1642684936537,1.0
hospital,Lamwo,Lamwo,Palabek Kal,17655.6967086792,1.1027719549874018,8,1.2586410349870591,0.40087795829102135,0.6229368866262596,3920.6050901412955,0.9981110206846875
hospital,Adjumani,East Moyo,Arinyapi,13700.746225357056,0.9629585192261928,8,1.108925250402993,0.374992587656868,0.6609333861698784,3917.60231590271,1.0
hospital,Omoro,Omoro,Lalogi,22387.094228744507,0.808256449797535,8,0.9864012366787085,0.23809053086559326,0.41175831506672306,3887.9170494079594,0.8007622103329238
hospital,Oyam,Oyam,Minakulu,49146.20373916626,0.6171165258662903,8,0.7054468326992396,0.010345191000354744,0.08890607788418199,3860.969352722168,0.27998285634683684
hospital,Namutumba,Busiki,Bulange,60228.856536865234,0.6115109937576189,4,0.7628070753975639,0.0,0.06348919989691156,3823.881912231445,0.5990845694834301
hospital,Arua,Terego,Uriama,33248.490089416504,0.6627870506813476,10,0.7911039362686907,0.18561798574088054,0.29907406303017803,3772.2432613372807,0.40448047299882006
hospital,Buhweju,Buhweju,Karungu,19867.891403198242,0.8338253782589305,4,0.9538311281362217,0.0,0.18891856705108337,3753.41357421875,1.0
hospital,Kitgum,Chua,Lagoro,20763.482530593872,0.6774720214357717,8,0.8118979764880538,0.060256313595016466,0.23997717380681544,3731.630941390991,0.5856701584199416
hospital,Kyenjojo,Mwenge,Nyantungo,30697.775966644287,0.780064141561062,10,0.8339317801861903,0.017362205363827758,0.13840444274591657,3715.7274856567383,0.46248121521426655
hospital,Alebtong,Moroto,Akura,26464.011474609375,0.7567176602555762,8,0.8618426181767042,0.005711094041693617,0.1453661259513226,3695.8323669433594,0.7320727425482412
hospital,Kassanda,Kassanda,Kiganda,52696.85908508301,0.8730007321723904,10,0.9011156498141122,0.15811484590830108,0.22814821803218382,3690.5387420654297,0.42708772866159134
hospital,Hoima,Bugahya,Kigorobya,92070.85977375507,0.6360639866351081,4,0.6939821095862927,0.03752376668387433,0.07713423721660481,3646.9700779914856,0.3320057263555593
hospital,Katakwi,Toroma,Magoro,23721.053129196167,0.9096312705686563,4,1.1117564512427527,0.2370798009481209,0.3887810906706334,3598.514353275299,0.9760696781795045
hospital,Lyantonde,Kabula,Mpumudde,17991.20601272583,0.8374637937487605,4,0.9253785210538235,0.05939547662898456,0.25800888751693574,3573.294792175293,0.9612474607086063
hospital,Isingiro,Isingiro,Kabuyanda,29343.1075592041,0.7882201328762979,4,0.8619294821824455,0.0891204516723122,0.2087510426261459,3510.3332977294917,0.5715693919864211
hospital,Kapelebyong,Kapelebyong,Akoromit,24561.33763885498,0.7962150726388681,8,0.9119262429084773,0.08025976587849341,0.22276863202025254,3500.2083778381343,0.9035904863186085
hospital,Bukedea,Bukedea,Malera,60906.32338142395,0.5260318745212379,4,0.6469349670730038,0.0926575075367837,0.1499291430618992,3488.2047538757324,0.31270946671021344
hospital,Kakumiro,Bugangaizi,Kakindo,54719.76358795166,1.1097570145433961,4,1.3029403416935756,0.9363693747991452,1.0,3481.8527679443355,1.0
hospital,Buliisa,Buliisa,Biiso,24795.310257911682,1.1499515085553718,4,1.2624787479689017,0.34024868223927074,0.477250136209479,3396.9935569763197,0.9910695452856821
hospital,Masindi,Bujenje,Pakanyi,103210.16857147217,0.779253305078161,4,0.8437156335210251,0.2398048342490263,0.27270325636748116,3395.4516925811754,0.39184603088455394
hospital,Katakwi,Katakwi,Ongongoja,21457.315212249756,1.0310830112647102,8,1.269096603567377,0.5002400894156455,0.657089764884532,3365.5729274749756,0.8717911050929037
hospital,Lyantonde,Kabula,Lyakajura,13371.754159927368,0.9157382432802884,4,1.0218413363270304,0.27062041760721156,0.5202551531651826,3338.054313659667,0.9773321055185517
hospital,Adjumani,East Moyo,Dzaipi,49386.05540084839,0.5845488190029893,8,0.6896879261701128,0.012245956877244576,0.07983667075516927,3338.0387401580815,0.45661048104731716
hospital,Kiryandongo,Kibanda,Kiryandongo,106483.96399116516,1.0646070622706485,10,1.2226309499151176,0.4320416837851633,0.46325916049168303,3324.160665512087,0.537938898011182
hospital,Amuru,Kilak,Attiak,49720.06378173828,1.1784066780753208,8,1.293721104376453,0.7181104363645938,0.783925173079007,3272.3129072189354,0.828041631574617
hospital,Alebtong,Moroto,Abia,29683.14948272705,0.7525162314974541,8,0.8531456905350158,0.053803643736012347,0.16394594394005935,3269.3703613281255,0.6236932265656553
hospital,Mayuge,Bunya,Kityerera,63168.89307022095,0.5659161911700392,4,0.6816193204434364,0.02718708143473421,0.0785762441665417,3246.196525573731,0.28714399913022415
hospital,Nwoya,Nwoya,Got Apwoyo,44906.72548954189,1.1451768387846841,10,1.289386688173821,0.5981732160018328,0.6702202498183502,3235.3963699340857,0.8364403543747098
hospital,Obongi,Obongi,Gimara,9778.524472236633,1.0225583232034385,10,1.131227293076905,0.40007248503533505,0.730668699405308,3232.7431726455684,1.0
hospital,Kaberamaido,Kaberamaido,Aperkira,19518.89401626587,0.5594798118652624,8,0.7496374940992682,0.02439021583113617,0.18970082517356954,3226.680263519287,0.7499475078565391
hospital,Kibaale,Buyanja,Nyamarunda,35960.3106842041,0.6256813704159229,4,0.7730235144092796,0.013426844398923369,0.10145350968828265,3165.4662322998047,0.8651584514956402
hospital,Lyantonde,Kabula,Lyantonde,24912.553115844727,0.7481453791970856,4,0.830713699086985,0.009699062219210361,0.1363229953271835,3154.525459289551,0.4721361094973783
hospital,Kyenjojo,Mwenge,Kihuura,43654.30553436279,0.893222559056181,10,0.9178142827701189,0.1885996092770324,0.26039734160541916,3134.280143737793,0.4670920328736939
hospital,Nakapiripirit,Chekwi,Moruita,35729.96141242981,1.8670084434110368,5,2.2047014437396797,0.8737491514684282,0.9610868217361225,3120.571588516233,0.9975957900569876
hospital,Kyenjojo,Mwenge,Kyembogo,25338.522857666016,0.764054516702423,4,0.8871585227388513,0.005635932249180502,0.1278876681993105,3097.6784057617188,0.976685145366631
hospital,Bukwo,Kongasis,Chepkwasta,13260.302486419678,1.663765807826842,5,1.9780943708622376,0.7673926791015644,1.0,3084.4434356689458,1.0
hospital,Bugiri,Bukooli,Buluguyi,42180.99956893921,0.5084672506265192,4,0.5985786907552467,0.0,0.07201304576810512,3037.5822525024414,0.18254246060270612
hospital,Ngora,Ngora,Kobwin,48502.42559850216,0.5591974178918251,5,0.7384907771005036,0.1287080526312932,0.19122369318888685,3032.16020488739,0.45336891461306905
hospital,Buhweju,Buhweju,Burere,23464.772689819336,0.7469158518994427,4,0.8555305423662196,0.0499308440464905,0.17895013393929332,3027.4083099365234,0.6209797569519988
hospital,Kassanda,Kassanda,Manyogaseka,15028.05796790123,1.1572530981336113,4,1.2990031681799368,0.7292504002939415,0.9296362763026746,3011.41056060791,1.0
hospital,Buhweju,Buhweju,Engaju,23609.37197494507,0.8675288441115507,4,1.0197463141950682,0.19513196935682142,0.32225585267751516,3001.3150482177734,0.9928689219074855
hospital,Madi Okollo,Madi Okollo,Inde Town Council,14760.12261390686,1.0238098443190358,8,1.1855719916094878,0.5526102509860443,0.7524191978800735,2949.204555511475,0.9934784510901655
hospital,Kaberamaido,Kaberamaido,Kobulubulu,25862.242906332016,0.7593049940502983,9,0.8604105707955453,0.049714701039058055,0.1635553818662723,2944.1753401756287,0.7297607603408767
hospital,Mpigi,Mawokota,Kammengo,47851.36061668396,0.3943113024137847,4,0.4554447424685704,0.021025693258310864,0.08250316404445944,2941.7806243896484,0.18903573610839797
hospital,Lamwo,Lamwo,Paloga,11768.521068572998,0.9349733423923011,7,1.0360369836165901,0.28232788477928716,0.5307430428129786,2923.479021072388,0.9536750270458667
hospital,Buyende,Budiope,Buyende Town Council,19831.395500183105,0.6888919086986854,4,0.8001124826839141,0.007078101075886255,0.15200258104221384,2874.054679870606,0.5323339789346142
hospital,Kiruhura,Nyabushozi,Kashongi,42977.19529724121,0.7589973059233347,4,0.8559891718262115,0.0,0.066797498587237,2870.769142150879,0.8398306427004097
hospital,Amudat,Pokot,Amudat,45181.596590042114,0.7601594140645047,5,0.9189962890444163,0.3337906037836771,0.3966423342601061,2839.7415313720708,0.589391793231342
hospital,Isingiro,Bukanga,Rushasha,19064.55479478836,1.1182085527548207,4,1.297165588834304,0.8514894394229156,1.0,2831.2877197265625,1.0
hospital,Pader,Aruu,Pajule,24732.685819625854,1.200603636789192,8,1.536128030550015,0.8658607129127556,0.9789171282654683,2796.1888008117685,1.0
hospital,Kaliro,Bulamogi,Budomero,30031.238052368164,0.7006490818822575,4,0.7858409309635379,0.021598636324330654,0.11371627050671491,2766.4066009521484,0.4454927818825037
hospital,Amudat,Pokot,Karita,47630.44357299805,1.2914803761887301,5,1.513508920531113,0.7771205664168008,0.8347815917142631,2746.4202117919913,0.9352139683254131
hospital,Kyotera,Kyotera,Kabira,38022.15888595581,0.675644985400596,4,0.860497667689073,0.17106635871538195,0.24243338417773538,2713.5283813476562,0.4497139952609175
hospital,Amuria,Amuria,Amuria Town Council,9918.72241973877,0.9273791226811545,8,0.9946913340968401,0.1299408437698068,0.39934936957873285,2672.1883850097656,1.0
hospital,Pallisa,Pallisa,Olok,20983.87047958374,0.39645384948403695,4,0.5463159976909683,0.012211981527487885,0.13733006119365737,2625.46157836914,0.3190194716342879
hospital,Pader,Aruu,Laguti,15296.322913646698,0.9869438876353619,8,1.150768921217696,0.3963856865113213,0.5631710082091925,2551.202137947084,1.0
hospital,Lamwo,Lamwo,Lamwo Town Council,8454.890438079834,0.8830306999404547,7,0.9702682166805362,0.11277766443149927,0.41214075572146164,2531.082138061523,0.960749371440171
hospital,Kyegegwa,Kyaka,Kigambo,27911.405334472656,1.2483420646764796,10,1.4605283049404723,0.9115542212492611,1.0,2468.645980834962,1.0
hospital,Masaka,Bukoto,Bukakata,21140.832230180502,0.7100220515844344,4,0.8780654729756214,0.1672596497708828,0.28391844372725616,2466.263991206884,0.47515540646718335
hospital,Kibaale,Buyanja,Bubango,23717.98134613037,1.223376518608253,4,1.5396851212073668,0.8962595620955505,1.0,2460.5137710571303,1.0
hospital,Amuria,Amuria,Akeriau,18759.887908935547,0.7362877376565318,8,0.9131692997353692,0.06406229145366694,0.19379715716877802,2433.8115386962886,0.9634801842056577
hospital,Kiruhura,Nyabushozi,Kikaatsi,24533.955911636353,0.6634438640974889,4,0.7748311488792679,0.059530971087260125,0.1584116074169008,2425.933172225952,0.7017310921824722
hospital,Bukwo,Kongasis,Senendet,12900.278778076172,1.0226970928419465,5,1.223760327530063,0.8124814078926001,1.0,2419.042114257812,1.0
hospital,Kibaale,Buyanja,Kyebando,14072.469627380371,1.0883520470444639,4,1.4008271850928484,0.8339738540798034,1.0,2336.3978958129883,1.0
hospital,Kamwenge,Kibale,Busiriba,39783.071643829346,0.7633255291209216,10,0.857611091427138,0.2025424222920773,0.2610217968364794,2326.4891471862793,0.47311960136394654
hospital,Kyotera,Kyotera,Kyebe,20961.067823946476,1.2018597451437838,4,1.3816561210039662,0.7580985313043866,0.8669631774465012,2281.9192314147963,0.9690764356636291
hospital,Kagadi,Buyaga,Mpeefu,58312.06946563721,0.5892123963173889,4,0.7275535525247684,0.0,0.03887071112081471,2266.631607055664,0.7624720549340653
hospital,Kyenjojo,Mwenge,Nyabuharwa,33374.45195770264,0.6344276610461166,10,0.717199622701694,0.0,0.06765735023994356,2258.026985168457,0.4300288161968454
hospital,Kyankwanzi,Kiboga,Gayaza,29845.57159805298,0.5381350866574385,4,0.7037302383601263,0.004896896171113623,0.08019965257660416,2247.4538078308105,0.7822034913907308
hospital,Gulu,Aswa,Awach,25452.08308696747,0.7120038329454474,8,0.8726113738468314,0.11078780925420754,0.19805260662546,2221.070873260498,0.7822482086134475
hospital,Lwengo,Bukoto,Kyazanga,40892.922775268555,0.7151273661063233,4,0.7694876436484578,0.013601847497503886,0.06765266294766069,2210.2958221435547,0.39732589569302923
hospital,Kabarole,Burahya,Kasenda,31088.652433395386,0.7152688520868403,10,0.7891664903633743,0.1476146189809758,0.2173037426795574,2166.540945053101,0.37525192715737854
hospital,Tororo,West Budama (Kisolo),Mulanda,50717.251052856445,0.5122652753989905,4,0.6762187081589105,0.0,0.042691231688142886,2165.181915283203,0.317950670321435
hospital,Kikuube,Buhaguzi,Kabwoya,89652.33725762367,1.0454079108422012,4,1.0885265319085276,0.5611878700635823,0.5852910532472412,2160.9067077636705,0.743009517074856
hospital,Amolatar,Kioga,Etam,20108.921914458275,0.8145040538097008,9,0.8956246511749849,0.0936433316183981,0.20099445311643185,2158.7153196334834,0.8690149827660979
hospital,Obongi,Obongi,Itula,12538.664143264294,0.7661565746363811,8,0.8787164000259072,0.07345387238363589,0.24322724147693398,2128.7312555313115,0.8614636241377315
hospital,Kiboga,Kiboga,Ddwaniro,15483.169225692749,0.9297272342750812,4,1.0508036012948738,0.28196897168150253,0.4190489719913019,2122.432842254638,0.7968716422949027
hospital,Mubende,Mubende Municipality,Southern Division,40452.34677886963,1.1381776514650608,4,1.3863569895974883,0.9476487649100173,1.0,2117.73031616211,1.0
hospital,Kamuli,Bugabula,Namasagali,44886.71659851074,0.5660799699749928,4,0.671269954910528,0.08140378814735925,0.12815164893632194,2098.3579788208012,0.24146840684661003
hospital,Masaka,Bukoto,Buwunga,53234.06545186043,0.4138227024081927,4,0.5493000946011457,0.10652263372185461,0.14542828365652813,2071.1059150695796,0.18933210028515865
hospital,Kisoro,Bufumbira,Rubuguri Town Council,19130.177238464355,0.7804249106939012,11,0.9748228231370758,0.2517692311268448,0.3589994216513888,2051.332550048828,0.97855415651663
hospital,Koboko,Koboko,Ludara,45142.482288360596,0.6356426839876262,10,0.737624091172236,0.04177713051154669,0.08702885250808033,2042.7750587463374,0.41450642450312924
hospital,Bukomansimbi,Bukomansimbi,Kitanda,33109.0287399292,0.6266769365569778,4,0.7478954616166171,0.0,0.061325969391314634,2030.4432830810547,0.576790739488637
hospital,Kiruhura,Nyabushozi,Kinoni,27419.99320793152,0.6372049877006153,4,0.7431699809616213,0.03182585841678212,0.10503338216423198,2007.3498039245605,0.7122929125419982
hospital,Namayingo,Bukooli,Buyinja,32983.22888183594,0.6770499006144621,4,0.7919937876783617,0.0,0.06083645078397535,2006.5825805664062,0.5333513881387051
hospital,Pader,Aruu,Lapul,24172.18411064148,1.2592100598286102,8,1.5774655334696284,0.9156695871356119,0.9985257775032164,2002.815088272095,1.0
hospital,Butambala,Butambala,Ngando,21480.059997558594,0.5962707433740791,4,0.7688342099422982,0.013190510737322718,0.10640492225508144,2002.2511520385742,0.6601391867474019
hospital,Oyam,Oyam,Abok,22460.97947692871,1.1408495994128538,8,1.3556915525975721,0.9109305428193456,1.0,2000.5872497558591,1.0
hospital,Kagadi,Buyaga,Kabamba,26529.416122436523,0.6668455975921155,4,0.7903388876859501,0.0,0.07426154800923161,1970.1155090332031,0.8501060870095719
hospital,Lwengo,Bukoto,Malongo,44008.46912384033,0.7628338462781123,4,0.7943901530270002,0.012840330193062563,0.05733353719659837,1958.0779266357422,0.2429401729959771
hospital,Pakwach,Jonam,Panyimur,37256.31884098053,0.7609144728442909,10,0.8633821991673029,0.007479923725347825,0.05902285600818413,1920.299919128418,0.8996512811913164
hospital,Apac,Maruzi,Ibuje,53720.84181022644,0.5892994665594703,9,0.6608402423524209,0.037047628457819004,0.07248114166826586,1903.5181579589844,0.46025877813139027
hospital,Masindi,Buruuli,Kimengo,18462.64506673813,0.8580410372434639,10,0.9826152260403873,0.3226870687992538,0.42538114310301334,1896.004244327545,0.6104496275383611
hospital,Alebtong,Moroto,Omoro,55167.380350112915,1.256775109051215,8,1.4728711654526343,0.9658544070119951,1.0,1883.722915649415,1.0
hospital,Lira,Erute,Barr,57390.407958984375,0.49417037283514464,8,0.5912350576728266,0.0,0.03203260719901902,1838.3643951416013,0.33763797117545424
hospital,Kyenjojo,Mwenge,Kyarusozi Town Council,17537.857986450195,0.7776428147128038,4,0.8584617434736577,0.008198388060755783,0.11237351375696206,1827.008560180664,0.8454746632485751
hospital,Kaabong,Dodoth,Kalapata,17621.6699924469,0.6782131159657498,4,0.8135068540026861,0.025089263690808918,0.1280572844740403,1814.4684820175173,0.9598582873260554
hospital,Kasese,Kasese Municipality,Nyamwamba Division,68536.845703125,0.26245682401649445,10,0.2751453854043701,0.006747520419488092,0.03277027680494624,1783.5176391601562,0.08248529567452954
hospital,Pader,Aruu,Latanya,19356.80962562561,0.6469477321273497,8,0.8051408041419693,0.07528547995742567,0.16729137169380306,1780.9405307769778,0.7003352104334902
hospital,Kiboga,Kiboga,Bukomero,19191.39510345459,0.7069199628868743,4,0.7482844494695671,0.03321629320051886,0.12568472600013067,1774.5982284545898,0.2453288351795572
hospital,Yumbe,Aringa,Romogi,63009.06529998779,0.649711924771384,10,0.7345197671543044,0.0,0.0276419225631129,1741.6917037963867,0.444855332241996
hospital,Otuke,Otuke,Alango,17766.757232666016,1.146543043377641,8,1.3440546981603896,0.8927610993507672,0.9903519141374533,1733.8723144531243,1.0
hospital,Apac,Maruzi,Chegere,48857.06460571289,0.5838191539134787,10,0.7178850997436999,0.0019288588291714428,0.0372607321303412,1726.211616516113,0.7707506675232765
hospital,Ngora,Ngora,Kapir,41072.89375305176,0.5106541857540964,5,0.5825805327693452,0.004274814700552233,0.046259494042426436,1724.4322738647463,0.1580112929856999
hospital,Amolatar,Kioga,Agwingiri,19928.622271835804,0.7411320570775108,9,0.8316239669538839,0.04402142101782532,0.1299859872090779,1713.155368387699,0.6982437303657983
hospital,Kabarole,Burahya,Kijura Town Council,11068.85842514038,0.8912883672713733,4,1.0409218673017477,0.2096435665088515,0.36372859625003195,1705.5453796386714,1.0
hospital,Kasese,Busongora,Bwesumbu,27002.664909362793,1.0032681051537533,10,1.1629238764302883,0.36032870256942073,0.42348262946091897,1705.3243255615228,0.7170575975111438
hospital,Kiruhura,Nyabushozi,Nyakashashara,26475.787166133523,0.7251844317559218,4,0.7772897583264667,0.06405615908653244,0.12822833704729317,1699.0089256763456,0.3025787191589859
hospital,Hoima,Bugahya,Buseruka,60901.67556476593,0.8013954372764934,4,0.817999612163984,0.17192919892889624,0.1997173781959389,1692.3466782569874,0.28066379657955126
hospital,Pader,Aruu,Atanga,21361.135778427124,1.0837884948239773,8,1.1613343250082246,0.5409885727805255,0.6198022281871904,1683.5491943359373,0.728004098631413
hospital,Gulu,Aswa,Palaro,16526.567263126373,1.4254488933805929,8,1.8407184275298414,0.8985771880786847,1.0,1676.1709232330327,1.0
hospital,Ntungamo,Ruhaama,Nyakyera,47693.0672416687,0.5329581603843909,4,0.6296417474619095,0.0,0.035098693631644494,1673.9643554687498,0.49446258160261364
hospital,Agago,Agago,Wol,26221.263525009155,1.3794830202220687,8,1.7104844480669332,0.9363864672337404,1.0,1668.027206420897,1.0
hospital,Kapelebyong,Kapelebyong,Acowa,24726.019065856934,0.6271380733476603,8,0.7103777182271995,0.00996948754894495,0.07707044545466753,1659.1395645141602,0.30102912223642
hospital,Isingiro,Bukanga,Kakamba,14192.41120147705,1.0659035749814325,4,1.161692137106611,0.7322421650978074,0.8484556918394617,1649.3501586914074,0.9407679657946566
hospital,Oyam,Oyam,Myene,34939.269287109375,0.5317243581072685,8,0.6795242494311554,0.0,0.0468123936565936,1635.5908279418945,0.578642466426835
hospital,Bududa,Manjiya,Bushiyi,21341.253875732422,0.605981809962881,5,0.7633660033539517,0.1463831515332079,0.22277940953892011,1630.3919372558596,0.36611271283789515
hospital,Oyam,Oyam,Otwal,34411.06074523926,1.1935867624106367,8,1.502502753341411,0.953411238524704,1.0,1603.1687011718734,1.0
hospital,Mpigi,Mawokota,Buwama,63448.13804554939,0.28305327498834937,4,0.333872601148285,0.001291924309846887,0.026463649634013212,1597.0991032123566,0.07819296136058577
hospital,Adjumani,East Moyo,Itirikwa,18824.926056861877,0.8579818454776472,8,1.0054869106523583,0.3196538261200502,0.4036902681796487,1581.979807853699,0.5867712657827193
hospital,Rukungiri,Bujumbura,Bwambara,33465.016287982464,0.9515656795816625,4,1.0665657690636592,0.3974095388787639,0.44450704668821905,1576.118865966798,0.6594514571882635
hospital,Bukwo,Kongasis,Kabei,15676.886240005493,1.1575336276291435,5,1.3470300074321828,0.24513721067228889,0.3444232719774716,1556.4962882995603,0.95430951945279
hospital,Kiryandongo,Kibanda,Mutunda,99767.84467697144,0.420035964100013,8,0.4662875269377153,0.011882989940153183,0.027452058498673233,1553.2924137115479,0.16040339576377166
hospital,Kamwenge,Kibale,Bihanga,21327.57061767578,0.6356923060575216,4,0.7708597664206612,0.0,0.07274054831272987,1551.3791809082034,0.8297332695664134
hospital,Pakwach,Jonam,Pakwach,31794.11586201191,0.7661420524057734,10,0.8044859484088044,0.07338260542435576,0.12152276030228876,1530.5736618041994,0.569276549711472
hospital,Lyantonde,Kabula,Kinuuka,11409.292097091675,0.7330936887269076,4,0.8324164486931211,0.017536733139335806,0.15139423093065915,1527.2192916870117,0.8933646886354765
hospital,Lamwo,Lamwo,Lokung,18702.72011566162,1.2848039111229155,8,1.482290004168391,0.7770919693209749,0.8575515874668749,1504.8137187957761,1.0
hospital,Bulambuli,Bulambuli,Bulaago,13115.968765258789,1.4046366743368184,5,1.6894387499088481,0.6630730825991339,0.7770330267794282,1494.6950683593755,0.9334980043216563
hospital,Amuria,Amuria,Morungatuny,22972.217742919922,1.2075840611540205,8,1.5025453106794027,0.9350180105607488,1.0,1492.7804107666004,1.0
hospital,Luwero,Bamunanika,Zirobwe,56762.94105529785,0.5823953524368546,4,0.7006546149037671,0.0,0.026144458049328793,1484.0363311767578,0.33208571418268096
hospital,Karenga,Dodoth,Kapedo,10664.35126543045,1.2524912924017597,8,1.5102812768610976,0.8612456576749763,1.0,1479.7250461578365,1.0
hospital,Kasese,Busongora,Maliba,58348.92305755615,1.3327246354407476,4,1.511335756523937,0.45014379374807195,0.47536078648408336,1471.3843688964823,0.5904334333970147
hospital,Bulambuli,Bulambuli,Bwikhonge,11581.158603668213,0.726970932540372,5,0.9210964041690122,0.22715420780506407,0.3541248607612981,1470.4672698974607,0.48933194300891614
hospital,Lamwo,Lamwo,Madi Opei,14003.815343379974,1.280185406038569,7,1.3994824157206394,0.5659543189178383,0.6702137578827073,1460.0299310684204,0.9543166783358102
hospital,Ngora,Ngora,Ngora,33352.39194869995,0.35365235143060003,5,0.4333762693352954,0.00328880090518756,0.04649674844942977,1441.0884017944338,0.14591804679144613
hospital,Madi Okollo,Madi Okollo,Ogoko,9823.342734336853,1.3067871105011701,10,1.6026470250197455,0.8408711823979118,0.9856818599924332,1422.5249176025382,1.0
hospital,Kamwenge,Kibale,Kamwenge,31845.84626197815,0.36593081952530176,4,0.44838625035547186,0.036938050479626755,0.08083460347952015,1397.9228782653809,0.20871587175601594
hospital,Napak,Bokora,Lorengecora,16348.354845046997,1.0663072145569052,4,1.164631814568628,0.5232305541509255,0.6082761118753132,1390.354955673218,0.7279602372969505
hospital,Mubende,Kasambya,Kasambya,38763.12875366211,1.2642252350859342,4,1.4240948438784282,0.8681074399492908,0.9037350015877897,1381.0357589721657,1.0
hospital,Moroto,Matheniko,Nadunget,65480.30608725548,1.1208758644855137,4,1.3107434174735424,0.4484857023990806,0.46943380641544874,1371.6882629394524,0.5321527225223172
hospital,Isingiro,Isingiro,Kabuyanda Town Council,21361.662399291992,0.8426277344759534,4,0.9092961881610926,0.036327430093224936,0.10030856734894673,1366.7434539794924,1.0
hospital,Lira,Erute,Amach,43520.17680358887,0.47832581094180965,8,0.5397703409349853,0.018218862624041744,0.04942983222587459,1358.3069152832031,0.25794168631107695
hospital,Karenga,Dodoth,Sangar,3284.1213340759277,1.0069165766147274,8,1.2227342281575884,0.38697831552962925,0.7991899854246894,1353.753139257431,1.0
hospital,Rubanda,Rubanda,Ikumba,22424.64719390869,0.6252350286820897,4,0.7306024135383843,0.06387752023079592,0.12417683691646768,1352.1909027099607,0.44679322447814585
hospital,Nakaseke,Nakaseke,Wakyato,16533.338633060455,0.5964174212152059,4,0.6988385219003562,0.1628137403274876,0.2409754515478257,1292.2740397453308,0.3863341305473263
hospital,Arua,Vurra,Ajia,31272.39058494568,0.37178613367799934,10,0.45609645275734845,0.009606904750996948,0.05079833194210958,1288.154399871826,0.24860418663718167
hospital,Kaabong,Dodoth,Kathile,12742.064900636673,0.7106598299315234,4,0.8487304766589621,0.07821730856041063,0.1773837622515791,1263.5853888988497,1.0
hospital,Ssembabule,Mawogola,Mijwala,37362.961963653564,0.5752455792125936,4,0.6575967223961823,0.0010011590919872706,0.034745008670372196,1260.7701683044431,0.4004135382511045
hospital,Kaabong,Dodoth,Kamion,8583.84070611,3.0177129800213534,4,3.534925692122549,0.7604541505802451,0.9066959310953446,1255.3161485195155,1.0
hospital,Kyankwanzi,Kiboga,Nsambya,39020.55854225159,0.7306305220875559,10,0.7740918051775822,0.11961831153606181,0.15161088534458148,1248.3680992126463,0.33391168005366734
hospital,Gulu,Aswa,Paicho,32308.110906600952,0.5675395301954569,8,0.6133954995459842,0.024405529546677067,0.06301891445916882,1247.5255222320557,0.20335547136138193
hospital,Napak,Bokora,Iriiri,37554.45788383484,1.746656816062302,4,1.9660456442340795,0.7167693014455824,0.7497006858648656,1236.7202892303467,0.8120998530402851
hospital,Buliisa,Buliisa,Kihungya,17313.819984436035,0.8504744994062603,4,0.9240635788157233,0.09791420465229372,0.16867062820317907,1225.0639801025393,0.9900114041686044
hospital,Kakumiro,Bugangaizi,Nkooko,52944.00360107422,0.3615649270264659,4,0.4705159281505915,0.0,0.02294789561962977,1214.953468322754,0.4178945027155392
hospital,Madi Okollo,Madi Okollo,Okollo,23398.967326164246,0.6167650843295762,8,0.6567590040024077,0.06904744140609961,0.12083764546848795,1211.8372926712034,0.2791399650118206
hospital,Nakasongola,Buruli,Nakitoma,17231.608241558075,0.8209824128389396,9,0.8665798928887134,0.18756302544963724,0.25745958734232155,1204.430171966553,0.4448873656436705
hospital,Kyankwanzi,Kiboga,Ntwetwe Town Council,13589.630950927734,0.7069000358220261,4,0.8662759404049285,0.0,0.0879556194635099,1195.284408569336,1.0
hospital,Kabarole,Burahya,Ruteete,22778.671184539795,0.5633256708695658,10,0.6369750026150554,0.1513163126468514,0.20334691441488462,1185.187969207764,0.293968873097036
hospital,Dokolo,Dokolo,Adok,18330.71028137207,0.6250170103379983,9,0.6914294293444379,0.018337446139071577,0.08220780893104339,1170.7891159057617,0.36594031904179075
hospital,Arua,Terego,Bileafe,28758.697313308716,0.3874508888435568,10,0.5069755702281021,0.0,0.04050066482809,1164.7463607788086,0.1377560161925627
hospital,Kasese,Busongora,Lake Katwe,31462.2121219337,0.5151838022249986,10,0.5643420279218168,0.049221835186144106,0.08567747513534027,1146.9750771224499,0.316480199697134
hospital,Kiruhura,Nyabushozi,Sanga,6184.831432532519,0.7985736854522111,4,0.9138490332793763,0.20431821832055702,0.38903546205701756,1142.4450151920316,0.7550767660175912
hospital,Nakasongola,Buruli,Kakooge,26282.245255470276,0.7843149537839216,4,0.8414677548527618,0.11439314907569229,0.1576999690670991,1138.200464248657,0.3999723274686029
hospital,Kyenjojo,Mwenge,Bufunjo,30002.88999938965,0.6566667068110129,4,0.772902568350897,0.0,0.03785386175355923,1135.7252502441406,0.6952547835994675
hospital,Kyotera,Kyotera,Kakuuto,45097.08751869202,0.6601720080605435,4,0.6970729800422955,0.04368310205918455,0.0681872756322771,1105.0668601989748,0.13997734236716253
hospital,Pader,Aruu,Angagura,11172.200420379639,1.0941836657210033,8,1.2089875425414474,0.5759821474100438,0.6709294250995456,1060.7700157165534,0.7773036399347096
hospital,Kaberamaido,Kaberamaido,Ochero,35480.360781908035,0.5947973639399096,9,0.6636396885771105,0.017677882823190487,0.04741718315448777,1055.1611051559448,0.32550066288830193
hospital,Kakumiro,Bugangaizi,Kikwaya,18402.511932373047,1.0953863184251416,4,1.339749303602927,0.9429099383811319,1.0,1050.6005401611326,1.0
hospital,Kasese,Busongora,Bugoye,44500.62691497803,1.235500253618709,4,1.4695550893248108,0.4881402627368834,0.5115228291470999,1040.5388641357424,0.6114774734470546
hospital,Lamwo,Lamwo,Palabek Gem,16773.91311597824,0.9411313425499324,8,1.0856426043153147,0.34651417639570686,0.4082804590772547,1036.0622591972347,0.7405196232390353
hospital,Kaabong,Dodoth,Lotim,5933.07596206665,0.6871230324992286,4,0.8177887362960435,0.0,0.17350856545291654,1029.4394989013672,0.9082045272521412
hospital,Isingiro,Bukanga,Mbaare,46942.29997634888,1.2769558971500097,4,1.3954978411585077,0.8740991142015795,0.8958243600528975,1019.8330078124968,0.9384747374850252
hospital,Nwoya,Nwoya,Koch-Goma,23263.043170928955,0.503106222629568,8,0.5797725804204472,0.003943217434515724,0.04766398937460528,1017.0782051086426,0.22877750970251887
hospital,Gomba,Gomba,Kyegonza,36084.57013940811,0.5671984810943592,4,0.6452650758408649,0.0046146035638616615,0.03253975410132584,1007.6670532226564,0.36638374711456634
hospital,Bududa,Manjiya,Bukalasi,18386.23944091797,0.7743227506698366,10,0.9445053850447046,0.2945785028447752,0.3493128988547466,1006.3597106933588,0.4401981502817418
hospital,Napak,Bokora,Lopeei,15433.682595729828,0.9374031654065581,4,1.04526136320529,0.35923569726238647,0.4238670757432493,997.5001811981197,0.6576968471364039
hospital,Sironko,Budadiri,Masaba,12925.13330078125,0.6624525764136183,5,0.7622061737219845,0.07756852508056747,0.15468601327212195,996.7538146972656,0.3264904404772784
hospital,Kasese,Bukonjo,Ihandiro,16937.803253173828,0.38763756304687225,4,0.4514608328166475,0.14163860707802675,0.19930280739737605,976.7048797607418,0.23986072814075557
hospital,Kole,Kole,Ayer,46633.66556549072,0.46166717537988666,8,0.5467834537451836,0.0,0.020825513760685067,971.1700439453124,0.4889603954532178
hospital,Mubende,Kasambya,Kigando,56207.0691986084,1.5805124316208692,4,1.7882925972848371,0.9828535791889498,1.0,963.750061035159,1.0
hospital,Kalungu,Kalungu,Bukulula,51361.6648375988,0.4459842403683048,4,0.498981985803989,0.013970594524239757,0.03255711686214218,954.6347308158875,0.11955373386079099
hospital,Kasese,Busongora,Buhuhira,24367.196319580078,0.716299966095801,10,0.823678075297895,0.013397765119085995,0.05257465058653362,954.630859375,0.7843494876700742
hospital,Amuria,Amuria,Wera,31844.62240600586,0.47149938333227853,8,0.5052963589925378,0.0,0.029713562266540695,946.217170715332,0.1283168897922591
hospital,Nakasongola,Buruli,Nakasongola Town Council,13452.167434692383,0.9887564124332913,4,0.9954675620566223,0.2986510321341481,0.3687241778452797,942.6356887817387,0.4569298648733192
hospital,Nakaseke,Nakaseke,Kinyogoga,15195.532357215881,1.2559105070649037,4,1.4170999919787401,0.8837567846844203,0.9451227722156333,932.4888491630539,0.9882982008717305
hospital,Bunyangabu,Bunyangabu,Kabonero,22812.85959625244,1.0290447037277788,10,1.2005742884807127,0.41583162109649335,0.4563629599357239,924.6357421874999,0.5526538021619297
hospital,Bushenyi,Igara,Kyamuhunga,26604.49137878418,0.4696196098340505,10,0.5249071202554171,0.11313618098067485,0.14781755323863602,922.6802692413327,0.2570414747441993
hospital,Buhweju,Buhweju,Bihanga,19397.72519683838,0.6189280423097537,4,0.7423182549659535,0.02009403869741386,0.06744029692079634,918.4097061157227,0.7604293425625148
hospital,Kitagwenda,Kitagwenda,Kanara,19056.24958229065,0.5765271025969407,4,0.6930805512726372,0.12257353643776853,0.17071921237659124,917.4760169982912,0.4744574469963197
hospital,Bulambuli,Bulambuli,Bunambutye,12294.55734539032,0.9801083881179449,5,1.235440593433111,0.3250632862309604,0.3991219733687555,910.518775939942,0.7603213678668811
hospital,Sironko,Budadiri,Bugitimwa,10169.611755371094,1.1863904828183578,10,1.441565326313054,0.5280160517065892,0.617155037778153,906.5088806152353,0.7047255314986169
hospital,Kyegegwa,Kyaka,Kakabara,84913.34777832031,1.1613823799711556,4,1.1978507877809814,0.9412480909116125,0.9519112533932351,905.4448242187551,0.9713090620609048
hospital,Omoro,Omoro,Odek,42940.51627922058,1.3160178420434279,8,1.5711054777244162,0.9789670217158477,1.0,903.1669464111345,1.0
hospital,Kaabong,Dodoth,Sidok,10349.00753325224,0.5693899010050819,8,0.7024249292271771,0.08923542235069404,0.17649717969801193,903.0725841522218,0.6724612749296569
hospital,Masaka,Bukoto,Kyanamukaaka,39890.512998104095,0.39241390595741016,4,0.5017750280716985,0.0,0.02234934635395411,891.5268912315369,0.28626952038914055
hospital,Nakasongola,Buruli,Wabinyonyi,24359.912755966187,1.13011037810864,4,1.181841248749224,0.6780693933938033,0.713832061309714,871.1754703521746,0.7724358013687064
hospital,Nebbi,Padyere,Kucwiny,40536.45157814026,0.362230647041321,10,0.41402267682601157,0.0,0.0213572367999165,865.7465953826904,0.25689125579547106
hospital,Katakwi,Toroma,Kapujan,18895.87553358078,0.6140953193347953,5,0.6865058526241318,0.021528515229295,0.06691424896341162,857.6031756401062,0.23322020162734436
hospital,Kabarole,Burahya,Hakibaale,36248.38620376587,0.5272951208908471,10,0.6098621438303926,0.06126495329281465,0.08489417863807314,856.5212860107425,0.21032929078995075
hospital,Mityana,Mityana,Kikandwa,35717.35859680176,0.7195723634094338,4,0.7930107136763828,0.0,0.02382623686940438,851.0102462768555,0.3434041516270806
hospital,Moyo,Moyo,Metu,26458.993967056274,0.46711437693709584,8,0.5469103061146573,0.07858531461751599,0.11044198028502052,842.8953247070311,0.22573709021198285
hospital,Bugiri,Bukooli,Iwemba,24095.55793762207,0.3601639405266037,4,0.49379528055573424,0.0,0.03465857898013787,835.1177978515625,0.20983798267432643
hospital,Buhweju,Buhweju,Nsiika Town Council,3931.9961853027344,0.8254932571058359,4,0.9559492396082809,0.0,0.2106274565286884,828.1863555908203,1.0
hospital,Kasese,Bukonjo,Kitholhu,19781.072784423828,0.4746589823934026,4,0.5370336959674746,0.14172734932044442,0.1835674676273149,827.6424255371089,0.2760529835907813
hospital,Bulambuli,Bulambuli,Bumasobo,11507.144729614258,1.187563817061675,5,1.4090908538685532,0.5765958039796673,0.6484717845313381,827.0873107910165,0.7679055231794845
hospital,Sheema,Sheema,Masheruka,16919.129455566406,0.8011263217782897,4,0.8768027637426383,0.0,0.04834907153986712,818.0242004394531,0.8016304184019758
hospital,Bushenyi,Igara,Bitooma,20498.300647735596,0.5513981604174463,10,0.6240695567463354,0.12355827836274937,0.16268099516265128,801.9492111206056,0.22150891740100753
hospital,Katakwi,Katakwi,Palam,17244.84257221222,0.6167297057298058,8,0.6806756374505801,0.126357721183338,0.1725011793283244,795.7366714477544,0.3137227735459597
hospital,Buvuma,Buvuma Island,Bweema,13734.580974578857,2.5646180746622065,4,3.3406273621873908,0.9426715677615773,1.0,787.381994724273,1.0
hospital,Kween,Kween,Kwanyiy,13879.410926818848,0.597276163257927,5,0.6648929201729289,0.0,0.05580511602616846,774.5421371459961,0.25564537468012855
hospital,Bulambuli,Bulambuli,Buluganya,13265.858978271484,0.5923972779229392,5,0.6933148630973712,0.08469630777341058,0.1430595879392559,774.2390441894532,0.2737935526741747
hospital,Rubirizi,Bunyaruguru,Kichwamba,21230.99140319228,0.7111832555639128,10,0.8439598509044735,0.26049911255028524,0.29632389830519945,760.595718383789,0.3680059993908538
hospital,Mayuge,Bunya,Kigandalo,32238.547912597656,0.7107021382402754,4,0.8526405621922203,0.0,0.02356690187697977,759.7626953125,0.862391310758897
hospital,Kasese,Bukonjo,Kisinga Town Council,29259.031661987305,0.1527938249768937,4,0.1851611766720967,0.008800102678882291,0.03461148801355933,755.2161407470703,0.09650943914402632
hospital,Bududa,Manjiya,Bumayoka,25578.428268432617,0.5223953829854,10,0.6263400331541152,0.12475335713614064,0.1540906302787607,750.4013366699218,0.19635714054018866
hospital,Bunyangabu,Bunyangabu,Katebwa,11085.578674316406,0.6221215183090322,4,0.7131202163007165,0.1686998094288431,0.2357971337724049,743.8126678466798,0.3681949676720784
hospital,Kumi,Kumi,Ongino,55309.397435605526,0.36382526445033925,4,0.46238915853692075,0.0770937065339065,0.09053239764622134,743.2859077453612,0.1684801113925771
hospital,Moroto,Matheniko,Tapac,18853.54852962494,1.437535926820673,4,1.7372604746965419,0.8575883984631705,0.8969397358297926,741.9123487472532,0.9716490240745329
hospital,Napak,Bokora,Matany,31200.95289993286,0.5172241621686239,4,0.5726534720385442,0.16987889345022994,0.19315122239456414,726.1188392639157,0.2602015239079711
hospital,Bundibugyo,Bughendera,Harugale,14383.831405639648,0.4694252796166387,4,0.5532300553802965,0.11930032264325975,0.16977967822980272,726.086540222168,0.3897926033733681
hospital,Luwero,Katikamu,Butuntumula,42684.84334945679,0.3830924083322464,4,0.4451623122598161,0.02941847456980065,0.046427415947811766,726.0239982604982,0.18761305537721434
hospital,Serere,Kasilo,Labori,26725.162882328033,1.2461729176670702,5,1.3975545229858783,0.9728674753931676,1.0,725.121139526368,1.0
hospital,Mukono,Nakifuma,Ntunda,20054.996166229248,0.4223539478885913,4,0.5077086856367858,0.018347245088020676,0.05413495064126505,717.722297668457,0.10714978383525443
hospital,Rubanda,Rubanda,Ruhija,12015.98212814331,0.6778980478217805,4,0.8196083196489442,0.007474794851134804,0.06670244444891306,711.6783790588379,0.984513348633071
hospital,Dokolo,Dokolo,Agwata,31520.12378835678,0.6279791764398948,9,0.6615598242224423,0.004856008160624308,0.027290268679021883,707.1306686401367,0.16455573291097905
hospital,Kanungu,Kinkizi,Mpungu,9674.742853164673,0.6644068975552369,4,0.7608074974795385,0.0039482783636326175,0.0759361711918368,696.4643516540527,0.7199578804196459
hospital,Pallisa,Pallisa,Chelekura,14415.935061454773,0.4989817574766231,4,0.6906483563971246,0.0,0.04788338493185026,690.2837677001953,0.7949674136575199
hospital,Namisindwa,Bubulo,Mukoto,10138.633224487305,0.4476055727553872,5,0.5951631144792842,0.03206837439377098,0.09634223601377959,651.6491088867188,0.278332423328881
hospital,Ntungamo,Ruhaama,Kafunjo-Mirama Town Council,28040.804496765137,0.772097153184252,4,0.8482807701155508,0.0,0.023208874389230038,650.7955093383789,1.0
hospital,Buikwe,Njeru Municipality,Wakisi Division,50409.68000411987,0.3111505155239318,4,0.3473475556257788,0.005091054717218842,0.017989091774033995,650.185920715332,0.06123574846663549
hospital,Napak,Bokora,Lokopo,27560.048692703247,1.61116836666401,4,1.8367312675189174,0.6763639262940836,0.6999332431372597,649.5715198516839,0.7647343892729872
hospital,Kiboga,Kiboga,Kapeke,20592.526410102844,0.3469216520201199,4,0.38415203815211174,0.019291381945407308,0.05081594812666884,649.1704616546632,0.16077046742419915
hospital,Kasese,Bukonjo,Kyondo,30954.107627868652,1.172851490731081,4,1.3959670691627013,0.50976432256438,0.5304710210833089,640.9573745727544,0.5782858177288995
hospital,Rubirizi,Bunyaruguru,Katunguru,5313.751313120127,0.7768363857092311,10,0.9049758846778851,0.27371152327833315,0.3930310446056703,634.0342631340027,0.6990817635726122
hospital,Bugiri,Bukooli,Nabukalu,47806.94073486328,0.3809270435543989,4,0.47633213013517156,0.0,0.013106275861576158,626.5709533691406,0.07902567931212826
hospital,Kasese,Bukonjo,Kisinga,20295.490234375,0.23020253932550191,4,0.28102013221756755,0.0,0.030720515140996437,623.4879150390625,0.11267388028349894
hospital,Kasese,Busongora,Kitswamba,25872.848083496094,0.5690055789219629,10,0.6168203764170664,0.05671252651000897,0.0806663975934574,619.754867553711,0.162400275623013
hospital,Bunyangabu,Bunyangabu,Kyamukube Town Council,14770.940994262695,0.46585032059760956,4,0.5253291622650844,0.05233845161538956,0.09402391090412536,615.7334594726562,0.199265346132323
hospital,Kapchorwa,Tingey,Chema,11688.856285095215,0.3238692513990476,5,0.3719263038372287,0.07499977819395386,0.1274265007882533,612.8084259033203,0.1764697296956482
hospital,Lamwo,Lamwo,Padibe East,10823.216095924377,0.5680057394072473,7,0.6378191189611845,0.0565310760315726,0.11223038341299912,602.8456401824951,0.27370057104401196
hospital,Kalaki,Kalaki,Kalaki,14748.245956420898,0.44880134868091554,8,0.6127256772013461,0.0,0.04062750425538834,599.1844253540039,0.5623613220432634
hospital,Kasese,Busongora,Karusandara,14506.31660079956,0.7183946595131768,4,0.8031894661886885,0.2574489959882412,0.2986425849619655,597.5672435760501,0.480891433871355
hospital,Kaberamaido,Kaberamaido,Kaberamaido,24986.99102973938,0.5640425855712734,9,0.7001057610589551,0.0011129940885308944,0.024829632125086872,592.607421875,0.45197078642229777
hospital,Napak,Bokora,Lotome,25460.117345809937,1.3457781976716587,4,1.5349093880089457,0.4798503722279669,0.5030259752935005,590.0535736083971,0.6049350402590442
hospital,Ntungamo,Ruhaama,Rweikiniro,35959.56935119629,0.5216771133003343,4,0.5833720150551444,0.005704066320410299,0.02198921309761211,585.6068649291992,0.2991426120804481
hospital,Kyenjojo,Mwenge,Butunduzi Town Council,17048.769371032715,1.047450590902005,10,1.0725031836003867,0.6888507963039788,0.7228146226816723,579.0414428710933,0.7635768358816576
hospital,Mbarara,Kashari,Bukiro,18910.51954650879,0.7275598993333958,4,0.8084464070646203,0.0,0.030216936926245806,571.4179763793945,0.7719716953221071
hospital,Rwampara,Rwampara,Mwizi,41732.03300476074,0.5079810690007249,4,0.5595713159138443,0.013041332486412465,0.026489727730960425,561.2288742065429,0.16700126729715253
hospital,Kibuku,Kibuku,Nankondo,13688.355934143066,0.4261544553637967,4,0.5743365269471489,0.0,0.03970155643666442,543.4490356445312,0.34765691259020576
hospital,Kasese,Bukonjo,Kyarumba,50368.6003036499,0.9188336346491596,4,1.1180284652469399,0.4234237808355159,0.4340827504541771,536.8773803710934,0.49887465764869005
hospital,Nakaseke,Nakaseke,Kapeeka,35000.16584777832,0.579234715291955,4,0.683244847545476,0.0,0.015315925611748625,536.0599365234375,0.25159942948076564
hospital,Serere,Kasilo,Kidetok Town Council,8198.428009033203,0.7547489545076496,5,0.8550212980486223,0.0,0.06489130761177767,532.0067138671875,0.7843755190495254
hospital,Dokolo,Dokolo,Kangai,21816.532592773438,0.6727382036120125,9,0.7816305402832153,0.0,0.024364620118723014,531.5515289306641,0.5783372729460748
hospital,Kaabong,Dodoth,Loyoro,4125.7807467877865,1.969445352174514,4,2.2842838977761164,0.6442553606865954,0.7728479585431803,530.5448644161226,0.9021520547073142
hospital,Omoro,Omoro,Bobi,40359.92247390747,0.5273532991106457,8,0.5769262037821072,0.005126353905897115,0.01818389453559859,527.0013275146484,0.12115789289558204
hospital,Nabilatuk,Pian,Lorengedwat,11843.317299842834,0.966280309126842,4,1.0332950957746834,0.35865942081612484,0.4028051700931414,522.8321161270142,0.4813740581064567
hospital,Kitgum,Chua,Mucwini,25669.1114654541,0.5882574334586665,7,0.6609051835547567,0.08994148022263283,0.11005732941538662,516.3559751510619,0.21100008503250076
hospital,Bukwo,Kongasis,Kamet,7596.548406600952,0.7219598880413813,5,0.8271423970428138,0.04138769987556511,0.10908371223878734,514.2560348510742,0.4174220250786784
hospital,Kyankwanzi,Kiboga,Kyankwanzi,7482.097409248352,1.1805589180616067,4,1.348693948252693,0.7757649089775035,0.8440951847607849,511.25377941131546,0.9687483774117349
hospital,Kyankwanzi,Kiboga,Butemba Town Council,20678.786569595337,0.7424014156859646,4,0.7694551801284939,0.10784054547288688,0.1324432739841773,508.75457191467257,0.23784065450713243
hospital,Masindi,Masindi Municipality,Karujubu Division,39823.81978416443,0.2458607590513065,4,0.277059912971211,0.021540136556627405,0.034158653094153446,502.51752853393555,0.0821001440721093
hospital,Pakwach,Jonam,Wadelai,33377.90926742554,1.4055926312670404,10,1.6325287508374957,0.9835033384321068,0.9984656064837866,499.4092254638673,1.0
hospital,Nwoya,Nwoya,Alero,30867.839805603027,0.4747139733998973,8,0.5926616144992325,0.0,0.0159188882044739,491.3816909790039,0.3509761992577877
hospital,Moroto,Matheniko,Rupa,18449.74299621582,1.1493908233567647,4,1.3232655296966533,0.5407814153605134,0.5672951941114013,489.1724038124098,0.6381188910509493
hospital,Rubirizi,Bunyaruguru,Rutoto,15634.208045959473,0.7769861094606504,10,0.8633101140682026,0.21145427160394462,0.24203829022113338,478.15690994262684,0.3173484637422781
hospital,Kyankwanzi,Kiboga,Bananywa,44911.49388885498,0.6749955919501902,10,0.7147293619849843,0.008594887879054868,0.0191920132564969,475.9327316284179,0.2507658210397438
hospital,Bududa,Manjiya,Nalwanza,14006.890197753906,0.29066746428906864,5,0.37281709449365885,0.0825001183390626,0.11645880653071618,475.6556167602539,0.14338525012424458
hospital,Amuru,Kilak,Lamogi,58777.33320426941,0.2876491390315612,8,0.33459916638671183,0.0,0.007980416930717516,469.0676250457764,0.0752714662409326
hospital,Namutumba,Busiki,Nangonde,24961.772958755493,0.6563158485727343,4,0.7264430153967538,0.01837789599652302,0.03665909834894321,456.33122253417963,0.1453004413906129
hospital,Butaleja,Bunyole,Budumba,29356.425567626953,0.39980073600039495,4,0.48499304099804286,0.0,0.015416653299306707,452.5778350830078,0.09560924283039082
hospital,Moroto,Matheniko,Katikekile,13040.986283302307,0.4456328973484628,4,0.5147911442879148,0.06175466225634156,0.0963761821427273,451.49876594543457,0.3625624207983973
hospital,Kasese,Busongora,Rugendabara,12431.0514793396,0.624722640487138,10,0.677847586502648,0.08638582504210199,0.12242530915135588,448.0086822509766,0.2856860064293619
hospital,Kitgum,Chua,Namokora,17554.537889957428,1.2107827028992129,8,1.3536958048629122,0.9604201033129218,0.9857830939129405,445.2355794906619,1.0
hospital,Kiboga,Kiboga,Muwanga,22940.71282196045,0.6748238345190883,4,0.7050489839453687,0.0,0.019393974111836295,444.91159057617193,0.14372148387680783
hospital,Amuria,Amuria,Asamuk,28404.786224365234,0.6816862412440409,5,0.7568648399115165,0.0,0.01557423649599226,442.3828582763672,0.34908153189854657
hospital,Nakasongola,Buruli,Nabisweera,21378.845115482807,1.328170261693679,4,1.4120922374539215,0.9110908643208036,0.931680837251817,440.1898422241212,0.9410978009644285
hospital,Kiboga,Kiboga,Kibiga,32494.69327545166,0.3296530074207384,4,0.4070553682139655,0.0,0.01354027031790939,439.98693084716797,0.12738180754962736
hospital,Kasese,Kasese Municipality,Bulembia Division,15725.641403198242,0.750957635490086,4,0.8908149421888262,0.4089571027534965,0.43649599922864024,433.0668106079105,0.4680323941989139
hospital,Katakwi,Katakwi,Ngariam,11482.671779632568,0.8825888997760193,8,1.0157016432573356,0.34528641916720065,0.3820322914061695,421.94079017639154,0.5353227591289995
hospital,Katakwi,Toroma,Toroma,15202.637140929699,0.6067835611424659,5,0.6861994011371325,0.018371062658543453,0.04594571853548588,419.20748758316034,0.35156979629109786
hospital,Kanungu,Kinkizi,Kihihi,21548.8174610734,0.7514667356476687,10,0.8199548555158362,0.15537725378026257,0.17458320759671517,413.865592956543,0.4129417131042476
hospital,Kasese,Busongora,Muhokya,26873.939007878304,0.9176191734734217,4,1.0043670178632367,0.42229230563508124,0.4376911193052404,413.82677936553995,0.4783758578468752
hospital,Oyam,Oyam,Loro,72454.9116973877,0.47479246004823655,8,0.5363944614153392,0.0015734544238894404,0.007226841713776251,409.6156768798828,0.22586871180832507
hospital,Mubende,Buwekula,Kitenga,85907.32238769531,1.290146825512735,4,1.374972146775611,0.9400742253368134,0.9448193928816921,407.64463806152725,0.9661671728766231
hospital,Namutumba,Busiki,Magada,34756.51708984375,0.6742473594919947,4,0.7689310307792382,0.0,0.011654431830996398,405.0674591064453,0.34131127867670163
hospital,Isingiro,Isingiro,Kabingo,35306.40502738953,0.5128768127368277,4,0.5453574788535989,0.012130139004269277,0.023567587508253357,403.8151893615723,0.13384724740572915
hospital,Serere,Kasilo,Kasilo Town Council,5630.78239440918,0.8048819505668152,5,0.8943921112176142,0.0,0.07045276576646313,396.7041931152343,1.0
hospital,Masindi,Bujenje,Budongo,37579.754888534546,0.5273889413454177,4,0.5830946528149454,0.007157259853920653,0.017547973770486797,390.48048210144054,0.18175825727928108
hospital,Kasese,Busongora,Kilembe,18937.030403137207,0.42992780325024843,4,0.5237075771903189,0.22565865938440455,0.24609064350199109,386.9211044311528,0.28066393283382396
hospital,Rwampara,Rwampara,Bugamba,43849.58260345459,0.5168519720056016,4,0.5784454093700023,0.0,0.008819772252033044,386.7433319091797,0.31038168611109623
hospital,Bududa,Manjiya,Bubiita,8613.599517822266,0.6616340170178463,5,0.8148333082148432,0.30082416544351825,0.3438681195060292,370.7633819580079,0.41224103595605166
hospital,Namutumba,Busiki,Kibaale,22998.5760345459,0.5172322702860569,4,0.619119001610983,0.0,0.016012465965825885,368.26391601562506,0.17561223058881065
hospital,Mpigi,Mawokota,Nkozi,53823.5986199379,0.1621501819799797,4,0.18322374745099199,0.0031251967471539258,0.009785586576633561,358.4861488342285,0.02525749080227872
hospital,Namutumba,Busiki,Nabweyo,19822.319244384766,0.5954128605627813,4,0.6987483604043174,0.0,0.017701477513954587,350.8843383789062,0.19747338105858564
hospital,Adjumani,East Moyo,Ukusijoni,13050.318315029144,1.5560191523018012,8,1.8638175965835757,0.5961473966950968,0.6228093459873653,347.94692516327,0.7623262640083733
hospital,Kazo,Kazo,Kazo,30558.69271850586,0.6749078255576364,4,0.75136238386131,0.0,0.011155235187480314,340.889404296875,0.6423593803213777
hospital,Serere,Serere,Olio,39144.69779968262,0.6370900214296616,5,0.7259181563617102,0.0,0.008661042461113513,339.0338897705078,0.2691551360002162
hospital,Katakwi,Toroma,Omodoi,21478.414124965668,0.475701007750055,8,0.5391810500177185,0.01173180860947944,0.027508875080425398,338.86636734008783,0.12896346460726948
hospital,Kapchorwa,Tingey,Munarya,7461.800506591797,0.5610945635931609,5,0.6602210413970088,0.22782807591558077,0.27287355063343277,336.12034606933605,0.3301945483408355
hospital,Kapchorwa,Tingey,Sipi,9903.427791595459,0.5896645175865326,5,0.6896601621160697,0.2398323142613161,0.2737222656154342,335.6266860961916,0.346712673325805
hospital,Lira,Erute,Ogur,47159.0358581543,0.5165798777683244,8,0.6247430513619091,0.0,0.007007367137329755,330.46067810058594,0.45250907109713256
hospital,Rubirizi,Bunyaruguru,Kyabakara,19222.22201538086,0.36140856963848994,10,0.45489688968977116,0.0,0.017139171365813232,329.45295715332037,0.31770969274096034
hospital,Kassanda,Kassanda,Nalutuntu,36926.99167251587,0.6109292325449359,4,0.6524803038908314,0.03668414013521195,0.0455556098238928,327.59668731689464,0.1935757979476828
hospital,Ntoroko,Ntoroko,Bweramule,6711.055184602737,0.7376274863476289,4,0.7874009641847175,0.1956993596075447,0.244097076006135,324.7997455596924,0.30901856662063415
hospital,Kazo,Kazo,Rwemikoma,32090.141450881958,0.3831887110447503,4,0.43790222329652856,0.0,0.010100219833407127,324.1174831390381,0.3014555746391209
hospital,Bulambuli,Bulambuli,Bumugibole,12157.583770751953,0.832464165414168,5,1.0038205984223598,0.3099394270097168,0.33659764118757,324.09947204589827,0.3790357242219455
hospital,Bundibugyo,Bughendera,Ntotoro,22565.700689315796,0.44595149312226207,4,0.4744893138881729,0.11396708689926147,0.12822835696521526,321.81555175781216,0.17185634757042037
hospital,Kween,Kween,Kaptum,12367.214546203613,0.39822429576303564,5,0.4400116994640303,0.0,0.025992724427876205,321.4575996398926,0.1248008189313068
hospital,Buikwe,Lugazi Municipality,Najjembe Division,42738.090854644775,0.16708016804885845,4,0.19305051191285488,0.0009895648026710796,0.00848044779845718,320.1460380554199,0.023351479802865623
hospital,Ibanda,Ibanda,Kicuzi,20381.76683807373,0.40828748370346185,4,0.5076258409552202,0.0,0.015648590871187713,318.94593048095703,0.2620893291465483
hospital,Wakiso,Busiro,Kasanje,49754.65843176842,0.34861269637855724,4,0.4328569345596324,0.0,0.006307273035458417,313.8162155151367,0.09884235429140516
hospital,Bundibugyo,Bughendera,Nduguto,5101.860061645508,0.5628406485086238,4,0.6695411037067762,0.12147053623622002,0.18248596125236174,311.2921600341797,0.33777110190270204
hospital,Nakaseke,Nakaseke,Ngoma,10785.244376659393,1.371365446968084,4,1.5819625741973706,0.9587704390994836,0.9874235317837303,309.0306067466728,1.0
hospital,Madi Okollo,Madi Okollo,Offaka,24615.67914581299,0.6074040689859229,8,0.6776022140028983,0.0,0.012521201100289692,308.21786880493164,0.41930322575721307
hospital,Pader,Aruu,Acholibur,18433.099254608154,0.6046368543026064,7,0.7174601542159045,0.0,0.01635992830701571,301.56418228149414,0.7291283887244181
hospital,Arua,Terego,Omugo,58665.605350494385,0.46890900856098605,10,0.524263400490257,0.0,0.005058605132968861,296.7661323547363,0.05998904585918716
hospital,Soroti,Soroti,Kamuda,58331.05244910717,0.25089287253825326,5,0.28780674187604394,0.00023441358117863147,0.0052300245796898515,291.39924716949463,0.07055672851465158
hospital,Bundibugyo,Bughendera,Butama-Mitunda Town Council,9511.804100036621,0.8351702632481857,4,0.9638678875533601,0.4068734979034418,0.43698138514601864,286.38032531738276,0.4990884045319065
hospital,Bundibugyo,Bwamba,Kisubba,21625.003005981445,0.3534142337449519,4,0.42294270106703247,0.06466323641656771,0.07765995282369752,281.0540313720705,0.15229780851848393
hospital,Kyankwanzi,Kiboga,Kyankwanzi Town Council,9270.121963500977,1.4208454782436113,4,1.67000786873009,0.9465146372501978,0.9765349772776164,278.29221343994067,0.9985714588034913
hospital,Dokolo,Dokolo,Adeknino,20447.17755174637,0.6792568480730491,9,0.750185306459535,0.006958118005420532,0.020169549084840525,270.1364769935608,0.4796159159701626
hospital,Masindi,Buruuli,Miirya,26222.341811180115,0.43096155270578795,10,0.46649753923495585,0.0014355858375348428,0.01162122408205801,267.09128761291504,0.09493457326426143
hospital,Kikuube,Buhaguzi,Bugambe,42435.24133682251,0.42046546976197285,10,0.4621089910082697,0.0030012349071638516,0.009256596451769832,265.44777679443365,0.0350555753620485
hospital,Hoima,Bugahya,Kyabigambire,57827.21684265137,0.4198443477406606,10,0.45234624881328955,0.0,0.004503194084105833,260.4071807861328,0.09924824212354623
hospital,Kiruhura,Nyabushozi,Kenshunga,34455.54885101318,0.29508900430855023,4,0.33910339042415194,0.0017629357809544463,0.009244788829948253,257.791353225708,0.13057197368917653
hospital,Bundibugyo,Bwamba,Tokwe,18901.031856536865,0.4038417976215846,4,0.4514080028310536,0.15518596870611984,0.1686670639204691,254.80661010742202,0.22223705008958605
hospital,Kagadi,Buyaga,Bwikara,64355.48806762695,0.4587732712454983,4,0.5349719148321557,0.0,0.003910476111849688,251.66059875488284,0.34245892224179736
hospital,Kiruhura,Nyabushozi,Kitura,21626.18263244629,0.681276382825574,4,0.7817629408309354,0.0,0.011545790227832873,249.69136810302734,0.8478459763350147
hospital,Nwoya,Nwoya,Purongo,10702.611783027649,0.42220220243565565,8,0.5412114386193771,0.006151764900938261,0.028624593981610814,240.51796531677246,0.2324579211633301
hospital,Kibuku,Kibuku,Lwamata,15006.391357421875,0.4749279749522133,4,0.558556161792224,0.0,0.016023556832774656,240.45576477050784,0.1737941710188297
hospital,Mpigi,Mawokota,Kituntu,28044.747619628906,0.27277135644569417,4,0.35392734947017096,0.0,0.008496607654203923,238.28521728515622,0.12880123007023436
hospital,Kaabong,Dodoth,Lodiko,7226.9960787296295,1.102227624345229,4,1.2913778078519362,0.42125891878561134,0.4533398125691879,231.84849357604978,0.5385127285273007
hospital,Kaabong,Dodoth,Kakamar,4570.5700051784515,0.29555368218497224,8,0.3691755613850538,0.03302829692209451,0.082546067260081,226.32443583011627,0.15972204889294137
hospital,Buliisa,Buliisa,Buliisa,25183.80124938488,0.45599618301309847,10,0.5140830955340596,0.07996422082501704,0.08887424839152032,224.38836336135893,0.18558278698418007
hospital,Kiruhura,Nyabushozi,Kanyaryeru,11037.008750915527,0.5015537347858043,4,0.5392725011984602,0.008068346051802278,0.028236103317559016,222.59171342849731,0.16506242526442141
hospital,Bundibugyo,Bwamba,Bubukwanga,17124.067405700684,0.27929295730387865,4,0.3044212170711798,0.04162287751610924,0.05454132123180681,221.2163009643555,0.12191702906337393
hospital,Kween,Kween,Kiriki,4218.087749481201,0.678769219788373,5,0.763567735010038,0.0,0.05049367852562612,212.98676681518555,0.41454465560342163
hospital,Buhweju,Buhweju,Nyakishana,24718.292861938477,0.7806787617387465,4,0.873105710200314,0.0,0.008520413528581369,210.61007690429688,0.8548034023234596
hospital,Madi Okollo,Madi Okollo,Ewanga,4677.307205200195,1.172604695679845,10,1.3079631239599883,0.9554976934627104,1.0,208.15095901489238,1.0
hospital,Ntungamo,Rushenyi,Ngoma,32257.20962524414,0.660969934102647,4,0.691234857177245,0.029172233007446438,0.03561939467423804,207.9674453735351,0.1953196148233066
hospital,Butaleja,Bunyole,Busabi,24289.188232421875,0.4489441695595273,4,0.6159962193970223,0.0,0.00842594557271259,204.65937805175784,0.4798949305857063
hospital,Kapchorwa,Kapchorwa Municipality,Western Division,26038.649810791016,0.22468223565997897,5,0.2602934846416961,0.03126827835040707,0.03907649760852315,203.3154869079591,0.08431686885526544
hospital,Lamwo,Lamwo,Padibe West,14975.72437286377,0.584236906766295,7,0.6477665782907343,0.004785294399470738,0.018341964070682844,203.0209484100342,0.24701662831313134
hospital,Moyo,Moyo,Moyo,22620.062229156494,0.21898159170715872,8,0.2731181476598622,0.004042326855094028,0.012880791677723784,199.9266242980957,0.11475731134861238
hospital,Pakwach,Jonam,Alwi,25335.8815574646,0.5209069629413435,10,0.5594276076943197,0.015946511725916046,0.02383561085734437,199.87728118896484,0.27516145249785307
hospital,Ntoroko,Ntoroko,Kibuuku Town Council,3165.9907331466675,0.7352310446975598,4,0.7684937546750134,0.07287690934542324,0.1357239905235112,198.97327661514282,0.26955890604426724
hospital,Kapelebyong,Kapelebyong,Kapelebyong,16541.43451309204,1.2132967675416617,8,1.4728783282756441,0.9881269779777431,1.0,196.39681625366262,1.0
hospital,Dokolo,Dokolo,Okwongodul,17184.2354888916,0.6935323427660173,9,0.8002555360451615,0.0,0.011278087595787025,193.80531311035156,0.6156311168039972
hospital,Amuria,Amuria,Willa,17892.153743743896,1.1892083820291568,8,1.3731139464871374,0.9893282147091266,1.0,190.94122314453202,1.0
hospital,Kween,Kween,Ngenge,13977.132230758667,0.38746873444492685,5,0.4850403482294393,0.016447644055165928,0.030057565563834297,190.22767257690427,0.27388891349914396
hospital,Mukono,Mukono,Ntenjeru,54706.09110850096,0.3873608455697797,4,0.43826306342003596,0.0,0.0034449724086682955,188.46097445487976,0.027836251527075615
hospital,Kakumiro,Bugangaizi,Bwanswa,26466.760231018066,0.42005342538120677,4,0.5505449828980045,0.0,0.007095843100063651,187.8039779663086,0.49588834822837585
hospital,Nwoya,Nwoya,Anaka Payira,21328.251541137695,0.3239812037447442,8,0.4236637409440278,0.0023336276594163666,0.01098556629657359,184.53072357177734,0.12209576480212804
hospital,Abim,Labwor,Nyakwae,23727.832263946533,1.6119396793710832,4,1.798692184616262,0.9899510997079316,0.9977169276587682,184.26626300811796,1.0
hospital,Kyankwanzi,Kiboga,Banda,2044.7940607070923,0.7152045886822316,4,0.8050439797388098,0.040654159574429846,0.12845418169042908,179.53296375274658,0.6680657417653996
hospital,Bundibugyo,Bughendera,Kagugu,3393.9133224487305,1.1300007396694802,4,1.302169140635524,0.5168679745663659,0.5687688295495265,176.14700317382818,0.6390425056855559
hospital,Dokolo,Dokolo,Okwalongwen,18621.803649902344,0.5998773384417256,8,0.727708070248747,0.0,0.008993229493614169,167.47015380859372,0.5951668202771442
hospital,Kotido,Jie,Panyangara,40365.13148498535,2.1332158132183463,7,2.506869542945996,0.9958850764515406,1.0,166.09943008422766,1.0
hospital,Kiryandongo,Kibanda,Kigumba,57823.981842041016,0.2803254474420974,4,0.30520730764602244,0.019075580031142222,0.021928553587829275,164.97029113769528,0.03396440823370955
hospital,Soroti,Soroti,Gweri,65969.35831451416,0.3436798150024809,5,0.38179818515648783,0.0,0.0024580486389660775,162.15589141845703,0.02187570990265165
hospital,Buliisa,Buliisa,Kigwera,19721.938551664352,0.255289522791775,10,0.28248837644045854,0.025229387399448203,0.033386257641605604,160.8692936897278,0.07738937634791355
hospital,Butaleja,Bunyole,Nawanjofu,27376.086669921875,0.3795138462427587,4,0.5208522512653831,0.0,0.005851243276578338,160.18414306640625,0.27491884574965725
hospital,Yumbe,Aringa,Kululu,54780.86754608154,0.37349851568720566,10,0.4237808455253227,0.00351842438285148,0.0063468813733956585,154.94532775878906,0.09899891588145966
hospital,Kassanda,Kassanda,Myanzi,30323.287378191948,0.4043293605550321,4,0.4351520297456791,0.012184913406925816,0.0172914661070682,154.84746503829956,0.09484684859038886
hospital,Bulambuli,Bulambuli,Masiira,15739.456115722656,0.8291304216351935,5,0.9838567297001554,0.3294733978133745,0.3390581621891134,150.8589782714844,0.3833817442091932
hospital,Namutumba,Busiki,Mazuba,30994.23405456543,0.6024216233207359,4,0.6712039308594149,0.0,0.004821953117704458,149.45274353027344,0.15600430860956227
hospital,Pader,Aruu,Puranga,23134.692176818848,1.3136618931011783,8,1.630166059736089,0.9935733742253039,1.0,148.67800903320432,1.0
hospital,Namisindwa,Bubulo,Bupoto,12157.500045776367,0.28835545596591045,5,0.3733593670692604,0.013539412469262482,0.02575269277965011,148.4829559326172,0.051521774559244934
hospital,Nakapiripirit,Chekwi,Kakomongole,31750.78133583069,1.5568210517326297,5,1.9227313391260046,0.9954528359674775,1.0,144.37601089477704,1.0
hospital,Kween,Kween,Benet,9998.985954284668,1.1847799627257645,5,1.434997366142921,0.4711468336403653,0.4855501416595294,144.01847457885773,0.5109777916650571
hospital,Kiruhura,Nyabushozi,Sanga Town Council,12506.486243963242,0.5095819157697292,4,0.5374479898544211,0.00038438973560329774,0.01165042594741119,140.89852690696716,0.09867258033604256
hospital,Pallisa,Pallisa,Kasodo,19254.082410812378,0.3038964226028233,4,0.42160368920476937,0.0,0.007070598887657603,136.1378936767578,0.1583073363334272
hospital,Nakapiripirit,Chekwi,Loregae,27009.0094165802,2.0753107210750317,5,2.575574544046876,0.9920827754154858,0.9970529074264269,134.23834228515477,1.0
hospital,Mityana,Mityana,Kalangaalo,37036.72993469238,0.6101433576771345,4,0.7155000351873245,0.0,0.0035702308364191984,132.22967529296875,0.5927958223966225
hospital,Oyam,Oyam,Oyam Town Council,15579.420753479004,0.7017795315386669,8,0.7762575687626175,0.0,0.008289693349261966,129.14862060546875,0.48948480028463026
hospital,Moyo,Moyo,Lefori,12832.509712219238,0.5389280759186911,8,0.6470525252451633,0.0,0.00998466013960751,128.12824821472168,0.6171660836504685
hospital,Bukwo,Kongasis,Tulel,8998.079814910889,0.6284298525573966,5,0.6929416394323795,0.0027579550247323883,0.01675772529279582,125.97105026245116,0.06913066819881775
hospital,Ssembabule,Mawogola,Lwebitakuli,79519.6490020752,0.4630032713347319,4,0.5184139268691483,0.0,0.0015699487554775105,124.8417739868164,0.12262125027858423
hospital,Soroti,Soroti,Arapai,53017.94624328613,0.28547797571966105,5,0.3233020454658184,0.0,0.0023427304411574724,124.20675659179688,0.09405538871504514
hospital,Bukwo,Kongasis,Chesower,4364.9068031311035,1.137903516491825,5,1.3101026959605313,0.4293592163951264,0.4573780419898662,122.29956245422356,0.5308145488815428
hospital,Oyam,Oyam,Aber,34072.49675369263,0.3240146472830653,8,0.3992750309596903,0.0,0.003445871199899446,117.4094352722168,0.2510130848031542
hospital,Bundibugyo,Bughendera,Sindila,10838.899085998535,2.2296747658287437,4,2.5624649485208297,0.8665976377765426,0.8770304652556148,113.08036422729552,0.8978444596024377
hospital,Kitagwenda,Kitagwenda,Mahyoro,39400.97274231911,0.5719715134882165,4,0.6739862312698494,0.000684425574023105,0.003512702183408083,111.43684959411623,0.6156552590071448
hospital,Lamwo,Lamwo,Palabek Ogili,11274.560351133347,1.6399208929786948,8,1.852368200069755,0.9903443307885723,1.0,108.86342525482158,1.0
hospital,Gomba,Gomba,Maddu,42457.12720489502,1.5974480152603092,4,1.8138774386430756,0.9974974872045251,1.0,106.24950408935378,1.0
hospital,Kakumiro,Bugangaizi,Kakumiro Town Council,14900.337265014648,0.4615403800969992,4,0.6038899638299629,0.0,0.0069359268037013705,103.34764862060547,0.7304273780604243
hospital,Rubirizi,Bunyaruguru,Ryeru,13219.030479431152,0.43074997667063164,10,0.5144229927189845,0.0,0.007521275150156097,99.42396545410156,0.06299609033014461
hospital,Moyo,Moyo,Laropi,8859.96650505066,0.5926898815309473,8,0.7031872935161398,0.0,0.011073520105436547,98.11101722717285,0.8869361239115265
hospital,Kapchorwa,Kapchorwa Municipality,Eastern Division,10064.98533821106,0.13753066811968548,5,0.1536416912788501,0.0033532947130532906,0.012947273827772887,96.56325912475587,0.024950058694243715
hospital,Madi Okollo,Madi Okollo,Rigbo,34653.30417180061,1.4162362874761123,10,1.715766086258388,0.9972733270289091,1.0,94.48822784423886,1.0
hospital,Soroti,Soroti,Katine,49267.48077464104,0.41385715455621175,5,0.45220648006170366,0.0,0.0018883398681460118,93.03374814987183,0.05756728779220535
hospital,Nakaseke,Nakaseke,Kinoni,8117.299370288849,1.389067930393145,4,1.5832339343197246,0.9866526003103155,0.9974457636107132,87.61133766174298,1.0
hospital,Mityana,KCCA,Central Division,33229.10221850872,0.06876906434023107,4,0.0838022080210567,0.0,0.0024627227188490784,81.83406496047974,0.00359969728800691
hospital,Mukono,Mukono,Mpatta,22599.047216415405,0.3826169714700122,4,0.4911917878055848,0.00010992445024898885,0.003575579381191205,78.32049942016602,0.07257696637767569
hospital,Kitgum,Chua,Labongo Akwang,18983.764944076538,0.2439597653929596,7,0.2742774752904832,0.0038773395953577996,0.007976462556229334,77.81678676605225,0.03537570280768395
hospital,Mityana,Busujju,Maanyi,25696.730026483536,0.5357729924398221,4,0.671260297123034,0.0037926185155230186,0.006771292288058283,76.54217576980592,0.669620714235918
hospital,Mukono,Nakifuma,Seeta Namuganga,50675.617820739746,0.33501827384996213,4,0.38339612314057775,0.0,0.0014397344846858013,72.95943450927734,0.01707169889699732
hospital,Ntoroko,Ntoroko,Rwebisengo,3853.2440371513367,1.2646508237988099,4,1.4266927737024615,0.9818397901272532,1.0,69.97572040557844,1.0
hospital,Adjumani,East Moyo,Pacara,18316.24676132202,0.394219686439138,8,0.48131638415719014,0.0,0.003755046743323239,68.77836275100708,0.33200769043687883
hospital,Nabilatuk,Pian,Nabilatuk,38188.76112365723,1.7693772030501584,4,2.000341821468204,0.979274951303555,0.9810578947610282,68.08840179443182,0.9860343564482988
hospital,Kamwenge,Kibale,Kahunge Town Council,21720.85509109497,0.4003336828220871,10,0.4244682901621945,0.0,0.0028543296979089082,61.99848175048828,0.020256386609217403
hospital,Kyankwanzi,Kiboga,Butemba,26395.297080993652,0.5643769739975507,4,0.5974442285104046,0.027687015781389577,0.02996317673635974,60.07994461059571,0.2009692169379246
hospital,Kyotera,Kyotera,Kasasa,21673.351818084717,0.40656870088270364,4,0.4377357870180393,0.0,0.0026936549455318292,58.38053131103516,0.04472534357032087
hospital,Zombo,Okoro,Atyak,29378.601036071777,0.4308435777349469,8,0.5057013881798159,0.0,0.0018162626831301103,53.359256744384766,0.20590182972123314
hospital,Mukono,Nakifuma,Nagojje,45456.87772369385,0.200269487062789,4,0.2307667014444851,0.0,0.0011149184939982745,50.68071365356445,0.004677883604869534
hospital,Amolatar,Kioga,Muntu,18702.474116802216,0.6000971839569657,9,0.6678603304517502,0.0014066983851816653,0.004072069450228548,49.84903335571288,0.28241267140270104
hospital,Nakasongola,Buruli,Kakooge Town Council,11258.728874206543,0.5090408161792684,4,0.5259024246777846,0.0,0.004327773740273873,48.7252311706543,0.037162865910048276
hospital,Obongi,Obongi,Obongi Town Council,2864.94402885437,0.7842458989784288,8,0.8509942041049676,0.008919640151178807,0.023073093274449147,40.548851013183594,0.9811482845901645
hospital,Kween,Kween,Kitawoi,11248.689037322998,0.34075083669459355,5,0.38345475638885995,0.04968897473237627,0.052789769756762826,34.879878997802784,0.06227624729323359
hospital,Buikwe,Buikwe,Ssi-Bukunja,31595.703545570374,0.3763179166867735,4,0.4670441803090457,0.0,0.0009481384486930393,29.957101345062256,0.1941977661414663
hospital,Kaabong,Dodoth,Lolelia,6503.145287156105,1.033527476543854,8,1.3554764205091276,0.49473911389526154,0.49932306310206953,29.810087680816356,0.6608717663902332
hospital,Napak,Bokora,Napak Town Council,2969.396198272705,0.6822610409442943,4,0.7189524367165356,0.05091721805100459,0.06068220872210257,28.996126174926765,0.2548360987990488
hospital,Ntoroko,Ntoroko,Karugutu,12076.561714172363,0.524289459731543,4,0.5457913112170624,0.007804399036497776,0.009881572381742284,25.08511209487915,0.03210691420338842
hospital,Kasese,Bukonjo,Nyakiyumbu,9050.173832535744,0.19992860087779168,4,0.22271296266777818,0.002788069622301026,0.005452895026412259,24.11713314056397,0.057873726902470043
hospital,Buikwe,Buikwe,Ngogwe,43922.75812506676,0.25887776371463156,4,0.3190959307358629,0.0,0.0005460973782557712,23.986103057861328,0.08455154691463611
hospital,Isingiro,Isingiro,Isingiro Town Council,35298.323525846004,0.5472983862939752,4,0.5611481429061295,0.009879429688975134,0.010505797768527045,22.10974311828619,0.05249982020641441
hospital,Kiboga,Kiboga,Lwamata,27040.96476173401,0.4144794691445187,4,0.43606556262633556,0.0,0.0007424064275906383,20.07538604736328,0.012580530855355633
hospital,Zombo,Okoro,Abanga,22856.434478759766,0.18916514928136965,9,0.2162855725638496,0.0,0.0,0.0,0.0
hospital,Amuria,Amuria,Abarilela,31706.83935546875,0.5584696664141646,8,0.6410548721452698,0.0,0.0,0.0,0.21130214766068176
hospital,Abim,Labwor,Abim,19212.4908618927,2.40448611624458,8,2.677569731890021,1.0,1.0,0.0,1.0
hospital,Abim,Labwor,Abim Town Council,26773.978561401367,1.9862794642946071,7,2.1739491217889637,1.0,1.0,0.0,1.0
hospital,Nebbi,Nebbi Municipality,Abindu Division,16662.509719848633,0.0658455116776871,9,0.07243626969635819,0.0,0.0,0.0,0.0
hospital,Koboko,Koboko,Abuku,20965.90087890625,0.5130419185433933,10,0.6121187140484659,0.0,0.0,0.0,0.10118267163955423
hospital,Oyam,Oyam,Acaba,38795.55989074707,0.5633281206454304,8,0.6837596103274411,0.0,0.0,0.0,0.415343218528956
hospital,Lira,Erute,Adekokwok,51492.51544189453,0.11237813067193417,8,0.124719917003338,0.0,0.0,0.0,0.0
hospital,Agago,Agago,Adilang,24852.907026290894,2.561862248085021,8,3.1707270345486442,1.0,1.0,0.0,1.0
hospital,Adjumani,East Moyo,Adjumani Town Council,37976.12615966797,0.02809372344491983,8,0.03260174834480053,0.0,0.0,0.0,0.0
hospital,Adjumani,East Moyo,Adropi,21138.781818389893,0.203032054496813,8,0.2280344086854821,0.0,0.0,0.0,0.004493952491185448
hospital,Arua,Ayivu,Adumi,37683.91668701172,0.2451080629234411,10,0.3117405651442564,0.0,0.0,0.0,0.0
hospital,Otuke,Otuke,Adwari,15508.00020980835,1.4527584269029612,8,1.81086846344384,1.0,1.0,0.0,1.0
hospital,Lira,Lira Municipality,Adyel Division,37581.715393066406,0.032323452180965676,8,0.034176413786238785,0.0,0.0,0.0,0.0
hospital,Agago,Agago,Agago Town Council,7267.604740142822,2.4829204051379365,8,3.231298767371537,1.0,1.0,0.0,1.0
hospital,Amolatar,Kioga,Agikdak,14748.52006149292,0.451010241113956,9,0.4991989711404659,0.0,0.0,0.0,0.043698669745188136
hospital,Lamwo,Lamwo,Agoro,21054.657979011536,1.573692685260287,7,1.723407645671361,1.0,1.0,0.0,1.0
hospital,Pallisa,Pallisa,Agule,25433.477346420288,0.3820078313241545,4,0.5362499280300033,0.0,0.0,0.0,0.30392033725935125
hospital,Apac,Apac Municipality,Agulu Division,17311.48748779297,0.17019612277588078,9,0.2119055206016143,0.0,0.0,0.0,0.00787101115538998
hospital,Arua,Terego,Aii-Vu,49674.47607421875,0.3136561695511447,10,0.34180504587572996,0.0,0.0,0.0,0.0
hospital,Zombo,Okoro,Akaa,18867.014373779297,0.4465756882817022,9,0.5162340600125842,0.0,0.0,0.0,0.0848585458762467
hospital,Kole,Kole,Akalo,45354.36729431152,0.33628589737344566,9,0.4039295241730892,0.0,0.0,0.0,0.17113374046198623
hospital,Apac,Apac Municipality,Akere Division,9959.79663848877,0.1638563899194042,9,0.19319060331553814,0.0,0.0,0.0,0.0
hospital,Pallisa,Pallisa,Akisim,19203.312774658203,0.37992485693560535,4,0.501993006117837,0.0,0.0,0.0,0.018687946585550782
hospital,Amolatar,Kioga,Akwon,10051.051177024841,0.29452212400847083,9,0.3377436747278069,0.0,0.0,0.0,0.0
hospital,Nebbi,Padyere,Akworo,32410.002433776855,0.5043500245242962,10,0.5712104958457463,0.0,0.0,0.0,0.34361996846614934
hospital,Zombo,Okoro,Alangi,21776.35888671875,0.6462290772534732,8,0.774634426655915,0.0,0.0,0.0,0.9114276696941653
hospital,Alebtong,Moroto,Alebtong Town Council,7900.213088989258,1.1116191459333784,8,1.3015520486918304,1.0,1.0,0.0,1.0
hospital,Abim,Labwor,Alerek,21179.802277565002,3.229257703129612,8,3.818149902047773,1.0,1.0,0.0,1.0
hospital,Kaberamaido,Kaberamaido,Alwa,31927.41854095459,0.36485598032272,9,0.4387626001108966,0.0,0.0,0.0,0.08378340668913034
hospital,Amolatar,Kioga,Amolatar Town Council,14022.976127624512,0.49372921069328374,9,0.5427664076324166,0.0,0.0,0.0,0.04379208806958448
hospital,Amudat,Pokot,Amudat Town Council,14082.183490753174,0.04152063717516419,4,0.05127976339266017,0.0,0.0,0.0,0.0
hospital,Kapchorwa,Tingey,Amukol,4137.244567871094,0.23615559042004888,5,0.23760982889759724,0.0,0.0,0.0,0.0
hospital,Dokolo,Dokolo,Amwoma,18277.95164489746,0.49723162138083443,9,0.5448070344169248,0.0,0.0,0.0,0.07546935307394316
hospital,Nwoya,Nwoya,Anaka Town Council,25266.2435836792,0.08495024369165692,8,0.10332764495667268,0.0,0.0,0.0,0.0
hospital,Kalaki,Kalaki,Anyara,30921.15825653076,0.42778696730945076,8,0.5153239128955359,0.0,0.0,0.0,0.09416222486257429
hospital,Madi Okollo,Madi Okollo,Anyiribu,10658.476976394653,0.31410061888737506,8,0.3393111878195737,0.0,0.0,0.0,0.06387273233216617
hospital,Apac,Maruzi,Apac,30979.599731445312,0.4063491255112581,9,0.5045478880023276,0.0,0.0,0.0,0.36145359241278047
hospital,Alebtong,Moroto,Apala,25356.029319763184,0.4785607020342468,8,0.5345675429938158,0.0,0.0,0.0,0.006016847820571989
hospital,Kalaki,Kalaki,Apapai,14753.463348388672,0.3699654694935794,8,0.392649842225725,0.0,0.0,0.0,0.0
hospital,Yumbe,Aringa,Apo,59237.895278930664,0.3379600490467861,10,0.40485096915584873,0.0,0.0,0.0,0.0
hospital,Pallisa,Pallisa,Apopong,36419.43772125244,0.27621436445718617,4,0.39212542337901596,0.0,0.0,0.0,0.07364317490796032
hospital,Amolatar,Kioga,Aputi,20584.18042743206,0.24680858808649578,9,0.27357270458704036,0.0,0.0,0.0,0.0
hospital,Arua,Vurra,Arivu,35747.125411987305,0.2767432748529558,10,0.3047949553533158,0.0,0.0,0.0,0.0
hospital,Apac,Apac Municipality,Arocha Division,16884.932189941406,0.18907938820101297,9,0.2272227554006236,0.0,0.0,0.0,0.012562362519204328
hospital,Arua,Ayivu,Aroi,30734.82992553711,0.216796726929923,10,0.23746515685301745,0.0,0.0,0.0,0.0
hospital,Arua,Arua Municipality,Arua Hill Division,32299.47021484375,0.017924737083658944,10,0.01989893953075745,0.0,0.0,0.0,0.0
hospital,Agago,Agago,Arum,14626.97401046753,1.651151589839476,8,2.062883985357518,1.0,1.0,0.0,1.0
hospital,Amolatar,Kioga,Arwotcek,22767.457080841064,0.38641750824749016,9,0.4319452185067722,0.0,0.0,0.0,0.018309431493779678
hospital,Soroti,Soroti,Asuret,53290.70416069031,0.2907450833631367,5,0.33594860646901753,0.0,0.0,0.0,0.010319067542003547
hospital,Nebbi,Padyere,Atego,13596.70751953125,0.19317409194114168,9,0.23273582007446872,0.0,0.0,0.0,0.08107006967808764
hospital,Zombo,Okoro,Athuma,30986.30125427246,0.22146788509396326,9,0.25325771669159575,0.0,0.0,0.0,0.0
hospital,Serere,Serere,Atiira,27274.87402820587,0.46709166967286014,5,0.5285638893544573,0.0,0.0,0.0,0.04720055003276704
hospital,Apac,Apac Municipality,Atik Division,11965.389892578125,0.13535300673764647,9,0.1652122982729869,0.0,0.0,0.0,0.0
hospital,Kumi,Kumi,Atutur,31480.33839416504,0.09488279905279104,5,0.11143122652452178,0.0,0.0,0.0,0.0
hospital,Abim,Labwor,Awach,14381.603191375732,2.376526919997121,8,2.6742090933210445,1.0,1.0,0.0,1.0
hospital,Amolatar,Kioga,Awelo,15828.476346731186,0.5702639061930356,9,0.6328680979126917,0.0,0.0,0.0,0.09696454458003681
hospital,Pader,Aruu,Awere,23233.961400985718,1.5348026288669636,8,1.9154636166124104,1.0,1.0,0.0,1.0
hospital,Arua,Ayivu,Ayivuni,29185.56478881836,0.31095851827197174,10,0.3875535935910591,0.0,0.0,0.0,0.0
hospital,Mubende,Kasambya,Bagezza,8784.611083984375,1.430148212615775,4,1.7467439408879792,1.0,1.0,0.0,1.0
hospital,Mayuge,Bunya,Baitambogwe,52990.85673522949,0.14722766927022396,4,0.18922929223772977,0.0,0.0,0.0,0.0
hospital,Kamuli,Bugabula,Balawoli,26009.485107421875,0.3209897361580588,4,0.3859777122949717,0.0,0.0,0.0,0.04493391615575639
hospital,Luwero,Bamunanika,Bamunanika,37641.34233093262,0.5100378508991892,4,0.5771223388304302,0.0,0.0,0.0,0.1701584887884964
hospital,Gulu,Gulu Municipality,Bar Dege Division,42489.71026611328,0.030912643307030186,8,0.03727610788600756,0.0,0.0,0.0,0.0
hospital,Mbarara,Kashari,Biharwe Division,27155.080291748047,0.17181670462065504,4,0.17965863559110626,0.0,0.0,0.0,0.0
hospital,Kween,Kween,Binyiny,6452.3073654174805,0.2549787060625359,5,0.28310134115745583,0.0,0.0,0.0,0.0
hospital,Kween,Kween,Binyiny Town Council,4534.4779052734375,0.17763060071973966,5,0.180446634996183,0.0,0.0,0.0,0.0
hospital,Isingiro,Isingiro,Birere,27980.503143310547,0.19365245041257592,4,0.20569243019977437,0.0,0.0,0.0,0.0
hospital,Ibanda,Ibanda Municipality,Bisheshe Division,40198.98294067383,0.31858651067244687,4,0.35620447346660544,0.0,0.0,0.0,0.0
hospital,Mitooma,Ruhinda,Bitereko,32733.822509765625,0.4108716620605461,4,0.446143364663043,0.0,0.0,0.0,0.0
hospital,Buhweju,Buhweju,Bitsya,19918.768783569336,0.6423977005802712,4,0.7721644240301602,0.0,0.0,0.0,0.8926377300628608
hospital,Luwero,Katikamu,Bombo Town Council,31932.478393554688,0.2592079607784982,4,0.26622282562171196,0.0,0.0,0.0,0.0
hospital,Mbarara,Kashari,Bubaare,28215.943565368652,0.33103803037690543,4,0.35970144787903463,0.0,0.0,0.0,0.025744211698730014
hospital,Rubanda,Rubanda,Bubaare,40860.58520531654,0.14964294824719573,4,0.1683608880017333,0.0,0.0,0.0,0.0
hospital,Bundibugyo,Bwamba,Bubandi,10372.780639648438,0.23653372397830105,4,0.2408851991407195,0.0,0.0,0.0,0.0
hospital,Kalangala,Kyamuswa,Bubeke,6712.846569061279,,1,,1.0,1.0,0.0,1.0
hospital,Namisindwa,Bubulo,Bubutu,27820.259185791016,0.27469985148965625,5,0.34680117813096506,0.0,0.0,0.0,0.0
hospital,Mbale,Bungokho,Bubyangu,28108.553802490234,0.3503603587129142,5,0.43322466576562196,0.0,0.0,0.0,0.0
hospital,Sironko,Budadiri,Budadiri Town Council,16920.853515625,0.3752184260414675,5,0.39921322380505836,0.0,0.0,0.0,0.0
hospital,Budaka,Budaka,Budaka,14736.063690185547,0.2529160692968507,4,0.31854841390945154,0.0,0.0,0.0,0.0
hospital,Budaka,Budaka,Budaka Town Council,34977.728759765625,0.19613867142763167,4,0.25172656459683057,0.0,0.0,0.0,0.0
hospital,Butambala,Butambala,Budde,15683.366813659668,0.28668756115512845,4,0.3209108989595053,0.0,0.0,0.0,0.0
hospital,Jinja,Kagoma,Budondo,62894.72702026367,0.2430608482196756,4,0.2910465899192825,0.0,0.0,0.0,0.0
hospital,Bududa,Manjiya,Bududa,16918.82208251953,0.13697073624453313,5,0.17660977618765947,0.0,0.0,0.0,0.0
hospital,Bududa,Manjiya,Bududa Town Council,6840.655029296875,0.032771892562056315,5,0.03872936023702923,0.0,0.0,0.0,0.0
hospital,Mbale,Bungokho,Budwale,9876.285583496094,0.2541667002658232,5,0.2796479516201697,0.0,0.0,0.0,0.0
hospital,Mbale,Bungokho,Bufumbo,20954.404907226562,0.27736774205021353,5,0.3148189995128153,0.0,0.0,0.0,0.0
hospital,Kalangala,Kyamuswa,Bufumira,13682.31707572937,,1,,1.0,1.0,0.0,1.0
hospital,Ibanda,Ibanda Municipality,Bufunda Division,37949.23878479004,0.25526010253094944,4,0.2737128732570616,0.0,0.0,0.0,0.0
hospital,Rubanda,Rubanda,Bufundi,28016.45799922943,0.46357020318975845,4,0.5677676038640068,0.0,0.0,0.0,0.278671801420547
hospital,Kyenjojo,Mwenge,Bugaaki,41719.91068267822,0.39953446509223983,10,0.4237520222452112,0.0,0.0,0.0,0.0047909282357712114
hospital,Rukungiri,Bujumbura,Bugangari,35417.464668273926,0.28047333650385753,4,0.29789298491909727,0.0,0.0,0.0,0.0
hospital,Bundibugyo,Bwamba,Buganikire Town Councili,3147.8161010742188,0.134636986497999,4,0.15002375614273686,0.0,0.0,0.0,0.0
hospital,Buvuma,Buvuma Island,Bugaya,7657.361080408096,,1,,1.0,1.0,0.0,1.0
hospital,Jinja,Butembe,Bugembe Town Council,44847.125,0.03388277621767041,4,0.037108387434786796,0.0,0.0,0.0,0.0
hospital,Bulambuli,Bulambuli,Buginyanya,7314.27685546875,0.3790565729794674,5,0.4137748197110278,0.0,0.0,0.0,0.0
hospital,Manafwa,Bubulo,Bugobero,17963.63720703125,0.4360821660239824,4,0.4824337960132912,0.0,0.0,0.0,0.0
hospital,Sheema,Sheema,Bugongi Town Council,14134.360160827637,0.3929893433475042,4,0.4607217077125073,0.0,0.0,0.0,0.010638692328325677
hospital,Kamuli,Buzaaya,Bugulumbya,46489.1423034668,0.40165827692090295,4,0.46857481428321474,0.0,0.0,0.0,0.0
hospital,Bugweri,Bugweri,Bugweri Town Council,21837.946685791016,0.2556010292925062,4,0.2613281081876805,0.0,0.0,0.0,0.0
hospital,Kitagwenda,Kitagwenda,Buhanda,33388.83949279785,0.33705317219936215,4,0.37368730079755297,0.0,0.0,0.0,0.0
hospital,Hoima,Bugahya,Buhanika,20558.44383621216,0.32088127403696254,10,0.33580604730825525,0.0,0.0,0.0,0.0
hospital,Kabale,Ndorwa,Buhara,28787.006088256836,0.2648602648253259,4,0.2863121784033422,0.0,0.0,0.0,0.0
hospital,Bunyangabu,Bunyangabu,Buheesi,10618.002227783203,0.19593673760513458,10,0.23003086679659673,0.0,0.0,0.0,0.0
hospital,Bunyangabu,Bunyangabu,Buheesi Town Council,22103.97119140625,0.21822015548535628,4,0.23583016401836093,0.0,0.0,0.0,0.0
hospital,Busia,Samia-Bugwe,Buhehe,23660.631408691406,0.22127545640308788,4,0.28180128372824104,0.0,0.0,0.0,0.0
hospital,Kikuube,Buhaguzi,Buhimba,40923.60939025879,0.40172547844769246,10,0.4433079596491724,0.0,0.0,0.0,0.11559109394326426
hospital,Kikuube,Buhaguzi,Buhimba Town Council,13374.050064086914,0.20722247058123083,10,0.2160914247487597,0.0,0.0,0.0,0.0
hospital,Sironko,Budadiri,Buhugu,15424.041717529297,0.34409698323196114,5,0.3681131473349167,0.0,0.0,0.0,0.0
hospital,Rukungiri,Bujumbura,Buhunga,26681.253219604492,0.29740838024601335,4,0.3401193279391122,0.0,0.0,0.0,0.0
hospital,Buikwe,Buikwe,Buikwe,21293.386291503906,0.17088671924698154,4,0.20732726489438746,0.0,0.0,0.0,0.0
hospital,Buikwe,Buikwe,Buikwe Town Council,20295.416107177734,0.045839868613453134,4,0.056322158673390736,0.0,0.0,0.0,0.0
hospital,Kalangala,Bujumba,Bujumba,15645.810626000166,,1,,1.0,1.0,0.0,1.0
hospital,Hoima,Hoima Municipality,Bujumbura Division,32147.048797607422,0.09682794914549299,10,0.10220245419968962,0.0,0.0,0.0,0.0
hospital,Namayingo,Bukooli,Bukana,13245.957217216492,1.1067398764878604,4,1.4153969328138372,1.0,1.0,0.0,1.0
hospital,Luuka,Luuka,Bukanga,50115.00735473633,0.36687801316325286,4,0.42297848225667395,0.0,0.0,0.0,0.0
hospital,Mbale,Bungokho,Bukasakya,29584.464965820312,0.060947664152272214,4,0.06863542130789858,0.0,0.0,0.0,0.0
hospital,Bukedea,Bukedea,Bukedea,41781.29776763916,0.305142232217744,4,0.34319063404993555,0.0,0.0,0.0,0.0026619215371307863
hospital,Bukedea,Bukedea,Bukedea Town Council,9931.665817260742,0.1645054584960223,4,0.17799918963514846,0.0,0.0,0.0,0.0
hospital,Namisindwa,Bubulo,Bukhabusi,12489.441284179688,0.21225914450617642,5,0.2580130329910146,0.0,0.0,0.0,0.0
hospital,Bulambuli,Bulambuli,Bukhalu,35853.627853393555,0.33498148688386886,5,0.3664722741823137,0.0,0.0,0.0,0.020397084124689432
hospital,Namisindwa,Bubulo,Bukhaweka,11005.821411132812,0.2769175605064707,5,0.3329602434919886,0.0,0.0,0.0,0.0
hospital,Manafwa,Bubulo,Bukhofu,8945.236083984375,0.408584147655635,5,0.4904513095567519,0.0,0.0,0.0,0.0
hospital,Sironko,Budadiri,Bukhulo,21715.346710205078,0.06606688525470222,4,0.07052356800690315,0.0,0.0,0.0,0.0
hospital,Namisindwa,Bubulo,Bukiabi,10061.109130859375,0.12665548569650587,5,0.1549897337682665,0.0,0.0,0.0,0.0
hospital,Bududa,Manjiya,Bukibokolo,16033.520263671875,0.1689826925048907,5,0.1922639912735219,0.0,0.0,0.0,0.0
hospital,Mbale,Bungokho,Bukiende,30119.201171875,0.2681954237491758,4,0.30090031676235157,0.0,0.0,0.0,0.0
hospital,Bududa,Manjiya,Bukigai,24537.0009765625,0.11812263666439746,5,0.16283570922258303,0.0,0.0,0.0,0.0
hospital,Sironko,Budadiri,Bukiise,26014.812408447266,0.2426096508601075,5,0.2565888661256517,0.0,0.0,0.0,0.0
hospital,Kisoro,Bufumbira,Bukimbiri,20767.871658325195,0.3467370496620352,4,0.44832610716421345,0.0,0.0,0.0,0.24724885503398597
hospital,Rukiga,Rukiga,Bukinda,6713.665061950684,0.346607699391935,4,0.3648382305369198,0.0,0.0,0.0,0.0
hospital,Sironko,Budadiri,Bukiyi,19443.296966552734,0.09998259626951644,4,0.1155994672553627,0.0,0.0,0.0,0.0
hospital,Namisindwa,Bubulo,Bukokho,23292.731170654297,0.0928054376323892,5,0.10917155225989128,0.0,0.0,0.0,0.0
hospital,Bukomansimbi,Bukomansimbi,Bukomansimbi Town Council,11182.332061767578,0.49719424716874094,4,0.648442516234884,0.0,0.0,0.0,0.8909642260467534
hospital,Kiboga,Kiboga,Bukomero Town Council,17446.532585144043,0.6836500575232574,4,0.6899616281119587,0.0,0.0,0.0,0.0
hospital,Mbale,Bungokho,Bukonde,26387.530334472656,0.20343650350527043,4,0.23139306799465725,0.0,0.0,0.0,0.0
hospital,Bundibugyo,Bughendera,Bukonzo,16517.891593933105,0.2696209222059436,4,0.33278583430902225,0.0,0.0,0.0,0.09167394031609089
hospital,Luuka,Luuka,Bukooma,48007.011642456055,0.5210324020599082,4,0.6084339574828133,0.0,0.0,0.0,0.09922826071604954
hospital,Rukungiri,Bujumbura,Bukurungu Town Council,3805.3712463378906,0.39703733015601006,4,0.40389917638898903,0.0,0.0,0.0,0.0
hospital,Manafwa,Bubulo,Bukusu,14487.045501708984,0.3243867206175549,5,0.3997915973048662,0.0,0.0,0.0,0.0
hospital,Kabarole,Burahya,Bukuuku,15173.896514892578,0.15207372123956722,4,0.16818044778338234,0.0,0.0,0.0,0.0
hospital,Sironko,Budadiri,Bukyabo,8902.933349609375,0.4553192763792198,5,0.5260804128140232,0.0,0.0,0.0,0.0
hospital,Sironko,Budadiri,Bukyambi,6676.4561767578125,0.4196567872531849,5,0.4696754875970241,0.0,0.0,0.0,0.0
hospital,Bulambuli,Bulambuli,Bulambuli Town Council,8113.130859375,0.3265195260149485,5,0.3294404287460798,0.0,0.0,0.0,0.0
hospital,Iganga,Kigulu,Bulamogi,40654.347412109375,0.10458837272134001,4,0.11635951600201655,0.0,0.0,0.0,0.0
hospital,Kibuku,Kibuku,Bulangira,18457.216827392578,0.4047204129592665,4,0.5020870465659663,0.0,0.0,0.0,0.0
hospital,Bulambuli,Bulambuli,Bulegeni,7814.6966552734375,0.3313143299985261,5,0.3376683499022779,0.0,0.0,0.0,0.0
hospital,Bulambuli,Bulambuli,Bulegeni Town Council,15142.845947265625,0.32976852180824373,5,0.3403714527212357,0.0,0.0,0.0,0.0
hospital,Mityana,Mityana,Bulera,37118.95916748047,0.30996471257748254,4,0.3595379212661818,0.0,0.0,0.0,0.03527231113453861
hospital,Bugiri,Bukooli,Bulesa,52484.27752685547,0.3545661314698477,4,0.3934444609977288,0.0,0.0,0.0,0.0
hospital,Buliisa,Buliisa,Buliisa Town Council,10703.357995033264,0.06445270676626412,10,0.0721943782582404,0.0,0.0,0.0,0.0
hospital,Butambala,Butambala,Bulo,22103.048225402832,0.32703332935893964,4,0.3734568680705965,0.0,0.0,0.0,0.0
hospital,Luuka,Luuka,Bulongo,36263.12615966797,0.45196126537679454,4,0.522181468046679,0.0,0.0,0.0,0.0
hospital,Kamuli,Bugabula,Bulopa,33833.56330871582,0.4431125012231069,4,0.5201799949295483,0.0,0.0,0.0,0.0
hospital,Bududa,Manjiya,Bulucheke,21941.891967773438,0.3034742617274964,5,0.40863141616639875,0.0,0.0,0.0,0.11223259706302456
hospital,Busia,Samia-Bugwe,Bulumbi,17553.279708862305,0.2637075035101529,4,0.3200137090178976,0.0,0.0,0.0,0.0
hospital,Sironko,Budadiri,Bumalimba,15983.755004882812,0.35951366591880735,5,0.40994709421565984,0.0,0.0,0.0,0.0
hospital,Bududa,Manjiya,Bumasheti,17778.630859375,0.13518319891596653,5,0.16745034144810322,0.0,0.0,0.0,0.0
hospital,Sironko,Budadiri,Bumasifwa,12736.778442382812,0.5275423829102784,5,0.5894502331398278,0.0,0.0,0.0,0.01996012274868866
hospital,Mbale,Bungokho,Bumasikye,15536.211486816406,0.2636355304842647,4,0.3168702739366336,0.0,0.0,0.0,0.0
hospital,Bushenyi,Igara,Bumbaire,17186.173263549805,0.20062928173087444,4,0.21491422804180957,0.0,0.0,0.0,0.0
hospital,Namisindwa,Bubulo,Bumbo,20659.120239257812,0.072562078601759,5,0.09593995527859941,0.0,0.0,0.0,0.0
hospital,Mbale,Bungokho,Bumbobi,21867.29327392578,0.1864123214415457,4,0.21040087123923631,0.0,0.0,0.0,0.0
hospital,Namisindwa,Bubulo,Bumwoni,23127.866638183594,0.1373635991595949,5,0.17961418090544012,0.0,0.0,0.0,0.0
hospital,Manafwa,Bubulo,Bunabwana,13184.102081298828,0.3793724812650572,4,0.49673772814629824,0.0,0.0,0.0,0.0
hospital,Wakiso,Makindye Ssabagabo Municipality,Bunamwaya Division,102071.23291015625,0.06462839232704637,4,0.06566286997714987,0.0,0.0,0.0,0.0
hospital,Bundibugyo,Bwamba,Bundibugyo Town Council,22981.283325195312,0.028903987495755522,4,0.03402090706282916,0.0,0.0,0.0,0.0
hospital,Bundibugyo,Bwamba,Bundingoma,4408.181701660156,0.25440118350986934,4,0.26614564240900207,0.0,0.0,0.0,0.0
hospital,Gulu,Aswa,Bungatira,48179.60131454468,0.1936832599938366,8,0.25558452802351483,0.0,0.0,0.0,0.09802172353580549
hospital,Mbale,Bungokho,Bungokho,39345.933197021484,0.1456273804597927,4,0.17065853063675504,0.0,0.0,0.0,0.0
hospital,Mbale,Bungokho,Bungokho Mutoto,34794.840576171875,0.09621283738430049,4,0.10313745126198925,0.0,0.0,0.0,0.0
hospital,Sironko,Budadiri,Bunyafa,13820.596008300781,0.323642972274498,5,0.387318272846379,0.0,0.0,0.0,0.0
hospital,Manafwa,Bubulo,Bunyinza Town Council,1576.8723754882812,0.42750551050284197,4,0.5667013522595039,0.0,0.0,0.0,0.0
hospital,Kazo,Kazo,Buremba,28332.59897994995,0.5876278254358326,4,0.6375513226128106,0.0,0.0,0.0,0.21844409635728204
hospital,Bundibugyo,Bughendera,Burondo,3335.4355087280273,0.47558185551533916,4,0.4819784147217328,0.0,0.0,0.0,0.0
hospital,Kagadi,Buyaga,Burora,19591.225051879883,0.4859753006576016,4,0.5390207977672944,0.0,0.0,0.0,0.1392509018352064
hospital,Kazo,Kazo,Burunga,32402.376712799072,0.2944490595331551,4,0.32408761793078295,0.0,0.0,0.0,0.02781197453717507
hospital,Kayunga,Ntenjeru,Busaana,67822.95178222656,0.36961748069776396,4,0.44518794064272516,0.0,0.0,0.0,0.024855227526576807
hospital,Butaleja,Bunyole,Busaba,32718.35612487793,0.3127461976762037,4,0.40857255011754223,0.0,0.0,0.0,0.17568881050362714
hospital,Mayuge,Bunya,Busakira,39704.97183227539,0.5708489950141293,4,0.6922831246372819,0.0,0.0,0.0,0.3743844092651642
hospital,Buvuma,Buvuma Island,Busamuzi,25435.242619514465,1.3248051095452624,4,1.7024634204030933,1.0,1.0,0.0,1.0
hospital,Mbale,Bungokho,Busano,20481.35772705078,0.32645987457139436,5,0.3882161236237655,0.0,0.0,0.0,0.019092743938896296
hospital,Kisoro,Bufumbira,Busanza,18806.428457260132,0.42584974457365016,10,0.5179523306934263,0.0,0.0,0.0,0.16780999238548214
hospital,Bundibugyo,Bwamba,Busaru,16020.762481689453,0.09295052830783257,4,0.10755639839942593,0.0,0.0,0.0,0.0
hospital,Jinja,Butembe,Busedde,43353.5167388916,0.2937288083007723,4,0.37187165416982676,0.0,0.0,0.0,0.0
hospital,Bugweri,Bugweri,Busembatia Town Council,17035.16619873047,0.42685576694014,4,0.42962005723959523,0.0,0.0,0.0,0.0
hospital,Kibuku,Kibuku,Buseta,11896.770874023438,0.3661591526481748,4,0.47080163562364846,0.0,0.0,0.0,0.0
hospital,Bududa,Manjiya,Bushika,38343.24694824219,0.21903920763959414,5,0.295809093089326,0.0,0.0,0.0,0.0
hospital,Bududa,Manjiya,Bushiribo,16800.742919921875,0.08342314812864784,5,0.113615582006666,0.0,0.0,0.0,0.0
hospital,Hoima,Hoima Municipality,Busiisi Division,27872.45083618164,0.11413937465983863,10,0.12352985440202137,0.0,0.0,0.0,0.0
hospital,Mityana,Mityana Municipality,Busimbi Division,56181.38063764572,0.06997249889892608,4,0.0754873076576512,0.0,0.0,0.0,0.0
hospital,Busia,Samia-Bugwe,Busime,24336.406295776367,0.5241936288326943,4,0.6268265201900787,0.0,0.0,0.0,0.20817566225617506
hospital,Busia,Samia-Bugwe,Busitema,24669.329666137695,0.3763925104033615,4,0.42381639294004475,0.0,0.0,0.0,0.0
hospital,Mbale,Bungokho,Busiu,19482.891326904297,0.15450954880964388,4,0.20201918084258966,0.0,0.0,0.0,0.0
hospital,Mbale,Bungokho,Busiu Town Council,11384.221405029297,0.15150307325328413,4,0.20255701464863832,0.0,0.0,0.0,0.0
hospital,Mbale,Bungokho,Busoba,26777.971282958984,0.15922431098099063,4,0.20063342760406452,0.0,0.0,0.0,0.0
hospital,Butaleja,Bunyole,Busolwe,19910.46762084961,0.16474701817311965,4,0.20553997765134555,0.0,0.0,0.0,0.0
hospital,Butaleja,Bunyole,Busolwe Town Council,22651.93212890625,0.04349174099128258,4,0.052817923217228675,0.0,0.0,0.0,0.0
hospital,Kabarole,Burahya,Busoro,32664.159118652344,0.18137634441619804,10,0.20254811943547085,0.0,0.0,0.0,0.0073406066035707415
hospital,Wakiso,Nansana Municipality,Busukuma Division,64853.25971984863,0.2809092171674797,4,0.33025825401720915,0.0,0.0,0.0,0.0
hospital,Manafwa,Bubulo,Busukuya,15291.715087890625,0.4032493223090736,4,0.44696078295654035,0.0,0.0,0.0,0.0
hospital,Sironko,Budadiri,Busulani,11819.760223388672,0.4678220386604196,5,0.5188111716900538,0.0,0.0,0.0,0.0
hospital,Bundibugyo,Bwamba,Busunga Town Council,10236.605407714844,0.27240633601183556,4,0.27634185882362633,0.0,0.0,0.0,0.0
hospital,Mityana,Mityana,Busunju Town Council,15180.185348510742,0.5579553657045223,4,0.612660231260082,0.0,0.0,0.0,0.052605519653594494
hospital,Namayingo,Bukooli,Buswale,37529.19958496094,0.5386102461987237,4,0.6459567010295478,0.0,0.0,0.0,0.10312974911986095
hospital,Jinja,Kagoma,Butagaya,62247.57116699219,0.2443897788385255,4,0.28513012145325434,0.0,0.0,0.0,0.0
hospital,Nakaseke,Nakaseke,Butalangu Town Council,5161.276152610779,0.3466386512934267,4,0.3936843864036682,0.0,0.0,0.0,0.030192793381285554
hospital,Butaleja,Bunyole,Butaleja,21340.977767944336,0.1762373886495627,4,0.2373370291094073,0.0,0.0,0.0,0.0
hospital,Butaleja,Bunyole,Butaleja Town Council,23924.380432128906,0.2603577697512289,4,0.34632584590477883,0.0,0.0,0.0,0.0
hospital,Kabale,Ndorwa,Butanda,17046.512283325195,0.5698701025155652,4,0.6919474306105735,0.0,0.0,0.0,0.7725291122944191
hospital,Sironko,Budadiri,Butandiga,9119.5673828125,0.3722541522026587,5,0.4236408504601314,0.0,0.0,0.0,0.0
hospital,Kamuli,Bugabula,Butansi,37034.720153808594,0.2485046265291147,4,0.3082097339026577,0.0,0.0,0.0,0.005635132951799884
hospital,Mityana,Busujju,Butayunja,13320.283447265625,0.31145680665741365,4,0.37788905008103024,0.0,0.0,0.0,0.0
hospital,Busia,Samia-Bugwe,Buteba,31964.787048339844,0.31444066429681955,4,0.37766518848213027,0.0,0.0,0.0,0.0
hospital,Butebo,Butebo,Butebo,25418.631240844727,0.3508933437845231,4,0.4636100748454439,0.0,0.0,0.0,0.0
hospital,Butebo,Butebo,Butebo Town Council,12766.74917602539,0.3880255949593008,4,0.5078524575904814,0.0,0.0,0.0,0.0
hospital,Bukomansimbi,Bukomansimbi,Butenga,43789.42849731445,0.31948510443219547,4,0.4212667869530118,0.0,0.0,0.0,0.1670463731202938
hospital,Sironko,Budadiri,Buteza,14962.5166015625,0.4130561992699987,5,0.5238448189786977,0.0,0.0,0.0,0.0
hospital,Kyenjojo,Mwenge,Butiiti,25971.71002960205,0.49345625850291863,10,0.5052889601413778,0.0,0.0,0.0,0.0
hospital,Manafwa,Bubulo,Butiru,24000.50131225586,0.388781097527402,4,0.47642714153432947,0.0,0.0,0.0,0.014815945458048452
hospital,Kanungu,Kinkizi,Butogota Town Council,11872.743148803711,0.5891722718632778,10,0.6960397177290991,0.0,0.0,0.0,0.8126072569854343
hospital,Manafwa,Bubulo,Butta,4219.362976074219,0.2968215797941892,5,0.3459729888075582,0.0,0.0,0.0,0.0
hospital,Kyenjojo,Mwenge,Butunduzi,16805.912857055664,1.1925514559819788,4,1.2750894765827792,1.0,1.0,0.0,1.0
hospital,Ntoroko,Ntoroko,Butungama,22121.768890619278,0.9898775055644073,4,1.1046517201828439,0.5050470362002871,0.5050470362002871,0.0,0.5050470362002871
hospital,Buvuma,Buvuma Island,Buvuma Town Council,16313.224328994751,1.3709886535675937,4,1.7592615818934627,1.0,1.0,0.0,1.0
hospital,Mayuge,Bunya,Buwaaya,29203.569549560547,0.31812011445906074,4,0.3874937783847802,0.0,0.0,0.0,0.0
hospital,Namisindwa,Bubulo,Buwabwala,9374.730163574219,0.263533452716488,5,0.3376365079958472,0.0,0.0,0.0,0.0
hospital,Manafwa,Bubulo,Buwagogo,9043.231811523438,0.13003520935036766,5,0.1522063045538195,0.0,0.0,0.0,0.0
hospital,Sironko,Budadiri,Buwalasi,17079.52423095703,0.1836267184026068,4,0.2020499613774171,0.0,0.0,0.0,0.0
hospital,Bududa,Manjiya,Buwali,10130.714050292969,0.19931236999494464,5,0.24373785348843388,0.0,0.0,0.0,0.0
hospital,Manafwa,Bubulo,Buwangani Town Council,9577.36962890625,0.058144437076524655,5,0.06615647221394778,0.0,0.0,0.0,0.0
hospital,Sironko,Budadiri,Buwasa,10057.574584960938,0.25559107346927296,5,0.2857502975800861,0.0,0.0,0.0,0.0
hospital,Jinja,Kagoma,Buwenge,60763.681701660156,0.09742392356765764,4,0.11485315422361636,0.0,0.0,0.0,0.0
hospital,Jinja,Kagoma,Buwenge Town Council,23045.4404296875,0.016922777532240675,4,0.018989774352781492,0.0,0.0,0.0,0.0
hospital,Bugiri,Bukooli,Buwunga,60976.24951171875,0.24422709192936462,4,0.29145925193502786,0.0,0.0,0.0,0.007092502172436679
hospital,Bulambuli,Bulambuli,Buyaga Town Council,983.1026611328125,0.22317920625209808,1,0.2231791913509369,0.0,0.0,0.0,0.0
hospital,Bugweri,Bugweri,Buyanga,54392.11004638672,0.3592277444710073,4,0.4070359218890119,0.0,0.0,0.0,0.0
hospital,Busia,Samia-Bugwe,Buyanga,25144.9054107666,0.39828039771307244,4,0.5178791019773521,0.0,0.0,0.0,0.06699417808892869
hospital,Rukungiri,Rubabo,Buyanja,36813.78160095215,0.21813779557713903,4,0.23938126911247587,0.0,0.0,0.0,0.0
hospital,Rukungiri,Rubabo,Buyanja Town Council,5017.874938964844,0.11777952064657976,4,0.11911001639983654,0.0,0.0,0.0,0.0
hospital,Jinja,Kagoma,Buyengo,38883.04965209961,0.2217374179727278,4,0.26720545803231693,0.0,0.0,0.0,0.0
hospital,Sironko,Budadiri,Buyobo,16163.707611083984,0.3295147724950143,5,0.3734470466135404,0.0,0.0,0.0,0.0
hospital,Kibaale,Buyanja,Bwamiramira,14328.031288146973,1.195249256064782,4,1.5192054894817015,1.0,1.0,0.0,1.0
hospital,Kasese,Bukonjo,Bwera,17996.797821044922,0.050210058099644725,4,0.059469032528658185,0.0,0.0,0.0,0.0
hospital,Kiryandongo,Kibanda,Bweyale Town Council,39527.89030456543,0.21042292233410934,9,0.21370273616912766,0.0,0.0,0.0,0.0
hospital,Wakiso,Kira Municipality,Bweyogerere Division,141789.44484329224,0.060135748505579574,4,0.06500572913119639,0.0,0.0,0.0,0.0
hospital,Kamwenge,Kibale,Bwizi,41183.91429901123,1.2037508262104486,4,1.3389098996424864,1.0,1.0,0.0,1.0
hospital,Ntungamo,Kajara,Bwongyera,40956.733001708984,0.45618602383572787,12,0.4814824729425017,0.0,0.0,0.0,0.013724173764865137
hospital,Rakai,Kooki,Byakabanda,21963.868771791458,0.20995806495532784,4,0.2921441278835747,0.0,0.0,0.0,8.75630028285603e-05
hospital,Kisoro,Kisoro Municipality,Central,5578.041442871094,0.022520166440350726,4,0.02584971487318685,0.0,0.0,0.0,0.0
hospital,Buikwe,KCCA,Central Division,45238.28381347656,0.02788582647186948,4,0.03214553111176182,0.0,0.0,0.0,0.0
hospital,Kampala,KCCA,Central Division,106096.45703125,0.011899140260030572,1,0.011899139956932751,0.0,0.0,0.0,0.0
hospital,Mukono,KCCA,Central Division,88197.59791564941,0.03684653853773528,4,0.03962359473907537,0.0,0.0,0.0,0.0
hospital,Iganga,Iganga Municipality,Central Division,33064.68408203125,0.018348220904587417,4,0.01877815792824387,0.0,0.0,0.0,0.0
hospital,Jinja,Jinja Municipality,Central Division,29144.54083251953,0.024571752887728702,4,0.02823567731396894,0.0,0.0,0.0,0.0
hospital,Kapchorwa,Kapchorwa Municipality,Central Division,20021.40281677246,0.032087138248663605,5,0.0337910071954271,0.0,0.0,0.0,0.0
hospital,Kitgum,Kitgum Municipality,Central Division,10414.16552734375,0.012313785151908287,7,0.013552410922220147,0.0,0.0,0.0,0.0
hospital,Kotido,Kotido Municipality,Central Division,17583.080596923828,1.7287883594523143,7,2.136526329184361,1.0,1.0,0.0,1.0
hospital,Lira,Lira Municipality,Central Division,25839.049865722656,0.024907305901573196,9,0.026113147968822744,0.0,0.0,0.0,0.0
hospital,Nebbi,Nebbi Municipality,Central Division,15783.155014038086,0.05886155871127043,9,0.06999792017719839,0.0,0.0,0.0,0.0
hospital,Kabale,Kabale Municipality,Central Division,19390.518432617188,0.0194783349996405,4,0.020494215077804603,0.0,0.0,0.0,0.0
hospital,Kasese,Kasese Municipality,Central Division,41043.92558288574,0.1593674423564321,10,0.16242658480027072,0.0,0.0,0.0,0.0
hospital,Masindi,Masindi Municipality,Central Division,52258.96417236328,0.037797122712934575,4,0.04066927702666028,0.0,0.0,0.0,0.0
hospital,Ntungamo,Ntungamo Municipality,Central Division,7275.575134277344,0.16314054177225737,4,0.1653289079880788,0.0,0.0,0.0,0.0
hospital,Bushenyi,Bushenyi Municipality,Central Divison,20369.847595214844,0.08870761114428545,4,0.09335837815721483,0.0,0.0,0.0,0.0
hospital,Kisoro,Bufumbira,Chahi,21658.188842773438,0.11058579121433774,4,0.11628206386353111,0.0,0.0,0.0,0.0
hospital,Kapchorwa,Tingey,Chepterech,4753.27734375,0.27665981689133073,5,0.2803022590756122,0.0,0.0,0.0,0.0
hospital,Adjumani,East Moyo,Ciforo,17901.128905296326,0.30752918011972213,8,0.34048947506367583,0.0,0.0,0.0,0.025106619787726197
hospital,Busia,Samia-Bugwe,Dabani,46442.927825927734,0.08658157295859788,4,0.10755371760974852,0.0,0.0,0.0,0.0
hospital,Arua,Ayivu,Dadamu,53205.771408081055,0.07864750946156061,10,0.09482296615797796,0.0,0.0,0.0,0.0
hospital,Rakai,Kooki,Ddwaniro,39852.750312805176,0.2853141396863428,4,0.3716748529694451,0.0,0.0,0.0,0.003148980293081157
hospital,Wakiso,Entebbe Municipality,Division A,66507.40141677856,0.030135143846987185,4,0.03222968557283852,0.0,0.0,0.0,0.0
hospital,Wakiso,Entebbe Municipality,Division B,46839.294496536255,0.059625944666984454,4,0.06531517529946991,0.0011456429605474947,0.0011456429605474947,0.0,0.0011456429605474947
hospital,Dokolo,Dokolo,Dokolo,20115.904251098633,0.4450509954420259,9,0.5167396744454014,0.0,0.0,0.0,0.0
hospital,Dokolo,Dokolo,Dokolo Tc,26592.999000549316,0.31863355986841424,9,0.3480312188028958,0.0,0.0,0.0,0.01467420407725698
hospital,Yumbe,Aringa,Drajini,45623.89469909668,0.40180734105033983,10,0.47437538201573315,0.0,0.0,0.0,0.0
hospital,Koboko,Koboko,Dranya,21780.43360900879,0.3436167897354462,10,0.3566284228980041,0.0,0.0,0.0,0.0
hospital,Bugiri,Bugiri Municipality,Eastern Division,15272.839233398438,0.037896190750299305,4,0.038070699759500885,0.0,0.0,0.0,0.0
hospital,Busia,Busia Municipality,Eastern Division,31152.322265625,0.10387493202663192,4,0.10515348452665152,0.0,0.0,0.0,0.0
hospital,Soroti,Soroti Municipality,Eastern Division,23424.89129638672,0.04443956959711377,5,0.04968679441935114,0.0,0.0,0.0,0.0
hospital,Tororo,Tororo Municipality,Eastern Division,21445.779724121094,0.02667188464206663,4,0.030018015856896865,0.0,0.0,0.0,0.0
hospital,Kabarole,Fort Portal Municipality,Eastern Division,23169.091033935547,0.050429851504170904,10,0.052392222645384144,0.0,0.0,0.0,0.0
hospital,Ntungamo,Ntungamo Municipality,Eastern Division,9553.404769897461,0.15908695543105303,4,0.164144523064212,0.0,0.0,0.0,0.0
hospital,Rukungiri,Rukungiri Municipality,Eastern Divison,14944.833053588867,0.06931475956937196,4,0.07454197784292742,0.0,0.0,0.0,0.0
hospital,Isingiro,Bukanga,Endiinzi Town Council,7713.977283477783,1.203259135102411,4,1.5793987511467023,1.0,1.0,0.0,1.0
hospital,Kazo,Kazo,Engari,33496.04196929932,0.6577041028588898,4,0.7064404073175401,0.0,0.0,0.0,0.3294695991504577
hospital,Nebbi,Padyere,Erussi,41021.44314575195,0.4397547758830191,9,0.5255471448392595,0.0,0.0,0.0,0.061178682548624096
hospital,Kayunga,Bbaale,Galiraya,35490.31912481785,1.557968815511244,4,1.7632133516451058,1.0,1.0,0.0,1.0
hospital,Kapchorwa,Tingey,Gamogo,4700.5570068359375,0.2710919501414099,5,0.281611065279218,0.0,0.0,0.0,0.0
hospital,Kibuku,Kibuku,Goli Goli,12891.233764648438,0.381172272835329,4,0.44125690844931464,0.0,0.0,0.0,0.0
hospital,Mukono,Mukono Municipality,Goma Division,134395.49374389648,0.0717345149961663,4,0.0803992224557684,0.0,0.0,0.0,0.0
hospital,Wakiso,Nansana Municipality,Gombe Division,122560.44062805176,0.10019498212978153,4,0.10804214907290649,0.0,0.0,0.0,0.0
hospital,Butambala,Butambala,Gombe Town Council,18070.875495910645,0.056549119114271414,4,0.06838587731052827,0.0,0.0,0.0,0.0
hospital,Rubanda,Rubanda,Hamurwa,31898.763061523438,0.3263483486050138,4,0.35829388940914947,0.0,0.0,0.0,0.0
hospital,Rubanda,Rubanda,Hamurwa Town Council,6347.930465698242,0.3040255825916507,4,0.31818276551044183,0.0,0.0,0.0,0.0
hospital,Kyegegwa,Kyaka,Hapuuyo,50194.42472076416,1.51412905647171,4,1.709317380390586,1.0,1.0,0.0,1.0
hospital,Kabarole,Burahya,Harugogo,28292.943069458008,0.2513491349763342,10,0.2990271462496379,0.0,0.0,0.0,0.0
hospital,Kasese,Busongora,Hima Town Council,16243.863800048828,0.39250440989337243,10,0.40058611553406154,0.0,0.0,0.0,0.0
hospital,Butaleja,Bunyole,Himutu,22723.201400756836,0.16551362513901852,4,0.21403574313011936,0.0,0.0,0.0,0.0
hospital,Bushenyi,Igara,Ibaare,13142.956359863281,0.11687355273972808,4,0.12262950009359073,0.0,0.0,0.0,0.0
hospital,Bugweri,Bugweri,Ibulanku,34749.94812011719,0.2934263046701179,4,0.32714970449458936,0.0,0.0,0.0,0.0
hospital,Bugweri,Bugweri,Igombe,23027.113830566406,0.2666901020922478,4,0.3147791945002983,0.0,0.0,0.0,0.0
hospital,Ibanda,Ibanda,Igorora Town Council,7078.154861450195,0.36025774897606017,4,0.366229889144241,0.0,0.0,0.0,0.0
hospital,Ntungamo,Kajara,Ihunga,16619.254791259766,0.2850067944577268,12,0.3056848071473995,0.0,0.0,0.0,0.0
hospital,Budaka,Iki-Iki,Iki-Iki,25657.890411376953,0.20460593032681917,4,0.26894854885968306,0.0,0.0,0.0,0.0
hospital,Mayuge,Bunya,Imanyiro,42677.53713226318,0.25897606036995363,4,0.33770097371322716,0.0,0.0,0.0,0.0
hospital,Mbale,Mbale Municipality,Industrial Divison,61945.90478515625,0.018067450322359565,4,0.019001545776161623,0.0,0.0,0.0,0.0
hospital,Luuka,Luuka,Irongo,34931.67419433594,0.31766000887432466,4,0.3654185778567455,0.0,0.0,0.0,0.0
hospital,Kasese,Bukonjo,Isango,10354.558822631836,0.09072702866964694,4,0.1004108664432726,0.0,0.0,0.0,0.0
hospital,Bushenyi,Bushenyi Municipality,Ishaka Divison,19071.525466918945,0.027661310548366055,4,0.03100616343552957,0.0,0.0,0.0,0.0
hospital,Ibanda,Ibanda,Ishongororo,18583.52109527588,0.4957931636248282,4,0.5342471539684068,0.0,0.0,0.0,0.0
hospital,Ibanda,Ibanda,Ishongororo Town Council,27108.80249786377,0.3830604897196898,4,0.3957087275997531,0.0,0.0,0.0,0.0
hospital,Ntungamo,Ruhaama,Itojo,28869.56842803955,0.14288294567931803,4,0.1653425696097131,0.0,0.0,0.0,0.0
hospital,Mayuge,Bunya,Jaguzi,17401.811547279358,,1,,1.0,1.0,0.0,1.0
hospital,Zombo,Okoro,Jangokoro,5707.384460449219,0.3183397848948198,9,0.3687918311826222,0.0,0.0,0.0,0.0
hospital,Kaabong,Dodoth,Kaabong East,7777.75297164917,0.23321472825197442,4,0.278623070334401,0.0,0.0,0.0,0.04579621711314646
hospital,Kaabong,Dodoth,Kaabong Town Council,10446.696655273438,0.03602072879621292,4,0.042516074553168554,0.0,0.0,0.0,0.0
hospital,Kaabong,Dodoth,Kaabong West,13719.10147857666,0.1397390860894551,4,0.1634973134193306,0.0,0.0,0.0,0.0
hospital,Manafwa,Bubulo,Kaato,6966.0819091796875,0.08945881322567492,5,0.11785486842049928,0.0,0.0,0.0,0.0
hospital,Kamwenge,Kibale,Kabambiro,21715.952682495117,0.3158523607737595,4,0.3858087978529678,0.0,0.0,0.0,0.0
hospital,Kaberamaido,Kaberamaido,Kaberamaido Town Council,5508.409820556641,0.5388513819381647,9,0.6346781862188987,0.0,0.0,0.0,0.0
hospital,Isingiro,Isingiro,Kaberebere Town Council,9064.38900756836,0.17481352824911192,4,0.176644683116481,0.0,0.0,0.0,0.0
hospital,Kapchorwa,Tingey,Kabeywa,1235.5126953125,0.2778873861531353,5,0.30072936413984475,0.0,0.0,0.0,0.0
hospital,Mitooma,Ruhinda,Kabira,13614.257034301758,0.39025829927042754,4,0.4212084903108881,0.0,0.0,0.0,0.0
hospital,Masaka,Bukoto,Kabonera,41040.22381591797,0.16890816011137236,4,0.18753670038271406,0.0,0.0,0.0,0.0
hospital,Butebo,Butebo,Kabwangasi,38166.659606933594,0.14608302127240977,4,0.18519455140388694,0.0,0.0,0.0,0.0
hospital,Kibuku,Kibuku,Kabweri,22568.797241210938,0.20205052628685433,4,0.26042833002239024,0.0,0.0,0.0,0.0
hospital,Kyegegwa,Kyaka,Kabweza Kyegegwa,54720.64570617676,1.2508925040785364,4,1.3333652264764326,1.0,1.0,0.0,1.0
hospital,Sheema,Sheema Municipality,Kabwohe Division,23494.133712768555,0.469617609004331,4,0.47468976282290737,0.0,0.0,0.0,0.0
hospital,Kotido,Jie,Kacheri,40289.65858745575,2.639688167963676,8,3.405415501498052,1.0,1.0,0.0,1.0
hospital,Budaka,Iki-Iki,Kachomo,20285.173431396484,0.3067037434546521,4,0.4120668784808642,0.0,0.0,0.0,0.0
hospital,Butaleja,Bunyole,Kachonga,36261.012634277344,0.14428074460495646,4,0.19750189062141793,0.0,0.0,0.0,0.0
hospital,Bukedea,Bukedea,Kachumbala,70390.44876098633,0.19649863771284415,4,0.22841882397382968,0.0,0.0,0.0,0.0
hospital,Kibuku,Kibuku,Kadama,7381.277862548828,0.22934419259278851,4,0.2816555145595511,0.0,0.0,0.0,0.0
hospital,Budaka,Budaka,Kaderuna,21909.799865722656,0.33175197819619545,4,0.4299197115721774,0.0,0.0,0.0,0.0
hospital,Serere,Kasilo,Kadungulu,31069.73443007469,1.4947273961343732,5,1.677640024049927,1.0,1.0,0.0,1.0
hospital,Serere,Kasilo,Kadungulu Town Council,14084.764799118042,1.179848846420629,5,1.321858785942917,1.0,1.0,0.0,1.0
hospital,Kagadi,Buyaga,Kagadi,20057.30421447754,0.27740257327709616,4,0.3472400760880688,0.0,0.0,0.0,0.012744286325752857
hospital,Kagadi,Buyaga,Kagadi Town Council,35263.65838623047,0.05017041269223386,4,0.0573346507431164,0.0,0.0,0.0,0.0
hospital,Rakai,Kooki,Kagamba,41104.191581726074,0.4680179886260025,4,0.6062226420434512,0.0,0.0,0.0,0.22453157310360883
hospital,Ibanda,Ibanda Municipality,Kagango Division,45827.45686340332,0.13341999094039314,4,0.15237118313413753,0.0,0.0,0.0,0.0
hospital,Sheema,Sheema Municipality,Kagango Division,31203.884071350098,0.438104323505281,4,0.4502122104664405,0.0,0.0,0.0,0.0
hospital,Ntungamo,Kajara,Kagarama Town Council,16718.205673217773,0.3218868342907546,12,0.3371603097847902,0.0,0.0,0.0,0.0
hospital,Mbarara,Kashari,Kagongi,25845.90672302246,0.5166399360508899,4,0.541305731437588,0.0,0.0,0.0,0.016618610468313425
hospital,Kibuku,Kibuku,Kagumu,23143.24285888672,0.3909042859336296,4,0.46055242541158786,0.0,0.0,0.0,0.0
hospital,Kabale,Ndorwa,Kaharo,21537.79232788086,0.20274141649576138,4,0.21573849699775735,0.0,0.0,0.0,0.0
hospital,Hoima,Hoima Municipality,Kahoora Divison,55182.82540893555,0.021221760785820148,10,0.02249435621110068,0.0,0.0,0.0,0.0
hospital,Kamwenge,Kibale,Kahunge,29154.55347442627,0.397980369872412,10,0.45899679950701644,0.0,0.0,0.0,0.18641999766996736
hospital,Wakiso,Busiro,Kajjansi Town Council,150640.93717956543,0.08971230844292373,4,0.0994734230577596,0.0,0.0,0.0,0.0
hospital,Bushenyi,Igara,Kakanju,26305.363220214844,0.23588214562647547,10,0.26816779059695794,0.0,0.0,0.0,0.0
hospital,Mbarara,Kashari,Kakiika Division,30730.31708908081,0.0829341024595478,4,0.08998934935604996,0.0,0.0,0.0,0.0
hospital,Sheema,Sheema,Kakindo Town Council,9417.160690307617,0.5275637698597875,4,0.576311007363913,0.0,0.0,0.0,0.0
hospital,Mityana,Busujju,Kakindu,22238.29510498047,0.3787578988443078,4,0.43697246153454594,0.0,0.0,0.0,0.0
hospital,Jinja,Butembe,Kakira Town Council,41702.508056640625,0.11794322966604683,4,0.15352060530644954,0.0,0.0,0.0,0.0
hospital,Wakiso,Busiro,Kakiri,63663.190338134766,0.4474365589843844,4,0.4843509101482693,0.0,0.0,0.0,0.008482584339229618
hospital,Wakiso,Busiro,Kakiri Town Council,31098.629943847656,0.36037092697583023,4,0.3821204150421151,0.0,0.0,0.0,0.0
hospital,Mbarara,Mbarara Municipality,Kakoba Division,61910.029541015625,0.0292146954771624,4,0.030587506579594456,0.0,0.0,0.0,0.0
hospital,Butebo,Butebo,Kakoro,23025.554626464844,0.12165825216499047,4,0.17180048125589417,0.0,0.0,0.0,0.0
hospital,Budaka,Budaka,Kakule,16647.608306884766,0.29721194104935933,4,0.3747214296342985,0.0,0.0,0.0,0.0
hospital,Kalaki,Kalaki,Kakure,17456.009910583496,0.45118334207690075,8,0.5442822275468852,0.0,0.0,0.0,0.04502762074611283
hospital,Kibuku,Kibuku,Kakutu,14502.613830566406,0.3341993335543313,4,0.40699539722609207,0.0,0.0,0.0,0.0
hospital,Luwero,Bamunanika,Kalagala,55411.90586853027,0.4800202971770995,4,0.5852181843129178,0.0,0.0,0.0,0.08282754443108722
hospital,Kalaki,Kalaki,Kalaki Town Council,8020.71403503418,0.31291128580374755,8,0.43657528921936867,0.0,0.0,0.0,0.025120463550421426
hospital,Butambala,Butambala,Kalamba,23205.85562133789,0.2482018293176111,4,0.2873445501054806,0.0,0.0,0.0,0.0
hospital,Kalangala,Bujumba,Kalangala Town Council,6584.320819020271,,1,,1.0,1.0,0.0,1.0
hospital,Kaliro,Bulamogi,Kaliro Town Council,23945.066497802734,0.32022032209218626,4,0.33432592473385137,0.0,0.0,0.0,0.0
hospital,Kyotera,Kyotera,Kalisizo,20560.470024108887,0.10737362055927023,4,0.13371663134235803,0.0,0.0,0.0,0.0
hospital,Kyotera,Kyotera,Kalisizo Town Council,16683.56069946289,0.020976107203653106,4,0.024760335728091887,0.0,0.0,0.0,0.0
hospital,Nakasongola,Buruli,Kalongo,25197.32391166687,1.4999985094224857,4,1.7808744583629352,1.0,1.0,0.0,1.0
hospital,Agago,Agago,Kalongo Town Council,13793.999740600586,1.8787658864262629,8,2.285528736847941,1.0,1.0,0.0,1.0
hospital,Nakasongola,Buruli,Kalungi,30986.366912722588,1.5416061142537794,4,1.609015101494663,1.0,1.0,0.0,1.0
hospital,Kalungu,Kalungu,Kalungu,45428.952407836914,0.17851299605803642,4,0.23979363480747873,0.0,0.0,0.0,0.09242492697054251
hospital,Kalungu,Kalungu,Kalungu Town Council,9517.13949584961,0.2589775718415312,4,0.35289235706251265,0.0,0.0,0.0,0.0
hospital,Kanungu,Kinkizi,Kambuga,28699.016708374023,0.08831602575022394,4,0.09724898304380465,0.0,0.0,0.0,0.0
hospital,Kanungu,Kinkizi,Kambuga Town Council,5617.361083984375,0.02384803332262814,4,0.026029178796331168,0.0,0.0,0.0,0.0
hospital,Oyam,Oyam,Kamdini,64620.69287109375,0.17782795075036828,8,0.21664456995220366,0.0,0.0,0.0,0.0
hospital,Pallisa,Pallisa,Kameke,21928.287994384766,0.4130964982213904,4,0.511063404616933,0.0,0.0,0.0,0.039375255652510696
hospital,Budaka,Iki-Iki,Kameruka,20245.160034179688,0.153251553257567,4,0.21859806683105587,0.0,0.0,0.0,0.0
hospital,Budaka,Iki-Iki,Kamonkoli,34578.32391357422,0.11110611642939876,4,0.12598193910879005,0.0,0.0,0.0,0.0
hospital,Bulambuli,Bulambuli,Kamu,7248.27880859375,0.34675431121266354,5,0.3633649857747437,0.0,0.0,0.0,0.0
hospital,Kabale,Ndorwa,Kamuganguzi,27196.656648397446,0.2209886083342128,4,0.23819597996565545,0.0,0.0,0.0,0.0
hospital,Pallisa,Pallisa,Kamuge,27906.287658691406,0.3526853214585595,4,0.40491757356323943,0.0,0.0,0.0,0.0
hospital,Mbarara,Mbarara Municipality,Kamukuzi Division,38877.878845214844,0.016470847547097454,4,0.017144737685960667,0.0,0.0,0.0,0.0
hospital,Kamwenge,Kibale,Kamwenge Town Council,26235.111709594727,0.06424843497406103,4,0.07587312519817994,0.0,0.0,0.0,0.0
hospital,Rukiga,Rukiga,Kamwezi,30213.66152191162,0.588930161818194,4,0.6570628364245436,0.0,0.0,0.0,0.46076886599092176
hospital,Kisoro,Bufumbira,Kanaba,19043.893173217773,0.17763334392448232,4,0.20660026298555134,0.0,0.0,0.0,0.0
hospital,Ntoroko,Ntoroko,Kanara,10156.69713318348,1.9222084531261114,4,2.292841929676756,1.0,1.0,0.0,1.0
hospital,Ntoroko,Ntoroko,Kanara Town Council,11748.86448764801,1.1640088092402552,4,1.4281897185487396,1.0,1.0,0.0,1.0
hospital,Butebo,Butebo,Kanginima,12858.980560302734,0.12365509291062636,4,0.17451716578243223,0.0,0.0,0.0,0.0
hospital,Zombo,Okoro,Kango,16987.644485473633,0.6141500445436896,8,0.7366835305422086,0.0,0.0,0.0,0.7835433496273598
hospital,Kayunga,Ntenjeru,Kangulumira,63780.957931518555,0.4127724779669914,4,0.44495979154406545,0.0,0.0,0.0,0.0
hospital,Kazo,Kazo,Kanoni,22405.91404724121,0.4762459420439385,4,0.5209531251510784,0.0,0.0,0.0,0.005788191111104546
hospital,Gomba,Gomba,Kanoni Town Council,14922.710968017578,0.5604201914769474,4,0.6283737555121782,0.0,0.0,0.0,0.11365486778510872
hospital,Kanungu,Kinkizi,Kanungu Town Council,18106.816986083984,0.2663063648072429,4,0.2872193728133972,0.0,0.0,0.0,0.005721307373182241
hospital,Mitooma,Ruhinda,Kanyabwanga,21079.801879882812,0.581555829344646,4,0.6329249753406165,0.0,0.0,0.0,0.15281491733738264
hospital,Kanungu,Kinkizi,Kanyantorogo,21898.962631225586,0.4022130449050173,10,0.4614186003873816,0.0,0.0,0.0,0.04951469474097263
hospital,Kumi,Kumi,Kanyum,53851.467544555664,0.27950792464494284,5,0.3550183607548876,0.0,0.0,0.0,0.0
hospital,Kapelebyong,Kapelebyong,Kapelebyong Town Council,9686.81489944458,1.3601772112494883,8,1.6742093346764082,1.0,1.0,0.0,1.0
hospital,Kween,Kween,Kaproron,5813.014427185059,0.4798299015828965,5,0.5202569732033915,0.0,0.0,0.0,0.14394749539575452
hospital,Kween,Kween,Kaproron Town Council,1119.8869934082031,0.5783432796607468,5,0.6449840060850127,0.0,0.0,0.0,0.20621954729853076
hospital,Kapchorwa,Tingey,Kapsinda,10272.454093933105,0.24186206564085713,5,0.2686731085211037,0.0,0.0,0.0,0.0
hospital,Kapchorwa,Tingey,Kaptanya,10108.512386322021,0.11835189501629496,5,0.14909281129662666,0.0,0.0,0.0,0.0
hospital,Bukwo,Kongasis,Kaptererwo,10934.399917602539,1.1259522838733471,5,1.3498291318482765,1.0,1.0,0.0,1.0
hospital,Kween,Kween,Kaptoyoy,11488.622394561768,0.14881006024237664,5,0.17187619432798248,0.0,0.0,0.0,0.0
hospital,Bugiri,Bukooli,Kapyanga,84637.22543334961,0.1526565303552439,4,0.17442214593586058,0.0,0.0,0.0,0.0
hospital,Kabarole,Burahya,Karago Town Council,15623.973510742188,0.14560086467247654,4,0.1491359975821443,0.0,0.0,0.0,0.0
hospital,Kibaale,Buyanja,Karama,11728.107704162598,1.3380871628927795,4,1.7027812764906556,1.0,1.0,0.0,1.0
hospital,Kabarole,Burahya,Karambi,35061.601989746094,0.06712673649676588,10,0.07346438144350761,0.0,0.0,0.0,0.0
hospital,Kasese,Bukonjo,Karambi,39882.20245361328,0.08602071148677289,11,0.09062440437104827,0.0,0.0,0.0,0.0
hospital,Kabarole,Burahya,Karangura,15141.58219909668,0.38205700849531415,4,0.439667857501246,0.0,0.0,0.0,0.11916893766666187
hospital,Karenga,Dodoth,Karenga Town Council,9705.764507293701,1.776248376761188,8,2.206782647219061,1.0,1.0,0.0,1.0
hospital,Ntoroko,Ntoroko,Karugutu Town Council,11520.974746704102,0.4104989733613287,4,0.4137283184403579,0.0,0.0,0.0,0.0
hospital,Kyotera,Kyotera,Kasaali Town Council,36175.70790100098,0.23657210372223988,4,0.25845861404763343,0.0,0.0,0.0,0.002470056037060392
hospital,Sheema,Sheema,Kasaana,20397.850158691406,0.18038701045598907,4,0.2064506131217449,0.0,0.0,0.0,0.0
hospital,Mubende,Kasambya,Kasambya Town Council,16437.164588928223,1.6154891887253833,4,1.8420345853507794,1.0,1.0,0.0,1.0
hospital,Wakiso,Kyadondo,Kasangati Town Council,235378.41506958008,0.09263463765826108,4,0.10214880480022803,0.0,0.0,0.0,0.0
hospital,Nakaseke,Nakaseke,Kasangombe,28565.841751098633,0.21971843432554153,4,0.2710849496441461,0.0,0.0,0.0,0.0
hospital,Kibuku,Kibuku,Kasasira,15643.22494506836,0.41564403035609493,4,0.5538640224059045,0.0,0.0,0.0,0.24331447814496918
hospital,Mukono,Nakifuma,Kasawo,45536.13284301758,0.12156241770124122,4,0.1408658862387405,0.0,0.0,0.0,0.0
hospital,Kapchorwa,Tingey,Kaserem,8323.212036132812,0.27683169207742286,5,0.2791567709910214,0.0,0.0,0.0,0.0
hospital,Rukiga,Rukiga,Kashambya,30657.842529296875,0.26787842297216996,4,0.3095494818558977,0.0,0.0,0.0,0.007231932706604826
hospital,Mbarara,Kashari,Kashare,29197.3984375,0.6224741499042535,4,0.653431771986514,0.0,0.0,0.0,0.06304957962095029
hospital,Mitooma,Ruhinda,Kashenshero,13939.509552001953,0.51003259378602,4,0.5636619354297829,0.0,0.0,0.0,0.0
hospital,Mitooma,Ruhinda,Kashenshero Town Council,6513.463470458984,0.5285275062765854,4,0.5663328669453234,0.0,0.0,0.0,0.0
hospital,Sheema,Sheema Municipality,Kashozi Division,16361.623947143555,0.411615851821258,4,0.4537379809612303,0.0,0.0,0.0,0.0
hospital,Bundibugyo,Bughendera,Kasitu,5434.453750610352,0.47375024790852155,4,0.4989327771547598,0.0,0.0,0.0,0.0
hospital,Kaliro,Bulamogi,Kasokwe,19795.01629638672,0.4461518138602816,4,0.4800927823484627,0.0,0.0,0.0,0.0
hospital,Kyegegwa,Kyaka,Kasule,40685.506118774414,1.3673656304672892,4,1.627124631043664,1.0,1.0,0.0,1.0
hospital,Wakiso,Busiro,Katabi Town Council,165169.6874730587,0.07622946747422331,4,0.08326837403634245,0.0,0.0,0.0,0.0
hospital,Katakwi,Katakwi,Katakwi,47414.34436225891,0.16687456886519114,8,0.19041920021887151,0.0,0.0,0.0,0.007722381086326026
hospital,Katakwi,Katakwi,Katakwi Town Council,8960.306182861328,0.030868403199764513,8,0.03393546629899281,0.0,0.0,0.0,0.0
hospital,Rubirizi,Bunyaruguru,Katanda,22983.13638305664,0.17678596636734206,10,0.21954356661262298,0.0,0.0,0.0,0.02529454762093746
hospital,Mitooma,Ruhinda,Katenga,20058.912231445312,0.23579250478229855,4,0.2602275696234492,0.0,0.0,0.0,0.0
hospital,Rubirizi,Bunyaruguru,Katerera,8694.304481506348,0.12051405569576615,10,0.15375260158832765,0.0,0.0,0.0,0.0
hospital,Rubirizi,Bunyaruguru,Katerera Town Council,11420.372383117676,0.04938612766084915,10,0.06136818362078435,0.0,0.0,0.0,0.0
hospital,Kanungu,Kinkizi,Katete,8258.695556640625,0.17726667380340844,4,0.1936802773460896,0.0,0.0,0.0,0.0
hospital,Kaabong,Dodoth,Kathile South,7863.9232177734375,0.497037958952219,4,0.5955312338664369,0.0,0.0,0.0,0.6244453228553015
hospital,Budaka,Iki-Iki,Katiira,21863.305755615234,0.11657093087526343,4,0.1459534345994887,0.0,0.0,0.0,0.0
hospital,Luwero,Katikamu,Katikamu,56861.92760467529,0.26085291624911816,4,0.2825953009044894,0.0,0.0,0.0,0.0
hospital,Kyenjojo,Mwenge,Katooke,48629.04903411865,0.6772452318565076,10,0.7142594810868076,0.0,0.0,0.0,0.18284991750149893
hospital,Kyenjojo,Mwenge,Katooke Town Council,20458.905654907227,0.5247234815623276,4,0.5367396980124839,0.0,0.0,0.0,0.0
hospital,Arua,Terego,Katrini,41472.445861816406,0.11663283053071823,10,0.13977852323969805,0.0,0.0,0.0,0.0
hospital,Kabale,Ndorwa,Katuna Town Council,10951.343688964844,0.2599622917131091,4,0.26644239971147987,0.0,0.0,0.0,0.0
hospital,Masaka,Masaka Municipality,Katwe-Butego Division,33171.63171386719,0.04817226631881254,4,0.0507410341920655,0.0,0.0,0.0,0.0
hospital,Kasese,Busongora,Katwe Kabatoro Town Council,7875.20588684082,0.5002342172963911,4,0.5260174331679928,0.0,0.0,0.0,0.0
hospital,Karenga,Dodoth,Kawalakol,6560.730468869209,2.344101708776506,8,2.785484956656251,1.0,1.0,0.0,1.0
hospital,Kampala,KCCA,Kawempe Division,374249.9169921875,0.016004043512832793,4,0.016498601754464527,0.0,0.0,0.0,0.0
hospital,Buikwe,Lugazi Municipality,Kawolo Division,51806.61408996582,0.09827068417595099,4,0.11126697901748207,0.0,0.0,0.0,0.0
hospital,Kapchorwa,Tingey,Kawowo,10555.234420776367,0.3261350898486433,5,0.3481141562345371,0.0,0.0,0.0,0.0
hospital,Ntungamo,Rushenyi,Kayonza,34319.55812072754,0.44444872844498545,4,0.4625708518340487,0.0,0.0,0.0,0.013723197977066138
hospital,Kayunga,Ntenjeru,Kayunga,50035.29441833496,0.15734737223084905,4,0.18527252245047854,0.0,0.0,0.0,0.0
hospital,Kayunga,Ntenjeru,Kayunga Town Council,33383.205726623535,0.047605182440627086,4,0.05587514466227939,0.0,0.0,0.0,0.0
hospital,Kazo,Kazo,Kazo Town Council,17400.552757263184,0.6942993995425304,4,0.7551037440072897,0.0,0.0,0.0,0.36584208296644144
hospital,Rukungiri,Rubabo,Kebisoni,24256.19538116455,0.3002707708766769,4,0.3167475862344225,0.0,0.0,0.0,0.0
hospital,Rukungiri,Rubabo,Kebisoni Town Council,5691.0517578125,0.2524132853428833,12,0.25334854952918245,0.0,0.0,0.0,0.0
hospital,Ibanda,Ibanda,Keihangara,13847.141708374023,0.4738073937624131,4,0.5256097439453236,0.0,0.0,0.0,0.04189136175358085
hospital,Manafwa,Bubulo,Khabutoola,16639.64633178711,0.3082884635235928,5,0.3362693950817865,0.0,0.0,0.0,0.0
hospital,Kibaale,Buyanja,Kibaale Town Council,9836.241241455078,1.2023221795194823,4,1.5380706775510724,1.0,1.0,0.0,1.0
hospital,Pallisa,Butebo,Kibale,22366.973175048828,0.22046089979143457,4,0.2451624051811812,0.0,0.0,0.0,0.0
hospital,Mubende,Kasambya,Kibalinga,49252.64404296875,1.331207295503109,4,1.6434229700530607,1.0,1.0,0.0,1.0
hospital,Ntungamo,Kajara,Kibatsi,22841.858627319336,0.2656752952705238,12,0.27991764928985485,0.0,0.0,0.0,0.0
hospital,Butambala,Butambala,Kibibi,16722.36450958252,0.19462529256044223,4,0.2225415422150134,0.0,0.0,0.0,0.0
hospital,Bunyangabu,Bunyangabu,Kibiito,22401.53448486328,0.44557531451084864,10,0.468824433168867,0.0,0.0,0.0,0.0
hospital,Bunyangabu,Bunyangabu,Kibiito Town Council,17861.209869384766,0.3655204853823971,10,0.3741327078776742,0.0,0.0,0.0,0.0
hospital,Bukomansimbi,Bukomansimbi,Kibinge,36636.23008728027,0.2651975805128253,4,0.3126144215891218,0.0,0.0,0.0,0.0
hospital,Kiboga,Kiboga,Kiboga Town Council,23830.588500976562,0.029202696191684575,4,0.031142757719212932,0.0,0.0,0.0,0.0
hospital,Kibuku,Kibuku,Kibuku,16671.129791259766,0.3117828652941434,4,0.3691507094848789,0.0,0.0,0.0,0.0
hospital,Kibuku,Kibuku,Kibuku Town Council,12113.16976928711,0.29626141196568173,4,0.3392967143221076,0.0,0.0,0.0,0.0
hospital,Kitagwenda,Kitagwenda,Kicheche,36477.952545166016,0.18538416262906465,4,0.2144574818080969,0.0,0.0,0.0,0.002293860826506289
hospital,Kabarole,Burahya,Kicwamba,8195.771102905273,0.2448454369219877,4,0.25781843446914576,0.0,0.0,0.0,0.0
hospital,Buyende,Budiope,Kidera,88675.75422239304,1.3985419965435268,4,1.582196778539016,1.0,1.0,0.0,1.0
hospital,Bukedea,Bukedea,Kidongole,37442.60664367676,0.3248510590146794,4,0.45062093584096324,0.0,0.0,0.0,0.012127712541154025
hospital,Rakai,Kooki,Kifamba,17865.84295654297,0.3543970376120781,4,0.4850957078880562,0.0,0.0,0.0,0.02445545040280978
hospital,Sheema,Sheema,Kigarama,24754.822784423828,0.6250810758020882,4,0.665198644068501,0.0,0.0,0.0,0.05229051054212473
hospital,Hoima,Bugahya,Kigorobya Town Council,11489.255432128906,0.4956016566622509,4,0.5302966811334111,0.0,0.0,0.0,0.0
hospital,Masindi,Masindi Municipality,Kigulya Division,16850.658275604248,0.1585155816186132,10,0.16788181888376505,0.0,0.0,0.0,0.0
hospital,Kiryandongo,Kibanda,Kigumba Town Council,24563.026763916016,0.04676564884181611,4,0.04881894579531369,0.0,0.0,0.0,0.0
hospital,Kanungu,Kinkizi,Kihiihi Town Council,23542.057342529297,0.403205310639733,10,0.45371311152499916,0.0,0.0,0.0,0.0
hospital,Maracha,Maracha,Kijomoro,37019.11895751953,0.19334862672373032,10,0.21452548438685873,0.0,0.0,0.0,0.0
hospital,Ibanda,Ibanda,Kijongo,9869.09439086914,0.4236858594711488,4,0.49384525079092745,0.0,0.0,0.0,0.0
hospital,Nakaseke,Nakaseke,Kikamulo,23988.273471832275,0.1696219065272944,4,0.20225945358723812,0.0,0.0,0.0,0.0
hospital,Kabarole,Burahya,Kiko Town Council,15092.615600585938,0.2137584402624843,10,0.23271482116450576,0.0,0.0,0.0,0.004985326925167536
hospital,Kikuube,Buhaguzi,Kikuube Town Council,25110.394874572754,0.4922398180459398,10,0.5263445075307353,0.0,0.0,0.0,0.12723075381100107
hospital,Ibanda,Ibanda,Kikyenkye,14310.723724365234,0.3457267156642124,4,0.37404072195789007,0.0,0.0,0.0,0.0
hospital,Masaka,Masaka Municipality,Kimaanya-Kyabakuza Division,44994.53909301758,0.017376374512215315,4,0.018568192583047878,0.0,0.0,0.0,0.0
hospital,Mukono,Nakifuma,Kimenyedde,45014.810455322266,0.16824793503402993,4,0.20486227401936716,0.0,0.0,0.0,0.0
hospital,Kanungu,Kinkizi,Kinaaba,9726.85205078125,0.5395787357355455,4,0.6402579113522976,0.0,0.0,0.0,0.6378690775545688
hospital,Rwampara,Rwampara,Kinoni Town Council,18175.98583984375,0.3331808220619754,4,0.3468504137562161,0.0,0.0,0.0,0.0
hospital,Kasese,Bukonjo,Kinyamasrke Town Council,12223.386611938477,0.19722864990165823,4,0.20859220120417765,0.0,0.0,0.0,0.0
hospital,Wakiso,Kira Municipality,Kira Division,191983.50708007812,0.07198934107318022,4,0.07570920428130636,0.0,0.0,0.0,0.0
hospital,Tororo,West Budama (Kisolo),Kirewa,36770.25491333008,0.2895581413422453,4,0.4001659761050031,0.0,0.0,0.0,0.08745414519800983
hospital,Kibuku,Kibuku,Kirika,14919.624206542969,0.3163383603390937,4,0.4168984711360904,0.0,0.0,0.0,0.10570440858751425
hospital,Kanungu,Kinkizi,Kirima,18959.505767822266,0.2598955018877108,4,0.2876169313711813,0.0,0.0,0.0,0.0
hospital,Mpigi,Mawokota,Kiringente,27984.811752319336,0.21254002980907644,4,0.22934446594514185,0.0,0.0,0.0,0.0
hospital,Rubirizi,Bunyaruguru,Kirugu,13172.30103111267,0.3066887084064047,10,0.37063462058745505,0.0,0.0,0.0,0.16242721246584665
hospital,Kiruhura,Nyabushozi,Kiruhura Town Council,7432.763557434082,0.28670302556732125,4,0.3117314736397463,0.0,0.0,0.0,0.0
hospital,Kyotera,Kyotera,Kirumba,29666.605125427246,0.17618214269794674,4,0.23079108432109444,0.0,0.0,0.0,0.0
hospital,Bundibugyo,Bwamba,Kirumya,14923.815460205078,0.1450327640319082,4,0.17923824429361235,0.0,0.0,0.0,0.0
hospital,Kisoro,Bufumbira,Kirundo,5505.859222412109,0.40817149070868275,11,0.5072727311130015,0.0,0.0,0.0,0.27974150725937574
hospital,Kiryandongo,Kibanda,Kiryandongo Town Council,6891.797180175781,0.0209844754341158,9,0.022333964399343754,0.0,0.0,0.0,0.0
hospital,Lwengo,Bukoto,Kisekka,57826.395362854004,0.3431182087647836,4,0.40280521169044536,0.0,0.0,0.0,0.0
hospital,Tororo,West Budama (Kisolo),Kisoko,22579.177703857422,0.3067695004188057,4,0.42095686256705767,0.0,0.0,0.0,0.0
hospital,Bunyangabu,Bunyangabu,Kisomoro,28472.744049072266,0.32231707472203974,4,0.3396704733392098,0.0,0.0,0.0,0.0
hospital,Kamuli,Buzaaya,Kisozi,35451.99105834961,0.4186435138982374,4,0.48481328864258555,0.0,0.0,0.0,0.0
hospital,Sheema,Sheema,Kitagata,7972.655426025391,0.2200821354795342,4,0.2525498630267641,0.0,0.0,0.0,0.0
hospital,Sheema,Sheema,Kitagata Town Council,13055.143524169922,0.06413061859874762,4,0.07107094847556915,0.0,0.0,0.0,0.0
hospital,Kamuli,Bugabula,Kitayunjwa,49418.7227935791,0.2348698648962056,4,0.2838231380431234,0.0,0.0,0.0,0.0
hospital,Kitgum,Chua,Kitgum Matidi,21564.948579788208,0.39185931216243747,7,0.44160612342698047,0.0,0.0,0.0,0.042146241145419434
hospital,Kayunga,Bbaale,Kitimbwa,59293.31859207153,0.44085043553203596,4,0.5432543832166122,0.0,0.0,0.0,0.30543306104698803
hospital,Nakaseke,Nakaseke,Kito,13072.402034759521,0.42581188615945925,4,0.4856194359930159,0.0,0.0,0.0,0.015998520174096625
hospital,Hoima,Bugahya,Kitoba,49083.31131744385,0.355188604201549,4,0.3798766243974373,0.0,0.0,0.0,0.01312366539281622
hospital,Kabale,Ndorwa,Kitumba,24831.228788375854,0.11018771414952185,4,0.12217566671119798,0.0,0.0,0.0,0.0
hospital,Kibuku,Kibuku,Kituti,11474.453216552734,0.3942626955947295,4,0.4593692130296841,0.0,0.0,0.0,0.0
hospital,Nakaseke,Nakaseke,Kiwoko Town Council,14165.168502807617,0.05844225190875652,4,0.06649273440394915,0.0,0.0,0.0,0.0
hospital,Mitooma,Ruhinda,Kiyanga,23288.806640625,0.5315228192268745,4,0.5915031199151943,0.0,0.0,0.0,0.14984245701835536
hospital,Bunyangabu,Bunyangabu,Kiyombya,12478.683135986328,0.41074595857446267,10,0.4782968311738638,0.0,0.0,0.0,0.0
hospital,Kikuube,Buhaguzi,Kiziranfumbi,24388.302444458008,0.6030462271192943,10,0.6211820319257052,0.0,0.0,0.0,0.002782901953556197
hospital,Lwengo,Bukoto,Kkingo,39458.64988708496,0.1340064520090373,4,0.15170867457678777,0.0,0.0,0.0,0.0
hospital,Kole,Kole,Kole Town Council,12241.50072479248,0.38925932433096744,8,0.4410679979853136,0.0,0.0,0.0,0.010238536541226164
hospital,Mukono,Mukono,Koome Island,21016.372079730034,,1,,1.0,1.0,0.0,1.0
hospital,Omoro,Omoro,Koro,40558.3331451416,0.2313668899776179,8,0.2816491026121277,0.0,0.0,0.0,0.0
hospital,Kotido,Jie,Kotido,17705.43284034729,2.2344772830362682,7,2.7325033215866816,1.0,1.0,0.0,1.0
hospital,Agago,Agago,Kotomol,14503.837968826294,1.8889708560984928,8,2.397937650919553,1.0,1.0,0.0,1.0
hospital,Kumi,Kumi,Kumi,27284.303811073303,0.23524437939921702,5,0.3053306146079075,0.0,0.0,0.0,0.0001099056515788907
hospital,Yumbe,Aringa,Kuru,60524.696868896484,0.08338060115851256,10,0.1019182626567264,0.0,0.0,0.0,0.0
hospital,Tororo,Tororo,Kwapa,23860.010803222656,0.30119590956392883,4,0.4280528641611942,0.0,0.0,0.0,0.0
hospital,Kween,Kween,Kwosir,18911.15717315674,0.37617712357282507,5,0.4058749979019063,0.0014105519163551072,0.0014105519163551072,0.0,0.009875624502618675
hospital,Kasese,Busongora,Kyabarungira,18495.71795654297,0.5647289005582786,10,0.6278421247645677,0.0,0.0,0.0,0.0843832779429854
hospital,Bushenyi,Igara,Kyabugimbi,21923.53353881836,0.375862897077378,4,0.4041153558913516,0.0,0.0,0.0,0.0
hospital,Kagadi,Buyaga,Kyakabadiima,14085.73876953125,0.3316505228771311,4,0.373735226348178,0.0,0.0,0.0,0.0
hospital,Mukono,Mukono,Kyampisi,59896.09503173828,0.1851635469813831,4,0.20028144362168343,0.0,0.0,0.0,0.0
hospital,Bushenyi,Igara,Kyamuhunga Town Council,16035.00464630127,0.2411503572667293,10,0.25158885805195813,0.0,0.0,0.0,0.0
hospital,Kalungu,Kalungu,Kyamulibwa Town Council,7700.393310546875,0.603882708716394,4,0.8287761028243305,0.0,0.0,0.0,1.0
hospital,Kalangala,Kyamuswa,Kyamuswa,6384.384218335152,,1,,1.0,1.0,0.0,1.0
hospital,Kyenjojo,Mwenge,Kyamutunzi Town Council,8211.545425415039,0.2862704187098225,4,0.2942097792347598,0.0,0.0,0.0,0.0
hospital,Kagadi,Buyaga,Kyanaisoke,23372.761993408203,0.31223486381473814,4,0.37024103246300083,0.0,0.0,0.0,0.0
hospital,Kabale,Ndorwa,Kyanamira,23286.744018554688,0.12791111887678028,4,0.13656656077521065,0.0,0.0,0.0,0.0
hospital,Sheema,Sheema,Kyangyenyi,13676.06071472168,0.6011156072335857,4,0.6470991204961801,0.0,0.0,0.0,0.08304125394913275
hospital,Lwengo,Bukoto,Kyazanga Town Council,16226.855010986328,0.5965409452323184,4,0.6005855040890742,0.0,0.0,0.0,0.0
hospital,Kyegegwa,Kyaka,Kyegegwa Town Council,31992.420616149902,1.3057269459843224,4,1.3290990230265758,1.0,1.0,0.0,1.0
hospital,Bushenyi,Igara,Kyeizooba,23719.611373901367,0.30569006136337784,4,0.3235721707903356,0.0,0.0,0.0,0.0
hospital,Wakiso,Busiro,Kyengera Town Council,324653.2867279053,0.12179065083483177,4,0.12701253535582002,0.0,0.0,0.0,0.0
hospital,Kyenjojo,Mwenge,Kyenjojo Town Council,32206.013481140137,0.6291555336294474,10,0.636021912635596,0.0,0.0,0.0,0.0049585024231498616
hospital,Kagadi,Buyaga,Kyenzige,24076.21336364746,0.17592298360183986,4,0.18832243359210327,0.0,0.0,0.0,0.0
hospital,Kyotera,Kyotera,Kyotera Town Council,12066.96142578125,0.18015387885655582,4,0.1815842173913201,0.0,0.0,0.0,0.0
hospital,Kitgum,Chua,Labongo Amida,18639.148882865906,0.21404798039887749,7,0.2663248800717835,0.0,0.0,0.0,0.06250944512299222
hospital,Kitgum,Chua,Labongo Layamo,14166.674690246582,0.1560071811424299,7,0.16976957861322303,0.0,0.0,0.0,0.0
hospital,Omoro,Omoro,Lakwana,15261.200939178467,0.5299285610258533,8,0.6072397624470761,0.0,0.0,0.0,0.2427144718976781
hospital,Agago,Agago,Lamiyo,10468.913122177124,1.9443823275569212,8,2.500863378937875,1.0,1.0,0.0,1.0
hospital,Agago,Agago,Lapono,26585.621218681335,2.6146213701510224,8,3.2504452309412257,1.0,1.0,0.0,1.0
hospital,Gulu,Gulu Municipality,Laroo Division,37517.43884277344,0.03482080562734326,8,0.03862970540891874,0.0,0.0,0.0,0.0
hospital,Gulu,Gulu Municipality,Layibi Division,51124.70129394531,0.028981217083478564,8,0.02962613791086016,0.0,0.0,0.0,0.0
hospital,Lira,Erute,Lira,45409.471618652344,0.09431741209159379,8,0.11028892563183251,0.0,0.0,0.0,0.0
hospital,Agago,Agago,Lira Palwo,18902.872484207153,2.079601916826487,8,2.6805132388560646,1.0,1.0,0.0,1.0
hospital,Karenga,Dodoth,Lobalangit,6913.970975399017,2.0159831224121083,8,2.426727278582348,1.0,1.0,0.0,1.0
hospital,Koboko,Koboko,Lobule,45170.918395996094,0.4756555618985426,10,0.5320132311343971,0.0,0.0,0.0,0.0
hospital,Yumbe,Aringa,Lodonga,50785.37648010254,0.18980545268875584,10,0.23856808200456098,0.0,0.0,0.0,0.0
hospital,Arua,Vurra,Logiri,47717.435649871826,0.36105018468117794,10,0.43069595929332705,0.0,0.0,0.0,0.11288133927461341
hospital,Agago,Agago,Lokole,20121.814447402954,2.413056445006425,8,3.1239681217016706,1.0,1.0,0.0,1.0
hospital,Karenga,Dodoth,Lokori,6348.285773277283,2.1972459293307596,8,2.674259073723174,1.0,1.0,0.0,1.0
hospital,Nabilatuk,Pian,Lolachat,48989.2135181427,2.3860587751614357,5,2.9639612119197296,1.0,1.0,0.0,1.0
hospital,Namayingo,Bukooli,Lolwe,18941.22131919861,,1,,1.0,1.0,0.0,1.0
hospital,Abim,Labwor,Lotukei,22199.19548034668,2.151939420690376,7,2.374457613487256,1.0,1.0,0.0,1.0
hospital,Buvuma,Buvuma Island,Lubya,10022.076751708984,,1,,1.0,1.0,0.0,1.0
hospital,Kalungu,Kalungu,Lukaya Town Council,28403.794967651367,0.4137123269081231,4,0.42149465272692377,0.0,0.0,0.0,0.0
hospital,Mbale,Bungokho,Lukhonge,13257.602783203125,0.3303972453523064,4,0.39238812182567007,0.0,0.0,0.0,0.0
hospital,Busia,Samia-Bugwe,Lumino,11148.760009765625,0.28478634582534745,4,0.3145785375348777,0.0,0.0,0.0,0.0
hospital,Busia,Samia-Bugwe,Lunyo,19909.094680786133,0.46393479735432785,4,0.5406749731522703,0.0,0.0,0.0,0.02600711688641059
hospital,Bulambuli,Bulambuli,Lusha,18635.20068359375,0.43759090067622936,5,0.5099215326184398,0.0,0.0,0.0,0.0
hospital,Luuka,Luuka,Luuka Town Council,13688.729431152344,0.49537039871213223,4,0.5622951092365264,0.0,0.0,0.0,0.0
hospital,Luwero,Katikamu,Luwero,46721.331687927246,0.17608366673895148,4,0.22109062612306882,0.0,0.0,0.0,0.018809575715291602
hospital,Luwero,Katikamu,Luwero Town Council,50664.201416015625,0.03950817174208128,4,0.04148067782159447,0.0,0.0,0.0,0.0
hospital,Nakasongola,Buruli,Lwabiyata,20534.703984975815,1.6562555353264494,4,1.7763666857396478,1.0,1.0,0.0,1.0
hospital,Buvuma,Buvuma Island,Lwajje,6911.535118103027,,1,,1.0,1.0,0.0,1.0
hospital,Namisindwa,Bubulo,Lwakhakha Town Council,6904.506774902344,0.24563165682962704,5,0.3110838770998724,0.0,0.0,0.0,0.0
hospital,Kiboga,Kiboga,Lwamata Town Council,8709.338088989258,0.3050651406689121,4,0.307452701505303,0.0,0.0,0.0,0.0
hospital,Nakasongola,Buruli,Lwampanga,38310.56385111809,1.5196734797884148,4,1.5946840063750602,1.0,1.0,0.0,1.0
hospital,Rakai,Kooki,Lwanda,35360.02001953125,0.2393507440341777,4,0.27241846427787353,0.0,0.0,0.0,0.0
hospital,Kyotera,Kyotera,Lwankoni,18557.131233215332,0.1739177717145179,4,0.2280770536839613,0.0,0.0,0.0,0.0
hospital,Mbale,Bungokho,Lwasso,13643.369018554688,0.11931664776711702,4,0.12705321559489244,0.0,0.0,0.0,0.0
hospital,Lwengo,Bukoto,Lwengo,57686.081771850586,0.49941006786608805,4,0.5288591378232649,0.0,0.0,0.0,0.02250210547038808
hospital,Lwengo,Bukoto,Lwengo Town Council,18501.54150390625,0.3927355175123672,4,0.3967190296156278,0.0,0.0,0.0,0.0
hospital,Buvuma,Buvuma Island,Lyabaana,10899.809926986694,,1,,1.0,1.0,0.0,1.0
hospital,Budaka,Budaka,Lyama,24507.555694580078,0.21769857550794383,4,0.30033604330460595,0.0,0.0,0.0,0.007868868191800778
hospital,Lyantonde,Kabula,Lyantonde Town Council,16861.14190673828,0.690487037136627,4,0.7442949471403149,0.0,0.0,0.0,0.0
hospital,Kagadi,Buyaga,Mabaale,19706.250259399414,0.37442375691933855,4,0.4018441524336684,0.0,0.0,0.0,0.010223470227233524
hospital,Kagadi,Buyaga,Mabaale Town Council,13407.520278930664,0.30477818049498734,4,0.31308620553408856,0.0,0.0,0.0,0.0
hospital,Bundibugyo,Bughendera,Mabere,4167.213348388672,0.43196166297174615,4,0.4714997650015435,0.0,0.0,0.0,0.0
hospital,Jinja,Butembe,Mafubira,91804.63638305664,0.08060582984255,4,0.0948755643272853,0.0,0.0,0.0,0.0
hospital,Namisindwa,Bubulo,Magale,18340.11083984375,0.17289054064977652,5,0.22125501078820248,0.0,0.0,0.0,0.0
hospital,Namisindwa,Bubulo,Magale Town Council,7668.395263671875,0.09607904480823659,5,0.11624187276444779,0.0,0.0,0.0,0.0
hospital,Abim,Labwor,Magamaga,7635.890959739685,2.298906296875557,7,2.613725549126845,1.0,1.0,0.0,1.0
hospital,Mayuge,Bunya,Magamaga Town Council,20934.96255493164,0.1310512990842011,4,0.15807953191622048,0.0,0.0,0.0,0.0
hospital,Rubirizi,Bunyaruguru,Magambo,15207.46908569336,0.3287810266554393,10,0.3998194578800711,0.0,0.0,0.0,0.04369186611545731
hospital,Kamuli,Buzaaya,Magogo,24051.414779663086,0.2961104845385542,4,0.35169465090880436,0.0,0.0,0.0,0.0
hospital,Tororo,West Budama (Kisolo),Magola,23461.79278564453,0.3258853220342121,4,0.35951651758773373,0.0,0.0,0.0,0.0
hospital,Kasese,Bukonjo,Mahango,23968.29100036621,0.1755259365448071,4,0.2071612210782622,0.0,0.0,0.0,0.0
hospital,Busia,Samia-Bugwe,Majanji,21070.156188964844,0.42794017448229704,4,0.4760806276720532,0.0,0.0,0.0,0.0
hospital,Kampala,KCCA,Makindye Division,486409.8373031616,0.04132658193532757,4,0.04381310560956994,0.0,0.0,0.0,0.0
hospital,Kassanda,Kassanda,Makokoto,11004.07783126831,0.6716683391213568,4,0.7689102483702696,0.0,0.0,0.0,0.6094124034321149
hospital,Luwero,Katikamu,Makulubita,42734.726806640625,0.40550709363868953,4,0.46847475428635443,0.0,0.0,0.0,0.0
hospital,Bugweri,Bugweri,Makuutu,35786.159240722656,0.4916071152378167,4,0.5881756518101048,0.0,0.0,0.0,0.011929030793303428
hospital,Tororo,Tororo,Malaba Town Council,14151.834838867188,0.14465628640643177,4,0.15175487517291072,0.0,0.0,0.0,0.0
hospital,Mityana,Busujju,Malangala,29355.912284851074,0.35033918303209843,4,0.3774285054732955,0.0,0.0,0.0,0.0
hospital,Mayuge,Bunya,Malongo,132847.59964179993,0.33695265142417435,4,0.42929328843493747,0.0003030412358958641,0.0003030412358958641,0.0,0.06779229110893968
hospital,Manafwa,Bubulo,Manafwa Town Council,17930.708618164062,0.2176109513755395,5,0.24634422512969453,0.0,0.0,0.0,0.0
hospital,Arua,Terego,Manibe,37919.89994812012,0.11976490765333843,10,0.149559644237056,0.0,0.0,0.0,0.0
hospital,Maracha,Maracha,Maracha Town Council,10475.745239257812,0.10244168205327168,10,0.10488253554805847,0.0,0.0,0.0,0.0
hospital,Busia,Samia-Bugwe,Masaba,29977.665771484375,0.2535135428907211,4,0.3045904878660921,0.0,0.0,0.0,0.0
hospital,Busia,Samia-Bugwe,Masafu,19029.23486328125,0.15333001999242293,4,0.2227126486316013,0.0,0.0,0.0,0.0
hospital,Wakiso,Makindye Ssabagabo Municipality,Masajja Division,173317.64516448975,0.05805593434430709,4,0.06296495756660428,0.0,0.0,0.0,0.0
hospital,Jinja,Jinja Municipality,Masese Walukuba,25670.923828125,0.012421690869919226,4,0.012539038641274113,0.0,0.0,0.0,0.0
hospital,Isingiro,Isingiro,Masha,37301.74655532837,0.2970621959690394,4,0.3307286000616078,0.0,0.0,0.0,0.1248841795426111
hospital,Sheema,Sheema,Masheruka Town Council,4350.983184814453,0.7533975912432974,4,0.803265755691639,0.0,0.0,0.0,0.34181037215478155
hospital,Kiryandongo,Kibanda,Masindi Port,12203.342650413513,0.3610053296805169,4,0.3863671469207312,0.0,0.0,0.0,0.032086417117667194
hospital,Busia,Samia-Bugwe,Masinya,32816.439453125,0.14699529201989475,4,0.21560942246339979,0.0,0.0,0.0,0.0
hospital,Wakiso,Busiro,Masuliita,17309.858558654785,0.4323273202475566,4,0.4606131251563035,0.0,0.0,0.0,0.0
hospital,Wakiso,Busiro,Masulita Town Council,23460.49530029297,0.5268621408769925,4,0.5636248063083439,0.0,0.0,0.0,0.01466535222713975
hospital,Ssembabule,Mawogola,Mateete,67138.81088256836,0.21003977307496255,4,0.2413841629728283,0.0,0.0,0.0,0.0
hospital,Ssembabule,Mawogola,Mateete Town Council,12823.607482910156,0.10056038171214579,4,0.10972832226894712,0.0,0.0,0.0,0.0
hospital,Mitooma,Ruhinda,Mayanga,12062.90249633789,0.454557214748671,4,0.5193495521894291,0.0,0.0,0.0,0.02404816737350356
hospital,Mayuge,Bunya,Mayuge Town Council,23001.04718017578,0.3289104688509108,4,0.40614898581343406,0.0,0.0,0.0,0.0
hospital,Kabale,Ndorwa,Maziba,24350.722442626953,0.43143119302001215,4,0.4826997105958358,0.0,0.0,0.0,0.03387408259127302
hospital,Butaleja,Bunyole,Mazimasa,42080.28927612305,0.11837474099222765,4,0.15975110317752267,0.0,0.0,0.0,0.0
hospital,Kalangala,Kyamuswa,Mazinga,6761.3032376766205,,1,,1.0,1.0,0.0,1.0
hospital,Kamuli,Buzaaya,Mbulamuti,39612.06684875488,0.3269052863258656,4,0.3858626331928724,0.0,0.0,0.0,0.0
hospital,Tororo,Tororo,Mella,23487.197662353516,0.26669692441706105,4,0.35900159357220013,0.0,0.0,0.0,0.0
hospital,Wakiso,Busiro,Mende,41654.971603393555,0.24953777593320847,4,0.2905467414059214,0.0,0.0,0.0,0.0
hospital,Tororo,Tororo,Merikit,32042.320831298828,0.14842731258764222,4,0.18750177410596208,0.0,0.0,0.0,0.0
hospital,Koboko,Koboko,Midia,37911.99481201172,0.4911899573081875,10,0.5104241933045901,0.0,0.0,0.0,0.0
hospital,Nakasongola,Buruli,Migeera Town Council,7559.172156333923,1.123869190758398,4,1.1365041957230892,1.0,1.0,0.0,1.0
hospital,Bundibugyo,Bwamba,Mirambi,13535.658111572266,0.20440800628772743,4,0.24172827652365061,0.0,0.0,0.0,0.03885276214449525
hospital,Mitooma,Ruhinda,Mitooma,21560.154357910156,0.4028530649007372,4,0.4536783540550225,0.0,0.0,0.0,0.0
hospital,Mitooma,Ruhinda,Mitooma Town Council,7011.981109619141,0.36076671202154226,4,0.39395591415030495,0.0,0.0,0.0,0.0
hospital,Tororo,Tororo,Molo,24622.695922851562,0.20451699466498124,4,0.23655876238910747,0.0,0.0,0.0,0.0
hospital,Abim,Labwor,Morulem,35469.737199783325,1.9041003476051748,7,2.1352325817108433,1.0,1.0,0.0,1.0
hospital,Moyo,Moyo,Moyo Town Council,9483.440979003906,0.041044552744810794,8,0.05246420259691019,0.0,0.0,0.0,0.0
hospital,Kween,Kween,Moyok,7046.332733154297,0.44823390531693114,5,0.4680120875208565,0.0,0.0,0.0,0.06390549445992871
hospital,Hoima,Hoima Municipality,Mparo Divison,26142.855880737305,0.131323621775872,10,0.13828102041350024,0.0,0.0,0.0,0.0
hospital,Rukiga,Rukiga,Mparo Town Council,6045.972244262695,0.2776820383404472,4,0.3003110367976966,0.0,0.0,0.0,0.0
hospital,Gomba,Gomba,Mpenja,37790.40612030029,0.2590611455516648,4,0.31254749648164076,0.0,0.0,0.0,0.0
hospital,Mpigi,Mawokota,Mpigi Town Council,56034.96708679199,0.08802333103794947,4,0.10870402430578649,0.0,0.0,0.0,0.0
hospital,Kasese,Bukonjo,Mpondwe-Lhubiriha,52821.70715332031,0.0453579866276428,11,0.0473238943265609,0.0,0.0,0.0,0.0
hospital,Jinja,Jinja Municipality,Mpumudde Division,39015.09193253517,0.03211739098844688,4,0.0350797553691148,0.0,0.0,0.0,0.0
hospital,Mayuge,Bunya,Mpungwe,32743.775177001953,0.4703097027689291,4,0.5732859107131879,0.0,0.0,0.0,0.08961513676303193
hospital,Mpigi,Mawokota,Muduuma,40365.278244018555,0.35875664309696975,4,0.39187077105240015,0.0,0.0,0.0,0.0
hospital,Budaka,Iki-Iki,Mugiti,15148.941589355469,0.08191965337262785,4,0.09710451378996159,0.0,0.0,0.0,0.0
hospital,Kalangala,Bujumba,Mugoye,16728.05373388529,,1,,1.0,1.0,0.0,1.0
hospital,Kabarole,Burahya,Mugusu,13638.811218261719,0.22586303979441733,4,0.26227790013907604,0.0,0.0,0.0,0.0
hospital,Kabarole,Burahya,Mugusu Town Council,15961.96353149414,0.11079668314568603,4,0.11764009338174199,0.0,0.0,0.0,0.0
hospital,Rukiga,Rukiga,Muhanga Town Council,18714.39273071289,0.26856440864989767,4,0.2709770070253134,0.0,0.0,0.0,0.0
hospital,Kagadi,Buyaga,Muhorro,28552.531829833984,0.22909088226298852,4,0.27403783551454913,0.0,0.0,0.0,0.0
hospital,Kagadi,Buyaga,Muhorro Town Council,34570.93762207031,0.1647500710342982,4,0.17109769110762368,0.0,0.0,0.0,0.0
hospital,Rubanda,Rubanda,Muko,44650.926250457764,0.3595919160307821,4,0.4115372259207525,0.0,0.0,0.0,0.035734814343254415
hospital,Kumi,Kumi,Mukongoro,70149.27807235718,0.28166537172670614,5,0.385423821304169,0.0,0.0,0.0,0.003278644177314172
hospital,Tororo,Tororo,Mukuju,48686.720275878906,0.20972546044365237,4,0.24765177409841518,0.0,0.0,0.0,0.0
hospital,Masaka,Bukoto,Mukungwe,55422.16539764404,0.16636542791558198,4,0.1947634686387265,0.0,0.0,0.0,0.0
hospital,Ngora,Ngora,Mukura,41939.652769327164,0.36171013253811996,5,0.4602199706937673,0.0,0.0,0.0,0.016922983394903342
hospital,Kyankwanzi,Kiboga,Mulagi,19110.42805480957,0.22238080301066937,4,0.2609639019121878,0.0,0.0,0.0,0.06192232938844823
hospital,Kasese,Bukonjo,Munkunyu,27763.981506347656,0.1849569136116043,4,0.21945429584858492,0.0,0.0,0.0,0.027913941902419824
hospital,Kisoro,Bufumbira,Muramba,46328.775314331055,0.20935199951715136,4,0.2386333356322847,0.0,0.0,0.0,0.013863077759238307
hospital,Kisoro,Bufumbira,Murora,19279.372756958008,0.28006192591390366,4,0.3371019841557948,0.0,0.0,0.0,0.0
hospital,Mitooma,Ruhinda,Mutara,27457.49821472168,0.2752753575743434,4,0.3079229071413102,0.0,0.0,0.0,0.0
hospital,Bugiri,Bukooli,Muterere,35867.147521972656,0.37602233341503066,4,0.4336298113189733,0.0,0.0,0.0,0.0
hospital,Bulambuli,Bulambuli,Muyembe,8935.436645507812,0.352540113163092,5,0.35733059971585895,0.0,0.0,0.0,0.0
hospital,Mukono,Nakifuma,Nabbaale,48922.44584655762,0.10579404919839337,4,0.13061916032820972,0.0,0.0,0.0,0.0
hospital,Bulambuli,Bulambuli,Nabbongo,14622.457702636719,0.47539315863881837,5,0.5287725672982516,0.0,0.0,0.0,0.07460698619790039
hospital,Kyotera,Kyotera,Nabigasa,24993.504669189453,0.4068803025744292,4,0.5409579660110031,0.0,0.0,0.0,0.03009569523642386
hospital,Nabilatuk,Pian,Nabilatuk Town Council,4467.963914871216,1.632725791764882,4,1.8088981293167747,1.0,1.0,0.0,1.0
hospital,Mubende,Kasambya,Nabingoola,50918.28428649902,1.4594667213376231,4,1.5650391592753017,1.0,1.0,0.0,1.0
hospital,Kibuku,Kibuku,Nabiswa,17767.950744628906,0.19143792235127616,4,0.23533407351162197,0.0,0.0,0.0,0.0
hospital,Iganga,Kigulu,Nabitende,36778.095153808594,0.18318687894166483,4,0.21672558631542818,0.0,0.0,0.0,0.0
hospital,Budaka,Budaka,Naboa,18825.64370727539,0.24521359041390456,4,0.26673680003100586,0.0,0.0,0.0,0.0
hospital,Mbale,Bungokho,Nabumali Town Council,9868.91616821289,0.22674811951040028,4,0.2347671057926983,0.0,0.0,0.0,0.0
hospital,Wakiso,Nansana Municipality,Nabweru Division,179650.64208984375,0.038610494278216695,4,0.04190768526284792,0.0,0.0,0.0,0.0
hospital,Bududa,Manjiya,Nabweya,12874.250854492188,0.16144531339541643,5,0.22984613066216517,0.0,0.0,0.0,0.0
hospital,Kamuli,Bugabula,Nabwigulu,25359.66958618164,0.19762026551122366,4,0.2388296755192167,0.0,0.0,0.0,0.0
hospital,Tororo,West Budama (Kisolo),Nagongera,34129.33688354492,0.3705141745567661,4,0.4726862374645834,0.0,0.0,0.0,0.06521594738769601
hospital,Tororo,West Budama (Kisolo),Nagongera Town Council,15564.633819580078,0.4028428472382557,4,0.47651312733997137,0.0,0.0,0.0,0.0
hospital,Buikwe,Buikwe,Najja,57196.61795377731,0.3162149024776387,4,0.3948045034690062,0.0,0.0,0.0,0.06274363083067779
hospital,Iganga,Kigulu,Nakalama,56837.74247741699,0.10244136482813886,4,0.11061037350984206,0.0,0.0,0.0,0.0
hospital,Mbale,Bungokho,Nakaloke,9046.2607421875,0.08075947982256249,4,0.0920379545533369,0.0,0.0,0.0,0.0
hospital,Mbale,Bungokho,Nakaloke Town Council,34744.55480957031,0.0489889721576457,4,0.05838724123090083,0.0,0.0,0.0,0.0
hospital,Kotido,Jie,Nakapelimoru,35735.6135995388,1.7840384637330702,7,2.1678764591444413,1.0,1.0,0.0,1.0
hospital,Nakapiripirit,Chekwi,Nakapiripirit Town Council,4830.417556762695,1.0432658654545326,4,1.2802464033662573,1.0,1.0,0.0,1.0
hospital,Nakaseke,Nakaseke,Nakaseke,23564.803298950195,0.1653709803780589,4,0.199518843766847,0.0,0.0,0.0,0.0
hospital,Nakaseke,Nakaseke,Nakaseke Town Council,9705.512893676758,0.04477389540543954,4,0.05462654894631106,0.0,0.0,0.0,0.0
hospital,Bududa,Manjiya,Nakatsi,16041.15966796875,0.24248823896352686,5,0.33315443978549214,0.0,0.0,0.0,0.0
hospital,Kampala,KCCA,Nakawa Division,378179.35763549805,0.021937105334689493,4,0.02388412918241775,0.0,0.0,0.0,0.0
hospital,Iganga,Kigulu,Nakigo,49306.014556884766,0.10938196273273018,4,0.1291372573889889,0.0,0.0,0.0,0.0
hospital,Mukono,Mukono,Nakisunga,63623.301933288574,0.16893380857059442,4,0.18598818145522505,0.0,0.0,0.0,0.0
hospital,Manafwa,Bubulo,Nalondo,7869.782196044922,0.382452665743277,4,0.42393082908661844,0.0,0.0,0.0,0.0
hospital,Sironko,Budadiri,Nalusala,12919.209335327148,0.227245009002581,5,0.26340516422310156,0.0,0.0,0.0,0.0
hospital,Mukono,Mukono,Nama,67459.01271057129,0.12829659671490168,4,0.1356853388457168,0.0,0.0,0.0,0.0
hospital,Namisindwa,Bubulo,Namabya,14776.602478027344,0.2501942228947505,5,0.31603242176401025,0.0,0.0,0.0,0.0
hospital,Bugweri,Bugweri,Namalemba,30977.066848754883,0.367468444311051,4,0.3999209289238778,0.0,0.0,0.0,0.0
hospital,Mbale,Bungokho,Namambasa,25203.514190673828,0.06391389569768603,4,0.07830286030638936,0.0,0.0,0.0,0.0
hospital,Mbale,Bungokho,Namanyonyi,36894.195556640625,0.1110531216052239,4,0.12144603064535382,0.0,0.0,0.0,0.0
hospital,Amolatar,Kioga,Namasale Town Council,10126.458161354065,1.162622679847099,9,1.2656661360285995,1.0,1.0,0.0,1.0
hospital,Namayingo,Bukooli,Namayingo Town Council,19521.723205566406,0.5695769324321639,4,0.6609122638687068,0.0,0.0,0.0,0.019325245061018247
hospital,Wakiso,Busiro,Namayumba,30607.005783081055,0.6237446028469459,4,0.7066258689938649,0.0,0.0,0.0,0.3653795977324011
hospital,Wakiso,Busiro,Namayumba Town Council,23769.58155822754,0.6276226313208504,4,0.6787030447427403,0.0,0.0,0.0,0.014543102949998443
hospital,Iganga,Kigulu,Nambale,60795.088928222656,0.16138372461661527,4,0.18523280299778702,0.0,0.0,0.0,0.0
hospital,Namisindwa,Bubulo,Namboko,10729.071380615234,0.4105648255702875,4,0.5429063655339482,0.0,0.0,0.0,0.0
hospital,Namisindwa,Bubulo,Namisindwa Town Council,6211.546325683594,0.18570518582163711,5,0.23740317052491608,0.0,0.0,0.0,0.0
hospital,Bulambuli,Bulambuli,Namisuni,10369.232788085938,0.3072907653032925,5,0.32192237996343365,0.0,0.0,0.0,0.0
hospital,Kaliro,Bulamogi,Namugongo,26394.06640625,0.40691731192879826,4,0.4467808056720846,0.0,0.0,0.0,0.015709101187922358
hospital,Wakiso,Kira Municipality,Namugongo Division,172145.81396484375,0.027396345278591538,4,0.028988461039859914,0.0,0.0,0.0,0.0
hospital,Iganga,Kigulu,Namungalwe,49474.22277832031,0.21095223737599827,4,0.24432286607076995,0.0,0.0,0.0,0.0
hospital,Mityana,Mityana,Namungo,20558.817741394043,0.4067252968129463,4,0.45265654799846455,0.0,0.0,0.0,0.012361109577691515
hospital,Namutumba,Busiki,Namutumba,49721.36668395996,0.6279664518002293,4,0.6964071654689905,0.0,0.0,0.0,0.07635655175965649
hospital,Namutumba,Busiki,Namutumba Town Council,24579.835388183594,0.6034415852505153,4,0.6117146479162194,0.0,0.0,0.0,0.0
hospital,Kamuli,Bugabula,Namwendwa,73770.74320983887,0.36794179717993336,4,0.43571405150685183,0.0,0.0,0.0,0.0
hospital,Kibuku,Kibuku,Nandere,18851.573196411133,0.147982394849844,4,0.20588786686734936,0.0,0.0,0.0,0.01463745349016485
hospital,Bududa,Manjiya,Nangako Town Council,5811.042724609375,0.14386707245016547,5,0.19084306899755202,0.0,0.0,0.0,0.0
hospital,Kyotera,Kyotera,Nangoma,2587.7971229553223,1.7059422370795112,4,2.0381230652661113,1.0,1.0,0.0,1.0
hospital,Bugiri,Bukooli,Nankoma,53860.91598510742,0.4713255683928896,4,0.5697815719860577,0.0,0.0,0.0,0.02737474939260443
hospital,Wakiso,Nansana Municipality,Nansana Division,241726.380859375,0.048665104693745825,4,0.049768964070465396,0.0,0.0,0.0,0.0
hospital,Budaka,Budaka,Nansanga,13192.459167480469,0.12058249212733824,4,0.16137131995298779,0.0,0.0,0.0,0.0
hospital,Karenga,Dodoth,Napore Karenga,5756.107758760452,1.8984308301888475,8,2.3331660397629843,1.0,1.0,0.0,1.0
hospital,Luuka,Luuka,Nawampiti,26174.995361328125,0.39055285737425477,4,0.4558292474224775,0.0,0.0,0.0,0.0
hospital,Iganga,Kigulu,Nawandala,40069.70146179199,0.30129356641365845,4,0.3510144282491361,0.0,0.0,0.0,0.0
hospital,Kamuli,Buzaaya,Nawanyago,30194.13136291504,0.2619952083108752,4,0.306768069706484,0.0,0.0,0.0,0.0
hospital,Iganga,Kigulu,Nawanyingi,32201.208892822266,0.15541244032076992,4,0.19110972829360212,0.0,0.0,0.0,0.01419383433053216
hospital,Butaleja,Bunyole,Naweyo,28491.393188476562,0.24870502727528146,4,0.33719343872084173,0.0,0.0,0.0,0.0
hospital,Mbale,Bungokho,Nawuyo Town Council,13505.819213867188,0.06319430472608824,4,0.06954682333853916,0.0,0.0,0.0,0.0
hospital,Kayunga,Ntenjeru,Nazigo,55161.14535522461,0.3329850545622962,4,0.3864247150255281,0.0,0.0,0.0,0.0
hospital,Lwengo,Bukoto,Ndagwe,44314.845359802246,0.595553119087376,4,0.7480145854173716,0.0,0.0,0.0,0.594280065413643
hospital,Rwampara,Rwampara,Ndeija,38763.092655181885,0.2879747924844691,4,0.3079034825414221,0.0,0.0,0.0,0.025380062623929382
hospital,Wakiso,Makindye Ssabagabo Municipality,Ndejje Division,185163.69696044922,0.04863850073137549,4,0.05127714850422063,0.0,0.0,0.0,0.0
hospital,Nebbi,Padyere,Ndhew,26183.451919555664,0.30099113673490396,9,0.3566322104121081,0.0,0.0,0.0,0.0
hospital,Nebbi,Padyere,Nebbi,31599.943283081055,0.24399278320062975,9,0.280697237348564,0.0,0.0,0.0,0.019821059878810242
hospital,Bundibugyo,Bughendera,Ngamba,13799.991912841797,0.38799660151305426,4,0.4835954427753637,0.0,0.0,0.0,0.14270868454599
hospital,Lira,Erute,Ngetta,40651.92562866211,0.18430500835103683,8,0.1998078104527645,0.0,0.0,0.0,0.0
hospital,Napak,Bokora,Ngoleriet,20637.330951690674,0.37876701651560835,4,0.40576332372877577,0.0,0.0,0.0,0.02027497770158327
hospital,Nakaseke,Nakaseke,Ngoma Town Council,8198.083688735962,1.1863009231788582,4,1.292648349846909,1.0,1.0,0.0,1.0
hospital,Ngora,Ngora,Ngora Town Council,17592.893768310547,0.2018906565714065,5,0.2369902641349715,0.0,0.0,0.0,0.0
hospital,Buliisa,Buliisa,Ngwedo,21869.79653453827,0.3863854657619152,10,0.42143239219052886,0.0,0.0,0.0,0.011864409176784765
hospital,Buikwe,Njeru Municipality,Njeru Division,98037.43713378906,0.06109724418215854,4,0.0684493385524309,0.0,0.0,0.0,0.0
hospital,Kyankwanzi,Kiboga,Nkandwa,18943.615234375,0.620276184104536,4,0.7283864788023979,0.0,0.0,0.0,0.6601668260119128
hospital,Buikwe,Buikwe,Nkokonjeru Town Council,11529.112930297852,0.027900715463583598,4,0.030876937269621495,0.0,0.0,0.0,0.0
hospital,Kazo,Kazo,Nkungu,33299.571632385254,0.36616148873407794,4,0.40088973197195776,0.0,0.0,0.0,0.02989471378234651
hospital,Ntoroko,Ntoroko,Nombe,339.9867732524872,1.6010722137276725,4,1.8912130041716508,1.0,1.0,0.0,1.0
hospital,Kotido,Kotido Municipality,North Division,13642.723728179932,1.8670791859454323,7,2.3202783390970967,1.0,1.0,0.0,1.0
hospital,Kisoro,Kisoro Municipality,Northern,5307.6256103515625,0.03123644165966898,4,0.033691995540650777,0.0,0.0,0.0,0.0
hospital,Iganga,Iganga Municipality,Northern Division,36581.01708984375,0.014654929799373865,4,0.016219860973098407,0.0,0.0,0.0,0.0
hospital,Kamuli,Kamuli Municipality,Northern Division,43179.94174194336,0.048800727586172495,4,0.060434293504337204,0.0,0.0,0.0,0.0
hospital,Mbale,Mbale Municipality,Northern Division,49300.377685546875,0.027704719910402378,4,0.028734081670454777,0.0,0.0,0.0,0.0
hospital,Soroti,Soroti Municipality,Northern Division,22283.208251953125,0.030360262794651025,5,0.03178052726420941,0.0,0.0,0.0,0.0
hospital,Moroto,Moroto Municipality,Northern Division,11410.489868164062,0.01076589649270144,4,0.01104233273752831,0.0,0.0,0.0,0.0
hospital,Kabale,Kabale Municipality,Northern Division,13775.705780029297,0.028513308652703854,4,0.03182089834906394,0.0,0.0,0.0,0.0
hospital,Kumi,Kumi Municipality,Northern Divison,23810.971069335938,0.18263674576404101,5,0.22406584831907636,0.0,0.0,0.0,0.0
hospital,Koboko,Koboko Municipality,Northern Divison,17478.35498046875,0.4129598444900795,10,0.42015439535974086,0.0,0.0,0.0,0.0
hospital,Namutumba,Busiki,Nsinze,36710.85806274414,0.47886027145279664,4,0.519299776896541,0.0,0.0,0.0,0.0
hospital,Bundibugyo,Bughendera,Ntandi Town Council,3926.9510803222656,0.35547159766963504,4,0.36156407746540326,0.0,0.0,0.0,0.0
hospital,Kitagwenda,Kitagwenda,Ntara,23440.351760864258,0.4595039611729532,4,0.5060488720289604,0.0,0.0,0.0,0.021674435025921028
hospital,Kitagwenda,Kitagwenda,Ntara Kichwamba Town Council,16693.558700561523,0.4213013434137513,4,0.4366462794970152,0.0,0.0,0.0,0.0
hospital,Ntungamo,Ruhaama,Ntungamo,38400.347816467285,0.23264145751218385,4,0.25213021271680025,0.0,0.0,0.0,0.0
hospital,Kitagwenda,Kitagwenda,Nyabbani,28235.303421020508,0.2861385498581014,4,0.3182810273022993,0.0,0.0,0.0,0.0
hospital,Ntungamo,Kajara,Nyabihoko,26311.539142608643,0.45314569710821384,12,0.488947589546079,0.0,0.0,0.0,0.003230292698486875
hospital,Kyenjojo,Mwenge,Nyabiringo,13202.58869934082,0.6497371417426817,10,0.6888828127401043,0.0,0.0,0.0,0.14446228089842217
hospital,Bushenyi,Igara,Nyabubare,42225.82139587402,0.13993812022543295,4,0.15233091545795144,0.0,0.0,0.0,0.0
hospital,Ibanda,Ibanda,Nyabuhikye,3267.409538269043,0.458754987314189,4,0.5100763427008471,0.0,0.0,0.0,0.0
hospital,Maracha,Maracha,Nyadri,24234.3251953125,0.07907048486502961,10,0.08949909047955958,0.0,0.0,0.0,0.0
hospital,Bundibugyo,Bwamba,Nyahuka Town Council,16771.36993408203,0.19418979956972857,4,0.19672641553227,0.0,0.0,0.0,0.0
hospital,Kisoro,Bufumbira,Nyakabande,35456.326736450195,0.0680394962426685,4,0.08215500442988405,0.0,0.0,0.0,0.0
hospital,Bushenyi,Bushenyi Municipality,Nyakabirizi Division,9626.295677185059,0.1751810440593285,4,0.185127774423808,0.0,0.0,0.0,0.0
hospital,Rukungiri,Bujumbura,Nyakagyeme,33828.81172180176,0.16766157352501596,4,0.17970186862431048,0.0,0.0,0.0,0.0
hospital,Kasese,Bukonjo,Nyakatonzi,36412.944343566895,0.34921784809347545,4,0.3727656422396344,0.0038183027227737367,0.0038183027227737367,0.0,0.045945073998358246
hospital,Mbarara,Kashari,Nyakayojo Division,49547.91059112549,0.16839075989253585,4,0.178622269436258,0.0,0.0,0.0,0.0
hospital,Kisoro,Bufumbira,Nyakinama,22416.995730400085,0.07712423323766963,4,0.08815786359281043,0.0,0.0,0.0,0.0
hospital,Kanungu,Kinkizi,Nyakinoni,12226.726936340332,0.31929863929865687,4,0.35015017913090646,0.0,0.0,0.0,0.0
hospital,Rukungiri,Rubabo,Nyakishenyi,39965.83213806152,0.25039726556712305,4,0.3006491378960973,0.0,0.0,0.0,0.007002556724579467
hospital,Isingiro,Isingiro,Nyakitunda,55352.287101745605,0.6543409524264145,4,0.6966924495643636,0.0,0.0,0.0,0.16413001000026192
hospital,Ibanda,Ibanda,Nyamarebe,28075.785285949707,0.5579476987554198,4,0.6320734194707444,0.0,0.0,0.0,0.09114559495609838
hospital,Kanungu,Kinkizi,Nyamirama,21368.484344482422,0.36183291121746586,4,0.3959297336368236,0.0,0.0,0.0,0.009723369380453293
hospital,Mbarara,Mbarara Municipality,Nyamitanga Division,34181.029388427734,0.04034014845947087,4,0.043829036254880986,0.0,0.0,0.0,0.0
hospital,Ntungamo,Kajara,Nyamunuka Town Council,2955.5015563964844,0.46239876112422396,12,0.46658353667284835,0.0,0.0,0.0,0.0
hospital,Isingiro,Isingiro,Nyamuyanja,21841.294326782227,0.42718627673817033,4,0.45388471767260974,0.0,0.0,0.0,0.0
hospital,Rubanda,Rubanda,Nyamweru,21486.708236694336,0.2185715534258198,4,0.24708204752376714,0.0,0.0,0.0,0.0
hospital,Kanungu,Kinkizi,Nyanga,7546.0041580200195,0.5521116984329305,10,0.6187683914637601,0.0,0.0,0.0,0.1167302119085811
hospital,Masindi,Masindi Municipality,Nyangahya Division,17686.357906341553,0.15403663350580077,4,0.16979535226172987,0.0,0.0,0.0,0.0
hospital,Kyenjojo,Mwenge,Nyankwanzi,28095.88011932373,0.3898111891615659,4,0.4117038339728621,0.0,0.0,0.0,0.0
hospital,Zombo,Okoro,Nyapea,24129.937385559082,0.09689836273456245,9,0.1146627232161014,0.0,0.0,0.0,0.013419055308003087
hospital,Nebbi,Padyere,Nyaravur,29446.185062408447,0.12337702572974522,9,0.1422087949100595,0.0,0.0,0.0,0.025682201394484044
hospital,Kisoro,Bufumbira,Nyarubuye,23123.096405029297,0.20159619370416573,4,0.23230358738767443,0.0,0.0,0.0,0.0
hospital,Rukungiri,Rubabo,Nyarushanje,53117.460357666016,0.22471625121932504,4,0.2619239731020698,0.0,0.0,0.0,0.0
hospital,Kisoro,Bufumbira,Nyarusiza,33044.73182678223,0.15996045451847077,4,0.19319927612301496,0.0,0.0,0.0,0.012123159887717028
hospital,Masaka,Masaka Municipality,Nyendo-Ssenyange Division,48902.24560546875,0.05481853913069478,4,0.05925812337647223,0.0,0.0,0.0,0.0
hospital,Buikwe,Njeru Municipality,Nyenga Division,60086.06400489807,0.1456695134236848,4,0.1801399553599407,0.0,0.0,0.0,0.0
hospital,Kumi,Kumi,Nyero,48137.52919006348,0.1649671205518479,5,0.2246861267647681,0.0,0.0,0.0,0.0
hospital,Luwero,Katikamu,Nyimbwa,46952.399826049805,0.33969670343006264,4,0.36149678834572924,0.0,0.0,0.0,0.0
hospital,Mbale,Bungokho,Nyondo,8820.998901367188,0.2708163159853958,4,0.28616605901233466,0.0,0.0,0.0,0.0
hospital,Kisoro,Bufumbira,Nyundo,13223.883595466614,0.29084646413527165,11,0.37097002010696195,0.0,0.0,0.0,0.07935535569050785
hospital,Kapelebyong,Kapelebyong,Obalanga,23553.007932662964,1.4586718919603352,8,1.6904137090571056,1.0,1.0,0.0,1.0
hospital,Yumbe,Aringa,Odravu,68595.61209869385,0.3280299507667728,10,0.3756763310369154,0.0,0.0,0.0,0.01730333586098997
hospital,Adjumani,East Moyo,Ofua,17765.452434539795,0.24468539612110027,8,0.2790213289666848,0.0,0.0,0.0,0.0
hospital,Pader,Aruu,Ogom,13233.6372756958,1.733638828006976,8,2.2674127639310377,1.0,1.0,0.0,1.0
hospital,Otuke,Otuke,Ogor,16597.008533477783,1.726245102132785,8,2.1037457061856504,1.0,1.0,0.0,1.0
hospital,Otuke,Otuke,Ogwette,21643.19460105896,2.0889786493763816,8,2.452224179598166,1.0,1.0,0.0,1.0
hospital,Lira,Lira Municipality,Ojwina Division,54131.200927734375,0.03439576102860495,8,0.03622711307509589,0.0,0.0,0.0,0.0
hospital,Kapelebyong,Kapelebyong,Okungur,17285.087781906128,1.6640581975299022,8,2.059672118271949,1.0,1.0,0.0,1.0
hospital,Kole,Kole,Okwerodot,43558.90965270996,0.43442673569579904,8,0.5253939970013379,0.0,0.0,0.0,0.25577344020521825
hospital,Maracha,Maracha,Oleba,38050.11767578125,0.19810890368198933,10,0.2147891051295142,0.0,0.0,0.0,0.0
hospital,Otuke,Otuke,Olilim,24630.023447990417,1.8759051096302295,8,2.1916764017969887,1.0,1.0,0.0,1.0
hospital,Maracha,Maracha,Oluffe,27968.459716796875,0.10275855799426376,10,0.12290393530183209,0.0,0.0,0.0,0.0
hospital,Arua,Ayivu,Oluko,49300.8561630249,0.1847644075783834,10,0.24189120439457465,0.0,0.0,0.0,0.08800233008619081
hospital,Maracha,Maracha,Oluvu,35018.39874267578,0.2751937053543815,10,0.33562418420933116,0.0,0.0,0.0,0.0
hospital,Agago,Agago,Omiya Pacwa,13804.715677261353,1.6285360324754705,8,1.8592614176500328,1.0,1.0,0.0,1.0
hospital,Agago,Agago,Omot,16805.342247009277,1.9648826993030455,8,2.4923637882281535,1.0,1.0,0.0,1.0
hospital,Omoro,Omoro,Ongako,31417.097423553467,0.15647282223323986,8,0.1828771236867694,0.0,0.0,0.0,0.010435445077352353
hospital,Pallisa,Butebo,Opwateta,22240.93473815918,0.38026644712465996,4,0.4340494978467276,0.0,0.0,0.0,0.0
hospital,Kitgum,Chua,Orom,32593.79083919525,2.1364777145943,8,2.4021059828274196,1.0,1.0,0.0,1.0
hospital,Otuke,Otuke,Orum,17475.75905227661,1.5145879642050748,8,1.7559006688134617,1.0,1.0,0.0,1.0
hospital,Tororo,Tororo,Osukuru,57640.14288330078,0.12304550125585753,4,0.1472389243961239,0.0,0.0,0.0,0.0
hospital,Kalaki,Kalaki,Otuboi,37084.18453979492,0.16354993335076426,8,0.1901936496348761,0.0,0.0,0.0,0.0
hospital,Otuke,Otuke,Otuke Town Council,5265.343782424927,1.468215125315657,8,1.7109891755916269,1.0,1.0,0.0,1.0
hospital,Kagadi,Buyaga,Paacwa,24089.602172851562,0.4880116774166014,4,0.5123994186024053,0.0,0.0,0.0,0.0
hospital,Pader,Aruu,Pader,12186.30586051941,1.8112966781503492,8,2.3123599958108825,1.0,1.0,0.0,1.0
hospital,Pader,Aruu,Pader Town Council,16822.70979309082,1.7458970305238077,8,2.2917553132672768,1.0,1.0,0.0,1.0
hospital,Lamwo,Lamwo,Padibe Town Council,11041.646183013916,0.48451208913825927,7,0.5239992636111531,0.0,0.0,0.0,0.02431653220295655
hospital,Kitgum,Kitgum Municipality,Pager Division,21681.88555908203,0.028498149387404092,7,0.031440716375840894,0.0,0.0,0.0,0.0
hospital,Zombo,Okoro,Paidha,18377.282257080078,0.20272771862998845,9,0.24644642787283041,0.0,0.0,0.0,0.020909994728628926
hospital,Zombo,Okoro,Paidha Town Council,38637.20867919922,0.14567115958484847,9,0.158746315920904,0.0,0.0,0.0,0.0
hospital,Agago,Agago,Paimol,25141.976912498474,1.9916777520898865,8,2.4198087066441047,1.0,1.0,0.0,1.0
hospital,Arua,Ayivu,Pajulu,82993.73950195312,0.06899304089601892,10,0.08744690279445314,0.0,0.0,0.0,0.0
hospital,Pakwach,Jonam,Pakwach Town Council,28172.79815196991,0.6427536841999809,10,0.652740332781006,0.0,0.0,0.0,0.009969740114857722
hospital,Pallisa,Pallisa,Pallisa,19151.069190979004,0.14931451571894555,4,0.19399133292717455,0.0,0.0,0.0,0.0
hospital,Pallisa,Pallisa,Pallisa Town Council,44374.16330718994,0.05928955615114688,4,0.07699591998281818,0.0,0.0,0.0,0.0
hospital,Kitgum,Kitgum Municipality,Pandwong Division,20183.788177490234,0.049807352564185295,7,0.057574923677760965,0.0,0.0,0.0,0.0
hospital,Agago,Agago,Parabongo,15011.823719978333,1.9879822173825457,8,2.4839219335054286,1.0,1.0,0.0,1.0
hospital,Nebbi,Padyere,Parombo,45334.89055633545,0.3018132209268195,9,0.3421599205658874,0.0,0.0,0.0,0.010656254426676143
hospital,Agago,Agago,Patongo,13424.164337158203,2.1140226502994106,8,2.718282124549733,1.0,1.0,0.0,1.0
hospital,Agago,Agago,Patongo Town Council,13303.69702911377,2.2355146785566085,8,2.89449088424944,1.0,1.0,0.0,1.0
hospital,Madi Okollo,Madi Okollo,Pawor,12246.663210988045,1.362131870346673,8,1.5490035090731245,1.0,1.0,0.0,1.0
hospital,Tororo,West Budama (Kisolo),Paya,39824.074935913086,0.27287113773969035,4,0.37288593271021925,0.0,0.0,0.0,0.0
hospital,Gulu,Gulu Municipality,Pece Division,62050.045837402344,0.02969607283302838,8,0.03679807191064633,0.0,0.0,0.0,0.0
hospital,Butebo,Butebo,Petete,36117.2431640625,0.39341148338465115,4,0.5018574594686511,0.0,0.0,0.0,0.0
hospital,Tororo,West Budama (Kisolo),Petta,20804.96240234375,0.19352953216683702,4,0.22533539061194813,0.0,0.0,0.0,0.0
hospital,Pallisa,Pallisa,Puti-Puti,33104.44241333008,0.2584281417367938,4,0.318952044307483,0.0,0.0,0.0,0.009949844785425866
hospital,Lira,Lira Municipality,Railway Division,8780.6484375,0.030126546618860904,8,0.031060136433082135,0.0,0.0,0.0,0.0
hospital,Rakai,Kooki,Rakai Town Council,9308.507232666016,0.056115607607521927,4,0.06726028616188928,0.0,0.0,0.0,0.0
hospital,Kotido,Jie,Rengen,43195.87450313568,2.1203836800123588,8,2.6052877202692377,1.0,1.0,0.0,1.0
hospital,Arua,Arua Municipality,River Oli Division,39480.974609375,0.01452054940000233,1,0.01452054807725626,0.0,0.0,0.0,0.0
hospital,Ntungamo,Rushenyi,Rubaare,32005.89360809326,0.43219521767153063,4,0.45257419818553773,0.0,0.0,0.0,0.002955380918183483
hospital,Ntungamo,Rushenyi,Rubaare Town Council,16665.827178955078,0.4065820475629839,4,0.41086213341967287,0.0,0.0,0.0,0.0
hospital,Kampala,KCCA,Rubaga Division,461634.62890625,0.029436993466181383,4,0.029744563434825934,0.0,0.0,0.0,0.0
hospital,Rubanda,Rubanda,Rubanda Town Council,25149.410034179688,0.431339267803397,4,0.45592635963970857,0.0,0.0,0.0,0.0
hospital,Kabale,Ndorwa,Rubaya,16818.697465658188,0.4027253396780135,4,0.46690219369537916,0.0,0.0,0.0,0.024038813335943553
hospital,Mbarara,Kashari,Rubaya,22789.78870010376,0.3553120324203258,4,0.38738298770724977,0.0,0.0,0.0,0.00537610956438656
hospital,Mbarara,Kashari,Rubindi,30041.86410522461,0.6313272517518252,4,0.6507182617044527,0.0,0.0,0.0,0.07179885672297247
hospital,Rubirizi,Bunyaruguru,Rubiriziri Town Council,11568.940979003906,0.34688100050514725,10,0.42471282697031615,0.0,0.0,0.0,0.0
hospital,Bunyangabu,Bunyangabu,Rubona Town Council,7754.203582763672,0.21325196688686135,4,0.21723615769709154,0.0,0.0,0.0,0.0
hospital,Tororo,West Budama (Kisolo),Rubongi,48177.509674072266,0.15685355284525576,4,0.2092224384896289,0.0,0.0,0.0,0.010482553350022497
hospital,Rwampara,Rwampara,Rugando,15396.896202087402,0.27698589982062366,4,0.29621967505085556,0.0,0.0,0.0,0.0
hospital,Ntungamo,Rushenyi,Rugarama,40417.10940551758,0.38272675068871886,4,0.43807068556189455,0.0,0.0,0.0,0.11773824209399397
hospital,Sheema,Sheema,Rugarama,9073.168045043945,0.4360170155845134,4,0.5181845072373761,0.0,0.0,0.0,0.0954068833112118
hospital,Kagadi,Buyaga,Rugashari,24349.865951538086,0.5068747364681668,4,0.6069202515688364,0.0,0.0,0.0,0.35040468771630606
hospital,Kanungu,Kinkizi,Rugyeyo,25542.645706176758,0.2681710110609361,4,0.30225114228877814,0.0,0.0,0.0,0.01049990937403306
hospital,Ntungamo,Ruhaama,Ruhaama,30118.271224975586,0.6325466580954889,4,0.711752360314194,0.0,0.0,0.0,0.5320148430963232
hospital,Rukungiri,Bujumbura,Ruhinda,29557.099884033203,0.35461855964531813,4,0.37909145957146506,0.0,0.0,0.0,0.0
hospital,Bushenyi,Igara,Ruhumuro,15384.855987548828,0.45207629421595297,10,0.5137189647276752,0.0,0.0,0.0,0.0
hospital,Ibanda,Ibanda,Rukiri,29473.547637939453,0.401297824832635,4,0.4969804589053938,0.0,0.0,0.0,0.09683932386948009
hospital,Kasese,Busongora,Rukoki,18085.81739807129,0.19539427309365334,10,0.22726349787233494,0.0,0.0,0.0,0.0
hospital,Mitooma,Ruhinda,Rurehe,14950.110595703125,0.4331945478003596,4,0.480485749024848,0.0,0.0,0.0,0.0
hospital,Ibanda,Ibanda,Rushango Town Council,5148.366394042969,0.5330627912017276,4,0.6418996207895541,0.0,0.0,0.0,0.0
hospital,Kagadi,Buyaga,Ruteete,17241.73747253418,0.2532460940363017,4,0.30998473661542586,0.0,0.0,0.0,0.0
hospital,Kanungu,Kinkizi,Rutenga,17124.085334777832,0.4012633220248798,4,0.4869763571597004,0.0,0.0,0.0,0.09060406371597478
hospital,Rukiga,Rukiga,Rwamucucu,25895.703163146973,0.35073076336612496,4,0.38180745285050127,0.0,0.0,0.0,0.03378809256087191
hospital,Mbarara,Kashari,Rwanyamahembe,33308.78739929199,0.469311683982901,4,0.488902045966938,0.0,0.0,0.0,0.03326915023657131
hospital,Ntungamo,Kajara,Rwashamaire Town Council,8899.612579345703,0.4221164349759108,12,0.42987557236945895,0.0,0.0,0.0,0.0
hospital,Ntoroko,Ntoroko,Rwebisengo Town Council,2781.8712940216064,1.1057907581886395,4,1.250434760378259,1.0,1.0,0.0,1.0
hospital,Ibanda,Ibanda,Rwenkoba Town Council,2904.3899841308594,0.44184910069399136,4,0.5522443032344211,0.0,0.0,0.0,0.0
hospital,Bushenyi,Igara,Rwentuha Town Council,6268.023742675781,0.2530040974136568,4,0.25749484262184963,0.0,0.0,0.0,0.0
hospital,Rukungiri,Bujumbura,Rwerere Town Council,4218.240509033203,0.12517296440375092,4,0.13630494221022338,0.0,0.0,0.0,0.0
hospital,Bunyangabu,Bunyangabu,Rwimi,21733.87857055664,0.5492880834312138,10,0.5756126912539278,0.0,0.0,0.0,0.0
hospital,Bunyangabu,Bunyangabu,Rwimi Town Council,20639.248275756836,0.5038860590144822,10,0.5141056572262621,0.0,0.0,0.0,0.0
hospital,Kabale,Ndorwa,Ryakirimira Town Council,9658.29963684082,0.4442187158492846,4,0.5160691702258545,0.0,0.0,0.0,0.0035700118011807343
hospital,Ssembabule,Mawogola,Sembabule Town Council,8633.850456237793,0.554664888574268,4,0.6029728247559941,0.0,0.0,0.0,0.03334808142460268
hospital,Nakaseke,Nakaseke,Semuto,33184.557273864746,0.5084017757261523,4,0.5963993628359728,0.0,0.0,0.0,0.29957272951470004
hospital,Nakaseke,Nakaseke,Semuto Town Council,11157.75473022461,0.3715712836568769,4,0.4326768977729651,0.0,0.0,0.0,0.0
hospital,Serere,Serere,Serere Town Council,10014.711791992188,0.5767802442310676,5,0.6460587800961263,0.0,0.0,0.0,0.0
hospital,Sheema,Sheema Municipality,Sheema Central Division,24534.37240600586,0.422902692876433,4,0.43711701811532544,0.0,0.0,0.0,0.0
hospital,Sheema,Sheema,Shuuku Town Council,17368.14825439453,0.3645240543376017,4,0.4044227367747904,0.0,0.0,0.0,0.0
hospital,Manafwa,Bubulo,Sibanga,10242.667114257812,0.3701953308505152,4,0.42496282302816285,0.0,0.0,0.0,0.0
hospital,Namayingo,Bukooli,Sigulu Island,14162.776211738586,1.4991222773541417,4,1.9708719860585509,1.0,1.0,0.0,1.0
hospital,Busia,Samia-Bugwe,Sikuda,25375.919311523438,0.22783117971055764,4,0.2907302926191277,0.0,0.0,0.0,0.0
hospital,Bulambuli,Bulambuli,Simu,8579.820343017578,0.47872492948208173,5,0.5585876048688706,0.0,0.0,0.0,0.0
hospital,Sironko,Budadiri,Sironko Town Council,23153.11085510254,0.15597288242245985,5,0.16905950397755654,0.0,0.0,0.0,0.0
hospital,Bulambuli,Bulambuli,Sisiyi,20985.55972290039,0.35900218605226075,5,0.3850770415150569,0.0,0.0,0.0,0.0
hospital,Manafwa,Bubulo,Sisuni,5582.402740478516,0.3264470876633446,5,0.4101453807406798,0.0,0.0,0.0,0.0
hospital,Tororo,West Budama (Kisolo),Sop-Sop,17871.119659423828,0.18172170719529832,4,0.2348251970633178,0.0,0.0,0.0,0.0
hospital,Soroti,Soroti,Soroti,25820.25813293457,0.10909327054323124,5,0.12126765535687455,0.0,0.0,0.0,0.0
hospital,Kotido,Kotido Municipality,South Division,11292.16519165039,1.696208795986626,7,2.1122441636505886,1.0,1.0,0.0,1.0
hospital,Kisoro,Kisoro Municipality,Southern,6043.172668457031,0.021598642373240613,4,0.024247656098491877,0.0,0.0,0.0,0.0
hospital,Kamuli,Kamuli Municipality,Southern Division,36518.95869445801,0.08388825333755419,4,0.09832250937479393,0.0,0.0,0.0,0.0
hospital,Kumi,Kumi Municipality,Southern Division,28665.318969726562,0.1664764155675305,5,0.18503393498553386,0.0,0.0,0.0,0.0
hospital,Koboko,Koboko Municipality,Southern Division,26037.343383789062,0.3771010221932329,10,0.3815764571930573,0.0,0.0,0.0,0.0
hospital,Kabale,Kabale Municipality,Southern Division,23009.381958007812,0.04445796823146794,4,0.04852318258680846,0.0,0.0,0.0,0.0
hospital,Kabarole,Fort Portal Municipality,Southern Division,21869.703002929688,0.015125596982001057,10,0.01635717761681748,0.0,0.0,0.0,0.0
hospital,Rukungiri,Rukungiri Municipality,Southern Division,11630.917861938477,0.044751412664415784,4,0.04852940293998754,0.0,0.0,0.0,0.0
hospital,Moroto,Moroto Municipality,Southern Divison,3524.74853515625,0.019196180626749992,1,0.019196180626749992,0.0,0.0,0.0,0.0
hospital,Mityana,Mityana,Ssekanyonyi,31136.24334716797,0.41958567231453603,4,0.47121900591683324,0.0,0.0,0.0,0.027916600641000173
hospital,Bukwo,Kongasis,Suam,8203.615921020508,1.57554322203473,5,1.9001372160875738,1.0,1.0,0.0,1.0
hospital,Maracha,Maracha,Tara,23374.77894592285,0.340693546909433,10,0.37595017393368224,0.0,0.0,0.0,0.0
hospital,Nebbi,Nebbi Municipality,Thatha Division,14590.145629882812,0.05456793202845593,8,0.05631663556894208,0.0,0.0,0.0,0.0
hospital,Kibuku,Kibuku,Tirinyi,27010.027618408203,0.37438742623676696,4,0.4252125756753016,0.0,0.0,0.0,0.022537648481325237
hospital,Namisindwa,Bubulo,Tsekululu,18272.18536376953,0.216071056119777,5,0.29290204908882633,0.0,0.0,0.0,0.0
hospital,Mityana,Mityana Municipality,Ttamu Division,27059.7391204834,0.16350802599480777,4,0.1788443113861419,0.0,0.0,0.0,0.0
hospital,Madi Okollo,Madi Okollo,Uleppi,12167.403049468994,0.4733332247320379,8,0.49375902932970955,0.0,0.0,0.0,0.07837549664999113
hospital,Gulu,Aswa,Unyama,22108.691856384277,0.2143579283029337,8,0.23903561042221963,0.0,0.0,0.0,0.008694079366083438
hospital,Katakwi,Katakwi,Usuk,27210.373838424683,0.3541250692276912,8,0.3910761898508251,0.0,0.0,0.0,0.015771357066298276
hospital,Arua,Vurra,Vurra,55433.0125579834,0.1357420623474522,10,0.15886281567715232,0.0,0.0,0.0,0.013866894669198087
hospital,Luuka,Luuka,Waibuga,44140.049743652344,0.284416193999605,4,0.3348202666537427,0.0,0.0,0.0,0.0
hospital,Mayuge,Bunya,Wairasa,21148.689002990723,0.20053357294679267,4,0.28278127860904334,0.0,0.0,0.0,0.0
hospital,Wakiso,Busiro,Wakiso,287273.6805419922,0.11112031920384376,4,0.11509661353400988,0.0,0.0,0.0,0.0
hospital,Wakiso,Busiro,Wakiso Town Council,108494.71368408203,0.160333233462763,4,0.16895358878473746,0.0,0.0,0.0,0.0
hospital,Mbale,Bungokho,Wanale,16795.666015625,0.2562480738433654,5,0.2835346856988817,0.0,0.0,0.0,0.0
hospital,Mbale,Mbale Municipality,Wanale Division,21032.00830078125,0.029395904784449915,4,0.03151635287561625,0.0,0.0,0.0,0.0
hospital,Kamuli,Buzaaya,Wankole,26361.192413330078,0.26502752029384175,4,0.3122153376485899,0.0,0.0,0.0,0.0
hospital,Zombo,Okoro,Warr,27078.458572387695,0.43218377044027273,8,0.5015737724389944,0.0,0.0,0.0,0.032429835168519515
hospital,Kyankwanzi,Kiboga,Wattuba,30446.121353149414,0.31499598864360423,4,0.3408076126680961,0.0,0.0,0.0,0.020999487705965825
hospital,Kotido,Kotido Municipality,West Division,15588.30138015747,1.8838661223417301,7,2.3273521969743554,1.0,1.0,0.0,1.0
hospital,Bugiri,Bugiri Municipality,Western Division,18609.215576171875,0.010755115305960227,4,0.01106685508534844,0.0,0.0,0.0,0.0
hospital,Busia,Busia Municipality,Western Division,21105.587890625,0.11017863181108917,4,0.11292656703645684,0.0,0.0,0.0,0.0
hospital,Soroti,Soroti Municipality,Western Division,19961.561767578125,0.03192220872648126,5,0.034286672789854394,0.0,0.0,0.0,0.0
hospital,Tororo,Tororo Municipality,Western Division,30982.418884277344,0.017751723001568524,4,0.021963296773637588,0.0,0.0,0.0,0.0
hospital,Koboko,Koboko Municipality,Western Division,14155.132751464844,0.3917410206700193,10,0.40169859640055217,0.0,0.0,0.0,0.0
hospital,Kabarole,Fort Portal Municipality,Western Division,18646.587280273438,0.048778053995791236,10,0.05185420366294202,0.0,0.0,0.0,0.0
hospital,Ntungamo,Ntungamo Municipality,Western Division,6485.393005371094,0.11966884824412462,4,0.12223101383884954,0.0,0.0,0.0,0.0
hospital,Rukungiri,Rukungiri Municipality,Western Division,15061.589660644531,0.08906661300917135,4,0.0926605896517231,0.0,0.0,0.0,0.0
hospital,Manafwa,Bubulo,Weswa,10663.02587890625,0.11527076505166922,5,0.1389237270042923,0.0,0.0,0.0,0.0
hospital,Luwero,Katikamu,Wobulenzi Town Council,31951.317657470703,0.22768521978302295,4,0.23021629634282048,0.0,0.0,0.0,0.0
hospital,Maracha,Maracha,Yivu,29070.69300842285,0.2075876017603991,10,0.23556581987354644,0.0,0.0,0.0,0.0
hospital,Yumbe,Aringa,Yumbe Town Council,57432.553649902344,0.2340731099339943,10,0.28340816768629373,0.0,0.0,0.0,0.0
hospital,Sironko,Budadiri,Zesui,14138.440032958984,0.5467961865409733,5,0.6830865555887711,0.0,0.0,0.0,0.2503246514461101
hospital,Zombo,Okoro,Zeu,24508.26188659668,0.44882979457107164,9,0.5107777810805358,0.0,0.0,0.0,0.036232664637662476
hospital,Zombo,Okoro,Zombo Town Council,19103.584396362305,0.20910497672247205,9,0.23891412414848395,0.0,0.0,0.0,0.0
