target,district,county,subcounty,population,dry_mean_h,worst_month,worst_month_mean_h,dry_share_over_1h,worst_month_share_over_1h,extra_people_over_1h,wet_day_share_over_1h
HC IV or hospital,Buyende,Budiope,Kagulu,108216.27952647209,0.9716537210554183,4,1.1308785178010239,0.2525499653295001,0.6097054899573845,38650.042087554924,0.975935431354416
HC IV or hospital,Kikuube,Buhaguzi,Kyangwali,135665.06194591522,0.9744110983015153,4,1.1528826168569335,0.507765594162193,0.7695537493653499,35515.50629234315,1.0
HC IV or hospital,Kamwenge,Kibale,Nkoma Town Council,45771.41719055176,0.8181554449856634,10,1.0226572065688335,0.09502748740066508,0.6303917593259669,24504.381439208984,0.9956438396161676
HC IV or hospital,Namayingo,Bukooli,Mutumba,57791.79338645935,0.658261415721299,4,0.9187401337584695,0.006422414326457616,0.3725977345508857,21161.928449630737,0.9181836974597396
HC IV or hospital,Kamwenge,Kibale,Nkoma,50730.04586029053,0.7883028515128887,4,0.9408060050752993,0.17783362511249326,0.5304880406881652,17890.174674987797,0.757202648559859
HC IV or hospital,Kwania,Kwania,Nambieso,64079.74275279045,0.6820067014417613,9,0.8786056182849808,0.06413934020817623,0.3216959451774795,16504.160990715023,0.87628787759672
HC IV or hospital,Buyende,Budiope,Buyende,73160.08730363846,0.7064898215953553,4,0.8504766530693992,0.02571153428595531,0.24747758250328344,16224.423448562624,0.6878546889612547
HC IV or hospital,Luwero,Bamunanika,Kamira,33028.779121398926,0.8401286339422188,4,1.0970841713141226,0.20667321403328545,0.6888592365348296,15926.015632629395,0.9989251910877727
HC IV or hospital,Kassanda,Kassanda,Kitumbi,80562.95777130127,0.6350210979536778,4,0.7957856064898021,0.007403718226632076,0.20068194223837213,15571.06539916992,0.8207371731421896
HC IV or hospital,Pader,Aruu,Awere,23233.961400985718,0.952471036428814,8,1.2107615540444656,0.2719217740171564,0.914871124306896,14938.260387420656,1.0
HC IV or hospital,Wakiso,Busiro,Bussi,26378.322303414345,0.9493160229476197,4,1.2201834364784818,0.36367447689834886,0.8667326091010827,13269.829548597338,1.0
HC IV or hospital,Mubende,Kasambya,Kasambya,38763.12875366211,0.8813749318102833,4,1.047041162897623,0.27768337758939554,0.6151617352499765,13081.717029571531,0.9880038352019945
HC IV or hospital,Agago,Agago,Wol,26221.263525009155,0.7118309767834783,8,0.9891794818370188,0.08637538698507147,0.5847663109015238,13068.439754486084,0.8665175106657118
HC IV or hospital,Otuke,Otuke,Okwang,30246.982482910156,0.7739488822098065,8,1.020536766426189,0.15058462550301088,0.5800158026098133,12988.997291564943,0.9727148806757363
HC IV or hospital,Pader,Aruu,Pader Town Council,16822.70979309082,0.954822699235645,8,1.307933444638711,0.22795284224311646,1.0,12987.925281524656,1.0
HC IV or hospital,Kyegegwa,Kyaka,Rwentuha,60224.0380897522,0.8869693390831339,4,1.041542187360741,0.28143581743976154,0.48816103678783673,12449.827484130858,0.9248039673563262
HC IV or hospital,Kakumiro,Bugangaizi,Kisiita,34289.3037109375,0.7576773365557651,4,0.9301093329270305,0.04335582770450436,0.39515252906272275,12062.86393737793,1.0
HC IV or hospital,Kamwenge,Kibale,Biguli,47470.04818725586,0.9730390233718912,4,1.1040826093858687,0.4428863007437386,0.6965333530281124,12040.63779449463,0.9706288660165691
HC IV or hospital,Mubende,Kasambya,Kigando,56207.0691986084,0.9052725277312849,4,1.0704645766592358,0.33911683739706366,0.5531096241911043,12027.907375335697,0.9488431183399549
HC IV or hospital,Amudat,Pokot,Karita,47630.44357299805,1.1372790499213379,5,1.595239974022202,0.6142869804545639,0.8602878574343257,11717.130889892578,0.9934039547382335
HC IV or hospital,Kakumiro,Bugangaizi,Kisiita Town Council,19285.297561645508,0.859883083845607,4,1.0264022601580765,0.018591278093172077,0.6243090520827019,11681.447509765625,1.0
HC IV or hospital,Kyegegwa,Kyaka,Ruyonza,52951.37643814087,0.8903666673640188,4,1.0104310426787257,0.28881959648017774,0.4991085270901078,11135.08832550049,0.9963542942887695
HC IV or hospital,Agago,Agago,Adilang,24852.907026290894,0.9193831439875054,8,1.2180792728962737,0.33089972155989494,0.7762608932267675,11068.519792556763,1.0
HC IV or hospital,Luwero,Bamunanika,Kikyusa,43320.7251701355,0.6711621715449966,4,0.8872944132313798,0.04728623633536684,0.2920724870810573,10604.317893981934,0.9483646854092138
HC IV or hospital,Namayingo,Bukooli,Bukana,13245.957217216492,0.7984639434300917,4,1.0983039970688098,0.009545296441318487,0.8051107068424996,10538.025389671326,1.0
HC IV or hospital,Amuru,Kilak,Pabo,66769.8394241333,0.6808574023989606,8,0.7839540537691578,0.06229452423269973,0.22004386392961076,10532.898080825806,0.4160226692528924
HC IV or hospital,Namayingo,Bukooli,Buhemba,40631.964363098145,0.5698399682916084,4,0.7914323548704394,0.000416941462979553,0.2581811228123347,10473.465030670166,0.7267474808287321
HC IV or hospital,Kagadi,Buyaga,Kyaterekera,35585.67253112793,0.7739835535350913,4,0.9573774949467669,0.0,0.29378260476765394,10454.451568603516,1.0
HC IV or hospital,Mubende,Buwekula,Butoloogo,60745.83967590332,0.6581046455622069,4,0.85033152595943,0.006108014482727486,0.17668140235204693,10361.623672485352,0.9931263281768683
HC IV or hospital,Agago,Agago,Lokole,20121.814447402954,0.8217165254993382,8,1.1162796628122011,0.20343040396922785,0.6968137316367062,9927.767770767212,0.9112466327198002
HC IV or hospital,Serere,Serere,Kateta,73847.4792752266,0.7428912930953396,5,0.9064109515842932,0.17087562695449915,0.29093236388117555,8865.887392044067,0.618282047832024
HC IV or hospital,Kaliro,Bulamogi,Bukamba,36372.17957115173,0.8010093237884927,4,0.9784750834077398,0.0680448862255411,0.3085550323471524,8747.87822341919,0.9836933970840851
HC IV or hospital,Kamwenge,Kibale,Bwizi,41183.91429901123,0.7834371704068845,10,0.8733737376365127,0.036586481184752516,0.24734772362390034,8679.972946166992,0.6999889761281123
HC IV or hospital,Kalangala,Bujumba,Mugoye,16728.05373388529,0.5971884589110524,4,0.9148743400976806,0.006412401432614353,0.5220887772128097,8626.262123346329,0.7396412770961447
HC IV or hospital,Kalaki,Kalaki,Bululu,29753.562110602856,0.7313348719846787,5,0.973082601357851,0.07511265304142739,0.3648890897128136,8621.881206691263,0.9945377121109563
HC IV or hospital,Kagadi,Buyaga,Ndaiga,13326.203134775162,0.9500769392491,4,1.1902406604811429,0.3444208001435365,0.9858584646724816,8547.928615808487,1.0
HC IV or hospital,Apac,Maruzi,Akokoro,55590.158178567886,0.9675880750309065,9,1.1060665012121464,0.44065186544193136,0.5921392894163497,8421.209860801695,0.8173363047082124
HC IV or hospital,Omoro,Omoro,Odek,42940.51627922058,0.5850121386828963,8,0.7662614175940807,0.017008771842288772,0.21198352448204374,8372.316539764404,0.6752480202423512
HC IV or hospital,Kwania,Kwania,Chawente,44409.67566752434,0.6557739416107551,9,0.7968473394162315,0.050354087721213685,0.23814396414718916,8339.687505722046,0.7648542579390446
HC IV or hospital,Kazo,Kazo,Burunga,32402.376712799072,0.8653975764936392,4,0.9857962966927555,0.16063740533785653,0.41663060636289395,8294.788135528564,1.0
HC IV or hospital,Rakai,Kooki,Kiziba,25726.553466796875,0.7153798353022948,4,0.9445768655723866,0.00671910170348811,0.3209017678206177,8082.837158203125,1.0
HC IV or hospital,Amuru,Kilak,Amuru,54307.534145355225,1.1601612144616849,8,1.40154241504293,0.6132145486839883,0.7582115002122829,7874.426896095276,0.9390841215529415
HC IV or hospital,Amuru,Kilak,Attiak,49720.06378173828,0.5000609091320883,8,0.6136184105520093,0.07517527866972255,0.23097873048909912,7746.55756187439,0.42101996752846693
HC IV or hospital,Agago,Agago,Lapono,26585.621218681335,0.7562967692782532,8,1.0252211183642568,0.19850037635024598,0.4894908677989941,7736.162983894347,0.9011987831663368
HC IV or hospital,Pallisa,Pallisa,Gogonyo,39860.83796787262,0.9130758401840209,4,1.2005315165734896,0.3551782616274911,0.547451364683424,7664.167006492617,1.0
HC IV or hospital,Amuru,Kilak,Amuru Town Council,12273.956554412842,0.9058766876387075,8,1.0425087765839138,0.09081835956716362,0.7128018358854695,7634.198165893555,1.0
HC IV or hospital,Pader,Aruu,Puranga,23134.692176818848,0.7498522782561607,8,0.970572331869844,0.09145439768279287,0.41495901671342533,7484.1797790527335,0.9935733742253039
HC IV or hospital,Kitgum,Chua,Namokora,17554.537889957428,1.0020392547399783,8,1.1235057700944033,0.4779327867604264,0.9040855202322824,7480.914306640625,0.994335496284913
HC IV or hospital,Kitgum,Chua,Omiya Anyima,23983.201637268066,0.9013761619365297,8,1.0353931771365195,0.21249297785001287,0.5153408409394825,7263.261365890504,0.9800926399466742
HC IV or hospital,Nwoya,Nwoya,Lungulu,47646.99034905434,0.9828533449897103,8,1.1826599181389783,0.4800010694470763,0.6296027129405448,7128.068063735961,0.8399154936013051
HC IV or hospital,Buvuma,Buvuma Island,Buwooya,21615.49303817749,1.0318116112431956,4,1.3304086936658772,0.6845713942046655,1.0,6818.144832611085,1.0
HC IV or hospital,Namutumba,Busiki,Ivukula,35489.23762512207,0.7078885777301241,4,0.8879261482855613,0.053588342839947296,0.24563804912974455,6815.697662353516,0.8192156211399774
HC IV or hospital,Pader,Aruu,Ogom,13233.6372756958,0.957336932301786,8,1.3125969432310138,0.3958757590591577,0.9082582081273952,6780.683477401734,1.0
HC IV or hospital,Nakasongola,Buruli,Kalongo,25197.32391166687,0.9098512035536324,4,1.0470787717063188,0.311692632913088,0.5727650286522037,6578.325719833375,0.9389895613120164
HC IV or hospital,Oyam,Oyam,Myene,34939.269287109375,0.6725522263165049,8,0.7879935957436696,0.006649187834272732,0.19085635810475468,6436.063926696777,0.6430782899963131
HC IV or hospital,Isingiro,Bukanga,Endiinzi,23961.277797698975,0.684914781530495,4,0.8816858363541289,0.0690365487282395,0.33730449630737075,6428.04281616211,0.8607796234729277
HC IV or hospital,Kaliro,Bulamogi,Gadumire,35153.03560554981,0.5730727796264267,4,0.8073022359237686,0.05233927060117111,0.23425749232696216,6394.977725625038,0.8077647218941642
HC IV or hospital,Kakumiro,Bugangaizi,Mpasaana,35288.6365814209,0.7029849305671753,4,0.879891131744395,0.008508715124704793,0.1858113461783721,6256.768112182617,1.0
HC IV or hospital,Rubirizi,Bunyaruguru,Kyabakara,19222.22201538086,0.8183716622122182,10,0.9971213025558907,0.06478607778859234,0.38910520235807694,6234.134216308594,1.0
HC IV or hospital,Mubende,Buwekula,Kitenga,85907.32238769531,0.529492790344965,4,0.6069809953042279,0.01368941967135519,0.08434799382356974,6070.08890914917,0.364583583406352
HC IV or hospital,Nwoya,Nwoya,Lii,49062.01354408264,0.8421560482618935,8,0.9421155423809272,0.26412286764501225,0.3861519117354676,5986.990613937378,0.5863912865897173
HC IV or hospital,Madi Okollo,Madi Okollo,Inde Town Council,14760.12261390686,0.8686739652202229,8,1.0283347292836047,0.1804107776234997,0.5855190780952454,5979.44818687439,0.9934784510901655
HC IV or hospital,Nabilatuk,Pian,Lolachat,48989.2135181427,1.52585236655469,4,1.8665875804409195,0.6091415804444911,0.7294928890525859,5895.915954589844,0.9432779555881202
HC IV or hospital,Mityana,Busujju,Bbanda,16744.644743442535,0.8408279848920348,4,0.9981071560702071,0.09993234103007873,0.44880211622245114,5841.700447320937,1.0
HC IV or hospital,Rakai,Kooki,Kacheera,29159.217415332794,0.6703568987709404,4,0.850728242394909,0.06069363020943363,0.2509451599759756,5547.585720062256,0.8806995327612086
HC IV or hospital,Kotido,Jie,Panyangara,40365.13148498535,1.1376176094331891,7,1.3887514313164826,0.4867611213321816,0.623465787152678,5518.1018104553195,0.7822299232042523
HC IV or hospital,Kazo,Kazo,Nkungu,33299.571632385254,0.7293803525396727,4,0.8314524145084149,0.0020750586497259296,0.16203427053873973,5326.5732345581055,0.7735077140596456
HC IV or hospital,Kotido,Jie,Kacheri,40289.65858745575,1.6092485547314817,8,1.92974850211281,0.8195364868911024,0.9486602321282276,5202.35161113739,1.0
HC IV or hospital,Kitgum,Chua,Lagoro,20763.482530593872,0.6785229977154873,8,0.8165083541857392,0.006587019324748542,0.25445099941771515,5146.519420623779,0.621106263415207
HC IV or hospital,Agago,Agago,Agago Town Council,7267.604740142822,0.7707111543970281,8,1.0540601776614482,0.0,0.7007321232069548,5092.644100189209,1.0
HC IV or hospital,Otuke,Otuke,Ogwette,21643.19460105896,0.7480249997401222,7,0.9167459132609975,0.08033974683492628,0.30924856229685554,4954.318038940429,0.7191189680533557
HC IV or hospital,Kamuli,Bugabula,Kagumba,41929.411662817,0.6543565414962805,4,0.7721169677503469,0.01922143621866274,0.13715745679840124,4944.987956762314,0.5167870195176391
HC IV or hospital,Kyotera,Kyotera,Kyebe,20961.067823946476,0.8039914852150783,4,0.9840875164332273,0.18174842201765365,0.4164868795447732,4920.3687291145325,0.6933962482784379
HC IV or hospital,Amuria,Amuria,Morungatuny,22972.217742919922,0.7018643094467732,8,0.8825362265420433,0.0,0.21062272830139295,4838.471176147461,0.9574162250039017
HC IV or hospital,Pakwach,Jonam,Wadelai,33377.90926742554,1.1244297818860012,10,1.3419019141448216,0.7966999099335733,0.9393171695984752,4760.265953063964,1.0
HC IV or hospital,Kikuube,Buhaguzi,Kabwoya,89652.33725762367,0.7256391521642558,4,0.7674953463340252,0.136360680862041,0.18837499721468307,4663.205031871796,0.33767515920315444
HC IV or hospital,Buvuma,Buvuma Island,Nairambi,29430.801488876343,1.3185621195163277,4,1.7248688319461556,0.8176702461779418,0.9743396837289041,4610.90711593628,1.0
HC IV or hospital,Kween,Kween,Ngenge,13977.132230758667,0.6899721619768907,5,0.9259637913798768,0.07828229334214348,0.39030946985735654,4361.245105743408,0.8920963182056392
HC IV or hospital,Kyenjojo,Mwenge,Kanyegaramire,25852.071983337402,0.7641287801708447,10,0.8902396270572959,0.03192431777148483,0.19968719427864032,4337.017959594727,0.935447474794441
HC IV or hospital,Adjumani,East Moyo,Arinyapi,13700.746225357056,0.910790188245177,8,1.0946001253702824,0.31399567865422806,0.6274149369932155,4294.07772064209,1.0
HC IV or hospital,Mayuge,Bunya,Bukatube,54176.01568841934,0.4946654471518311,4,0.6882620508631428,0.056595838349282376,0.13543204236324882,4271.031425476074,0.3948111747058054
HC IV or hospital,Oyam,Oyam,Minakulu,49146.20373916626,0.6822076096964482,8,0.7537475165841985,0.04554449866341245,0.1323878159225641,4268.01936340332,0.28823259608348845
HC IV or hospital,Gomba,Gomba,Kabulasoke,59530.45239639282,0.6468381190299547,4,0.8047411782798308,0.01619782194228262,0.08786396850993376,4266.318126678467,0.9060268740798924
HC IV or hospital,Nakapiripirit,Chekwi,Namalu,39362.75489425659,0.9720268903731938,5,1.2106049610218714,0.42124616652627345,0.5289202235502806,4238.347515106199,0.8204466652722592
HC IV or hospital,Katakwi,Katakwi,Ongongoja,21457.315212249756,0.9741763991801748,8,1.1959935806793154,0.44392184449274535,0.6414239878701741,4237.865745544434,0.8717911050929037
HC IV or hospital,Yumbe,Aringa,Kochi,62356.11643028259,0.5457773871706624,10,0.6340295157591053,0.0,0.06749634776140327,4208.810119628906,0.38807541511532573
HC IV or hospital,Serere,Serere,Kyere,67230.14206695557,0.618143725334048,5,0.7575886600341492,0.0014850136253248313,0.06360334386343364,4176.224166870116,0.5187552087395146
HC IV or hospital,Kitgum,Chua,Orom,32593.79083919525,1.2284836623241546,8,1.4077036398142233,0.5495949841096169,0.677033434827363,4153.702207565308,0.9139574288738839
HC IV or hospital,Amudat,Pokot,Loroo,45211.66734313965,1.177934294928044,4,1.4188849048359133,0.7870849010956993,0.8788699356187999,4149.754447937013,0.9810140744697855
HC IV or hospital,Kyankwanzi,Kiboga,Byerima,23512.670413970947,0.672852034890934,4,0.8244684807894787,0.015822482827449663,0.19102251059165753,4119.420509338379,0.9061149580337841
HC IV or hospital,Katakwi,Toroma,Magoro,23721.053129196167,0.9584148709569853,5,1.1435716329741208,0.27108986513438516,0.4446750240260159,4117.622776508331,0.9760696781795045
HC IV or hospital,Moyo,Moyo,Difule,9430.043462276459,0.9546938339729822,8,1.1223794060311765,0.25925810988867437,0.6936206397706629,4096.057535171509,1.0
HC IV or hospital,Agago,Agago,Kotomol,14503.837968826294,1.0385602443982451,7,1.3683413983774602,0.7194613568718011,1.0,4068.8870239257803,1.0
HC IV or hospital,Abim,Labwor,Nyakwae,23727.832263946533,1.1516224307164156,7,1.3324715410298096,0.6174930929798079,0.7874307300246461,4032.251747131348,0.9881319217798815
HC IV or hospital,Kiruhura,Nyabushozi,Kinoni,27419.99320793152,0.7259873448784558,4,0.8518274450911458,0.06799947891305917,0.21116524368438003,3925.60429763794,0.9410045520772182
HC IV or hospital,Masindi,Bujenje,Pakanyi,103210.16857147217,0.8035293720368576,4,0.8724469984833196,0.24182325105102676,0.2797596280646007,3915.4198665618883,0.39441842141718153
HC IV or hospital,Gulu,Aswa,Palaro,16526.567263126373,0.8441016040816287,8,1.1333938778740522,0.2652216999104214,0.49354221978414015,3773.354429244995,0.8922794617518769
HC IV or hospital,Kaliro,Bulamogi,Kisinda,12760.999038696289,0.6577681890373949,4,0.9315712535171345,0.0,0.29421802827247323,3754.5159759521484,1.0
HC IV or hospital,Otuke,Otuke,Adwari,15508.00020980835,0.6797610979815139,7,0.8727410221403045,0.027143444080739116,0.2666602835345728,3714.427196502685,0.8728107413516044
HC IV or hospital,Kotido,Jie,Rengen,43195.87450313568,0.739094333571887,7,0.8888313393265452,0.2069980018676494,0.2920648932820261,3674.5387659072862,0.6400231145282822
HC IV or hospital,Rakai,Kooki,Lwamaggwa,54652.322023153305,0.5771858736404327,4,0.7563837717013806,0.0037486779552780014,0.07087904638584895,3668.8305130004883,0.7858389321868923
HC IV or hospital,Madi Okollo,Madi Okollo,Rhino Camp,30256.15308380127,0.5408744392230922,8,0.655960105330647,0.0,0.11925496874734426,3608.196590423584,0.667548894537102
HC IV or hospital,Mpigi,Mawokota,Kammengo,47851.36061668396,0.42239644184143854,4,0.5002835568255793,0.03463010700030594,0.10906411060629732,3561.7683486938477,0.2100273342372127
HC IV or hospital,Alebtong,Moroto,Omoro,55167.380350112915,0.4849559963875673,8,0.6190947047806686,0.0,0.06354264702077292,3505.4813766479488,0.3254325714128835
HC IV or hospital,Nwoya,Nwoya,Got Apwoyo,44906.72548954189,0.8563648430189764,10,0.9864082787023136,0.3542044281914683,0.4318995234204559,3489.0323133319616,0.6548710408228229
HC IV or hospital,Bukedea,Bukedea,Malera,60906.32338142395,0.525536622222553,4,0.6420776969508732,0.10179229221945316,0.1578053333564053,3411.548397064209,0.3152016602266025
HC IV or hospital,Kiryandongo,Kibanda,Kiryandongo,106483.96399116516,1.114764712987453,10,1.2670358042909893,0.46290160121281004,0.4949106614189334,3408.451614379879,0.5386981693653924
HC IV or hospital,Kiruhura,Nyabushozi,Kikaatsi,24533.955911636353,0.6975197207450328,4,0.8199605924038775,0.07379475417057013,0.20921458523150344,3322.3841648101807,0.7375395886890532
HC IV or hospital,Rakai,Kooki,Kyalulangira,34641.88535499573,0.5564363486594289,4,0.7297376247125937,0.0025961594976298273,0.09582117532960499,3229.4903106689453,0.6797693899008712
HC IV or hospital,Lamwo,Lamwo,Lokung,18702.72011566162,0.9557625547418869,8,1.1291750145004011,0.4619589681399463,0.6295070300297361,3133.6045074462895,0.8466252682309451
HC IV or hospital,Oyam,Oyam,Aleka,39157.14067077637,0.7045087731074242,8,0.8660717881036819,0.004974736265645824,0.0849765523032478,3132.6423645019536,0.8603682604889932
HC IV or hospital,Namutumba,Busiki,Bulange,60228.856536865234,0.5710189067764001,4,0.7284586675058117,0.0,0.050874577506371546,3064.117630004883,0.547937196485542
HC IV or hospital,Nakasongola,Buruli,Lwabiyata,20534.703984975815,0.7195296300481048,4,0.8525753309382955,0.02334635312051669,0.16713822364545083,2952.7234966754913,0.7693667463941285
HC IV or hospital,Kyankwanzi,Kiboga,Nsambya,39020.55854225159,0.7529703473251916,10,0.8039464134339402,0.10200881880010496,0.17736481935990855,2940.4332313537598,0.3626276506127083
HC IV or hospital,Mpigi,Mawokota,Buwama,63448.13804554939,0.34837631854221673,4,0.4251020190286303,0.001778521953182886,0.04776712382759813,2917.89116024971,0.09743269772183313
HC IV or hospital,Isingiro,Bukanga,Mbaare,46942.29997634888,0.38942438565279747,4,0.5042843131606808,0.0037387927370586653,0.06519141979105562,2884.7276535034175,0.3421984630686833
HC IV or hospital,Bukedea,Bukedea,Kolir,43300.32772064209,0.5016819515819393,5,0.6270732132975506,0.018329365871172017,0.0847603320185528,2876.4826049804683,0.300440317217569
HC IV or hospital,Abim,Labwor,Morulem,35469.737199783325,0.6184430099436045,8,0.7404281690883918,0.09376060638651593,0.17375440086161556,2837.358867645263,0.45921460380832513
HC IV or hospital,Rukungiri,Bujumbura,Bwambara,33465.016287982464,0.690568395139643,4,0.793214366172591,0.1899533478807596,0.27466892816560895,2835.0082740783696,0.6049093999603752
HC IV or hospital,Amuria,Amuria,Orungo,19676.933654785156,0.5957051259312931,8,0.7988675145882594,0.0,0.1432768739122483,2819.249542236328,0.8901687081212216
HC IV or hospital,Namayingo,Bukooli,Banda,60523.861271858215,0.5979855652391963,4,0.8005501266846993,0.0,0.04635120056742557,2805.353632926941,0.847319825487265
HC IV or hospital,Gomba,Gomba,Kyegonza,36084.57013940811,0.5812771208964118,4,0.6885888201841788,0.001204269991518633,0.07748394373806197,2752.5192375183105,0.4160411894849632
HC IV or hospital,Pader,Aruu,Angagura,11172.200420379639,0.9686798340498823,8,1.1569926817350615,0.41434843798753024,0.6571962383770258,2713.144297599793,0.7963970726190062
HC IV or hospital,Gomba,Gomba,Maddu,42457.12720489502,0.5976429100607836,4,0.6948265457791138,0.172054498651298,0.23576213260434964,2704.843118667603,0.516598005490257
HC IV or hospital,Madi Okollo,Madi Okollo,Ogoko,9823.342734336853,0.611500413459311,8,0.7434776398667781,0.01805781806736576,0.292093061808028,2691.942120552063,0.6725845103481732
HC IV or hospital,Luwero,Bamunanika,Zirobwe,56762.94105529785,0.4929824324552285,4,0.623856354620602,0.003450811673300538,0.050771713930523425,2686.073585510254,0.3502307700358733
HC IV or hospital,Pader,Aruu,Laguti,15296.322913646698,0.6931435704997813,8,0.8447141687628614,0.1235578530174386,0.2990547770051049,2684.457619667053,0.6186190072595731
HC IV or hospital,Bugiri,Bukooli,Buluguyi,42180.99956893921,0.45899645115303694,4,0.5542485748713054,0.0,0.061928615034950237,2612.2108840942383,0.17660089442071186
HC IV or hospital,Amudat,Pokot,Amudat,45181.596590042114,0.7807057611875601,5,0.9425241062170657,0.3468976254846921,0.4034196124275163,2553.7536125183096,0.5989137473270094
HC IV or hospital,Kyotera,Kyotera,Kabira,38022.15888595581,0.6284885104635931,4,0.8134921149186891,0.14174756943807545,0.207541870000964,2501.64134979248,0.42468061117843375
HC IV or hospital,Madi Okollo,Madi Okollo,Pawor,12246.663210988045,1.091032836855083,8,1.3240461259638867,0.7677005422786248,0.971420033530117,2494.8839988708496,1.0
HC IV or hospital,Amuria,Amuria,Akeriau,18759.887908935547,0.7049678844166829,8,0.8728068841698359,0.020810616397481937,0.1493369995390468,2411.14054107666,0.9367273100495651
HC IV or hospital,Ngora,Ngora,Kobwin,48502.42559850216,0.5131747791786786,5,0.6789166454875328,0.122293762237789,0.17198105146863596,2409.954049110412,0.38669352050956807
HC IV or hospital,Karenga,Dodoth,Kapedo,10664.35126543045,1.0224723623091503,8,1.2321281281296148,0.6239151356613694,0.84961271634093,2406.9182801246643,1.0
HC IV or hospital,Ntoroko,Ntoroko,Butungama,22121.768890619278,0.7005937225085396,4,0.809737311462952,0.397120986775529,0.5050470362002871,2387.5151226520534,0.5050470362002871
HC IV or hospital,Masindi,Buruuli,Kimengo,18462.64506673813,0.7826169846579285,10,0.8989978062656183,0.21326493221402973,0.34073355956006873,2353.408023834228,0.6210246642707268
HC IV or hospital,Otuke,Otuke,Ogor,16597.008533477783,0.5437707048307033,7,0.7312011197379535,0.011239964548133672,0.152943662656195,2351.8574867248535,0.6691342419835498
HC IV or hospital,Buyende,Budiope,Bugaya,116536.97692871094,0.49540616436995666,4,0.5908246807553214,0.0,0.020143445058237685,2347.4561920166016,0.24677963518454943
HC IV or hospital,Lamwo,Lamwo,Palabek Kal,17655.6967086792,0.9512067148379042,8,1.098329485903698,0.264468178374656,0.3970588411764644,2340.9805288314815,0.9831286698761875
HC IV or hospital,Kiryandongo,Kibanda,Mutunda,99767.84467697144,0.542560450822633,8,0.5893480020718777,0.01927226000245139,0.042471113312639995,2314.4995937347417,0.2276773745773965
HC IV or hospital,Pader,Aruu,Pader,12186.30586051941,1.063536721916377,8,1.4327972150893518,0.8112709477094672,1.0,2299.909955978394,1.0
HC IV or hospital,Pader,Aruu,Atanga,21361.135778427124,0.8428571265185918,8,0.9762131333790639,0.25487881546497,0.3624153126260952,2297.1017169952393,0.6649514009947627
HC IV or hospital,Kotido,Jie,Nakapelimoru,35735.6135995388,0.5861314084456034,7,0.6867500556365377,0.15539659543587753,0.21963827920839338,2295.7159882783885,0.42381557883510795
HC IV or hospital,Nakaseke,Nakaseke,Kinoni,8117.299370288849,0.7966656647260193,4,0.9846240763634324,0.14054751080475222,0.420039244960034,2268.7180776596065,0.9631708672118209
HC IV or hospital,Pader,Aruu,Lapul,24172.18411064148,0.44391443789819607,8,0.6022205586960152,0.030568750752507593,0.12363518173022818,2249.6189041137695,0.4476597329824905
HC IV or hospital,Kamuli,Bugabula,Namasagali,44886.71659851074,0.5186112851702476,4,0.6201878319728495,0.024384054279623608,0.07411923188215631,2232.448822021485,0.2225860333238481
HC IV or hospital,Kamwenge,Kibale,Busiriba,39783.071643829346,0.5656885752315806,10,0.6598062659139831,0.12519560156296017,0.18033581798959958,2193.6471805572514,0.3880023617266704
HC IV or hospital,Abim,Labwor,Awach,14381.603191375732,0.6433672018405847,8,0.8001167862993376,0.08036656614055496,0.2297363292927794,2148.1766624450684,0.6368487915094608
HC IV or hospital,Pallisa,Pallisa,Olok,20983.87047958374,0.3708990569932745,4,0.5104596517097795,0.012211981527487885,0.11392089095426716,2134.24658203125,0.306187941925187
HC IV or hospital,Nakapiripirit,Chekwi,Kakomongole,31750.78133583069,0.5929358924838245,5,0.6938202859980512,0.19858592351894588,0.26477161225043466,2101.4473304748535,0.42438406241053506
HC IV or hospital,Lamwo,Lamwo,Agoro,21054.657979011536,0.8367148356592836,7,0.9547679991925281,0.25726965815702674,0.3568218093410789,2096.036494255066,0.626802704827993
HC IV or hospital,Kalangala,Bujumba,Bujumba,15645.810626000166,0.5075919506600887,4,0.6614576619597312,0.03879835960493354,0.17129525466405704,2073.021328628063,0.36939092597880896
HC IV or hospital,Buliisa,Buliisa,Butiaba,42066.3454914093,0.8226480512164928,4,0.8878684300267727,0.16194903461353632,0.21099817806332494,2063.3182144165035,0.6282694654380766
HC IV or hospital,Koboko,Koboko,Kuluba,51236.81588745117,0.4506801242607272,10,0.5413268850630862,0.0,0.039781570547567674,2038.281005859375,0.21772560404694857
HC IV or hospital,Gulu,Aswa,Patiko,24620.096529006958,0.5242428699780436,8,0.7086720483285966,0.017907456377212267,0.10027426241820103,2027.878715515137,0.6279938868916493
HC IV or hospital,Pader,Aruu,Pajule,24732.685819625854,0.4312019297858802,8,0.5865974087491472,0.0,0.08170159771947266,2020.6999473571775,0.45910990295872284
HC IV or hospital,Nakasongola,Buruli,Lwampanga,38310.56385111809,0.5610268538890886,4,0.6440294925089889,0.006093662612921673,0.058819936710411046,2019.9732904434204,0.5361202841567073
HC IV or hospital,Kabarole,Burahya,Mabende,17496.21982574463,0.7135806076565553,4,0.8960877359972165,0.02737925665160673,0.14281647316722,2019.714916229248,1.0
HC IV or hospital,Ssembabule,Lwemiyaga,Lwemiyaga,46804.212646484375,0.622276199140898,4,0.731660321978822,0.006415969711395681,0.04946738595036134,2014.9876403808594,0.7492924820114417
HC IV or hospital,Kyankwanzi,Kiboga,Kyankwanzi Town Council,9270.121963500977,1.151791580186046,4,1.400734287652866,0.6925245457272592,0.9076815686868406,1994.5318441390993,0.9825088512198475
HC IV or hospital,Koboko,Koboko,Ludara,45142.482288360596,0.4767830980831583,10,0.573773106805789,0.025163318209892312,0.06898434492473945,1978.1899223327634,0.26331039165483927
HC IV or hospital,Masaka,Bukoto,Bukakata,21140.832230180502,0.5698289764773257,4,0.6998716323252273,0.11114812965770977,0.20396423374316483,1962.2096847295763,0.3420364667796688
HC IV or hospital,Adjumani,East Moyo,Pakele,59688.187870025635,0.3453662704891199,8,0.43095122945066994,0.0,0.03250816165277979,1940.3532600402832,0.17014410722786888
HC IV or hospital,Mubende,Buwekula,Madudu,50595.70581817627,0.5756485241157887,4,0.713900875865599,0.0,0.03813862604001776,1929.6507034301756,0.8547037446453355
HC IV or hospital,Kole,Kole,Bala,58517.22457885742,0.5647498598420289,8,0.7116715414309979,0.0,0.03247029454351192,1900.0715179443357,0.676233681216413
HC IV or hospital,Nabilatuk,Pian,Nabilatuk,38188.76112365723,0.47243104794742213,4,0.5699046771649919,0.1076288517910685,0.15725017099058672,1894.9767055511472,0.3646265564383347
HC IV or hospital,Kamwenge,Kibale,Kamwenge,31845.84626197815,0.43080439191860515,4,0.5192830489705638,0.04469204166461432,0.10362137289738522,1876.6544227600095,0.27281997968562083
HC IV or hospital,Masaka,Bukoto,Buwunga,53234.06545186043,0.3925387240109969,4,0.5207723982609613,0.09919475761851324,0.13442282907695444,1875.333461761475,0.18836525819680902
HC IV or hospital,Kibaale,Buyanja,Nyamarunda,35960.3106842041,0.5843600874187198,4,0.7417398174688745,0.010801390232214957,0.06211593541258368,1845.2869873046875,0.9245367881878674
HC IV or hospital,Apac,Maruzi,Ibuje,53720.84181022644,0.5935611399754652,9,0.6661481430524603,0.0364739221045268,0.07080977202833384,1844.5507621765134,0.46069085967703677
HC IV or hospital,Ssembabule,Mawogola,Lugusulu,41311.28746986389,0.46574630918906734,4,0.5431402452827601,0.007561185055212226,0.05214902166994177,1841.980936050415,0.4133120693227401
HC IV or hospital,Kaabong,Dodoth,Kalapata,17621.6699924469,0.6810383410009954,4,0.8171286201861412,0.025872256116082452,0.13011000064695746,1836.843134880066,0.9598582873260554
HC IV or hospital,Nakaseke,Nakaseke,Kinyogoga,15195.532357215881,0.688140609894632,4,0.8009947546817964,0.04507130098067246,0.16507991431679495,1823.5947670936584,0.6038869561885432
HC IV or hospital,Nakaseke,Nakaseke,Wakyato,16533.338633060455,0.556141696751607,4,0.6573671351085613,0.11975725846842153,0.22956399017426155,1815.471879482269,0.3714227645113657
HC IV or hospital,Yumbe,Aringa,Kei,69414.812084198,0.3874895057107091,10,0.4944758435570103,0.020037035995009146,0.04493700665860258,1728.4267845153809,0.2046944671025335
HC IV or hospital,Kabarole,Burahya,Kasenda,31088.652433395386,0.5158598458643283,10,0.5996804601744797,0.04973234785528912,0.10506470795156314,1720.208511352539,0.278090383276963
HC IV or hospital,Agago,Agago,Paimol,25141.976912498474,0.5379833137843775,8,0.7138099686577384,0.07157881399132617,0.1389967634885428,1695.020529747009,0.4711816272699187
HC IV or hospital,Kayunga,Bbaale,Galiraya,35490.31912481785,0.6173763852773619,4,0.7059812468995278,0.013659765729871808,0.05963425230305219,1631.6492000818253,0.4732449407211439
HC IV or hospital,Kasese,Busongora,Bwesumbu,27002.664909362793,0.6456903285359943,10,0.7998428062496387,0.2315101707331096,0.2914375602771287,1618.1992187499995,0.4592292917052527
HC IV or hospital,Karenga,Dodoth,Sangar,3284.1213340759277,0.923614540130451,8,1.1339156039507232,0.26111791085686886,0.7524047599341789,1613.4456222057343,1.0
HC IV or hospital,Nakapiripirit,Chekwi,Moruita,35729.96141242981,1.524879335379486,5,1.7932066801555662,0.7221558384255947,0.7669948891541007,1602.097552299503,0.8662826381549922
HC IV or hospital,Amuria,Amuria,Ogolai,19782.72100830078,0.5409986611381826,8,0.7382906426255008,0.0,0.08009252795463,1584.4481353759763,0.800711698223246
HC IV or hospital,Yumbe,Aringa,Kerwa,35882.39270019531,0.4813065869792206,10,0.566542154511742,0.01799066576311629,0.06117512576460614,1549.561752319336,0.23922896326068424
HC IV or hospital,Adjumani,East Moyo,Itirikwa,18824.926056861877,0.4391597984655758,8,0.5453715822867451,0.09125053234075138,0.1728362031941719,1535.8442211151125,0.323051707751015
HC IV or hospital,Kalungu,Kalungu,Lwabenge,39599.38869857788,0.4016238612025691,4,0.5342298806509883,0.00716601770065486,0.04592862485791263,1534.9755477905276,0.39153555168581705
HC IV or hospital,Otuke,Otuke,Olilim,24630.023447990417,0.4979182569862218,7,0.6013241994333222,0.0,0.06179662726949882,1522.05237865448,0.23889012282168823
HC IV or hospital,Pakwach,Jonam,Panyimur,37256.31884098053,0.7408281858333865,10,0.8515690109382514,0.006844745512785753,0.047529365197636494,1515.759162902832,0.9071033796536655
HC IV or hospital,Arua,Vurra,Ajia,31272.39058494568,0.37578619240042693,10,0.4591741882953383,0.004278634071203322,0.051335669230670115,1471.585983276367,0.24860418663718167
HC IV or hospital,Agago,Agago,Omiya Pacwa,13804.715677261353,0.8410116273737067,8,1.0084363912091856,0.1344100130209546,0.23976437914511636,1454.3870697021484,0.8485541065517263
HC IV or hospital,Bulambuli,Bulambuli,Bumasobo,11507.144729614258,0.8675826390023561,10,1.0771980999334823,0.3764154661114162,0.502389137357617,1449.5972671508791,0.6328254191844076
HC IV or hospital,Abim,Labwor,Abim,19212.4908618927,0.4419434072380721,8,0.5468016843162953,0.04429027591570921,0.1194600208739599,1444.1980381011963,0.3381582097681807
HC IV or hospital,Nakasongola,Buruli,Nabisweera,21378.845115482807,0.49563086191092504,4,0.5584961348882622,0.08455102728145047,0.15190774268974006,1440.0087862014773,0.300493502402433
HC IV or hospital,Kazo,Kazo,Rwemikoma,32090.141450881958,0.5961173256074204,4,0.7160763554502277,0.0,0.04471955723183984,1435.0569171905518,0.8485677578467236
HC IV or hospital,Nakaseke,Nakaseke,Ngoma,10785.244376659393,0.5300864068583079,4,0.6813524424579734,0.047638113152950946,0.1783518631838239,1409.7797374725342,0.5461278841653577
HC IV or hospital,Butambala,Butambala,Ngando,21480.059997558594,0.5448139894402246,4,0.7151255338957809,0.0,0.06520508467008784,1400.609130859375,0.681746706525316
HC IV or hospital,Rakai,Kooki,Kibanda,31652.27509689331,0.47194441031130396,4,0.5907023580500217,0.0,0.04403817097002111,1393.908302307129,0.3749765485744266
HC IV or hospital,Napak,Bokora,Lorengecora,16348.354845046997,1.0663072145569052,4,1.164631814568628,0.5232305541509255,0.6082761118753132,1390.354955673218,0.7279602372969505
HC IV or hospital,Buhweju,Buhweju,Engaju,23609.37197494507,0.6904468929575269,4,0.7889536024693888,0.22464178400404436,0.28327412801506135,1384.272819519043,0.4228822622295927
HC IV or hospital,Moroto,Matheniko,Nadunget,65480.30608725548,1.0881556529161727,4,1.275828359731923,0.4484857023990806,0.46943380641544874,1371.6882629394524,0.5321527225223172
HC IV or hospital,Kasese,Busongora,Maliba,58348.92305755615,1.082419512277832,4,1.3063913725934047,0.4130009285204664,0.43640078246668257,1365.35627746582,0.5029549078601787
HC IV or hospital,Masaka,Bukoto,Kyesiiga,31201.597490906715,0.38581183083495374,4,0.5503617950758207,0.0011279518964459594,0.044350468503236644,1348.611565709114,0.27207238599954175
HC IV or hospital,Mubende,Kasambya,Kasambya Town Council,16437.164588928223,0.7481121217089246,4,0.8876539546015975,0.0,0.0814562682232503,1338.9100875854492,1.0
HC IV or hospital,Bukomansimbi,Bukomansimbi,Bigasa,46626.56024932861,0.5507110486161236,4,0.7112622587074952,0.009874331828634453,0.03790178279860898,1306.8236312866209,0.8660658851105907
HC IV or hospital,Mukono,Mukono,Mpunge,20825.91028904915,0.48279226954115523,4,0.6509999737463628,0.00036531674143603455,0.06262468822433732,1296.608085155487,0.4410565756744375
HC IV or hospital,Agago,Agago,Lira Palwo,18902.872484207153,1.3099880272325832,8,1.7726544487283973,0.9305330064478368,0.9987300999435459,1289.1209621429427,1.0
HC IV or hospital,Amolatar,Kioga,Namasale,31126.630904734135,0.7504545792485132,4,0.8345917605566147,0.14391815982652031,0.18518810021850307,1284.594202041626,0.33858614276035676
HC IV or hospital,Gulu,Aswa,Paicho,32308.110906600952,0.5183844781837518,8,0.6095673101296404,0.0026612700518148613,0.04241986924780248,1284.5252323150635,0.20667025290783578
HC IV or hospital,Kaabong,Dodoth,Kathile,12742.064900636673,0.7106598299315234,4,0.8487304766589621,0.07821730856041063,0.1773837622515791,1263.5853888988497,1.0
HC IV or hospital,Kiboga,Kiboga,Ddwaniro,15483.169225692749,0.5561633932189443,4,0.6772290405755282,0.08182298249927022,0.1631512775542117,1259.2197551727295,0.4241486527337646
HC IV or hospital,Napak,Bokora,Iriiri,37554.45788383484,1.6965753981408955,4,1.9273038324877185,0.7167693014455824,0.7497006858648656,1236.7202892303467,0.8120998530402851
HC IV or hospital,Kaabong,Dodoth,Kamion,8583.84070611,2.6394955969465914,8,3.1386919240851245,0.7604541505802451,0.9017983140839388,1213.2757842540736,1.0
HC IV or hospital,Napak,Bokora,Lokopo,27560.048692703247,1.5211069333235574,4,1.737071677871852,0.6420483012433957,0.6860409833564631,1212.4404611587524,0.7717596082970407
HC IV or hospital,Kotido,Jie,Kotido,17705.43284034729,0.6283038832624195,7,0.7394320348364493,0.11746279583341993,0.1859309984373306,1212.259162902832,0.5096717570168501
HC IV or hospital,Madi Okollo,Madi Okollo,Okollo,23398.967326164246,0.6170170564017146,8,0.656988643436384,0.06904744140609961,0.12083764546848795,1211.8372926712034,0.2791399650118206
HC IV or hospital,Kasese,Busongora,Bugoye,44500.62691497803,1.1474545929137407,4,1.3932549404457721,0.4674437668495151,0.4946400825294372,1210.25309753418,0.583587554764829
HC IV or hospital,Napak,Bokora,Lotome,25460.117345809937,1.2184794320609926,4,1.4013447275928297,0.4400500702689057,0.4870458418222589,1196.5178585052495,0.6049350402590442
HC IV or hospital,Bududa,Manjiya,Bushiyi,21341.253875732422,0.5909424963053088,5,0.7478505580208675,0.1463831515332079,0.20237673722385693,1194.973327636719,0.3476834508723251
HC IV or hospital,Lyantonde,Kabula,Kasagama,14172.69356918335,0.711622342460292,4,0.8206604804312204,0.016512527803565134,0.10045657492688768,1189.7132568359377,0.9650571063362839
HC IV or hospital,Bunyangabu,Bunyangabu,Kabonero,22812.85959625244,0.7770726571913702,10,0.9516548779871825,0.35598927793148116,0.4077176062332999,1180.0710906982422,0.5037044386433451
HC IV or hospital,Kalangala,Kyamuswa,Mazinga,6761.3032376766205,1.1947863497854976,4,1.612682665512122,0.8256851297717747,0.9988857542502901,1171.0619430541992,1.0
HC IV or hospital,Nakasongola,Buruli,Nakitoma,17231.608241558075,0.5630518134515521,9,0.6083382248820153,0.06250741993867784,0.12955584123438374,1155.3521289825437,0.2933469964309347
HC IV or hospital,Napak,Bokora,Lopeei,15433.682595729828,0.9145626898936995,4,1.0367843027009687,0.3490283039066742,0.4238670757432493,1155.037850379944,0.6576968471364039
HC IV or hospital,Kiruhura,Nyabushozi,Sanga,6184.831432532519,0.7211577631986469,4,0.8384803681518397,0.11671709829107997,0.2953438183611542,1104.7761529795825,0.7272659118528758
HC IV or hospital,Kabarole,Burahya,Kijura Town Council,11068.85842514038,0.812542918574418,4,0.9691799677767423,0.19160345457433878,0.2913271581590748,1103.8275566101072,1.0
HC IV or hospital,Kagadi,Buyaga,Mpeefu,58312.06946563721,0.5592840354663509,4,0.6982701893583122,0.0,0.018833790843137042,1098.237319946289,0.7428895478243581
HC IV or hospital,Kabarole,Burahya,Ruteete,22778.671184539795,0.5422352367966138,10,0.6205598217492307,0.14508615791135474,0.19300024434460836,1091.4192199707034,0.293968873097036
HC IV or hospital,Ngora,Ngora,Kapir,41072.89375305176,0.4377853999389692,5,0.4996463078109042,0.0,0.026224859105905426,1077.1308517456055,0.09403708827811483
HC IV or hospital,Kayunga,Bbaale,Kayonza,67315.78547668457,0.44896622942308023,4,0.5411979738928098,0.0008108705609892341,0.01665778297329812,1066.747356414795,0.17291509011022888
HC IV or hospital,Nakasongola,Buruli,Kalungi,30986.366912722588,0.5950910513685143,4,0.654614253520267,0.030040504605397093,0.0635279263543263,1037.653537273407,0.3552316057832793
HC IV or hospital,Kaabong,Dodoth,Lotim,5933.07596206665,0.6871230324992286,4,0.8177887362960435,0.0,0.17350856545291654,1029.4394989013672,0.9082045272521412
HC IV or hospital,Sironko,Budadiri,Bugitimwa,10169.611755371094,0.8595535949529818,10,1.1014039844356138,0.3883432108931159,0.4886104320482358,1019.6787109375003,0.592788724670576
HC IV or hospital,Kakumiro,Bugangaizi,Katikara,34990.04666137695,0.6849217171673994,4,0.856450376777412,0.0,0.028879260689656454,1010.4866790771484,0.9957658696063564
HC IV or hospital,Bududa,Manjiya,Bukalasi,18386.23944091797,0.7536288652358825,10,0.9259562802071583,0.2945785028447752,0.3493128988547466,1006.3597106933588,0.4401981502817418
HC IV or hospital,Nakapiripirit,Chekwi,Loregae,27009.0094165802,1.569634746541352,5,1.883331406546245,0.5436811482697518,0.5808075481487487,1002.7472839355495,0.6635689401886212
HC IV or hospital,Sironko,Budadiri,Masaba,12925.13330078125,0.3511250816146624,5,0.43166466407983933,0.0,0.07756852508056747,1002.5835266113282,0.12677535625935918
HC IV or hospital,Kitagwenda,Kitagwenda,Kanara,19056.24958229065,0.5221755339256594,4,0.6356218436274974,0.08390617727182229,0.13590533540983,990.9089355468748,0.35418566475819474
HC IV or hospital,Bulambuli,Bulambuli,Bwikhonge,11581.158603668213,0.5848038143759181,5,0.7716596412511084,0.1779720847109923,0.2624525839845923,978.382061004639,0.402356407979004
HC IV or hospital,Hoima,Bugahya,Buseruka,60901.67556476593,0.6312802717499182,4,0.6597392134918648,0.00940264275055998,0.02508103819620627,954.840552806854,0.08756148182099416
HC IV or hospital,Lamwo,Lamwo,Palabek Gem,16773.91311597824,0.9108426988832226,8,1.0510066823205932,0.3425306900950034,0.3993584790959556,953.2243952751161,0.6491971917233452
HC IV or hospital,Alebtong,Moroto,Abia,29683.14948272705,0.5952976728164743,8,0.7315811815454153,0.009585308861085827,0.04161435798647435,950.7230529785156,0.4766385901778155
HC IV or hospital,Arua,Terego,Bileafe,28758.697313308716,0.37423279376712787,10,0.4803345343944587,0.0,0.03304237565880555,950.2556800842285,0.13444073891534836
HC IV or hospital,Kaliro,Bulamogi,Namwiwa,23631.863845825195,0.5036444110540363,4,0.7118331763882036,0.0,0.039998740806892245,945.2447967529298,0.8581503183519126
HC IV or hospital,Kaabong,Dodoth,Sidok,10349.00753325224,0.5803882243137811,8,0.7130235492517814,0.08529276707483087,0.17649717969801193,943.8751533031465,0.6798022053280587
HC IV or hospital,Lyantonde,Kabula,Lyakajura,13371.754159927368,0.7278092369032207,4,0.8429022159930324,0.039639855261385956,0.10990295023625159,939.5408325195312,0.9502895455027796
HC IV or hospital,Kiruhura,Nyabushozi,Kashongi,42977.19529724121,0.5995583518401459,4,0.6776809017039382,0.0,0.021776264903724245,935.8827896118164,0.4263939162225832
HC IV or hospital,Abim,Labwor,Alerek,21179.802277565002,1.4128875446687492,8,1.733134367296989,0.6327588605924094,0.6768532657063613,933.9107818603525,0.7787899791435662
HC IV or hospital,Kagadi,Buyaga,Kiryanga,37347.86525726318,0.6147073741048728,4,0.7213527255449053,0.007797913638445711,0.032695254752685074,929.8625411987306,0.7281106354937091
HC IV or hospital,Katakwi,Toroma,Kapujan,18895.87553358078,0.6156023301836735,5,0.6932264773180733,0.021528515229295,0.0698386842734768,912.8629412651064,0.2469678623555746
HC IV or hospital,Bulambuli,Bulambuli,Bunambutye,12294.55734539032,0.9660398572371895,5,1.2349482141589763,0.3250632862309604,0.3991219733687555,910.518775939942,0.7603213678668811
HC IV or hospital,Kabarole,Burahya,Hakibaale,36248.38620376587,0.47435148974663793,10,0.559887742667164,0.032402382131700574,0.05696193916873059,890.2443084716797,0.19895677953982796
HC IV or hospital,Arua,Terego,Uriama,33248.490089416504,0.49009403332281226,10,0.5959838584648113,0.0,0.026631114640545416,885.4443511962891,0.3751140741795312
HC IV or hospital,Amuria,Amuria,Wera,31844.62240600586,0.4629251732918189,5,0.5022727662552093,0.0,0.027718601439198833,882.6883964538574,0.1283168897922591
HC IV or hospital,Kasese,Busongora,Lake Katwe,31462.2121219337,0.4662765875987805,10,0.5113518939094132,0.04077995449997177,0.06862315044751158,876.0085370540621,0.2816846456021673
HC IV or hospital,Rubirizi,Bunyaruguru,Katunguru,5313.751313120127,0.9155139566921299,10,1.0546017367871117,0.3656003977168331,0.528934087125338,867.9146065711975,0.8282871328774333
HC IV or hospital,Kasese,Busongora,Karusandara,14506.31660079956,0.6057069280642683,4,0.68919067443551,0.20557102633927363,0.2653294182862291,866.8741531372067,0.4133660857224725
HC IV or hospital,Nebbi,Padyere,Kucwiny,40536.45157814026,0.40219039734209383,8,0.4515421230299082,0.0,0.0213572367999165,865.7465953826904,0.26908678924818763
HC IV or hospital,Bulambuli,Bulambuli,Bulaago,13115.968765258789,1.1157062616544704,5,1.3941866788033856,0.5975030386451194,0.6630730825991339,860.0146484374993,0.8340866125807697
HC IV or hospital,Bugiri,Bukooli,Iwemba,24095.55793762207,0.35995261082883817,4,0.49241180734938167,0.0,0.03465857898013787,835.1177978515625,0.20983798267432643
HC IV or hospital,Nwoya,Nwoya,Koch-Goma,23263.043170928955,0.4948188704854527,8,0.5715613591311468,0.0032346577131912545,0.03887953826091368,829.2083950042726,0.22570731469142258
HC IV or hospital,Kasese,Bukonjo,Kitholhu,19781.072784423828,0.469697228357444,4,0.5305689140222142,0.14172734932044442,0.1835674676273149,827.6424255371089,0.2760529835907813
HC IV or hospital,Namisindwa,Bubulo,Mukoto,10138.633224487305,0.45777689254194126,5,0.6061824268574385,0.08060267495210409,0.16093001353864306,814.4094238281251,0.27652591239666025
HC IV or hospital,Bunyangabu,Bunyangabu,Kyamukube Town Council,14770.940994262695,0.39362184410295814,4,0.45380170467368586,0.026078218662655358,0.08031347415370067,801.1057586669922,0.199265346132323
HC IV or hospital,Amuru,Kilak,Lamogi,58777.33320426941,0.34432421256265877,8,0.3854073637767904,0.0,0.01362421211480943,800.7948551177979,0.0903284473112498
HC IV or hospital,Moyo,Moyo,Metu,26458.993967056274,0.46356376083691747,8,0.542553011650729,0.0814733668670328,0.11161074351459062,797.404666900635,0.2224509562119194
HC IV or hospital,Katakwi,Katakwi,Palam,17244.84257221222,0.6167297057298058,8,0.6806756374505801,0.126357721183338,0.1725011793283244,795.7366714477544,0.3137227735459597
HC IV or hospital,Bushenyi,Igara,Bitooma,20498.300647735596,0.37836531602543744,10,0.4545392350246122,0.08085339954062865,0.11963956068705062,795.0503921508787,0.18989052795464875
HC IV or hospital,Lamwo,Lamwo,Palabek Ogili,11274.560351133347,1.4777437284743489,8,1.7092402882297255,0.9281924577908444,0.9980665976354223,787.8002066612248,1.0
HC IV or hospital,Rubanda,Rubanda,Ikumba,22424.64719390869,0.369862828532387,4,0.4660365748574862,0.0,0.03512658104818505,787.7011871337891,0.1926993787877769
HC IV or hospital,Buvuma,Buvuma Island,Bweema,13734.580974578857,2.5599287526421213,4,3.3363809579271337,0.9426715677615773,1.0,787.381994724273,1.0
HC IV or hospital,Kasese,Busongora,Muhokya,26873.939007878304,0.7720123292228686,4,0.8565783239337682,0.3821275366870171,0.4112723909283285,783.2370352745062,0.46733391113387956
HC IV or hospital,Bunyangabu,Bunyangabu,Katebwa,11085.578674316406,0.48822681331684564,4,0.581018140335687,0.13456459960404044,0.20311466928261931,759.9171905517577,0.34145260003653327
HC IV or hospital,Bududa,Manjiya,Bumayoka,25578.428268432617,0.5057544138826937,10,0.6118129970974457,0.12475335713614064,0.1540906302787607,750.4013366699218,0.19635714054018866
HC IV or hospital,Bushenyi,Igara,Kyamuhunga,26604.49137878418,0.36831895105861717,10,0.4232110665792614,0.08943750164330493,0.11751416166724626,746.9652595520017,0.23008832985461947
HC IV or hospital,Bundibugyo,Bughendera,Harugale,14383.831405639648,0.4543702720219271,4,0.5390715375256898,0.10968346738192725,0.16154587061474074,745.98006439209,0.37271575920990074
HC IV or hospital,Abim,Labwor,Magamaga,7635.890959739685,0.8855184479782627,8,1.0877334406160835,0.3516047172522103,0.4491487116781496,744.8353052139282,0.7431355358091505
HC IV or hospital,Buyende,Budiope,Buyende Town Council,19831.395500183105,0.6491958018384902,4,0.7610821067301011,0.0,0.037475066306920414,743.182861328125,0.4563122037957756
HC IV or hospital,Rubirizi,Bunyaruguru,Kirugu,13172.30103111267,0.5243797987961867,10,0.6248791629650745,0.017855611776003855,0.07357710754416652,733.9803161621095,0.2159797068060424
HC IV or hospital,Kanungu,Kinkizi,Kayonza,38174.030462265015,0.24638487408824222,10,0.29637505577066264,0.035511890618609876,0.054653629953461444,730.7173404693602,0.11973781402160255
HC IV or hospital,Napak,Bokora,Matany,31200.95289993286,0.5172241621686239,4,0.5726534720385442,0.16987889345022994,0.19315122239456414,726.1188392639157,0.2602015239079711
HC IV or hospital,Apac,Maruzi,Chegere,48857.06460571289,0.5617696474942783,10,0.6928428095042078,0.0,0.014809546303691896,723.5509605407715,0.7237133557442132
HC IV or hospital,Moroto,Matheniko,Tapac,18853.54852962494,1.4396677879845685,4,1.7394840668728646,0.8587516792408899,0.8969397358297926,719.9803781509399,0.9716490240745329
HC IV or hospital,Pallisa,Pallisa,Chelekura,14415.935061454773,0.523669172328967,4,0.728863882207494,0.0,0.04965428798692419,715.812991142273,0.9301107414707306
HC IV or hospital,Rubirizi,Bunyaruguru,Kichwamba,21230.99140319228,0.6795709118981879,10,0.8157789417527401,0.24893383268267416,0.2825699136586875,714.1273460388186,0.33203398907901693
HC IV or hospital,Kyankwanzi,Kiboga,Bananywa,44911.49388885498,0.702608649998605,10,0.7532142728130774,0.013994422186212531,0.0298946152846235,714.1014251708984,0.3095372532240075
HC IV or hospital,Omoro,Omoro,Bobi,40359.92247390747,0.5712652041298832,8,0.6243354475108165,0.008323515386250913,0.025957505982684814,711.7064933776855,0.15383078802003897
HC IV or hospital,Kasese,Bukonjo,Kyarumba,50368.6003036499,0.9208307462853578,4,1.1287604376834794,0.4231914845361828,0.4372845868653614,709.8498382568342,0.5105224369991673
HC IV or hospital,Nabilatuk,Pian,Lorengedwat,11843.317299842834,0.8981120671789034,4,0.9965744647203494,0.31182762561634775,0.37160338691305655,707.9433078765871,0.4813740581064567
HC IV or hospital,Kumi,Kumi,Ongino,55309.397435605526,0.4134704604449679,4,0.5243038096863546,0.08430923301710844,0.09667200942543451,683.7777137756347,0.223417204378554
HC IV or hospital,Bukwo,Kongasis,Chepkwasta,13260.302486419678,0.9979369191504749,5,1.2685103192277947,0.38075852307882424,0.43197506449693956,679.1468315124511,0.5225586451627497
HC IV or hospital,Ibanda,Ibanda,Kicuzi,20381.76683807373,0.49004573947951596,4,0.6023692477030553,0.017014592280093447,0.05030409011911871,678.4987831115723,0.3083350348533891
HC IV or hospital,Rubirizi,Bunyaruguru,Katanda,22983.13638305664,0.5879399909041405,10,0.7160245251893953,0.011880922723448357,0.041263668912158685,675.3076629638672,0.4125157442010509
HC IV or hospital,Kwania,Kwania,Abongomola,45635.46049499512,0.4750960125487475,9,0.6138479088827231,0.0,0.014639066629956912,668.060546875,0.6499616307769688
HC IV or hospital,Ntoroko,Ntoroko,Rwebisengo,3853.2440371513367,0.9084668376771726,4,1.0621623820620196,0.2497636658913037,0.4214484018840808,661.5431852340698,1.0
HC IV or hospital,Kassanda,Kassanda,Manyogaseka,15028.05796790123,0.525997983333673,4,0.6273455958005268,0.03690196687311964,0.0808656413302622,660.688648223877,0.5977734476661505
HC IV or hospital,Adjumani,East Moyo,Ukusijoni,13050.318315029144,0.970783169062071,8,1.1707020180788565,0.44815280732899165,0.49667247672847575,633.1971302032465,0.5798562759839232
HC IV or hospital,Kiboga,Kiboga,Kapeke,20592.526410102844,0.3425219451368609,4,0.380508357720701,0.011810455745232934,0.042363215683494125,629.1585159301757,0.1598199903456439
HC IV or hospital,Kisoro,Bufumbira,Rubuguri Town Council,19130.177238464355,0.2907945195817439,11,0.3551498771485698,0.019253210506914486,0.052055815410604916,627.5196456909179,0.22857236888516527
HC IV or hospital,Kalungu,Kalungu,Bukulula,51361.6648375988,0.296624393841228,4,0.3610426529206925,0.0038358763310977024,0.016040924674809852,626.8716023564338,0.05728752243408943
HC IV or hospital,Bugiri,Bukooli,Nabukalu,47806.94073486328,0.35074217757163484,4,0.44933809832235144,0.0,0.013106275861576158,626.5709533691406,0.05799211453963518
HC IV or hospital,Kasese,Bukonjo,Kisinga,20295.490234375,0.2860380087883194,4,0.3520131893066596,0.0,0.030720515140996437,623.4879150390625,0.16986722643509838
HC IV or hospital,Isingiro,Bukanga,Endiinzi Town Council,7713.977283477783,0.5356816164442442,4,0.6980060499087646,0.004354057049131765,0.08485867568964471,621.010799407959,0.7600651342140626
HC IV or hospital,Kaabong,Dodoth,Loyoro,4125.7807467877865,1.6954657269825206,4,1.9447141894455555,0.6447110117897696,0.795037582888724,620.214472770691,0.9214004622269385
HC IV or hospital,Buyende,Budiope,Nkondo,42064.48063707352,0.2777993408614605,4,0.3198414177469149,0.0,0.014630186975218408,615.4112167358398,0.03417119371904668
HC IV or hospital,Kapchorwa,Tingey,Chema,11688.856285095215,0.3225004372321503,5,0.3706644392586783,0.07499977819395386,0.1274265007882533,612.8084259033203,0.1764697296956482
HC IV or hospital,Ntungamo,Rushenyi,Ngoma,32257.20962524414,0.37126695030617646,4,0.42790771105342756,0.005951168625628367,0.024884086558233265,610.7231025695801,0.0883181804298241
HC IV or hospital,Karenga,Dodoth,Lokori,6348.285773277283,0.6648996135398099,7,0.7769710382800046,0.09042181753860837,0.18547753226029484,603.4408414363862,0.6021906949542801
HC IV or hospital,Kassanda,Kassanda,Nalutuntu,36926.99167251587,0.39877460470603593,4,0.4564452934640639,0.020100278710406892,0.036346787641669986,599.9347000122069,0.14668483066406313
HC IV or hospital,Kapelebyong,Kapelebyong,Okungur,17285.087781906128,0.4480606181277906,7,0.6109550859439118,0.0014443228997681776,0.03583967233147044,594.5266342163087,0.6429298649643982
HC IV or hospital,Buhweju,Buhweju,Bihanga,19397.72519683838,0.48630421213569697,4,0.5530799867642673,0.03400333150306424,0.06396534795861132,581.1949615478518,0.1927130519834375
HC IV or hospital,Karenga,Dodoth,Kawalakol,6560.730468869209,1.5865025758804847,8,1.9119060347076935,0.719655604607504,0.8071895810235037,574.286826133728,1.0
HC IV or hospital,Kyankwanzi,Kiboga,Kyankwanzi,7482.097409248352,1.1425005368989598,4,1.3257730191869257,0.7643285636009854,0.8409576516385326,573.3463010787958,0.9687483774117349
HC IV or hospital,Bulambuli,Bulambuli,Bumugibole,12157.583770751953,0.637295947322109,5,0.8051874083390658,0.26415231167461206,0.3099394270097168,556.660690307617,0.3527769844600894
HC IV or hospital,Arua,Vurra,Logiri,47717.435649871826,0.6925167473163315,10,0.7790977737683144,0.0013544100606907694,0.012997266024307534,555.5672302246094,0.5064287334420597
HC IV or hospital,Kasese,Busongora,Kitswamba,25872.848083496094,0.3158738436032204,10,0.3812404913491982,0.04360643955040201,0.06446190871621095,539.5903854370116,0.1410932455596097
HC IV or hospital,Bundibugyo,Bughendera,Ntotoro,22565.700689315796,0.4266323980371217,4,0.4669990866821024,0.10447860178723763,0.12822835696521526,535.9298667907711,0.17185634757042037
HC IV or hospital,Kaberamaido,Kaberamaido,Ochero,35480.360781908035,0.48899812870308235,9,0.5462144688551943,0.0065435859104425575,0.021629305796445956,535.2467842102051,0.14586107440430415
HC IV or hospital,Kassanda,Kassanda,Kalwana,47122.50668334961,0.546430325014865,4,0.6510497765259681,0.0,0.011316653681616303,533.2690887451172,0.6605309540779121
HC IV or hospital,Kapelebyong,Kapelebyong,Obalanga,23553.007932662964,0.585565401677933,8,0.7163525043441524,0.0,0.02231371988920298,525.5552215576172,0.4956658383648935
HC IV or hospital,Kyankwanzi,Kiboga,Butemba Town Council,20678.786569595337,0.7454274387128291,4,0.7737800639971556,0.10784054547288688,0.1324432739841773,508.75457191467257,0.2433305934743928
HC IV or hospital,Pakwach,Jonam,Panyango,38396.37498521805,0.3472233759162881,10,0.41325034623303275,0.0,0.012565462356382161,482.468204498291,0.38232811522327176
HC IV or hospital,Moroto,Matheniko,Katikekile,13040.986283302307,0.46082224066599775,4,0.5290846709228844,0.07012434026932891,0.10693284783606864,480.01924228668196,0.3740088753641135
HC IV or hospital,Pakwach,Jonam,Alwi,25335.8815574646,0.48041266215524664,10,0.5302879020806023,0.008392465815119701,0.027118905096485346,474.4508476257324,0.2697344133420739
HC IV or hospital,Kasese,Bukonjo,Ihandiro,16937.803253173828,0.40155723219687195,4,0.46568622826789047,0.17163695828446712,0.19930280739737605,468.598709106445,0.23986072814075557
HC IV or hospital,Amolatar,Kioga,Namasale Town Council,10126.458161354065,0.7076259947843794,9,0.770632056813743,0.011421447441836846,0.05730105290271327,464.5979051589966,0.4918360455481644
HC IV or hospital,Kaberamaido,Kaberamaido,Aperkira,19518.89401626587,0.4383693125267945,9,0.5737232403691164,0.0039774193453512305,0.02773694008839502,463.7595672607422,0.4762920995109462
HC IV or hospital,Wakiso,Busiro,Kasanje,49754.65843176842,0.35455218576521363,4,0.43870630797257826,0.0,0.009298235346466581,462.6305236816406,0.11046962662477447
HC IV or hospital,Kapchorwa,Tingey,Munarya,7461.800506591797,0.53187143817563,5,0.6312469265266076,0.21165809481649495,0.27287355063343277,456.77751922607445,0.3301945483408355
HC IV or hospital,Butaleja,Bunyole,Budumba,29356.425567626953,0.39972009604853287,4,0.48491240073319464,0.0,0.015416653299306707,452.5778350830078,0.09560924283039082
HC IV or hospital,Madi Okollo,Madi Okollo,Rigbo,34653.30417180061,0.4940945701952381,8,0.606513799139674,0.006429854736807915,0.019476442260041547,452.10736584663385,0.6175107157531485
HC IV or hospital,Nakasongola,Buruli,Wabinyonyi,24359.912755966187,0.33409345160711906,4,0.3842484444208609,0.02086489904348464,0.03925341577095279,447.94266319274897,0.1681906397673926
HC IV or hospital,Adjumani,East Moyo,Dzaipi,49386.05540084839,0.5552585166094056,8,0.6637530196929734,0.0,0.008978105220778293,443.39320182800293,0.4923542182859401
HC IV or hospital,Luwero,Katikamu,Butuntumula,42684.84334945679,0.3114872064145966,4,0.37023171687595213,0.005825261205226723,0.016176556589368226,441.84342193603516,0.14101555219175504
HC IV or hospital,Kiboga,Kiboga,Kibiga,32494.69327545166,0.32902845545641957,4,0.4061213910946261,0.0,0.01354027031790939,439.98693084716797,0.12738180754962736
HC IV or hospital,Bundibugyo,Bwamba,Kisubba,21625.003005981445,0.28393629406051313,4,0.35551746151645325,0.05732435966507656,0.07765995282369752,439.75726318359386,0.15229780851848393
HC IV or hospital,Moroto,Matheniko,Rupa,18449.74299621582,1.1636662085889642,4,1.336473121181847,0.5450747363341492,0.5687830420602338,437.41214752197317,0.6381188910509493
HC IV or hospital,Pakwach,Jonam,Pakwach,31794.11586201191,0.3776720706286342,10,0.4288852595964946,0.0,0.013710437658672373,435.9112434387207,0.33355146158822846
HC IV or hospital,Kasese,Kasese Municipality,Bulembia Division,15725.641403198242,0.7346035158042188,4,0.8744608215414902,0.4089571027534965,0.43649599922864024,433.0668106079105,0.4680323941989139
HC IV or hospital,Agago,Agago,Arum,14626.97401046753,1.236017059813153,8,1.6383299518098164,0.9705701333644866,1.0,430.46989440917986,1.0
HC IV or hospital,Mukono,Nakifuma,Ntunda,20054.996166229248,0.37240989107023675,4,0.4546010153661274,0.0027072359104146205,0.023747642946280123,421.96528244018555,0.07996433277347052
HC IV or hospital,Katakwi,Katakwi,Ngariam,11482.671779632568,0.8825888997760193,8,1.0157016432573356,0.34528641916720065,0.3820322914061695,421.94079017639154,0.5353227591289995
HC IV or hospital,Katakwi,Toroma,Toroma,15202.637140929699,0.6075065515044846,5,0.6871394029521363,0.018371062658543453,0.04594571853548588,419.20748758316034,0.35156979629109786
HC IV or hospital,Serere,Kasilo,Kadungulu,31069.73443007469,0.5045710585453489,5,0.5694158055987117,0.005519480171517409,0.01894454242384207,417.1131188869477,0.17118862856812425
HC IV or hospital,Kapelebyong,Kapelebyong,Acowa,24726.019065856934,0.5404992251097496,8,0.6342733394451678,0.0,0.016683497127029295,412.51646804809576,0.21154052821395022
HC IV or hospital,Bundibugyo,Bughendera,Butama-Mitunda Town Council,9511.804100036621,0.6535308022701374,4,0.7757100568849556,0.3636763367498883,0.4068734979034418,410.8829345703127,0.48587403388666495
HC IV or hospital,Masindi,Masindi Municipality,Karujubu Division,39823.81978416443,0.26710015508042095,4,0.2999655539309976,0.02387975052870669,0.034158653094153446,409.34516334533697,0.08373841702120675
HC IV or hospital,Obongi,Obongi,Itula,12538.664143264294,0.6582310701164461,8,0.7590185662713711,0.0025170700233762625,0.03430708744199151,398.6043515205384,0.7571278971769927
HC IV or hospital,Kasese,Bukonjo,Kyondo,30954.107627868652,1.2364933592790401,4,1.468101200527088,0.5304710210833089,0.5431371246209189,392.0679321289077,0.6001359843527908
HC IV or hospital,Kasese,Busongora,Kilembe,18937.030403137207,0.4254130858174886,4,0.5191716036445168,0.22565865938440455,0.24609064350199109,386.9211044311528,0.28066393283382396
HC IV or hospital,Kapchorwa,Tingey,Sipi,9903.427791595459,0.50463962567217,5,0.6027856832526126,0.22197783124145054,0.2605637967991265,382.1333236694333,0.32829154830392504
HC IV or hospital,Buliisa,Buliisa,Buliisa,25183.80124938488,0.5716989656722156,10,0.6410821500027201,0.10257356337838651,0.1177454560789285,382.08593034744274,0.3140753109156491
HC IV or hospital,Kitgum,Chua,Mucwini,25669.1114654541,0.5322570202080883,8,0.5810042877548369,0.07696358928778073,0.09149628903094013,373.04148960113497,0.13181723057035638
HC IV or hospital,Namayingo,Bukooli,Sigulu Island,14162.776211738586,1.1880748226752056,4,1.6482035297066095,0.9738065998968461,1.0,370.9712638854984,1.0
HC IV or hospital,Bududa,Manjiya,Bubiita,8613.599517822266,0.6616340170178463,5,0.8148333082148432,0.30082416544351825,0.3438681195060292,370.7633819580079,0.41224103595605166
HC IV or hospital,Mpigi,Mawokota,Nkozi,53823.5986199379,0.24029956504517552,4,0.2841586172240468,0.005604441305956818,0.01241757481117032,366.7073631286621,0.036260774836958755
HC IV or hospital,Nakasongola,Buruli,Kakooge,26282.245255470276,0.3117380462773417,4,0.36818977596595254,0.009907376307363549,0.02367849575766288,361.93593883514404,0.1160327537473901
HC IV or hospital,Agago,Agago,Omot,16805.342247009277,1.2460533449148767,8,1.6664362369876426,0.9785039855946636,1.0,361.2478790283205,1.0
HC IV or hospital,Masindi,Bujenje,Bwijanga,66550.49136447906,0.33168899208239444,10,0.39966720266228056,0.0028368360255513533,0.008256838012577521,360.7037954330444,0.11149213899187896
HC IV or hospital,Soroti,Soroti,Kamuda,58331.05244910717,0.292802302258469,5,0.3392491152441518,4.7913597826531714e-05,0.006230485080927397,360.6359014511109,0.08786259860532111
HC IV or hospital,Kyenjojo,Mwenge,Kisojo,29151.419120788574,0.5035185859013559,10,0.5640665576858833,0.0,0.012358225247259498,360.25980377197266,0.16160371824946448
HC IV or hospital,Serere,Kasilo,Pingire,39775.642735004425,0.45950718146866165,5,0.5300457029175688,0.05402059667666969,0.06302324417504927,358.0860905647276,0.1452092403119021
HC IV or hospital,Bududa,Manjiya,Nalwanza,14006.890197753906,0.2996109867873067,5,0.38505473531083556,0.09110512807877161,0.11645880653071618,355.1261901855468,0.14338525012424458
HC IV or hospital,Buliisa,Buliisa,Biiso,24795.310257911682,0.844264975554367,4,0.9269707237973822,0.254274540448214,0.2684701095264024,351.9835395812978,0.3414347511646065
HC IV or hospital,Nwoya,Nwoya,Purongo,10702.611783027649,0.4741269623883244,8,0.6128251961674055,0.008220796058531068,0.04064094049385941,346.98021984100336,0.32644695469759794
HC IV or hospital,Kasese,Busongora,Rugendabara,12431.0514793396,0.36853118387293327,10,0.42027637597439327,0.02803453876245858,0.05545945484757528,340.9205436706543,0.14524393338150388
HC IV or hospital,Dokolo,Dokolo,Adok,18330.71028137207,0.4931837785768082,9,0.6089139498843998,0.0,0.01853953609945969,339.8428649902344,0.36594031904179075
HC IV or hospital,Buikwe,Njeru Municipality,Wakisi Division,50409.68000411987,0.23405808306178366,4,0.2855011952533749,0.0,0.006728026167820954,339.1576461791992,0.037639169809285014
HC IV or hospital,Katakwi,Toroma,Omodoi,21478.414124965668,0.4757087692696434,8,0.5391810500177185,0.01173180860947944,0.027508875080425398,338.86636734008783,0.12896346460726948
HC IV or hospital,Kyotera,Kyotera,Kakuuto,45097.08751869202,0.18113605466329255,4,0.21333811435594022,0.0,0.0074912317768108475,337.8327350616455,0.02822962505250212
HC IV or hospital,Nwoya,Nwoya,Alero,30867.839805603027,0.48012571932319414,8,0.5926883471242601,0.0,0.010743586704236361,331.6313133239746,0.3309118524106661
HC IV or hospital,Gulu,Aswa,Awach,25452.08308696747,0.2270147080273768,8,0.3179589552428784,0.000737133884125852,0.013620805175113345,327.9162721633911,0.1396785358611102
HC IV or hospital,Karenga,Dodoth,Lobalangit,6913.970975399017,0.43530983075441365,8,0.5012048600107162,0.010034189754674239,0.05669004872775443,322.5772547721863,0.29272343271569884
HC IV or hospital,Dokolo,Dokolo,Kwera,17822.11088705063,0.5942949637314198,9,0.7086915686212955,0.016144853894220684,0.034178305387620476,321.3941721916199,0.23210199813215196
HC IV or hospital,Namisindwa,Bubulo,Bupoto,12157.500045776367,0.34601834409182675,5,0.44508820673736577,0.02575269277965011,0.051521774559244934,313.28761291503906,0.12940648426528048
HC IV or hospital,Bundibugyo,Bughendera,Nduguto,5101.860061645508,0.4560010436118077,4,0.5511241296937651,0.09175432708074392,0.1530952379934075,312.9527435302734,0.3018952453245266
HC IV or hospital,Bulambuli,Bulambuli,Masiira,15739.456115722656,0.6981589946196413,5,0.8565545718720347,0.3099358965621396,0.3294733978133745,307.50964355468784,0.34865182621694724
HC IV or hospital,Kiruhura,Nyabushozi,Kenshunga,34455.54885101318,0.3360381511117156,4,0.3942038922420342,0.005146133793145916,0.013905940610511883,301.8239517211914,0.1653894478519626
HC IV or hospital,Kalangala,Kyamuswa,Kyamuswa,6384.384218335152,0.2637317138597067,4,0.4007690274143809,0.025559295499790215,0.07247815633647112,299.54803466796875,0.12258743535285407
HC IV or hospital,Bundibugyo,Bughendera,Sindila,10838.899085998535,2.0013921906295438,4,2.3613902238110964,0.8354115753982645,0.8620573659776168,288.8110351562505,0.8923473979887891
HC IV or hospital,Kasese,Bukonjo,Kisinga Town Council,29259.031661987305,0.223845678559856,4,0.26910533821425425,0.03461148801355933,0.0443380739069973,284.5904846191407,0.11900944032915092
HC IV or hospital,Kiruhura,Nyabushozi,Nyakashashara,26475.787166133523,0.2955785574224496,4,0.3297716542450809,0.006904816568611639,0.017585628387088426,282.782900467515,0.08085623619329979
HC IV or hospital,Obongi,Obongi,Gimara,9778.524472236633,0.3733769273544645,10,0.42402125084310743,0.04360513375032205,0.07243251574362773,281.8892602920532,0.21193382078331843
HC IV or hospital,Lamwo,Lamwo,Madi Opei,14003.815343379974,0.5178147670637635,7,0.5922945359340375,0.17105101912610396,0.19111242160353797,280.9361758232115,0.24707189304737384
HC IV or hospital,Kibaale,Buyanja,Kabasekende,13643.719902038574,0.3912610526241836,4,0.5073828048107165,0.0,0.02020644182005493,275.69103240966797,0.38071514074557744
HC IV or hospital,Madi Okollo,Madi Okollo,Offaka,24615.67914581299,0.6118685151872368,8,0.6803686022827196,0.0018737553390329312,0.012521201100289692,262.09410858154297,0.4252510261200614
HC IV or hospital,Kakumiro,Bugangaizi,Kakindo,54719.76358795166,0.46881166268424374,4,0.5822996879605242,0.0,0.004694481128542985,256.88089752197266,0.5630735370791716
HC IV or hospital,Bulambuli,Bulambuli,Buluganya,13265.858978271484,0.3273723059896652,5,0.42509863276052684,0.01825943206376612,0.03760146291037219,256.5886535644531,0.11736567873357708
HC IV or hospital,Agago,Agago,Patongo,13424.164337158203,1.2134391708638346,7,1.629678233296483,0.9809183841484838,1.0,256.154747009277,1.0
HC IV or hospital,Rubirizi,Bunyaruguru,Rutoto,15634.208045959473,0.5860922154032159,10,0.6610387541523122,0.1687270536867898,0.18505642688107324,255.29681777954096,0.24821361365724884
HC IV or hospital,Bundibugyo,Bwamba,Tokwe,18901.031856536865,0.4031969399501501,4,0.4512615041311213,0.15518596870611984,0.1686670639204691,254.80661010742202,0.22223705008958605
HC IV or hospital,Lamwo,Lamwo,Paloga,11768.521068572998,0.5117339380892619,7,0.5782692860880005,0.016602132121618016,0.03814783028146921,253.56100273132324,0.1922421864401778
HC IV or hospital,Lamwo,Lamwo,Padibe East,10823.216095924377,0.31235583224001917,7,0.36867544096663946,0.0,0.023426308602594578,253.54800033569336,0.1283951155981049
HC IV or hospital,Arua,Terego,Odupi,50878.805223464966,0.39745858510438054,10,0.4606841127555302,0.0,0.004926380793231596,250.64836883544922,0.1478218111458535
HC IV or hospital,Rubirizi,Bunyaruguru,Magambo,15207.46908569336,0.348415281188303,10,0.42503517634766996,0.0,0.01647096389168268,250.48167419433597,0.05571498353842468
HC IV or hospital,Masindi,Buruuli,Miirya,26222.341811180115,0.41722742211081393,10,0.45244357969569127,0.0,0.00939358586197662,246.32181930541992,0.09444725927833292
HC IV or hospital,Pader,Aruu,Latanya,19356.80962562561,0.35246275057935883,8,0.46246538225721656,0.0,0.012598872758090067,243.87398147583008,0.2562616145705538
HC IV or hospital,Mpigi,Mawokota,Kituntu,28044.747619628906,0.25066969587435295,4,0.330010842078943,0.0,0.008496607654203923,238.28521728515622,0.10950515114041391
HC IV or hospital,Kazo,Kazo,Buremba,28332.59897994995,0.6102586130022907,4,0.660990098735017,0.0,0.0083450802721097,236.43781280517575,0.3280650781436635
HC IV or hospital,Mityana,Busujju,Maanyi,25696.730026483536,0.5629898241169,4,0.706202026406851,0.0037926185155230186,0.012705004664992513,229.01918077468872,0.743388705092196
HC IV or hospital,Kaabong,Dodoth,Kakamar,4570.5700051784515,0.29555368218497224,8,0.3691755613850538,0.03302829692209451,0.082546067260081,226.32443583011627,0.15972204889294137
HC IV or hospital,Bundibugyo,Bwamba,Bubukwanga,17124.067405700684,0.27929295730387865,4,0.3044212170711798,0.04162287751610924,0.05454132123180681,221.2163009643555,0.12191702906337393
HC IV or hospital,Kaabong,Dodoth,Lodiko,7226.9960787296295,1.151338427282524,4,1.3527672689978703,0.4328759826864723,0.46340052552513,220.6007513999937,0.5553321470391466
HC IV or hospital,Kyenjojo,Mwenge,Kyarusozi,55198.02194213867,0.37737753919864964,4,0.4735054759947837,0.0,0.003991332375452113,220.31365203857422,0.4066858123858363
HC IV or hospital,Kanungu,Kinkizi,Kihihi,21548.8174610734,0.6537303395512959,10,0.727580871140526,0.1428216280263001,0.1529835495606128,218.9773921966552,0.3541328027615204
HC IV or hospital,Buikwe,Lugazi Municipality,Najjembe Division,42738.090854644775,0.18044060740863987,4,0.21088978246647438,0.0,0.005103430716218174,218.1108856201172,0.02193506120905953
HC IV or hospital,Kumi,Kumi,Mukongoro,70149.27807235718,0.4244752981860247,4,0.5472394159995242,0.0,0.003058372752813506,214.54264068603516,0.22119591776745154
HC IV or hospital,Agago,Agago,Parabongo,15011.823719978333,0.2673674108101933,8,0.35963862611589237,0.0,0.013894565151375342,208.58276271820068,0.14538006648410196
HC IV or hospital,Kiryandongo,Kibanda,Kigumba,57823.981842041016,0.40183141177639503,4,0.4286595108334095,0.019804109724012756,0.023387309150109423,207.19485855102548,0.036990565762515415
HC IV or hospital,Kiruhura,Nyabushozi,Kanyaryeru,11037.008750915527,0.47647381178427617,4,0.5150430232681674,0.010579561353103078,0.02907005092599876,204.07969522476193,0.17681775741738365
HC IV or hospital,Tororo,West Budama (Kisolo),Iyolwa,25798.6580657959,0.3975669429838501,4,0.576239723388213,0.0,0.007892974231110066,203.62814331054688,0.21287643043321386
HC IV or hospital,Kapchorwa,Kapchorwa Municipality,Western Division,26038.649810791016,0.22379351037219936,5,0.2602934846416961,0.03126827835040707,0.03907649760852315,203.3154869079591,0.08431686885526544
HC IV or hospital,Ntoroko,Ntoroko,Bweramule,6711.055184602737,0.47386645793056154,4,0.5340781056891609,0.014214773744899965,0.044454162995659276,202.93821001052856,0.23558680308282479
HC IV or hospital,Nwoya,Nwoya,Anaka Payira,21328.251541137695,0.30632241163518964,8,0.4093838615334471,0.004101798043862195,0.01337538620930787,197.789421081543,0.14826741798899856
HC IV or hospital,Nabilatuk,Pian,Nabilatuk Town Council,4467.963914871216,0.2792235392940682,4,0.3366837268928438,0.028108274832280514,0.07232630897077981,197.5645809173584,0.1962120774764698
HC IV or hospital,Bukwo,Kongasis,Kabei,15676.886240005493,0.6177165121936394,5,0.7724728043096,0.19667689756617437,0.2090344996213759,193.72872161865251,0.2353528626349169
HC IV or hospital,Ngora,Ngora,Ngora,33352.39194869995,0.2259893209226305,5,0.28969185465105257,0.0,0.005786626444928068,192.99783325195312,0.040166220185896176
HC IV or hospital,Ntoroko,Ntoroko,Kanara Town Council,11748.86448764801,1.1491723726070515,4,1.4484509763447362,0.983628757495987,1.0,192.3435096740721,1.0
HC IV or hospital,Kamwenge,Kibale,Bihanga,21327.57061767578,0.5688983158387503,10,0.6945311251113175,0.0,0.009018478608176506,192.3422393798828,0.732166878138605
HC IV or hospital,Kween,Kween,Kiriki,4218.087749481201,0.5636521597681743,5,0.8494900290579102,0.0,0.04508107756480635,190.15594100952148,0.9258130875479815
HC IV or hospital,Kalaki,Kalaki,Kalaki,14748.245956420898,0.42375919233301695,8,0.5486388676129884,0.0,0.012510140710040637,184.50263214111328,0.3337119794354683
HC IV or hospital,Lyantonde,Kabula,Kinuuka,11409.292097091675,0.5085125043060581,4,0.5667875134655476,0.0,0.016104256534541565,183.73816680908203,0.18982988593463668
HC IV or hospital,Mukono,Nakifuma,Seeta Namuganga,50675.617820739746,0.4211888141984478,4,0.48223117082438355,0.0,0.003609520030714118,182.91465759277344,0.0396739465885291
HC IV or hospital,Madi Okollo,Madi Okollo,Ewanga,4677.307205200195,0.48934716890172075,8,0.5633099051557675,0.0,0.03907101315570621,182.74713134765625,0.1997693421931586
HC IV or hospital,Kibuku,Kibuku,Nankondo,13688.355934143066,0.39447845205575843,4,0.525536241481023,0.0,0.013172095861279865,180.30433654785156,0.1445518474827779
HC IV or hospital,Kiruhura,Nyabushozi,Sanga Town Council,12506.486243963242,0.5215342547560812,4,0.5498321125615908,0.0,0.014058404296661654,175.8212399482727,0.09495624824092506
HC IV or hospital,Oyam,Oyam,Aber,34072.49675369263,0.29026734841347857,8,0.3577670107299212,0.0,0.004805573077342722,163.73787307739258,0.23900295202893687
HC IV or hospital,Moyo,Moyo,Moyo,22620.062229156494,0.2142512359901563,8,0.2680312265542542,0.004042326855094028,0.011222689756645048,162.42025566101074,0.11022756044602103
HC IV or hospital,Bukwo,Kongasis,Chesower,4364.9068031311035,0.9147792124163248,5,1.080172211549689,0.38338683306307847,0.41950530869019376,157.65377998352048,0.47863041847793025
HC IV or hospital,Bundibugyo,Bughendera,Kagugu,3393.9133224487305,0.9146380193367325,4,1.0879057264691452,0.47045687889724297,0.5168679745663659,157.5152359008789,0.6005063972477171
HC IV or hospital,Otuke,Otuke,Alango,17766.757232666016,0.4421490554733983,8,0.5360503633483515,0.0,0.008701245181780642,154.59291076660156,0.22431781712886623
HC IV or hospital,Kakumiro,Bugangaizi,Nkooko,52944.00360107422,0.576386547161922,4,0.7394322322447179,0.0,0.0028486935824224803,150.8212432861328,0.8905960489146066
HC IV or hospital,Kyankwanzi,Kiboga,Banda,2044.7940607070923,0.6719702452807771,4,0.7642698714609637,0.031801285435917155,0.10337224904998957,146.3478813171387,0.594675486132569
HC IV or hospital,Buhweju,Buhweju,Burere,23464.772689819336,0.4096505140221989,4,0.484124049508748,0.019001384445651533,0.02517128533811843,144.77532196044922,0.07774607330735457
HC IV or hospital,Kayunga,Bbaale,Bbaale,22932.848419189453,0.23103432405455215,4,0.30198808821640305,0.0,0.00620004301286315,142.1846466064453,0.09186343471973758
HC IV or hospital,Kasese,Bukonjo,Nyakatonzi,36412.944343566895,0.3290336969111183,4,0.3526126306405448,0.0,0.0038183027227737367,139.03564453125,0.045945073998358246
HC IV or hospital,Pallisa,Pallisa,Kasodo,19254.082410812378,0.26116277996120824,4,0.3654477785451178,0.0,0.007070598887657603,136.1378936767578,0.12093204508287687
HC IV or hospital,Serere,Kasilo,Labori,26725.162882328033,0.4385032224566584,5,0.4977179712879166,0.0,0.004967091282848215,132.74632358551025,0.0999929399733303
HC IV or hospital,Karenga,Dodoth,Karenga Town Council,9705.764507293701,0.1518538844616736,7,0.1838243594963405,0.0006781704678811536,0.014289148949714923,132.1049518585205,0.07757601422577179
HC IV or hospital,Kween,Kween,Benet,9998.985954284668,1.0894289134897093,5,1.3334331889726811,0.46580966236851074,0.47883909697791793,130.28113365173311,0.5047826526082658
HC IV or hospital,Kagadi,Buyaga,Bwikara,64355.48806762695,0.47304786986515285,4,0.5652322171920842,0.0,0.002014270307742268,129.6293487548828,0.42349634101233696
HC IV or hospital,Kole,Kole,Ayer,46633.66556549072,0.462683873509062,8,0.5592207736728091,0.0,0.002761131940408639,128.76170349121094,0.4770918164966785
HC IV or hospital,Amolatar,Kioga,Agwingiri,19928.622271835804,0.2949934271707035,9,0.34353924352089393,0.00014508984065824987,0.006524564892347602,127.1341485977173,0.08221363795936626
HC IV or hospital,Zombo,Okoro,Atyak,29378.601036071777,0.43454378064140975,9,0.518412145868247,0.0,0.004312929276862213,126.70782852172852,0.2547590530722098
HC IV or hospital,Kyotera,Kyotera,Nangoma,2587.7971229553223,1.3126727914561724,4,1.644251256282992,0.9521901520236089,1.0,123.72218704223621,1.0
HC IV or hospital,Kween,Kween,Kaptum,12367.214546203613,0.22348395171672555,5,0.2627516590386852,0.0,0.009913547294789141,122.60296630859375,0.08215604719629258
HC IV or hospital,Lira,Erute,Amach,43520.17680358887,0.24019696754630107,8,0.29646936920527267,0.0,0.0027570882452300377,119.98896789550781,0.04599673942109428
HC IV or hospital,Bukwo,Kongasis,Suam,8203.615921020508,0.7233139586338538,10,0.9195897922878675,0.29518309444624696,0.3095802992429919,118.10913848876964,0.3574954823248645
HC IV or hospital,Moyo,Moyo,Laropi,8859.96650505066,0.5773975268335645,8,0.6866893616833492,0.0,0.013271100591869978,117.58150672912598,0.848828664112343
HC IV or hospital,Kyegegwa,Kyaka,Kakabara,84913.34777832031,0.38301502386828096,4,0.45801452756639877,0.0,0.0013821619507863848,117.36399841308594,0.09475011376523268
HC IV or hospital,Rwampara,Rwampara,Mwizi,41732.03300476074,0.24692314302178792,4,0.29376548205889147,0.0,0.0027902258041403723,116.4417953491211,0.02842471082150457
HC IV or hospital,Buliisa,Buliisa,Kigwera,19721.938551664352,0.1558034392942889,10,0.17679837256184278,0.01411048175641355,0.019825133316404994,112.70400691032411,0.04831192083352348
HC IV or hospital,Yumbe,Aringa,Midigo,65036.23221206665,0.29267786129058615,10,0.3568246258496229,0.0,0.001665811921540359,108.33813095092773,0.1536497380787596
HC IV or hospital,Ntungamo,Ruhaama,Kafunjo-Mirama Town Council,28040.804496765137,0.576565601702759,4,0.6887560329510053,0.0,0.003707564689545402,103.96309661865234,0.8289561523515325
HC IV or hospital,Buliisa,Buliisa,Kihungya,17313.819984436035,0.44592435522520896,4,0.4890155688016623,0.0,0.005994927163097717,103.79508972167969,0.11239509100545389
HC IV or hospital,Ntungamo,Ruhaama,Rweikiniro,35959.56935119629,0.42068620375539634,4,0.4880200379953598,0.0,0.0028598491399348227,102.83894348144531,0.26547989750402673
HC IV or hospital,Moyo,Moyo,Lefori,12832.509712219238,0.5295380129044686,8,0.6347561086489911,0.0,0.007608118621609163,97.63125610351562,0.545225763565859
HC IV or hospital,Kassanda,Kassanda,Myanzi,30323.287378191948,0.33106701159857177,4,0.36407708763470625,0.01146577600485427,0.014660485889772578,96.87410593032837,0.0370185282290013
HC IV or hospital,Kapchorwa,Kapchorwa Municipality,Eastern Division,10064.98533821106,0.13753066811968548,5,0.1536416912788501,0.0033532947130532906,0.012947273827772887,96.56325912475587,0.024950058694243715
HC IV or hospital,Oyam,Oyam,Loro,72454.9116973877,0.36173374892838833,8,0.42296206083311727,0.0,0.0013193975402890083,95.59683227539062,0.16520007500126738
HC IV or hospital,Ntungamo,Ruhaama,Rukoni East,29881.61823272705,0.3994546547090246,4,0.48815768811897337,0.0,0.003184503289987362,95.15811157226562,0.2928187375870834
HC IV or hospital,Abim,Labwor,Lotukei,22199.19548034668,0.47749009265935133,8,0.5584696517955655,0.0,0.004157953848704207,92.30323028564452,0.11154076240243838
HC IV or hospital,Kotido,Kotido Municipality,North Division,13642.723728179932,0.21553609523928952,7,0.26908373604500496,0.001747733086182398,0.008449508710266989,91.43047332763672,0.11439407622710061
HC IV or hospital,Rubanda,Rubanda,Ruhija,12015.98212814331,0.43127380906522544,4,0.542253817442996,0.0,0.007474794851134804,89.81700134277344,0.4430551823266588
HC IV or hospital,Kaabong,Dodoth,Lolelia,6503.145287156105,0.9176016271407467,8,1.0870359504464373,0.48354994583655375,0.4966756273907585,85.35821413993835,0.6608717663902332
HC IV or hospital,Yumbe,Aringa,Kululu,54780.86754608154,0.2999530817401691,10,0.34162130297159504,0.0008788316784721184,0.002389172170644373,82.73776245117189,0.028404401172240773
HC IV or hospital,Mityana,KCCA,Central Division,33229.10221850872,0.06780682229079711,4,0.0834607808372927,0.0,0.0024627227188490784,81.83406496047974,0.00359969728800691
HC IV or hospital,Mukono,Mukono,Mpatta,22599.047216415405,0.3417777705109271,4,0.4510795196888511,0.00010992445024898885,0.003575579381191205,78.32049942016602,0.07233523852750959
HC IV or hospital,Kitgum,Chua,Labongo Akwang,18983.764944076538,0.2434725900648901,7,0.27406077302767945,0.0038773395953577996,0.007976462556229334,77.81678676605225,0.034125786922734845
HC IV or hospital,Amuria,Amuria,Kuju,23744.74599456787,0.31709331108514754,8,0.41858107690253754,0.0,0.003242313691486747,76.9879150390625,0.11366307000865757
HC IV or hospital,Soroti,Soroti,Gweri,65969.35831451416,0.3461215595053883,5,0.401743750567563,0.0,0.001154397255591482,76.15484619140625,0.02947060074097907
HC IV or hospital,Kapelebyong,Kapelebyong,Kapelebyong,16541.43451309204,0.39919273134534095,8,0.518961187733678,0.0,0.004550816253445015,75.27702903747559,0.23608398503311884
HC IV or hospital,Omoro,Omoro,Lalogi,22387.094228744507,0.4165400304828724,8,0.533879863751777,0.0,0.0032424786871230863,72.58967590332031,0.31508236167279
HC IV or hospital,Bugiri,Bukooli,Budhaya,36054.31817626953,0.38847019647672343,4,0.48769964210215894,0.0,0.001990395269978634,71.76234436035156,0.14005513859974889
HC IV or hospital,Serere,Kasilo,Bugondo,48210.363639354706,0.2340953395702645,5,0.2784454540526122,0.0,0.0014658567112419522,70.66948509216309,0.020083777722722115
HC IV or hospital,Bukwo,Kongasis,Kamet,7596.548406600952,0.29240728651911246,5,0.41332039909960744,0.0,0.008790128324189732,66.7746353149414,0.09170121900288505
HC IV or hospital,Dokolo,Dokolo,Agwata,31520.12378835678,0.45965122764201205,9,0.5292986188495706,0.0,0.0019695450615185984,62.080304145812995,0.11869871253982607
HC IV or hospital,Karenga,Dodoth,Napore Karenga,5756.107758760452,0.30028253515422143,7,0.3615529452591691,0.015822181145018276,0.026600379814056753,62.04047298431396,0.19411765526950628
HC IV or hospital,Kyankwanzi,Kiboga,Butemba,26395.297080993652,0.47871452290517386,4,0.5306413001048123,0.027687015781389577,0.02996317673635974,60.07994461059571,0.09027963140102382
HC IV or hospital,Mayuge,Bunya,Kityerera,63168.89307022095,0.161524161399103,4,0.19996406961617977,0.0,0.0008797164291202375,55.57071304321289,0.033635634417031414
HC IV or hospital,Kween,Kween,Kitawoi,11248.689037322998,0.2835548349791937,5,0.3212390337071907,0.044868823976276485,0.04968897473237627,54.22037696838378,0.055940948731276426
HC IV or hospital,Kotido,Kotido Municipality,South Division,11292.16519165039,0.26888392221154434,7,0.3094754744900284,0.0,0.004570816432374937,51.61441421508789,0.11510787933071022
HC IV or hospital,Mukono,Nakifuma,Nagojje,45456.87772369385,0.15099863481017625,4,0.17297395962454287,0.0,0.0011149184939982745,50.68071365356445,0.005919773191718081
HC IV or hospital,Ssembabule,Lwemiyaga,Ntuusi,31807.20078086853,0.3468325381113762,4,0.41287832444471706,0.0,0.001245746309960185,39.62370300292969,0.33501276346178593
HC IV or hospital,Hoima,Bugahya,Kigorobya,92070.85977375507,0.24726972580651638,4,0.29319473814762514,0.0,0.00041129365296311817,37.868160247802734,0.05737567946216103
HC IV or hospital,Ntoroko,Ntoroko,Kibuuku Town Council,3165.9907331466675,0.36677133668615636,4,0.400121111058057,0.008480013554047034,0.019048135291372042,33.458575487136834,0.12790943649879813
HC IV or hospital,Buikwe,Buikwe,Ssi-Bukunja,31595.703545570374,0.3714592428713121,4,0.4602765470781756,0.0,0.0009481384486930393,29.957101345062256,0.18820472923199563
HC IV or hospital,Napak,Bokora,Napak Town Council,2969.396198272705,0.6822610409442943,4,0.7189524367165356,0.05091721805100459,0.06068220872210257,28.996126174926765,0.2548360987990488
HC IV or hospital,Adjumani,East Moyo,Pacara,18316.24676132202,0.41383731631797643,8,0.5048577654965588,0.002207581344129965,0.003755046743323239,28.343758106231693,0.394825074047455
HC IV or hospital,Kween,Kween,Kwosir,18911.15717315674,0.18455408287868783,5,0.213060591236914,0.0,0.0014105519163551072,26.675168991088867,0.0048618783993441255
HC IV or hospital,Kaberamaido,Kaberamaido,Kobulubulu,25862.242906332016,0.3075367705323027,5,0.3433897736469525,0.0,0.0009428169824526827,24.38336181640625,0.035731769159859136
HC IV or hospital,Kasese,Bukonjo,Nyakiyumbu,9050.173832535744,0.19899561098173865,4,0.22052279984234868,0.002788069622301026,0.005452895026412259,24.11713314056397,0.057873726902470043
HC IV or hospital,Ntoroko,Ntoroko,Karugutu,12076.561714172363,0.15150989727670097,4,0.17052490920070854,0.0031559420445484024,0.004948412900951955,21.646884918212887,0.01250992177109063
HC IV or hospital,Kiboga,Kiboga,Lwamata,27040.96476173401,0.37315537244246555,4,0.39508320996083224,0.0,0.0007424064275906383,20.07538604736328,0.010691706033578007
HC IV or hospital,Mukono,Mukono,Ntenjeru,54706.09110850096,0.1502849411370293,4,0.19154871609840035,0.0,0.000251819963269793,13.77608585357666,0.0038657194332477112
HC IV or hospital,Pallisa,Pallisa,Agule,25433.477346420288,0.4719161328141236,4,0.6457437252279504,0.0,0.00045586321622154326,11.594186782836914,0.5209042804715197
HC IV or hospital,Kaliro,Bulamogi,Nawaikoke,29779.111087799072,0.5429517764938473,4,0.6763518210332974,0.0,0.0003410396640085391,10.155858039855957,0.5166381853332751
HC IV or hospital,Bugiri,Bukooli,Bulidha,36349.74098157883,0.3223864208967671,4,0.42795081859820616,0.0,0.00018671925721945416,6.787196636199951,0.2707987335019176
HC IV or hospital,Buyende,Budiope,Kidera,88675.75422239304,0.2725346602226036,4,0.309181412846883,0.0,6.87660819085736e-05,6.097884178161621,0.021466330483343364
HC IV or hospital,Amolatar,Kioga,Etam,20108.921914458275,0.489480067920612,9,0.5645901036479063,0.0,0.0001945583605469198,3.91235888004303,0.18293711654156983
HC IV or hospital,Alebtong,Moroto,Abako,35968.96807861328,0.4969665961825553,8,0.5871432728744783,0.0,0.0,0.0,0.2309364459981783
HC IV or hospital,Zombo,Okoro,Abanga,22856.434478759766,0.23280012466361044,9,0.2655954875575087,0.0,0.0,0.0,0.0
HC IV or hospital,Amuria,Amuria,Abarilela,31706.83935546875,0.4904794850685676,8,0.5812949027494065,0.0,0.0,0.0,0.09558005406994964
HC IV or hospital,Abim,Labwor,Abim Town Council,26773.978561401367,0.18279312581315751,8,0.21684850015939497,0.0,0.0,0.0,0.0
HC IV or hospital,Nebbi,Nebbi Municipality,Abindu Division,16662.509719848633,0.0643902669502064,9,0.07072279187337935,0.0,0.0,0.0,0.0
HC IV or hospital,Oyam,Oyam,Abok,22460.97947692871,0.38380910921635436,8,0.44785726025155037,0.0,0.0,0.0,0.03237569051255122
HC IV or hospital,Kole,Kole,Aboke,60364.1686706543,0.25485267392244193,8,0.33914893333649165,0.0,0.0,0.0,0.14545273312624035
HC IV or hospital,Koboko,Koboko,Abuku,20965.90087890625,0.32837811023736907,10,0.4118753505024264,0.0,0.0,0.0,0.0
HC IV or hospital,Oyam,Oyam,Acaba,38795.55989074707,0.28913753234259765,8,0.3646741984652547,0.0,0.0,0.0,0.05923916662447371
HC IV or hospital,Pader,Aruu,Acholibur,18433.099254608154,0.3932279727461027,8,0.49484210232842135,0.0,0.0,0.0,0.10145517425665852
HC IV or hospital,Dokolo,Dokolo,Adeknino,20447.17755174637,0.4727516204990218,9,0.5413314111394548,0.0,0.0,0.0,0.0754401758462391
HC IV or hospital,Lira,Erute,Adekokwok,51492.51544189453,0.11237813067193417,8,0.124719917003338,0.0,0.0,0.0,0.0
HC IV or hospital,Adjumani,East Moyo,Adjumani Town Council,37976.12615966797,0.03951379715915752,8,0.04747258263230834,0.0,0.0,0.0,0.0
HC IV or hospital,Adjumani,East Moyo,Adropi,21138.781818389893,0.1723249951944317,8,0.20047082665281674,0.0,0.0,0.0,0.0
HC IV or hospital,Kwania,Kwania,Aduku,38220.85316467285,0.21107621000790155,9,0.27613781296961915,0.0,0.0,0.0,0.005974348880175381
HC IV or hospital,Kwania,Kwania,Aduku Town Council,10699.09912109375,0.06939097459563394,9,0.09062237026475753,0.0,0.0,0.0,0.0
HC IV or hospital,Arua,Ayivu,Adumi,37683.91668701172,0.1077184433781484,10,0.15029867927521778,0.0,0.0,0.0,0.0
HC IV or hospital,Lira,Lira Municipality,Adyel Division,37581.715393066406,0.032323452180965676,8,0.034176413786238785,0.0,0.0,0.0,0.0
HC IV or hospital,Lira,Erute,Agali,32466.873977661133,0.31385875491314535,8,0.41572546669615035,0.0,0.0,0.0,0.1624647293404294
HC IV or hospital,Amolatar,Kioga,Agikdak,14748.52006149292,0.33385180923157487,9,0.36868074100773607,0.0,0.0,0.0,0.0
HC IV or hospital,Apac,Apac Municipality,Agulu Division,17311.48748779297,0.17019612277588078,9,0.2119055206016143,0.0,0.0,0.0,0.00787101115538998
HC IV or hospital,Lira,Erute,Agweng,36140.35739898682,0.27251863717619934,8,0.3545720578309653,0.0,0.0,0.0,0.028015762776983904
HC IV or hospital,Arua,Terego,Aii-Vu,49674.47607421875,0.2653965594864939,10,0.29453895435552024,0.0,0.0,0.0,0.0
HC IV or hospital,Zombo,Okoro,Akaa,18867.014373779297,0.4360902931543225,9,0.5110010347016736,0.0,0.0,0.0,0.0848585458762467
HC IV or hospital,Kole,Kole,Akalo,45354.36729431152,0.3465521974120522,9,0.42503365490925277,0.0,0.0,0.0,0.2143018831756514
HC IV or hospital,Apac,Apac Municipality,Akere Division,9959.79663848877,0.1638563899194042,9,0.19319060331553814,0.0,0.0,0.0,0.0
HC IV or hospital,Pallisa,Pallisa,Akisim,19203.312774658203,0.42276666675194896,4,0.5468397979602986,0.0,0.0,0.0,0.11231503306423152
HC IV or hospital,Kapelebyong,Kapelebyong,Akoromit,24561.33763885498,0.46751250007313666,8,0.5797194055270191,0.0,0.0,0.0,0.3023292901888854
HC IV or hospital,Alebtong,Moroto,Akura,26464.011474609375,0.40484436453822903,8,0.513067358605277,0.0,0.0,0.0,0.054174024946965355
HC IV or hospital,Amolatar,Kioga,Akwon,10051.051177024841,0.25535580161053933,9,0.28700175048208487,0.0,0.0,0.0,0.0
HC IV or hospital,Nebbi,Padyere,Akworo,32410.002433776855,0.4712898355152103,10,0.5450037794775587,0.0,0.0,0.0,0.37718447636764135
HC IV or hospital,Zombo,Okoro,Alangi,21776.35888671875,0.6313192457864317,9,0.7749296859679893,0.0,0.0,0.0,0.9199046821243014
HC IV or hospital,Alebtong,Moroto,Alebtong Town Council,7900.213088989258,0.06588674294485194,8,0.08982878435662932,0.0,0.0,0.0,0.0
HC IV or hospital,Obongi,Obongi,Aliba,14717.55084657669,0.17762979739282422,8,0.20522324250322227,0.0,0.0,0.0,0.004456894673468494
HC IV or hospital,Kole,Kole,Alito,50740.31480407715,0.4795333925065414,8,0.6382525026788319,0.0,0.0,0.0,0.6970115198370195
HC IV or hospital,Alebtong,Moroto,Aloi,39521.70399475098,0.3131789095420061,8,0.4268128737128573,0.0,0.0,0.0,0.1649213281201061
HC IV or hospital,Kaberamaido,Kaberamaido,Alwa,31927.41854095459,0.19333322697929337,9,0.2347759789578848,0.0,0.0,0.0,0.013584394631178635
HC IV or hospital,Amolatar,Kioga,Amolatar Town Council,14022.976127624512,0.07640771286016651,9,0.08689535263501598,0.0,0.0,0.0,0.0
HC IV or hospital,Amudat,Pokot,Amudat Town Council,14082.183490753174,0.04888821949376769,4,0.06048776690596918,0.0,0.0,0.0,0.0
HC IV or hospital,Alebtong,Moroto,Amugu,36482.41722869873,0.5932979145009651,8,0.709060389388458,0.0,0.0,0.0,0.3642378232282983
HC IV or hospital,Kapchorwa,Tingey,Amukol,4137.244567871094,0.07362396473984686,5,0.07612281428085597,0.0,0.0,0.0,0.0
HC IV or hospital,Amuria,Amuria,Amuria Town Council,9918.72241973877,0.064731434418718,8,0.08933651753140856,0.0,0.0,0.0,0.0
HC IV or hospital,Dokolo,Dokolo,Amwoma,18277.95164489746,0.3093705326226173,9,0.3671754215141747,0.0,0.0,0.0,0.011229908243352524
HC IV or hospital,Nwoya,Nwoya,Anaka Town Council,25266.2435836792,0.09685316777117647,8,0.12031939314051077,0.0,0.0,0.0,0.0
HC IV or hospital,Kalaki,Kalaki,Anyara,30921.15825653076,0.42610861756370844,8,0.5130914180909207,0.0,0.0,0.0,0.08107328966605354
HC IV or hospital,Madi Okollo,Madi Okollo,Anyiribu,10658.476976394653,0.31410061888737506,8,0.3393111878195737,0.0,0.0,0.0,0.06387273233216617
HC IV or hospital,Apac,Maruzi,Apac,30979.599731445312,0.3770690907296138,9,0.4674098710396578,0.0,0.0,0.0,0.23821456340025235
HC IV or hospital,Alebtong,Moroto,Apala,25356.029319763184,0.4378813433708534,8,0.5124007307525001,0.0,0.0,0.0,0.006016847820571989
HC IV or hospital,Kalaki,Kalaki,Apapai,14753.463348388672,0.21928969192812325,8,0.23739762761127084,0.0,0.0,0.0,0.0
HC IV or hospital,Amuria,Amuria,Apeduru,18893.626403808594,0.2567211393870394,8,0.33867446367181303,0.0,0.0,0.0,0.037748664264225365
HC IV or hospital,Yumbe,Aringa,Apo,59237.895278930664,0.13481045046156365,10,0.16402779429381076,0.0,0.0,0.0,0.0
HC IV or hospital,Pallisa,Pallisa,Apopong,36419.43772125244,0.2922876075066404,4,0.4144304824408643,0.0,0.0,0.0,0.0997349456514277
HC IV or hospital,Amolatar,Kioga,Aputi,20584.18042743206,0.24800715039851315,9,0.27468858978408245,0.0,0.0,0.0,0.0
HC IV or hospital,Soroti,Soroti,Arapai,53017.94624328613,0.26908060467025385,5,0.31787276412869403,0.0,0.0,0.0,0.09323778539971313
HC IV or hospital,Arua,Vurra,Arivu,35747.125411987305,0.3102829290411104,10,0.3337676673363471,0.0,0.0,0.0,0.0
HC IV or hospital,Yumbe,Aringa,Ariwa,35778.14942932129,0.4774776898691229,10,0.5322789720106179,0.0,0.0,0.0,0.0780489344020459
HC IV or hospital,Apac,Apac Municipality,Arocha Division,16884.932189941406,0.18907938820101297,9,0.2272227554006236,0.0,0.0,0.0,0.012562362519204328
HC IV or hospital,Arua,Ayivu,Aroi,30734.82992553711,0.20620777219455252,10,0.2382451022217424,0.0,0.0,0.0,0.0
HC IV or hospital,Lira,Erute,Aromo,42760.71463012695,0.5254754136287842,8,0.656015514922419,0.0,0.0,0.0,0.4998476282289894
HC IV or hospital,Arua,Arua Municipality,Arua Hill Division,32299.47021484375,0.02423959280562566,10,0.02611580303922996,0.0,0.0,0.0,0.0
HC IV or hospital,Amolatar,Kioga,Arwotcek,22767.457080841064,0.30876773358961196,9,0.342769641658925,0.0,0.0,0.0,0.02456329680998593
HC IV or hospital,Amuria,Amuria,Asamuk,28404.786224365234,0.31540394177666026,8,0.3773065148743668,0.0,0.0,0.0,0.0
HC IV or hospital,Soroti,Soroti,Asuret,53290.70416069031,0.32631782217522065,5,0.38163313064899285,0.0,0.0,0.0,0.0077892033724439045
HC IV or hospital,Nebbi,Padyere,Atego,13596.70751953125,0.16480948637464218,9,0.2129015262839546,0.0,0.0,0.0,0.08107006967808764
HC IV or hospital,Zombo,Okoro,Athuma,30986.30125427246,0.24267853837973444,9,0.2802272429743287,0.0,0.0,0.0,0.0
HC IV or hospital,Serere,Serere,Atiira,27274.87402820587,0.3725733899076946,5,0.43633609217334973,0.0,0.0,0.0,0.0
HC IV or hospital,Apac,Apac Municipality,Atik Division,11965.389892578125,0.13535300673764647,9,0.1652122982729869,0.0,0.0,0.0,0.0
HC IV or hospital,Kumi,Kumi,Atutur,31480.33839416504,0.09694882136802574,5,0.1108970554523918,0.0,0.0,0.0,0.0
HC IV or hospital,Alebtong,Moroto,Awei,32663.477615356445,0.41462076234861367,8,0.5147603820213493,0.0,0.0,0.0,0.20823937577709845
HC IV or hospital,Amolatar,Kioga,Awelo,15828.476346731186,0.3009069045349412,9,0.3350717582103266,0.0,0.0,0.0,0.0
HC IV or hospital,Arua,Ayivu,Ayivuni,29185.56478881836,0.19455216485958227,10,0.2670744402541745,0.0,0.0,0.0,0.0
HC IV or hospital,Mubende,Kasambya,Bagezza,8784.611083984375,0.44804139833808154,4,0.54964421727782,0.0,0.0,0.0,0.3525905669112915
HC IV or hospital,Mayuge,Bunya,Baitambogwe,52990.85673522949,0.1791391709446223,4,0.22223590795923412,0.0,0.0,0.0,0.0
HC IV or hospital,Kamuli,Bugabula,Balawoli,26009.485107421875,0.3209897361580588,4,0.3859777122949717,0.0,0.0,0.0,0.04493391615575639
HC IV or hospital,Luwero,Bamunanika,Bamunanika,37641.34233093262,0.3328750031625352,4,0.426033996585695,0.0,0.0,0.0,0.14960813282063518
HC IV or hospital,Gulu,Gulu Municipality,Bar Dege Division,42489.71026611328,0.03650103205359714,8,0.04339361719992477,0.0,0.0,0.0,0.0
HC IV or hospital,Lira,Erute,Barr,57390.407958984375,0.43174594852911147,8,0.5387378324516238,0.0,0.0,0.0,0.2923346820783946
HC IV or hospital,Dokolo,Dokolo,Batta,23974.05055999756,0.5756265820614669,9,0.720221814111512,0.0,0.0,0.0,0.6948468231464999
HC IV or hospital,Mbarara,Kashari,Biharwe Division,27155.080291748047,0.19474420757892424,4,0.20320806874599406,0.0,0.0,0.0,0.0
HC IV or hospital,Kween,Kween,Binyiny,6452.3073654174805,0.23447612261480458,5,0.2623158057081845,0.0,0.0,0.0,0.0
HC IV or hospital,Kween,Kween,Binyiny Town Council,4534.4779052734375,0.161941554061731,5,0.16414597160371436,0.0,0.0,0.0,0.0
HC IV or hospital,Kakumiro,Bugangaizi,Birembo,40456.4807434082,0.44479931489198204,4,0.5636212846045529,0.0,0.0,0.0,0.5291308150516957
HC IV or hospital,Isingiro,Isingiro,Birere,27980.503143310547,0.1601114763831016,4,0.17455535200985667,0.0,0.0,0.0,0.0
HC IV or hospital,Ibanda,Ibanda Municipality,Bisheshe Division,40198.98294067383,0.22014818055395424,4,0.23941580157256748,0.0,0.0,0.0,0.0
HC IV or hospital,Mitooma,Ruhinda,Bitereko,32733.822509765625,0.3137746869245661,4,0.3590801310932298,0.0,0.0,0.0,0.0
HC IV or hospital,Buhweju,Buhweju,Bitsya,19918.768783569336,0.3150019925997196,4,0.38393213957994904,0.0,0.0,0.0,0.0
HC IV or hospital,Luwero,Katikamu,Bombo Town Council,31932.478393554688,0.08837915759189693,4,0.10281812845919065,0.0,0.0,0.0,0.0
HC IV or hospital,Mbarara,Kashari,Bubaare,28215.943565368652,0.2855589220793675,4,0.3144797983103792,0.0,0.0,0.0,0.009339418858397888
HC IV or hospital,Rubanda,Rubanda,Bubaare,40860.58520531654,0.12210223164290467,4,0.14055742305702987,0.0,0.0,0.0,0.0
HC IV or hospital,Bundibugyo,Bwamba,Bubandi,10372.780639648438,0.037347804273321746,4,0.04424064317255898,0.0,0.0,0.0,0.0
HC IV or hospital,Kibaale,Buyanja,Bubango,23717.98134613037,0.5003107023596315,4,0.6403851127356295,0.0,0.0,0.0,0.7141159219139264
HC IV or hospital,Kalangala,Kyamuswa,Bubeke,6712.846569061279,1.39245706665643,4,1.872877929958458,1.0,1.0,0.0,1.0
HC IV or hospital,Namisindwa,Bubulo,Bubutu,27820.259185791016,0.2126300986253693,5,0.24297614991654726,0.0,0.0,0.0,0.0
HC IV or hospital,Mbale,Bungokho,Bubyangu,28108.553802490234,0.2688382519252155,5,0.3635613619273479,0.0,0.0,0.0,0.0
HC IV or hospital,Sironko,Budadiri,Budadiri Town Council,16920.853515625,0.032129859447446965,5,0.04256807445062386,0.0,0.0,0.0,0.0
HC IV or hospital,Budaka,Budaka,Budaka,14736.063690185547,0.10864137031962125,4,0.1326521663458795,0.0,0.0,0.0,0.0
HC IV or hospital,Budaka,Budaka,Budaka Town Council,34977.728759765625,0.056596737049432695,4,0.06857686185995338,0.0,0.0,0.0,0.0
HC IV or hospital,Butambala,Butambala,Budde,15683.366813659668,0.25504101982923705,4,0.32646776158524665,0.0,0.0,0.0,0.0
HC IV or hospital,Kaliro,Bulamogi,Budomero,30031.238052368164,0.22962111598865373,4,0.3170770497313308,0.0,0.0,0.0,0.021598636324330654
HC IV or hospital,Jinja,Kagoma,Budondo,62894.72702026367,0.10987688051877947,4,0.14293395426511715,0.0,0.0,0.0,0.0
HC IV or hospital,Masindi,Bujenje,Budongo,37579.754888534546,0.46574809581012727,4,0.5239337760963381,0.0,0.0,0.0,0.0816599322627229
HC IV or hospital,Bududa,Manjiya,Bududa,16918.82208251953,0.13697073624453313,5,0.17660977618765947,0.0,0.0,0.0,0.0
HC IV or hospital,Bududa,Manjiya,Bududa Town Council,6840.655029296875,0.032771892562056315,5,0.03872936023702923,0.0,0.0,0.0,0.0
HC IV or hospital,Mbale,Bungokho,Budwale,9876.285583496094,0.22569130694373873,4,0.2735441777861375,0.0,0.0,0.0,0.0
HC IV or hospital,Mbale,Bungokho,Bufumbo,20954.404907226562,0.12852845449356742,4,0.18071001078165333,0.0,0.0,0.0,0.0
HC IV or hospital,Kalangala,Kyamuswa,Bufumira,13682.31707572937,2.0743715609494884,4,2.8757464461365134,1.0,1.0,0.0,1.0
HC IV or hospital,Ibanda,Ibanda Municipality,Bufunda Division,37949.23878479004,0.14658535248868845,4,0.16881319941189402,0.0,0.0,0.0,0.0
HC IV or hospital,Rubanda,Rubanda,Bufundi,28016.45799922943,0.3820589921744502,4,0.4821942582225578,0.0,0.0,0.0,0.11408321370943915
HC IV or hospital,Kyenjojo,Mwenge,Bufunjo,30002.88999938965,0.661417004173667,4,0.7675244080741005,0.0,0.0,0.0,0.6790425880497568
HC IV or hospital,Kyenjojo,Mwenge,Bugaaki,41719.91068267822,0.29011025746313124,10,0.32676570837428126,0.0,0.0,0.0,0.0047909282357712114
HC IV or hospital,Rwampara,Rwampara,Bugamba,43849.58260345459,0.19256477316767093,4,0.24120548538667178,0.0,0.0,0.0,0.04114429016512944
HC IV or hospital,Kikuube,Buhaguzi,Bugambe,42435.24133682251,0.32013261208970106,10,0.36210738399224585,0.0,0.0,0.0,0.021935681260858337
HC IV or hospital,Rukungiri,Bujumbura,Bugangari,35417.464668273926,0.19039229159312587,4,0.21761882937185814,0.0,0.0,0.0,0.0
HC IV or hospital,Bundibugyo,Bwamba,Buganikire Town Councili,3147.8161010742188,0.059460907470012765,4,0.07795098901494102,0.0,0.0,0.0,0.0
HC IV or hospital,Buvuma,Buvuma Island,Bugaya,7657.361080408096,0.11241533152041043,4,0.15841687428398768,0.0,0.0,0.0,0.0
HC IV or hospital,Jinja,Butembe,Bugembe Town Council,44847.125,0.01810043938739159,4,0.021118119143203582,0.0,0.0,0.0,0.0
HC IV or hospital,Bulambuli,Bulambuli,Buginyanya,7314.27685546875,0.1608860799004012,5,0.18989141031342002,0.0,0.0,0.0,0.0
HC IV or hospital,Manafwa,Bubulo,Bugobero,17963.63720703125,0.07958614855635458,4,0.10387928503168635,0.0,0.0,0.0,0.0
HC IV or hospital,Sheema,Sheema,Bugongi Town Council,14134.360160827637,0.24237270816650439,4,0.3018944320684302,0.0,0.0,0.0,0.0
HC IV or hospital,Kamuli,Buzaaya,Bugulumbya,46489.1423034668,0.3860587806047522,4,0.4556161575016961,0.0,0.0,0.0,0.0
HC IV or hospital,Bugweri,Bugweri,Bugweri Town Council,21837.946685791016,0.03457015678929503,4,0.04052412262826204,0.0,0.0,0.0,0.0
HC IV or hospital,Kitagwenda,Kitagwenda,Buhanda,33388.83949279785,0.29310604840987226,4,0.3516248753296684,0.0,0.0,0.0,0.0
HC IV or hospital,Hoima,Bugahya,Buhanika,20558.44383621216,0.363572992164845,10,0.3798193715640667,0.0,0.0,0.0,0.0
HC IV or hospital,Kabale,Ndorwa,Buhara,28787.006088256836,0.22082227056647188,4,0.2505742554054487,0.0,0.0,0.0,0.0
HC IV or hospital,Bunyangabu,Bunyangabu,Buheesi,10618.002227783203,0.21646047591588038,10,0.251208737824489,0.0,0.0,0.0,0.0
HC IV or hospital,Bunyangabu,Bunyangabu,Buheesi Town Council,22103.97119140625,0.20077869038111448,4,0.21812594494457063,0.0,0.0,0.0,0.0
HC IV or hospital,Busia,Samia-Bugwe,Buhehe,23660.631408691406,0.22127545640308788,4,0.28180128372824104,0.0,0.0,0.0,0.0
HC IV or hospital,Kikuube,Buhaguzi,Buhimba,40923.60939025879,0.33591351884995146,10,0.38240055024797326,0.0,0.0,0.0,0.11369445355005535
HC IV or hospital,Kikuube,Buhaguzi,Buhimba Town Council,13374.050064086914,0.21190229249002396,10,0.21983342938746384,0.0,0.0,0.0,0.0
HC IV or hospital,Sironko,Budadiri,Buhugu,15424.041717529297,0.08329258212115195,5,0.1030801600601289,0.0,0.0,0.0,0.0
HC IV or hospital,Kasese,Busongora,Buhuhira,24367.196319580078,0.15996001338467736,10,0.21510008866762342,0.0,0.0,0.0,0.02977898614574108
HC IV or hospital,Rukungiri,Bujumbura,Buhunga,26681.253219604492,0.1272762718031162,4,0.15158515264831957,0.0,0.0,0.0,0.0
HC IV or hospital,Buikwe,Buikwe,Buikwe,21293.386291503906,0.1576498671419403,4,0.1945052665498764,0.0,0.0,0.0,0.0
HC IV or hospital,Buikwe,Buikwe,Buikwe Town Council,20295.416107177734,0.183035445813705,4,0.21399052631331714,0.0,0.0,0.0,0.0
HC IV or hospital,Hoima,Hoima Municipality,Bujumbura Division,32147.048797607422,0.10077370443179953,10,0.108468414321231,0.0,0.0,0.0,0.0
HC IV or hospital,Mayuge,Bunya,Bukabooli,66393.40028572083,0.24181111676971415,4,0.31081757879281163,0.0,0.0,0.0,0.003954247632483396
HC IV or hospital,Luuka,Luuka,Bukanga,50115.00735473633,0.21531866989642498,4,0.25515089607195024,0.0,0.0,0.0,0.0
HC IV or hospital,Mbale,Bungokho,Bukasakya,29584.464965820312,0.08204781864205331,4,0.08952654019423444,0.0,0.0,0.0,0.0
HC IV or hospital,Bukedea,Bukedea,Bukedea,41781.29776763916,0.15611285968811373,4,0.19664411698790354,0.0,0.0,0.0,0.0
HC IV or hospital,Bukedea,Bukedea,Bukedea Town Council,9931.665817260742,0.09923734040147524,4,0.12140819196559981,0.0,0.0,0.0,0.0
HC IV or hospital,Namisindwa,Bubulo,Bukhabusi,12489.441284179688,0.17005808885204227,5,0.19076215981430833,0.0,0.0,0.0,0.0
HC IV or hospital,Bulambuli,Bulambuli,Bukhalu,35853.627853393555,0.2015352249467508,5,0.2320326770161338,0.0,0.0,0.0,0.0
HC IV or hospital,Namisindwa,Bubulo,Bukhaweka,11005.821411132812,0.1287126087775633,5,0.14420460273586783,0.0,0.0,0.0,0.0
HC IV or hospital,Manafwa,Bubulo,Bukhofu,8945.236083984375,0.11094197364176114,5,0.13419222671784117,0.0,0.0,0.0,0.0
HC IV or hospital,Sironko,Budadiri,Bukhulo,21715.346710205078,0.23503043266476006,4,0.2563385315317106,0.0,0.0,0.0,0.0
HC IV or hospital,Namisindwa,Bubulo,Bukiabi,10061.109130859375,0.2535495363667438,5,0.3215600564850526,0.0,0.0,0.0,0.0
HC IV or hospital,Bududa,Manjiya,Bukibokolo,16033.520263671875,0.1297193124994621,5,0.14617494574462028,0.0,0.0,0.0,0.0
HC IV or hospital,Mbale,Bungokho,Bukiende,30119.201171875,0.1284819889083252,4,0.14571774942066268,0.0,0.0,0.0,0.0
HC IV or hospital,Bududa,Manjiya,Bukigai,24537.0009765625,0.11812263666439746,5,0.16283570922258303,0.0,0.0,0.0,0.0
HC IV or hospital,Sironko,Budadiri,Bukiise,26014.812408447266,0.1841881987221885,5,0.21198040129818166,0.0,0.0,0.0,0.0
HC IV or hospital,Kisoro,Bufumbira,Bukimbiri,20767.871658325195,0.21364456355016515,4,0.2798370399037269,0.0,0.0,0.0,0.0
HC IV or hospital,Rukiga,Rukiga,Bukinda,6713.665061950684,0.22172988541584157,4,0.25079065030197906,0.0,0.0,0.0,0.0
HC IV or hospital,Mbarara,Kashari,Bukiro,18910.51954650879,0.2737010281018902,4,0.3296995914212999,0.0,0.0,0.0,0.03372803427851931
HC IV or hospital,Sironko,Budadiri,Bukiyi,19443.296966552734,0.18909053786516883,5,0.22359688359335025,0.0,0.0,0.0,0.0
HC IV or hospital,Namisindwa,Bubulo,Bukokho,23292.731170654297,0.2614336311771468,5,0.3213790645425423,0.0,0.0,0.0,0.0
HC IV or hospital,Bukomansimbi,Bukomansimbi,Bukomansimbi Town Council,11182.332061767578,0.28301014393514884,4,0.3785260401248281,0.0,0.0,0.0,0.02373391446697577
HC IV or hospital,Kiboga,Kiboga,Bukomero,19191.39510345459,0.2214216929109513,4,0.2537047998068486,0.0,0.0,0.0,0.04807020684542771
HC IV or hospital,Kiboga,Kiboga,Bukomero Town Council,17446.532585144043,0.04619996025974839,4,0.05190463585172986,0.0,0.0,0.0,0.0
HC IV or hospital,Mbale,Bungokho,Bukonde,26387.530334472656,0.06466155552051359,4,0.08970101981004733,0.0,0.0,0.0,0.0
HC IV or hospital,Bundibugyo,Bughendera,Bukonzo,16517.891593933105,0.25309906384845626,4,0.31315317210553145,0.0,0.0,0.0,0.05888833143731073
HC IV or hospital,Luuka,Luuka,Bukooma,48007.011642456055,0.28526478636121655,4,0.3442621020103104,0.0,0.0,0.0,0.00826062587690359
HC IV or hospital,Rukungiri,Bujumbura,Bukurungu Town Council,3805.3712463378906,0.26266992585209226,4,0.299423586124727,0.0,0.0,0.0,0.0
HC IV or hospital,Manafwa,Bubulo,Bukusu,14487.045501708984,0.1454493610943592,5,0.18802167732158956,0.0,0.0,0.0,0.0
HC IV or hospital,Kabarole,Burahya,Bukuuku,15173.896514892578,0.10609855421948843,4,0.12594949797589705,0.0,0.0,0.0,0.0
HC IV or hospital,Kassanda,Kassanda,Bukuya,44594.48984527588,0.4468652494798512,4,0.5457779398593223,0.0,0.0,0.0,0.40690851242582105
HC IV or hospital,Bukwo,Kongasis,Bukwo,13589.083953857422,0.10652134651189057,5,0.13914590117608291,0.0,0.0,0.0,0.0
HC IV or hospital,Bukwo,Kongasis,Bukwo Town Council,10368.189880371094,0.03651754440901366,5,0.04634281909815317,0.0,0.0,0.0,0.0
HC IV or hospital,Sironko,Budadiri,Bukyabo,8902.933349609375,0.1487950765935807,5,0.20727676400090578,0.0,0.0,0.0,0.0
HC IV or hospital,Sironko,Budadiri,Bukyambi,6676.4561767578125,0.08965690991941329,5,0.12348680352861628,0.0,0.0,0.0,0.0
HC IV or hospital,Bulambuli,Bulambuli,Bulambuli Town Council,8113.130859375,0.08880418944058435,5,0.09116217028215295,0.0,0.0,0.0,0.0
HC IV or hospital,Iganga,Kigulu,Bulamogi,40654.347412109375,0.09564330614058308,4,0.10747114511453011,0.0,0.0,0.0,0.0
HC IV or hospital,Kibuku,Kibuku,Bulangira,18457.216827392578,0.2634390874770285,4,0.3299724591234755,0.0,0.0,0.0,0.0
HC IV or hospital,Bulambuli,Bulambuli,Bulegeni,7814.6966552734375,0.07441421119374074,5,0.0802591369151624,0.0,0.0,0.0,0.0
HC IV or hospital,Bulambuli,Bulambuli,Bulegeni Town Council,15142.845947265625,0.07913957661423526,5,0.08625332435842273,0.0,0.0,0.0,0.0
HC IV or hospital,Mityana,Mityana,Bulera,37118.95916748047,0.20722899972603884,4,0.24747149066602256,0.0,0.0,0.0,0.0
HC IV or hospital,Bugiri,Bukooli,Bulesa,52484.27752685547,0.3528397871446414,4,0.39375370913733043,0.0,0.0,0.0,0.0
HC IV or hospital,Buliisa,Buliisa,Buliisa Town Council,10703.357995033264,0.06488770459667735,10,0.07279381353266792,0.0,0.0,0.0,0.0
HC IV or hospital,Butambala,Butambala,Bulo,22103.048225402832,0.33171491503651324,4,0.4064416063441001,0.0,0.0,0.0,0.0
HC IV or hospital,Luuka,Luuka,Bulongo,36263.12615966797,0.157756614622038,4,0.19982760786856113,0.0,0.0,0.0,0.0
HC IV or hospital,Kamuli,Bugabula,Bulopa,33833.56330871582,0.2843122509709929,4,0.3367861146130367,0.0,0.0,0.0,0.0
HC IV or hospital,Bududa,Manjiya,Bulucheke,21941.891967773438,0.2976716564547065,5,0.39657491288685626,0.0,0.0,0.0,0.0537887827934911
HC IV or hospital,Busia,Samia-Bugwe,Bulumbi,17553.279708862305,0.17061965338226717,4,0.21585376314584107,0.0,0.0,0.0,0.0
HC IV or hospital,Sironko,Budadiri,Bumalimba,15983.755004882812,0.11749800911317201,5,0.16014298183669323,0.0,0.0,0.0,0.0
HC IV or hospital,Kaliro,Bulamogi,Bumanya,35383.59526062012,0.15427546170350648,4,0.22129100308610483,0.0,0.0,0.0,0.0
HC IV or hospital,Bududa,Manjiya,Bumasheti,17778.630859375,0.13518319891596653,5,0.16745034144810322,0.0,0.0,0.0,0.0
HC IV or hospital,Sironko,Budadiri,Bumasifwa,12736.778442382812,0.2012805919455033,5,0.2505607015581082,0.0,0.0,0.0,0.0
HC IV or hospital,Mbale,Bungokho,Bumasikye,15536.211486816406,0.1588503003023031,4,0.17420967961917377,0.0,0.0,0.0,0.0
HC IV or hospital,Bushenyi,Igara,Bumbaire,17186.173263549805,0.09471613513276014,4,0.11008371831760726,0.0,0.0,0.0,0.0
HC IV or hospital,Namisindwa,Bubulo,Bumbo,20659.120239257812,0.1588632213187074,5,0.2133264050386062,0.0,0.0,0.0,0.0
HC IV or hospital,Mbale,Bungokho,Bumbobi,21867.29327392578,0.20672431662542828,4,0.2278876949811999,0.0,0.0,0.0,0.0
HC IV or hospital,Namisindwa,Bubulo,Bumwoni,23127.866638183594,0.20056437762871882,5,0.2668304909659786,0.0,0.0,0.0,0.0
HC IV or hospital,Manafwa,Bubulo,Bunabwana,13184.102081298828,0.22752570759169255,5,0.2765067700445344,0.0,0.0,0.0,0.0
HC IV or hospital,Wakiso,Makindye Ssabagabo Municipality,Bunamwaya Division,102071.23291015625,0.08105431412621245,4,0.08620308268807171,0.0,0.0,0.0,0.0
HC IV or hospital,Bundibugyo,Bwamba,Bundibugyo Town Council,22981.283325195312,0.028903987495755522,4,0.03402090706282916,0.0,0.0,0.0,0.0
HC IV or hospital,Bundibugyo,Bwamba,Bundingoma,4408.181701660156,0.0971221191080133,4,0.11438233085546468,0.0,0.0,0.0,0.0
HC IV or hospital,Gulu,Aswa,Bungatira,48179.60131454468,0.20605559923540873,8,0.26858344070846035,0.0,0.0,0.0,0.10015774666191796
HC IV or hospital,Mbale,Bungokho,Bungokho,39345.933197021484,0.16976913272048846,4,0.1932964574827793,0.0,0.0,0.0,0.0
HC IV or hospital,Mbale,Bungokho,Bungokho Mutoto,34794.840576171875,0.12810577004688098,4,0.13709904544423038,0.0,0.0,0.0,0.0
HC IV or hospital,Sironko,Budadiri,Bunyafa,13820.596008300781,0.17032202917501138,5,0.23307763749808763,0.0,0.0,0.0,0.0
HC IV or hospital,Manafwa,Bubulo,Bunyinza Town Council,1576.8723754882812,0.278385342301703,5,0.3404479868889261,0.0,0.0,0.0,0.0
HC IV or hospital,Bundibugyo,Bughendera,Burondo,3335.4355087280273,0.32243879692792854,4,0.39824207334524125,0.0,0.0,0.0,0.0
HC IV or hospital,Kagadi,Buyaga,Burora,19591.225051879883,0.5182914303908305,4,0.5782977451218768,0.0,0.0,0.0,0.2098238972081453
HC IV or hospital,Kayunga,Ntenjeru,Busaana,67822.95178222656,0.35090925756693875,4,0.42880165387916025,0.0,0.0,0.0,0.014988151325776454
HC IV or hospital,Butaleja,Bunyole,Busaba,32718.35612487793,0.3127461976762037,4,0.4083220714738847,0.0,0.0,0.0,0.17568881050362714
HC IV or hospital,Butaleja,Bunyole,Busabi,24289.188232421875,0.445501029575119,4,0.6148574274120581,0.0,0.0,0.0,0.4798949305857063
HC IV or hospital,Mayuge,Bunya,Busakira,39704.97183227539,0.2553112763861239,4,0.31706324995646434,0.0,0.0,0.0,0.0
HC IV or hospital,Buvuma,Buvuma Island,Busamuzi,25435.242619514465,1.3198226877750632,4,1.6979516094749971,1.0,1.0,0.0,1.0
HC IV or hospital,Mbale,Bungokho,Busano,20481.35772705078,0.30344495881449746,5,0.36551571338458977,0.0,0.0,0.0,0.019092743938896296
HC IV or hospital,Kisoro,Bufumbira,Busanza,18806.428457260132,0.14613686685624003,11,0.17843928456341746,0.0,0.0,0.0,0.0
HC IV or hospital,Bundibugyo,Bwamba,Busaru,16020.762481689453,0.05143898458262577,4,0.06494137139801857,0.0,0.0,0.0,0.0
HC IV or hospital,Jinja,Butembe,Busedde,43353.5167388916,0.36190903887235076,4,0.4071390255836248,0.0,0.0,0.0,0.0
HC IV or hospital,Bugweri,Bugweri,Busembatia Town Council,17035.16619873047,0.23671503694658338,4,0.2967243718690954,0.0,0.0,0.0,0.0
HC IV or hospital,Kibuku,Kibuku,Buseta,11896.770874023438,0.220188400461005,4,0.25520506776470714,0.0,0.0,0.0,0.0
HC IV or hospital,Bududa,Manjiya,Bushika,38343.24694824219,0.21903920763959414,5,0.295809093089326,0.0,0.0,0.0,0.0
HC IV or hospital,Bududa,Manjiya,Bushiribo,16800.742919921875,0.08342314812864784,5,0.113615582006666,0.0,0.0,0.0,0.0
HC IV or hospital,Hoima,Hoima Municipality,Busiisi Division,27872.45083618164,0.11242016038087621,10,0.12225362863781465,0.0,0.0,0.0,0.0
HC IV or hospital,Mityana,Mityana Municipality,Busimbi Division,56181.38063764572,0.05614686905940603,4,0.061985226493139825,0.0,0.0,0.0,0.0
HC IV or hospital,Busia,Samia-Bugwe,Busime,24336.406295776367,0.4887544954511218,4,0.5995241977039896,0.0,0.0,0.0,0.12486830963515944
HC IV or hospital,Busia,Samia-Bugwe,Busitema,24669.329666137695,0.31833335572587573,4,0.3831602214632617,0.0,0.0,0.0,0.0
HC IV or hospital,Mbale,Bungokho,Busiu,19482.891326904297,0.0934891769560488,4,0.11257379400767263,0.0,0.0,0.0,0.0
HC IV or hospital,Mbale,Bungokho,Busiu Town Council,11384.221405029297,0.05690827083580502,4,0.0664844796815964,0.0,0.0,0.0,0.0
HC IV or hospital,Mbale,Bungokho,Busoba,26777.971282958984,0.16394784067297438,4,0.19139507845337342,0.0,0.0,0.0,0.0
HC IV or hospital,Butaleja,Bunyole,Busolwe,19910.46762084961,0.16474701817311965,4,0.20553997765134555,0.0,0.0,0.0,0.0
HC IV or hospital,Butaleja,Bunyole,Busolwe Town Council,22651.93212890625,0.04349174099128258,4,0.052817923217228675,0.0,0.0,0.0,0.0
HC IV or hospital,Kabarole,Burahya,Busoro,32664.159118652344,0.14968859832844333,10,0.17628147830335694,0.0,0.0,0.0,0.0073406066035707415
HC IV or hospital,Wakiso,Nansana Municipality,Busukuma Division,64853.25971984863,0.22907807584858852,4,0.2832547862513964,0.0,0.0,0.0,0.0
HC IV or hospital,Manafwa,Bubulo,Busukuya,15291.715087890625,0.16885664971982126,4,0.2195485507184675,0.0,0.0,0.0,0.0
HC IV or hospital,Sironko,Budadiri,Busulani,11819.760223388672,0.1395102330376737,5,0.17371611652275523,0.0,0.0,0.0,0.0
HC IV or hospital,Bundibugyo,Bwamba,Busunga Town Council,10236.605407714844,0.061765877690180056,4,0.07004332375752752,0.0,0.0,0.0,0.0
HC IV or hospital,Mityana,Mityana,Busunju Town Council,15180.185348510742,0.15359629726010907,4,0.16055051141728566,0.0,0.0,0.0,0.0
HC IV or hospital,Namayingo,Bukooli,Buswale,37529.19958496094,0.3322021735717238,4,0.4141385639472502,0.0,0.0,0.0,0.0
HC IV or hospital,Jinja,Kagoma,Butagaya,62247.57116699219,0.1790080072108467,4,0.22134468232294385,0.0,0.0,0.0,0.0
HC IV or hospital,Nakaseke,Nakaseke,Butalangu Town Council,5161.276152610779,0.3174448658042659,4,0.3613012576791783,0.0,0.0,0.0,0.022834055510317124
HC IV or hospital,Butaleja,Bunyole,Butaleja,21340.977767944336,0.1762373886495627,4,0.2373370291094073,0.0,0.0,0.0,0.0
HC IV or hospital,Butaleja,Bunyole,Butaleja Town Council,23924.380432128906,0.260368651865329,4,0.34597748719798366,0.0,0.0,0.0,0.0
HC IV or hospital,Kabale,Ndorwa,Butanda,17046.512283325195,0.24804059170397946,4,0.3303630169736295,0.0,0.0,0.0,0.0
HC IV or hospital,Sironko,Budadiri,Butandiga,9119.5673828125,0.1864769162663739,5,0.23927249617464585,0.0,0.0,0.0,0.0
HC IV or hospital,Kamuli,Bugabula,Butansi,37034.720153808594,0.2485046265291147,4,0.3082097339026577,0.0,0.0,0.0,0.005635132951799884
HC IV or hospital,Mityana,Busujju,Butayunja,13320.283447265625,0.18541989256698777,4,0.23840454974154401,0.0,0.0,0.0,0.0
HC IV or hospital,Busia,Samia-Bugwe,Buteba,31964.787048339844,0.32335812627313604,4,0.39396621525821857,0.0,0.0,0.0,0.0
HC IV or hospital,Butebo,Butebo,Butebo,25418.631240844727,0.13270639349002758,4,0.18249272293764368,0.0,0.0,0.0,0.0
HC IV or hospital,Butebo,Butebo,Butebo Town Council,12766.74917602539,0.0682481935280705,4,0.09597076456275863,0.0,0.0,0.0,0.0
HC IV or hospital,Bukomansimbi,Bukomansimbi,Butenga,43789.42849731445,0.18122438738207208,4,0.24134934203393982,0.0,0.0,0.0,0.04189407620452169
HC IV or hospital,Sironko,Budadiri,Buteza,14962.5166015625,0.18520472081609948,5,0.2538504985072473,0.0,0.0,0.0,0.0
HC IV or hospital,Kyenjojo,Mwenge,Butiiti,25971.71002960205,0.17719012550492716,10,0.19481078329934068,0.0,0.0,0.0,0.0
HC IV or hospital,Manafwa,Bubulo,Butiru,24000.50131225586,0.16219743204485007,4,0.196910660673677,0.0,0.0,0.0,0.014815945458048452
HC IV or hospital,Kanungu,Kinkizi,Butogota Town Council,11872.743148803711,0.30602769230127863,10,0.368529624403296,0.0,0.0,0.0,0.0
HC IV or hospital,Manafwa,Bubulo,Butta,4219.362976074219,0.0892129639316708,5,0.11561097122939201,0.0,0.0,0.0,0.0
HC IV or hospital,Kyenjojo,Mwenge,Butunduzi,16805.912857055664,0.6972943951691426,4,0.772890870144847,0.0,0.0,0.0,0.5429354447868601
HC IV or hospital,Kyenjojo,Mwenge,Butunduzi Town Council,17048.769371032715,0.5261117709918212,10,0.5729273596369556,0.0,0.0,0.0,0.0
HC IV or hospital,Buvuma,Buvuma Island,Buvuma Town Council,16313.224328994751,1.3660062505909067,4,1.7547497611313845,1.0,1.0,0.0,1.0
HC IV or hospital,Mayuge,Bunya,Buwaaya,29203.569549560547,0.29156596789187644,4,0.3569808874110105,0.0,0.0,0.0,0.0
HC IV or hospital,Namisindwa,Bubulo,Buwabwala,9374.730163574219,0.1926235171755093,5,0.24160839716028618,0.0,0.0,0.0,0.0
HC IV or hospital,Manafwa,Bubulo,Buwagogo,9043.231811523438,0.11342219533230252,5,0.1311138794822361,0.0,0.0,0.0,0.0
HC IV or hospital,Sironko,Budadiri,Buwalasi,17079.52423095703,0.12715387181036888,5,0.15963051054191923,0.0,0.0,0.0,0.0
HC IV or hospital,Bududa,Manjiya,Buwali,10130.714050292969,0.19931236999494464,5,0.24373785348843388,0.0,0.0,0.0,0.0
HC IV or hospital,Manafwa,Bubulo,Buwangani Town Council,9577.36962890625,0.058144437076524655,5,0.06615647221394778,0.0,0.0,0.0,0.0
HC IV or hospital,Sironko,Budadiri,Buwasa,10057.574584960938,0.08663275581004516,5,0.11495850704571715,0.0,0.0,0.0,0.0
HC IV or hospital,Jinja,Kagoma,Buwenge,60763.681701660156,0.11881927578397929,4,0.13954802518256892,0.0,0.0,0.0,0.0
HC IV or hospital,Jinja,Kagoma,Buwenge Town Council,23045.4404296875,0.016922777532240675,4,0.018989774352781492,0.0,0.0,0.0,0.0
HC IV or hospital,Bugiri,Bukooli,Buwunga,60976.24951171875,0.20124438919262627,4,0.24304951454783727,0.0,0.0,0.0,0.0
HC IV or hospital,Bulambuli,Bulambuli,Buyaga Town Council,983.1026611328125,0.1795974224805832,1,0.1795974224805832,0.0,0.0,0.0,0.0
HC IV or hospital,Bugweri,Bugweri,Buyanga,54392.11004638672,0.19280298229345846,4,0.24132346222433426,0.0,0.0,0.0,0.0
HC IV or hospital,Busia,Samia-Bugwe,Buyanga,25144.9054107666,0.30881854203052744,4,0.41230699458473835,0.0,0.0,0.0,0.03416772490412946
HC IV or hospital,Rukungiri,Rubabo,Buyanja,36813.78160095215,0.20423071257519845,4,0.22611130352880407,0.0,0.0,0.0,0.0
HC IV or hospital,Rukungiri,Rubabo,Buyanja Town Council,5017.874938964844,0.11777952064657976,4,0.11911001639983654,0.0,0.0,0.0,0.0
HC IV or hospital,Jinja,Kagoma,Buyengo,38883.04965209961,0.25120939098136386,4,0.30707396496970796,0.0,0.0,0.0,0.0
HC IV or hospital,Kaliro,Bulamogi,Buyinda,25546.18531036377,0.2973686784978445,4,0.42038550374023037,0.0,0.0,0.0,0.14251212518922168
HC IV or hospital,Namayingo,Bukooli,Buyinja,32983.22888183594,0.2631916868449967,4,0.336624700501444,0.0,0.0,0.0,0.013194560796613422
HC IV or hospital,Sironko,Budadiri,Buyobo,16163.707611083984,0.0763104510161496,5,0.10373122997028046,0.0,0.0,0.0,0.0
HC IV or hospital,Kibaale,Buyanja,Bwamiramira,14328.031288146973,0.1895276476797004,4,0.2451994972378895,0.0,0.0,0.0,0.024166648121708698
HC IV or hospital,Kakumiro,Bugangaizi,Bwanswa,26466.760231018066,0.2716453694699691,4,0.3566803382327215,0.0,0.0,0.0,0.05965110955380345
HC IV or hospital,Kasese,Bukonjo,Bwera,17996.797821044922,0.05700230267435509,4,0.06626080611759273,0.0,0.0,0.0,0.0
HC IV or hospital,Kiryandongo,Kibanda,Bweyale Town Council,39527.89030456543,0.20399403451313874,9,0.20727384870600046,0.0,0.0,0.0,0.0
HC IV or hospital,Wakiso,Kira Municipality,Bweyogerere Division,141789.44484329224,0.0969811749444486,4,0.10651083282779261,0.0,0.0,0.0,0.0
HC IV or hospital,Ntungamo,Kajara,Bwongyera,40956.733001708984,0.1913058156580968,12,0.2100040517522292,0.0,0.0,0.0,0.0
HC IV or hospital,Rakai,Kooki,Byakabanda,21963.868771791458,0.23524857581277583,4,0.3284100418560583,0.0,0.0,0.0,0.010641842080636068
HC IV or hospital,Kisoro,Kisoro Municipality,Central,5578.041442871094,0.01656498482659053,4,0.020816662670389507,0.0,0.0,0.0,0.0
HC IV or hospital,Buikwe,KCCA,Central Division,45238.28381347656,0.03472825126839754,4,0.03991870855622991,0.0,0.0,0.0,0.0
HC IV or hospital,Kampala,KCCA,Central Division,106096.45703125,0.017298509621302926,1,0.017298508757205542,0.0,0.0,0.0,0.0
HC IV or hospital,Mukono,KCCA,Central Division,88197.59791564941,0.050523572882449776,4,0.053510921938570134,0.0,0.0,0.0,0.0
HC IV or hospital,Iganga,Iganga Municipality,Central Division,33064.68408203125,0.012078021751568802,4,0.012381012897425315,0.0,0.0,0.0,0.0
HC IV or hospital,Jinja,Jinja Municipality,Central Division,29144.54083251953,0.032028022163419254,4,0.03706491968193257,0.0,0.0,0.0,0.0
HC IV or hospital,Kapchorwa,Kapchorwa Municipality,Central Division,20021.40281677246,0.032087138248663605,5,0.0337910071954271,0.0,0.0,0.0,0.0
HC IV or hospital,Kitgum,Kitgum Municipality,Central Division,10414.16552734375,0.012313785151908287,7,0.013552410922220147,0.0,0.0,0.0,0.0
HC IV or hospital,Kotido,Kotido Municipality,Central Division,17583.080596923828,0.050299963006103426,7,0.05915801411982725,0.0,0.0,0.0,0.0
HC IV or hospital,Lira,Lira Municipality,Central Division,25839.049865722656,0.024907305901573196,9,0.026113147968822744,0.0,0.0,0.0,0.0
HC IV or hospital,Nebbi,Nebbi Municipality,Central Division,15783.155014038086,0.050838749468146635,9,0.0605669876365511,0.0,0.0,0.0,0.0
HC IV or hospital,Kabale,Kabale Municipality,Central Division,19390.518432617188,0.02754934949627639,4,0.029881564354158015,0.0,0.0,0.0,0.0
HC IV or hospital,Kasese,Kasese Municipality,Central Division,41043.92558288574,0.03095691702460345,10,0.03289259629911244,0.0,0.0,0.0,0.0
HC IV or hospital,Masindi,Masindi Municipality,Central Division,52258.96417236328,0.04360601194487227,4,0.04720659455884978,0.0,0.0,0.0,0.0
HC IV or hospital,Ntungamo,Ntungamo Municipality,Central Division,7275.575134277344,0.05123366759071269,4,0.057163324515608675,0.0,0.0,0.0,0.0
HC IV or hospital,Bushenyi,Bushenyi Municipality,Central Divison,20369.847595214844,0.10038709062119185,4,0.10687993981723032,0.0,0.0,0.0,0.0
HC IV or hospital,Kisoro,Bufumbira,Chahi,21658.188842773438,0.10339481781898686,4,0.11085667737543238,0.0,0.0,0.0,0.0
HC IV or hospital,Kapchorwa,Tingey,Chepterech,4753.27734375,0.06881794606203512,5,0.07275898945391136,0.0,0.0,0.0,0.0
HC IV or hospital,Adjumani,East Moyo,Ciforo,17901.128905296326,0.30899683429632147,8,0.34398834548904716,0.0,0.0,0.0,0.027124767636250328
HC IV or hospital,Busia,Samia-Bugwe,Dabani,46442.927825927734,0.07884018886184965,4,0.09679964194774439,0.0,0.0,0.0,0.0
HC IV or hospital,Arua,Ayivu,Dadamu,53205.771408081055,0.07650939940057434,10,0.0970596391834447,0.0,0.0,0.0,0.0
HC IV or hospital,Rakai,Kooki,Ddwaniro,39852.750312805176,0.26730968966597907,4,0.36136745306416923,0.0,0.0,0.0,0.0028109899004548334
HC IV or hospital,Wakiso,Entebbe Municipality,Division A,66507.40141677856,0.03891746428298447,4,0.04104959794810727,0.0,0.0,0.0,0.0
HC IV or hospital,Wakiso,Entebbe Municipality,Division B,46839.294496536255,0.049236245958468365,4,0.05532416100489072,0.0011456429605474947,0.0011456429605474947,0.0,0.0011456429605474947
HC IV or hospital,Dokolo,Dokolo,Dokolo,20115.904251098633,0.33732863220096937,9,0.39888578461973406,0.0,0.0,0.0,0.0
HC IV or hospital,Dokolo,Dokolo,Dokolo Tc,26592.999000549316,0.1356403534472135,9,0.17188269671866532,0.0,0.0,0.0,0.0
HC IV or hospital,Yumbe,Aringa,Drajini,45623.89469909668,0.24967316781065307,10,0.2892953960594583,0.0,0.0,0.0,0.0
HC IV or hospital,Koboko,Koboko,Dranya,21780.43360900879,0.10609767044699973,10,0.11428291099241993,0.0,0.0,0.0,0.0
HC IV or hospital,Mubende,Mubende Municipality,Eastern Division,35069.64717102051,0.18512999641340844,10,0.22637226415003073,0.0,0.0,0.0,0.0074563112249815275
HC IV or hospital,Bugiri,Bugiri Municipality,Eastern Division,15272.839233398438,0.04992578194676743,4,0.05010029266308898,0.0,0.0,0.0,0.0
HC IV or hospital,Busia,Busia Municipality,Eastern Division,31152.322265625,0.10387493202663192,4,0.10515348452665152,0.0,0.0,0.0,0.0
HC IV or hospital,Soroti,Soroti Municipality,Eastern Division,23424.89129638672,0.043757503017505195,5,0.05615994525826509,0.0,0.0,0.0,0.0
HC IV or hospital,Tororo,Tororo Municipality,Eastern Division,21445.779724121094,0.06356032920909856,4,0.07136048065415283,0.0,0.0,0.0,0.0
HC IV or hospital,Kabarole,Fort Portal Municipality,Eastern Division,23169.091033935547,0.027733638936586757,10,0.03076892206910305,0.0,0.0,0.0,0.0
HC IV or hospital,Ntungamo,Ntungamo Municipality,Eastern Division,9553.404769897461,0.06484144908315828,4,0.07482666284393868,0.0,0.0,0.0,0.0
HC IV or hospital,Rukungiri,Rukungiri Municipality,Eastern Divison,14944.833053588867,0.04584062212776918,4,0.050820056434094436,0.0,0.0,0.0,0.0
HC IV or hospital,Kazo,Kazo,Engari,33496.04196929932,0.3941770214712493,4,0.44443707841871066,0.0,0.0,0.0,0.01135928778596169
HC IV or hospital,Nebbi,Padyere,Erussi,41021.44314575195,0.3455721597054256,9,0.420997800566543,0.0,0.0,0.0,0.010598359697412239
HC IV or hospital,Kapchorwa,Tingey,Gamogo,4700.5570068359375,0.10555049184618173,5,0.11804680941970054,0.0,0.0,0.0,0.0
HC IV or hospital,Kyankwanzi,Kiboga,Gayaza,29845.57159805298,0.37641852595242475,4,0.4622459435777351,0.0,0.0,0.0,0.28881126556309017
HC IV or hospital,Kibuku,Kibuku,Goli Goli,12891.233764648438,0.2946597063562479,4,0.3602198206183532,0.0,0.0,0.0,0.0
HC IV or hospital,Mukono,Mukono Municipality,Goma Division,134395.49374389648,0.11084909524328154,4,0.12058993667293544,0.0,0.0,0.0,0.0
HC IV or hospital,Wakiso,Nansana Municipality,Gombe Division,122560.44062805176,0.1312111130760669,4,0.14619298258986385,0.0,0.0,0.0,0.0
HC IV or hospital,Butambala,Butambala,Gombe Town Council,18070.875495910645,0.07415506916143513,4,0.09188229107212335,0.0,0.0,0.0,0.0
HC IV or hospital,Rubanda,Rubanda,Hamurwa,31898.763061523438,0.15018387631619767,4,0.17773417104533398,0.0,0.0,0.0,0.0
HC IV or hospital,Rubanda,Rubanda,Hamurwa Town Council,6347.930465698242,0.05509359717719673,4,0.07006529886079166,0.0,0.0,0.0,0.0
HC IV or hospital,Kyegegwa,Kyaka,Hapuuyo,50194.42472076416,0.42631707247668493,4,0.5274542288862253,0.0,0.0,0.0,0.36148396816618855
HC IV or hospital,Kabarole,Burahya,Harugogo,28292.943069458008,0.21277676500200207,10,0.25879038019462747,0.0,0.0,0.0,0.0
HC IV or hospital,Kasese,Busongora,Hima Town Council,16243.863800048828,0.26697409987668164,10,0.2785696088898374,0.0,0.0,0.0,0.0
HC IV or hospital,Butaleja,Bunyole,Himutu,22723.201400756836,0.17993769285651717,4,0.23103356889379267,0.0,0.0,0.0,0.0
HC IV or hospital,Bushenyi,Igara,Ibaare,13142.956359863281,0.09659856252363157,4,0.10278540807206278,0.0,0.0,0.0,0.0
HC IV or hospital,Bugweri,Bugweri,Ibulanku,34749.94812011719,0.1500060338934722,4,0.18009076556492606,0.0,0.0,0.0,0.0
HC IV or hospital,Oyam,Oyam,Iceme,62039.25791168213,0.36937291526226085,8,0.46352020499665775,0.0,0.0,0.0,0.10542774368182153
HC IV or hospital,Bugweri,Bugweri,Igombe,23027.113830566406,0.2075438934450932,4,0.24313872659108116,0.0,0.0,0.0,0.0
HC IV or hospital,Ibanda,Ibanda,Igorora Town Council,7078.154861450195,0.25050233988876514,4,0.2583947958523314,0.0,0.0,0.0,0.0
HC IV or hospital,Ntungamo,Kajara,Ihunga,16619.254791259766,0.19965969839245884,12,0.21502479494747911,0.0,0.0,0.0,0.0
HC IV or hospital,Budaka,Iki-Iki,Iki-Iki,25657.890411376953,0.3175207257508876,4,0.3940260816585265,0.0,0.0,0.0,0.0
HC IV or hospital,Luuka,Luuka,Ikumbya,42775.61827087402,0.44319042013024484,4,0.5897378378776167,0.0,0.0,0.0,0.4475001543683782
HC IV or hospital,Mayuge,Bunya,Imanyiro,42677.53713226318,0.19066009007868695,4,0.2523032675474537,0.0,0.0,0.0,0.0
HC IV or hospital,Mbale,Mbale Municipality,Industrial Divison,61945.90478515625,0.023796542678973482,4,0.02475370950969816,0.0,0.0,0.0,0.0
HC IV or hospital,Kwania,Kwania,Inomo,40241.987533569336,0.5053573262254091,10,0.6587387935593015,0.0,0.0,0.0,0.7718145430383613
HC IV or hospital,Luuka,Luuka,Irongo,34931.67419433594,0.2444218201176527,4,0.3035758755257572,0.0,0.0,0.0,0.0
HC IV or hospital,Kasese,Bukonjo,Isango,10354.558822631836,0.07905654186210365,4,0.0874563792280266,0.0,0.0,0.0,0.0
HC IV or hospital,Bushenyi,Bushenyi Municipality,Ishaka Divison,19071.525466918945,0.03386772866160212,4,0.0370783899053624,0.0,0.0,0.0,0.0
HC IV or hospital,Ibanda,Ibanda,Ishongororo,18583.52109527588,0.19331938546637334,4,0.212404359436992,0.0,0.0,0.0,0.0
HC IV or hospital,Ibanda,Ibanda,Ishongororo Town Council,27108.80249786377,0.07999493486435635,4,0.08801199986669377,0.0,0.0,0.0,0.0
HC IV or hospital,Isingiro,Isingiro,Isingiro Town Council,35298.323525846004,0.1760472227333994,4,0.19301315441076736,0.0,0.0,0.0,0.012073263020193598
HC IV or hospital,Ntungamo,Ruhaama,Itojo,28869.56842803955,0.17407161924570028,4,0.20616957143509757,0.0,0.0,0.0,0.0
HC IV or hospital,Mayuge,Bunya,Jaguzi,17401.811547279358,,1,,1.0,1.0,0.0,1.0
HC IV or hospital,Zombo,Okoro,Jangokoro,5707.384460449219,0.35663958112215977,9,0.4116603559724324,0.0,0.0,0.0,0.0
HC IV or hospital,Kaabong,Dodoth,Kaabong East,7777.75297164917,0.2383265673692241,4,0.2853617927403156,0.0,0.0,0.0,0.07008726863083957
HC IV or hospital,Kaabong,Dodoth,Kaabong Town Council,10446.696655273438,0.045369995461120555,4,0.054085791272027665,0.0,0.0,0.0,0.0
HC IV or hospital,Kaabong,Dodoth,Kaabong West,13719.10147857666,0.15768546900902708,4,0.1867397407544157,0.0,0.0,0.0,0.0
HC IV or hospital,Manafwa,Bubulo,Kaato,6966.0819091796875,0.08945881322567492,5,0.11785486842049928,0.0,0.0,0.0,0.0
HC IV or hospital,Kagadi,Buyaga,Kabamba,26529.416122436523,0.6282214179574203,4,0.7554443876166465,0.0,0.0,0.0,0.9190861217502798
HC IV or hospital,Kamwenge,Kibale,Kabambiro,21715.952682495117,0.3591069579427907,4,0.4122619586828668,0.0,0.0,0.0,0.0
HC IV or hospital,Kaberamaido,Kaberamaido,Kaberamaido,24986.99102973938,0.17166149003033146,9,0.2162141094917736,0.0,0.0,0.0,0.0011129940885308944
HC IV or hospital,Kaberamaido,Kaberamaido,Kaberamaido Town Council,5508.409820556641,0.04110688520279786,9,0.04753436008018076,0.0,0.0,0.0,0.0
HC IV or hospital,Isingiro,Isingiro,Kaberebere Town Council,9064.38900756836,0.20068390368312086,4,0.20625017391734785,0.0,0.0,0.0,0.0
HC IV or hospital,Kapchorwa,Tingey,Kabeywa,1235.5126953125,0.1581673417230622,5,0.18287218973383698,0.0,0.0,0.0,0.0
HC IV or hospital,Isingiro,Isingiro,Kabingo,35306.40502738953,0.263768888338434,4,0.3045974257850594,0.0,0.0,0.0,0.09814282250600181
HC IV or hospital,Mitooma,Ruhinda,Kabira,13614.257034301758,0.22702303741938532,4,0.26784887258372,0.0,0.0,0.0,0.0
HC IV or hospital,Masaka,Bukoto,Kabonera,41040.22381591797,0.16931782221987726,4,0.18830119042893503,0.0,0.0,0.0,0.0
HC IV or hospital,Isingiro,Isingiro,Kabuyanda,29343.1075592041,0.16879519745078628,4,0.19732452295950936,0.0,0.0,0.0,0.0
HC IV or hospital,Isingiro,Isingiro,Kabuyanda Town Council,21361.662399291992,0.06624438437103447,4,0.07683828069973796,0.0,0.0,0.0,0.0
HC IV or hospital,Butebo,Butebo,Kabwangasi,38166.659606933594,0.18572690579726742,4,0.22409454392750117,0.0,0.0,0.0,0.0
HC IV or hospital,Kibuku,Kibuku,Kabweri,22568.797241210938,0.17853284313650908,4,0.20383803562761896,0.0,0.0,0.0,0.0
HC IV or hospital,Kyegegwa,Kyaka,Kabweza Kyegegwa,54720.64570617676,0.38333538269465034,4,0.45008304288036366,0.0,0.0,0.0,0.13640070294258988
HC IV or hospital,Sheema,Sheema Municipality,Kabwohe Division,23494.133712768555,0.057611975075686016,4,0.06325124338237086,0.0,0.0,0.0,0.0
HC IV or hospital,Budaka,Iki-Iki,Kachomo,20285.173431396484,0.2968791242712001,4,0.40263600641938063,0.0,0.0,0.0,0.0
HC IV or hospital,Butaleja,Bunyole,Kachonga,36261.012634277344,0.10471551196385719,4,0.14202754519836816,0.0,0.0,0.0,0.0
HC IV or hospital,Bukedea,Bukedea,Kachumbala,70390.44876098633,0.22379862648349044,4,0.2567120754524426,0.0,0.0,0.0,0.0
HC IV or hospital,Kibuku,Kibuku,Kadama,7381.277862548828,0.16221235896991176,4,0.18045782969609817,0.0,0.0,0.0,0.0
HC IV or hospital,Budaka,Budaka,Kaderuna,21909.799865722656,0.20921799558856408,4,0.28132764625527606,0.0,0.0,0.0,0.0
HC IV or hospital,Serere,Kasilo,Kadungulu Town Council,14084.764799118042,0.18982282699471137,5,0.21372516627688548,0.0,0.0,0.0,0.0
HC IV or hospital,Kagadi,Buyaga,Kagadi,20057.30421447754,0.30979722714742963,4,0.38651702174304725,0.0,0.0,0.0,0.012744286325752857
HC IV or hospital,Kagadi,Buyaga,Kagadi Town Council,35263.65838623047,0.07555696643766562,4,0.08887239809090966,0.0,0.0,0.0,0.0
HC IV or hospital,Rakai,Kooki,Kagamba,41104.191581726074,0.4395907437163714,4,0.5871527976888329,0.0,0.0,0.0,0.24986891173755066
HC IV or hospital,Ibanda,Ibanda Municipality,Kagango Division,45827.45686340332,0.17034181670262719,4,0.18816337839016198,0.0,0.0,0.0,0.0
HC IV or hospital,Sheema,Sheema Municipality,Kagango Division,31203.884071350098,0.18008540023527775,4,0.19581258343617233,0.0,0.0,0.0,0.0
HC IV or hospital,Ntungamo,Kajara,Kagarama Town Council,16718.205673217773,0.13109341886270515,11,0.13745640729878633,0.0,0.0,0.0,0.0
HC IV or hospital,Mbarara,Kashari,Kagongi,25845.90672302246,0.3944610330789459,4,0.4230555513490496,0.0,0.0,0.0,0.0
HC IV or hospital,Kibuku,Kibuku,Kagumu,23143.24285888672,0.19086616899217038,4,0.22086084049839827,0.0,0.0,0.0,0.0
HC IV or hospital,Kabale,Ndorwa,Kaharo,21537.79232788086,0.20653429366737408,4,0.22139113723328974,0.0,0.0,0.0,0.0
HC IV or hospital,Hoima,Hoima Municipality,Kahoora Divison,55182.82540893555,0.047140305101469666,10,0.049665310208917846,0.0,0.0,0.0,0.0
HC IV or hospital,Kamwenge,Kibale,Kahunge,29154.55347442627,0.22752118523632917,10,0.2936152327724205,0.0,0.0,0.0,0.06460319157421791
HC IV or hospital,Kamwenge,Kibale,Kahunge Town Council,21720.85509109497,0.20681324622321992,10,0.2366544455310058,0.0,0.0,0.0,0.00883476082159336
HC IV or hospital,Wakiso,Busiro,Kajjansi Town Council,150640.93717956543,0.08683682044923957,4,0.09658001095866679,0.0,0.0,0.0,0.0
HC IV or hospital,Isingiro,Bukanga,Kakamba,14192.41120147705,0.4768500584330711,4,0.5814262194421257,0.0,0.0,0.0,0.5753598309053475
HC IV or hospital,Bushenyi,Igara,Kakanju,26305.363220214844,0.1955251950446772,10,0.22850002922449136,0.0,0.0,0.0,0.0
HC IV or hospital,Mbarara,Kashari,Kakiika Division,30730.31708908081,0.10063308702563438,4,0.10780920225903401,0.0,0.0,0.0,0.0
HC IV or hospital,Sheema,Sheema,Kakindo Town Council,9417.160690307617,0.21215145413183267,4,0.2364029680802383,0.0,0.0,0.0,0.0
HC IV or hospital,Mityana,Busujju,Kakindu,22238.29510498047,0.149681565064825,4,0.18440301840813766,0.0,0.0,0.0,0.0
HC IV or hospital,Jinja,Butembe,Kakira Town Council,41702.508056640625,0.18249105404716195,4,0.2111794997333868,0.0,0.0,0.0,0.0
HC IV or hospital,Wakiso,Busiro,Kakiri,63663.190338134766,0.24374971722744793,4,0.2748391365191788,0.0,0.0,0.0,0.0
HC IV or hospital,Wakiso,Busiro,Kakiri Town Council,31098.629943847656,0.17640093618807112,4,0.1889258026927516,0.0,0.0,0.0,0.0
HC IV or hospital,Mbarara,Mbarara Municipality,Kakoba Division,61910.029541015625,0.024243044661445445,4,0.02598832506214007,0.0,0.0,0.0,0.0
HC IV or hospital,Nakasongola,Buruli,Kakooge Town Council,11258.728874206543,0.1254411501715362,4,0.14252758665552298,0.0,0.0,0.0,0.004327773740273873
HC IV or hospital,Butebo,Butebo,Kakoro,23025.554626464844,0.2685480740891961,4,0.3609951490789459,0.0,0.0,0.0,0.0
HC IV or hospital,Budaka,Budaka,Kakule,16647.608306884766,0.21505732152586182,4,0.26959069942449204,0.0,0.0,0.0,0.0
HC IV or hospital,Kakumiro,Bugangaizi,Kakumiro Town Council,14900.337265014648,0.11128374016596672,4,0.14554363298832654,0.0,0.0,0.0,0.0
HC IV or hospital,Kalaki,Kalaki,Kakure,17456.009910583496,0.3105700347602814,8,0.36316797841480125,0.0,0.0,0.0,0.0
HC IV or hospital,Kibuku,Kibuku,Kakutu,14502.613830566406,0.2943498241588347,4,0.3525096137500999,0.0,0.0,0.0,0.0
HC IV or hospital,Luwero,Bamunanika,Kalagala,55411.90586853027,0.19858569600055315,4,0.26169218842730024,0.0,0.0,0.0,0.0
HC IV or hospital,Kalaki,Kalaki,Kalaki Town Council,8020.71403503418,0.3092721949270991,8,0.4230155540824428,0.0,0.0,0.0,0.0
HC IV or hospital,Butambala,Butambala,Kalamba,23205.85562133789,0.2384080418049725,4,0.2791747646525639,0.0,0.0,0.0,0.0
HC IV or hospital,Mityana,Mityana,Kalangaalo,37036.72993469238,0.24118109109312963,4,0.2805338609237338,0.0,0.0,0.0,0.0
HC IV or hospital,Kalangala,Bujumba,Kalangala Town Council,6584.320819020271,0.04865896515534545,4,0.07825203537122243,0.0,0.0,0.0,0.0
HC IV or hospital,Lyantonde,Kabula,Kaliiro,23661.047470092773,0.38655473594171125,4,0.436624872773953,0.0,0.0,0.0,0.06584880675815667
HC IV or hospital,Kaliro,Bulamogi,Kaliro Town Council,23945.066497802734,0.2932497306592276,4,0.32294687179077464,0.0,0.0,0.0,0.0
HC IV or hospital,Kyotera,Kyotera,Kalisizo,20560.470024108887,0.10305334604835256,4,0.1294119522391925,0.0,0.0,0.0,0.0
HC IV or hospital,Kyotera,Kyotera,Kalisizo Town Council,16683.56069946289,0.027110948203209615,4,0.030894080785226558,0.0,0.0,0.0,0.0
HC IV or hospital,Agago,Agago,Kalongo Town Council,13793.999740600586,0.06631747197141775,8,0.08694465228527352,0.0,0.0,0.0,0.0
HC IV or hospital,Kalungu,Kalungu,Kalungu,45428.952407836914,0.15795950112980411,4,0.21153222223500334,0.0,0.0,0.0,0.0
HC IV or hospital,Kalungu,Kalungu,Kalungu Town Council,9517.13949584961,0.2557866713482331,4,0.35168305841186187,0.0,0.0,0.0,0.0
HC IV or hospital,Kanungu,Kinkizi,Kambuga,28699.016708374023,0.13628770138699642,4,0.15259602910899475,0.0,0.0,0.0,0.0
HC IV or hospital,Kanungu,Kinkizi,Kambuga Town Council,5617.361083984375,0.11743694257978032,4,0.1298192783991204,0.0,0.0,0.0,0.0
HC IV or hospital,Oyam,Oyam,Kamdini,64620.69287109375,0.2835766070084757,8,0.3119874512510325,0.0,0.0,0.0,0.003474869537855064
HC IV or hospital,Pallisa,Pallisa,Kameke,21928.287994384766,0.48084629142664964,4,0.5863232611461237,0.0,0.0,0.0,0.2688101180686739
HC IV or hospital,Budaka,Iki-Iki,Kameruka,20245.160034179688,0.2117796613912684,4,0.29715654715834305,0.0,0.0,0.0,0.0
HC IV or hospital,Budaka,Iki-Iki,Kamonkoli,34578.32391357422,0.21210967244336734,4,0.22791198519773287,0.0,0.0,0.0,0.0
HC IV or hospital,Bulambuli,Bulambuli,Kamu,7248.27880859375,0.11541909598037822,5,0.13003071313264922,0.0,0.0,0.0,0.0
HC IV or hospital,Kabale,Ndorwa,Kamuganguzi,27196.656648397446,0.1610966266251556,4,0.18937589755404108,0.0,0.0,0.0,0.0
HC IV or hospital,Pallisa,Pallisa,Kamuge,27906.287658691406,0.28067568249482844,4,0.35398920353645874,0.0,0.0,0.0,0.0
HC IV or hospital,Mbarara,Mbarara Municipality,Kamukuzi Division,38877.878845214844,0.021400827041780073,4,0.022321342074938095,0.0,0.0,0.0,0.0
HC IV or hospital,Kamwenge,Kibale,Kamwenge Town Council,26235.111709594727,0.2725857450788653,4,0.28954860991944714,0.0,0.0,0.0,0.0
HC IV or hospital,Rukiga,Rukiga,Kamwezi,30213.66152191162,0.2065470848897957,4,0.25052003739716977,0.0,0.0,0.0,0.0
HC IV or hospital,Kisoro,Bufumbira,Kanaba,19043.893173217773,0.16638874880260462,4,0.19790242047164405,0.0,0.0,0.0,0.0
HC IV or hospital,Ntoroko,Ntoroko,Kanara,10156.69713318348,1.7475200631643353,4,2.0231453722344646,1.0,1.0,0.0,1.0
HC IV or hospital,Dokolo,Dokolo,Kangai,21816.532592773438,0.3331801921522363,9,0.40797221738146094,0.0,0.0,0.0,0.0
HC IV or hospital,Butebo,Butebo,Kanginima,12858.980560302734,0.09482705179482667,4,0.13324982229006657,0.0,0.0,0.0,0.0
HC IV or hospital,Zombo,Okoro,Kango,16987.644485473633,0.6461965277176529,8,0.7683304069475776,0.0,0.0,0.0,0.7835433496273598
HC IV or hospital,Kayunga,Ntenjeru,Kangulumira,63780.957931518555,0.12503969700764445,4,0.16003877122387022,0.0,0.0,0.0,0.0
HC IV or hospital,Kazo,Kazo,Kanoni,22405.91404724121,0.3140166299780334,4,0.36712601062004085,0.0,0.0,0.0,0.005788191111104546
HC IV or hospital,Gomba,Gomba,Kanoni Town Council,14922.710968017578,0.5959549938400842,4,0.6783329081512475,0.0,0.0,0.0,0.22981171571840503
HC IV or hospital,Kanungu,Kinkizi,Kanungu Town Council,18106.816986083984,0.20239057422672485,4,0.22516935633140792,0.0,0.0,0.0,0.005721307373182241
HC IV or hospital,Mitooma,Ruhinda,Kanyabwanga,21079.801879882812,0.2986112682382813,4,0.3487803368513536,0.0,0.0,0.0,0.0
HC IV or hospital,Kanungu,Kinkizi,Kanyantorogo,21898.962631225586,0.3118206708821265,10,0.3707296024481798,0.0,0.0,0.0,0.03901323453633205
HC IV or hospital,Kumi,Kumi,Kanyum,53851.467544555664,0.2973580685934612,5,0.3471098494192935,0.0,0.0,0.0,0.0
HC IV or hospital,Nakaseke,Nakaseke,Kapeeka,35000.16584777832,0.28886497779963693,4,0.3179617802435597,0.0,0.0,0.0,0.0
HC IV or hospital,Kapelebyong,Kapelebyong,Kapelebyong Town Council,9686.81489944458,0.16118448608820682,7,0.21001395589534191,0.0,0.0,0.0,0.017675422291404053
HC IV or hospital,Kween,Kween,Kaproron,5813.014427185059,0.1548489432216214,5,0.19591800260381614,0.0,0.0,0.0,0.009475541431278238
HC IV or hospital,Kween,Kween,Kaproron Town Council,1119.8869934082031,0.2363938687243349,5,0.2988330798351609,0.0,0.0,0.0,0.0
HC IV or hospital,Kapchorwa,Tingey,Kapsinda,10272.454093933105,0.16021124222250588,5,0.18800215408525184,0.0,0.0,0.0,0.0
HC IV or hospital,Kapchorwa,Tingey,Kaptanya,10108.512386322021,0.11835189501629496,5,0.14909281129662666,0.0,0.0,0.0,0.0
HC IV or hospital,Bukwo,Kongasis,Kaptererwo,10934.399917602539,0.21220816311174923,7,0.2769526508498576,0.0,0.0,0.0,0.0
HC IV or hospital,Kween,Kween,Kaptoyoy,11488.622394561768,0.14881006024237664,5,0.17187619432798248,0.0,0.0,0.0,0.0
HC IV or hospital,Bugiri,Bukooli,Kapyanga,84637.22543334961,0.15789362584429087,4,0.1796515904754098,0.0,0.0,0.0,0.0
HC IV or hospital,Kabarole,Burahya,Karago Town Council,15623.973510742188,0.06146960673303383,4,0.07105527838378671,0.0,0.0,0.0,0.0
HC IV or hospital,Kibaale,Buyanja,Karama,11728.107704162598,0.5403961657607927,4,0.6912017798137868,0.0,0.0,0.0,0.9592065107817132
HC IV or hospital,Kabarole,Burahya,Karambi,35061.601989746094,0.07167703349937037,10,0.07910006491887452,0.0,0.0,0.0,0.0
HC IV or hospital,Kasese,Bukonjo,Karambi,39882.20245361328,0.07106362779547958,11,0.07477456070975368,0.0,0.0,0.0,0.0
HC IV or hospital,Kabarole,Burahya,Karangura,15141.58219909668,0.26497439701106684,4,0.32951752890499886,0.0,0.0,0.0,0.04974700311285367
HC IV or hospital,Ntoroko,Ntoroko,Karugutu Town Council,11520.974746704102,0.029241225437925872,4,0.03208518318027003,0.0,0.0,0.0,0.0
HC IV or hospital,Buhweju,Buhweju,Karungu,19867.891403198242,0.18820389871809282,4,0.2186713107728187,0.0,0.0,0.0,0.0
HC IV or hospital,Kyotera,Kyotera,Kasaali Town Council,36175.70790100098,0.2322744196619491,4,0.2540836180362777,0.0,0.0,0.0,0.002470056037060392
HC IV or hospital,Sheema,Sheema,Kasaana,20397.850158691406,0.1923477087303123,4,0.2187150599237789,0.0,0.0,0.0,0.0
HC IV or hospital,Kakumiro,Bugangaizi,Kasambya,48711.61031341553,0.4395542070135062,4,0.5612702679884044,0.0,0.0,0.0,0.4792161282965514
HC IV or hospital,Wakiso,Kyadondo,Kasangati Town Council,235378.41506958008,0.08656006495010787,4,0.1017364045056063,0.0,0.0,0.0,0.0
HC IV or hospital,Nakaseke,Nakaseke,Kasangombe,28565.841751098633,0.27186375813748603,4,0.33628176019681333,0.0,0.0,0.0,0.0
HC IV or hospital,Kyotera,Kyotera,Kasasa,21673.351818084717,0.21122818253811657,4,0.24034203967500625,0.0,0.0,0.0,0.0026936549455318292
HC IV or hospital,Kibuku,Kibuku,Kasasira,15643.22494506836,0.32915474945768153,4,0.39579796894892616,0.0,0.0,0.0,0.0
HC IV or hospital,Mukono,Nakifuma,Kasawo,45536.13284301758,0.2562394926816977,4,0.27974813778211416,0.0,0.0,0.0,0.0
HC IV or hospital,Kapchorwa,Tingey,Kaserem,8323.212036132812,0.03517533356070885,5,0.03720920866034909,0.0,0.0,0.0,0.0
HC IV or hospital,Rukiga,Rukiga,Kashambya,30657.842529296875,0.2658177318525125,4,0.30827854725807874,0.0,0.0,0.0,0.0035065542315458366
HC IV or hospital,Mbarara,Kashari,Kashare,29197.3984375,0.3228501214405942,4,0.3611221473561678,0.0,0.0,0.0,0.01998249599281039
HC IV or hospital,Mitooma,Ruhinda,Kashenshero,13939.509552001953,0.14103731794943816,4,0.16159024244890022,0.0,0.0,0.0,0.0
HC IV or hospital,Mitooma,Ruhinda,Kashenshero Town Council,6513.463470458984,0.0985053704606271,4,0.10733003367925237,0.0,0.0,0.0,0.0
HC IV or hospital,Sheema,Sheema Municipality,Kashozi Division,16361.623947143555,0.19529576802560344,4,0.22617298232079858,0.0,0.0,0.0,0.0
HC IV or hospital,Isingiro,Bukanga,Kashumba,95878.65458402038,0.33006722721348597,4,0.3847873264823356,0.0,0.0,0.0,0.08995597517955514
HC IV or hospital,Serere,Kasilo,Kasilo Town Council,5630.78239440918,0.1671158896508177,5,0.20135934658754126,0.0,0.0,0.0,0.0
HC IV or hospital,Kibaale,Buyanja,Kasimbi,21371.812049865723,0.4457745012494979,4,0.5429370544958704,0.0,0.0,0.0,0.3815357041656392
HC IV or hospital,Bundibugyo,Bughendera,Kasitu,5434.453750610352,0.24242807546874984,4,0.30281280904526015,0.0,0.0,0.0,0.0
HC IV or hospital,Kaliro,Bulamogi,Kasokwe,19795.01629638672,0.29900205356652954,4,0.41274130057151465,0.0,0.0,0.0,0.0
HC IV or hospital,Kassanda,Kassanda,Kassanda,32108.107223510742,0.24103466662942383,4,0.2859472013355183,0.0,0.0,0.0,0.032049086069759404
HC IV or hospital,Kassanda,Kassanda,Kassanda Town Council,29410.791160583496,0.07905616024243227,4,0.09484562646232741,0.0,0.0,0.0,0.0
HC IV or hospital,Kyegegwa,Kyaka,Kasule,40685.506118774414,0.5159765977563847,4,0.6076342460450778,0.0,0.0,0.0,0.20299137973077058
HC IV or hospital,Wakiso,Busiro,Katabi Town Council,165169.6874730587,0.0923298919584881,4,0.10164528835665514,0.0,0.0,0.0,0.0
HC IV or hospital,Katakwi,Katakwi,Katakwi,47414.34436225891,0.16687456886519114,8,0.19041920021887151,0.0,0.0,0.0,0.007722381086326026
HC IV or hospital,Katakwi,Katakwi,Katakwi Town Council,8960.306182861328,0.030868403199764513,8,0.03393546629899281,0.0,0.0,0.0,0.0
HC IV or hospital,Mitooma,Ruhinda,Katenga,20058.912231445312,0.13644707605784936,4,0.15969559865142344,0.0,0.0,0.0,0.0
HC IV or hospital,Rubirizi,Bunyaruguru,Katerera,8694.304481506348,0.6452810467220504,10,0.7867072556523053,0.0,0.0,0.0,0.9586222528567868
HC IV or hospital,Rubirizi,Bunyaruguru,Katerera Town Council,11420.372383117676,0.5486587625272571,10,0.6626927800396117,0.0,0.0,0.0,0.3964535197110394
HC IV or hospital,Kanungu,Kinkizi,Katete,8258.695556640625,0.1768880540353495,4,0.19907724035288168,0.0,0.0,0.0,0.0
HC IV or hospital,Kaabong,Dodoth,Kathile South,7863.9232177734375,0.497037958952219,4,0.5955312338664369,0.0,0.0,0.0,0.6244453228553015
HC IV or hospital,Budaka,Iki-Iki,Katiira,21863.305755615234,0.305014502386619,4,0.35995082654452776,0.0,0.0,0.0,0.0
HC IV or hospital,Luwero,Katikamu,Katikamu,56861.92760467529,0.23619377500916586,4,0.2629757330403694,0.0,0.0,0.0,0.0
HC IV or hospital,Soroti,Soroti,Katine,49267.48077464104,0.2142044191881048,5,0.25212128764423924,0.0,0.0,0.0,0.0048139624658479555
HC IV or hospital,Kyenjojo,Mwenge,Katooke,48629.04903411865,0.3806066144119516,10,0.4257843597395985,0.0,0.0,0.0,0.06052502401582449
HC IV or hospital,Kyenjojo,Mwenge,Katooke Town Council,20458.905654907227,0.4216135781461469,10,0.4386621701389867,0.0,0.0,0.0,0.0
HC IV or hospital,Arua,Terego,Katrini,41472.445861816406,0.10105420906511807,10,0.11678672714849907,0.0,0.0,0.0,0.0
HC IV or hospital,Kabale,Ndorwa,Katuna Town Council,10951.343688964844,0.17721568335103755,4,0.22202034111814956,0.0,0.0,0.0,0.0
HC IV or hospital,Masaka,Masaka Municipality,Katwe-Butego Division,33171.63171386719,0.04955830020566467,4,0.05450467931143397,0.0,0.0,0.0,0.0
HC IV or hospital,Kasese,Busongora,Katwe Kabatoro Town Council,7875.20588684082,0.49050494364824176,4,0.5151207408869884,0.0,0.0,0.0,0.0
HC IV or hospital,Kampala,KCCA,Kawempe Division,374249.9169921875,0.030287294379993262,4,0.03070720187006088,0.0,0.0,0.0,0.0
HC IV or hospital,Buikwe,Lugazi Municipality,Kawolo Division,51806.61408996582,0.09189570215287175,4,0.10630020194702787,0.0,0.0,0.0,0.0
HC IV or hospital,Kapchorwa,Tingey,Kawowo,10555.234420776367,0.07164007582947489,5,0.09098796053010136,0.0,0.0,0.0,0.0
HC IV or hospital,Ntungamo,Rushenyi,Kayonza,34319.55812072754,0.17725738304560046,4,0.20716439380037194,0.0,0.0,0.0,0.0
HC IV or hospital,Kayunga,Ntenjeru,Kayunga,50035.29441833496,0.15857514356390734,4,0.18615851087618565,0.0,0.0,0.0,0.0025470228869556313
HC IV or hospital,Kayunga,Ntenjeru,Kayunga Town Council,33383.205726623535,0.049286659131918875,4,0.057559044230542485,0.0,0.0,0.0,0.0
HC IV or hospital,Kazo,Kazo,Kazo,30558.69271850586,0.29498057188285565,4,0.3538241005119299,0.0,0.0,0.0,0.11049510724023634
HC IV or hospital,Kazo,Kazo,Kazo Town Council,17400.552757263184,0.0995499863518531,4,0.11712270707881536,0.0,0.0,0.0,0.0
HC IV or hospital,Rukungiri,Rubabo,Kebisoni,24256.19538116455,0.22776245175333115,12,0.24810614711175027,0.0,0.0,0.0,0.0
HC IV or hospital,Rukungiri,Rubabo,Kebisoni Town Council,5691.0517578125,0.21248828566872707,12,0.22877072566578455,0.0,0.0,0.0,0.0
HC IV or hospital,Ibanda,Ibanda,Keihangara,13847.141708374023,0.30367877684478267,4,0.37604888245131196,0.0,0.0,0.0,0.0
HC IV or hospital,Manafwa,Bubulo,Khabutoola,16639.64633178711,0.08101710311318108,5,0.08666802414396471,0.0,0.0,0.0,0.0
HC IV or hospital,Namutumba,Busiki,Kibaale,22998.5760345459,0.35171506092072397,4,0.43995675435788784,0.0,0.0,0.0,0.15630625361957984
HC IV or hospital,Kibaale,Buyanja,Kibaale Town Council,9836.241241455078,0.16984147929718568,10,0.22241922161906294,0.0,0.0,0.0,0.0
HC IV or hospital,Pallisa,Butebo,Kibale,22366.973175048828,0.24645321035100357,4,0.27126232435056374,0.0,0.0,0.0,0.0
HC IV or hospital,Mubende,Kasambya,Kibalinga,49252.64404296875,0.34551499094641647,4,0.4079081200620903,0.0,0.0,0.0,0.011002552161128326
HC IV or hospital,Ntungamo,Kajara,Kibatsi,22841.858627319336,0.21663930311079377,12,0.2312091277636681,0.0,0.0,0.0,0.0
HC IV or hospital,Butambala,Butambala,Kibibi,16722.36450958252,0.17398539563264753,4,0.2041634300963988,0.0,0.0,0.0,0.0
HC IV or hospital,Bunyangabu,Bunyangabu,Kibiito,22401.53448486328,0.11777912980427717,10,0.14102825830795265,0.0,0.0,0.0,0.0
HC IV or hospital,Bunyangabu,Bunyangabu,Kibiito Town Council,17861.209869384766,0.04355422324598665,10,0.05210908805646825,0.0,0.0,0.0,0.0
HC IV or hospital,Bukomansimbi,Bukomansimbi,Kibinge,36636.23008728027,0.32245442614314435,4,0.39435765943116047,0.0,0.0,0.0,0.04251626663600156
HC IV or hospital,Kiboga,Kiboga,Kiboga Town Council,23830.588500976562,0.029202696191684575,4,0.031142757719212932,0.0,0.0,0.0,0.0
HC IV or hospital,Kibuku,Kibuku,Kibuku,16671.129791259766,0.0934611743017673,4,0.11045791815585244,0.0,0.0,0.0,0.0
HC IV or hospital,Kibuku,Kibuku,Kibuku Town Council,12113.16976928711,0.0392175600868565,4,0.04475335119791969,0.0,0.0,0.0,0.0
HC IV or hospital,Kitagwenda,Kitagwenda,Kicheche,36477.952545166016,0.27174150829883564,4,0.3062037086037012,0.0,0.0,0.0,0.002293860826506289
HC IV or hospital,Kabarole,Burahya,Kicwamba,8195.771102905273,0.08461466038142058,4,0.10113590198773226,0.0,0.0,0.0,0.0
HC IV or hospital,Serere,Kasilo,Kidetok Town Council,8198.428009033203,0.3730841104897423,5,0.4767427565054738,0.0,0.0,0.0,0.020212237297822712
HC IV or hospital,Bukedea,Bukedea,Kidongole,37442.60664367676,0.23813385144615834,4,0.3369563078641927,0.0,0.0,0.0,0.0
HC IV or hospital,Rakai,Kooki,Kifamba,17865.84295654297,0.2751217393551161,4,0.36420915130165266,0.0,0.0,0.0,0.012284808230079321
HC IV or hospital,Kyegegwa,Kyaka,Kigambo,27911.405334472656,0.6149262173220417,4,0.7689636265145822,0.0,0.0,0.0,0.9503877297610008
HC IV or hospital,Kassanda,Kassanda,Kiganda,52696.85908508301,0.1726584107103554,10,0.20647782046370186,0.0,0.0,0.0,0.03145214557220662
HC IV or hospital,Mayuge,Bunya,Kigandalo,32238.547912597656,0.13747582754306384,4,0.17462479116628696,0.0,0.0,0.0,0.0
HC IV or hospital,Kyenjojo,Mwenge,Kigaraale,32570.5330657959,0.6069718867755652,10,0.7410369567460919,0.0,0.0,0.0,0.8335020741014026
HC IV or hospital,Sheema,Sheema,Kigarama,24754.822784423828,0.18693960160690762,4,0.22010925754088606,0.0,0.0,0.0,0.0
HC IV or hospital,Hoima,Bugahya,Kigorobya Town Council,11489.255432128906,0.027952287997540733,4,0.032556908606588775,0.0,0.0,0.0,0.0
HC IV or hospital,Masindi,Masindi Municipality,Kigulya Division,16850.658275604248,0.14198847530608155,10,0.15400409509719615,0.0,0.0,0.0,0.0
HC IV or hospital,Kiryandongo,Kibanda,Kigumba Town Council,24563.026763916016,0.18942047419676813,4,0.19139099605131182,0.0,0.0,0.0,0.0
HC IV or hospital,Kanungu,Kinkizi,Kihiihi Town Council,23542.057342529297,0.37083255727985576,10,0.4232377942390896,0.0,0.0,0.0,0.0
HC IV or hospital,Kyenjojo,Mwenge,Kihuura,43654.30553436279,0.4031486177615875,10,0.431274148314398,0.0,0.0,0.0,0.014656843053107792
HC IV or hospital,Kakumiro,Bugangaizi,Kijangi,16003.566284179688,0.21067957712162436,4,0.2573576910825363,0.0,0.0,0.0,0.0
HC IV or hospital,Maracha,Maracha,Kijomoro,37019.11895751953,0.1906405158394781,10,0.21268482861039145,0.0,0.0,0.0,0.0
HC IV or hospital,Ibanda,Ibanda,Kijongo,9869.09439086914,0.25199934810800007,4,0.31326943734999063,0.0,0.0,0.0,0.0
HC IV or hospital,Isingiro,Isingiro,Kikagate,66781.29647064209,0.2243815639227133,4,0.2559679684696944,0.0,0.0,0.0,0.0
HC IV or hospital,Nakaseke,Nakaseke,Kikamulo,23988.273471832275,0.1669550064581035,4,0.20191790225181538,0.0,0.0,0.0,0.0
HC IV or hospital,Mityana,Mityana,Kikandwa,35717.35859680176,0.23354345645587235,4,0.25450593391049753,0.0,0.0,0.0,0.0
HC IV or hospital,Kabarole,Burahya,Kiko Town Council,15092.615600585938,0.19574857806953389,10,0.220612864013404,0.0,0.0,0.0,0.004985326925167536
HC IV or hospital,Kikuube,Buhaguzi,Kikuube Town Council,25110.394874572754,0.13876348423633625,10,0.16586845817509868,0.0,0.0,0.0,0.007291476954229539
HC IV or hospital,Kakumiro,Bugangaizi,Kikwaya,18402.511932373047,0.27025594791148994,4,0.33038955453270363,0.0,0.0,0.0,0.0
HC IV or hospital,Ibanda,Ibanda,Kikyenkye,14310.723724365234,0.15915803017365637,4,0.20001523128608856,0.0,0.0,0.0,0.0
HC IV or hospital,Masaka,Masaka Municipality,Kimaanya-Kyabakuza Division,44994.53909301758,0.02453124202029026,4,0.025780702235032708,0.0,0.0,0.0,0.0
HC IV or hospital,Mukono,Nakifuma,Kimenyedde,45014.810455322266,0.15804992626342404,4,0.19340562701104222,0.0,0.0,0.0,0.0
HC IV or hospital,Kanungu,Kinkizi,Kinaaba,9726.85205078125,0.27743981840789544,4,0.33795267238159377,0.0,0.0,0.0,0.019486284557392444
HC IV or hospital,Rwampara,Rwampara,Kinoni Town Council,18175.98583984375,0.27482278317138314,4,0.30248366610505756,0.0,0.0,0.0,0.0
HC IV or hospital,Kasese,Bukonjo,Kinyamasrke Town Council,12223.386611938477,0.13821333641089595,4,0.14893528312607565,0.0,0.0,0.0,0.0
HC IV or hospital,Wakiso,Kira Municipality,Kira Division,191983.50708007812,0.13787082268404888,4,0.14763450333912637,0.0,0.0,0.0,0.0
HC IV or hospital,Tororo,West Budama (Kisolo),Kirewa,36770.25491333008,0.2386345939532327,4,0.334073324615818,0.0,0.0,0.0,0.010706742097883772
HC IV or hospital,Kibuku,Kibuku,Kirika,14919.624206542969,0.2406941981071604,4,0.29891463682557273,0.0,0.0,0.0,0.0
HC IV or hospital,Kanungu,Kinkizi,Kirima,18959.505767822266,0.19626106604011215,4,0.22661942456405737,0.0,0.0,0.0,0.0
HC IV or hospital,Mpigi,Mawokota,Kiringente,27984.811752319336,0.21434045587438116,4,0.2327784250600222,0.0,0.0,0.0,0.0
HC IV or hospital,Kiruhura,Nyabushozi,Kiruhura Town Council,7432.763557434082,0.3815249225763717,4,0.42768902510364526,0.0,0.0,0.0,0.0
HC IV or hospital,Kyotera,Kyotera,Kirumba,29666.605125427246,0.17106421246041384,4,0.22187878669871075,0.0,0.0,0.0,0.0
HC IV or hospital,Bundibugyo,Bwamba,Kirumya,14923.815460205078,0.13651264597895318,4,0.16744023878809838,0.0,0.0,0.0,0.0
HC IV or hospital,Kisoro,Bufumbira,Kirundo,5505.859222412109,0.15833874244821536,11,0.20205921244820987,0.0,0.0,0.0,0.0
HC IV or hospital,Kiryandongo,Kibanda,Kiryandongo Town Council,6891.797180175781,0.0303446648084689,9,0.03186795466198559,0.0,0.0,0.0,0.0
HC IV or hospital,Lwengo,Bukoto,Kisekka,57826.395362854004,0.17978431875366047,4,0.21418307896822117,0.0,0.0,0.0,0.0
HC IV or hospital,Tororo,West Budama (Kisolo),Kisoko,22579.177703857422,0.2802253705770714,4,0.39761924139780713,0.0,0.0,0.0,0.0
HC IV or hospital,Bunyangabu,Bunyangabu,Kisomoro,28472.744049072266,0.09908065659481337,4,0.11326014923592966,0.0,0.0,0.0,0.0
HC IV or hospital,Kamuli,Buzaaya,Kisozi,35451.99105834961,0.20446754761760053,4,0.23915203895490775,0.0,0.0,0.0,0.0
HC IV or hospital,Sheema,Sheema,Kitagata,7972.655426025391,0.1529412146025656,4,0.18183038423283943,0.0,0.0,0.0,0.0
HC IV or hospital,Sheema,Sheema,Kitagata Town Council,13055.143524169922,0.060788465939517526,4,0.06800531845819022,0.0,0.0,0.0,0.0
HC IV or hospital,Kakumiro,Bugangaizi,Kitaihuka,20085.324577331543,0.41317480819777314,4,0.513809873232195,0.0,0.0,0.0,0.39325346860258775
HC IV or hospital,Bukomansimbi,Bukomansimbi,Kitanda,33109.0287399292,0.4483197243632152,4,0.5637521465049979,0.0,0.0,0.0,0.42152756842589856
HC IV or hospital,Kamuli,Bugabula,Kitayunjwa,49418.7227935791,0.2249506427704562,4,0.27296599806883565,0.0,0.0,0.0,0.0
HC IV or hospital,Kitgum,Chua,Kitgum Matidi,21564.948579788208,0.41809923786773556,7,0.46906993280846343,0.0,0.0,0.0,0.0504706841690745
HC IV or hospital,Kayunga,Bbaale,Kitimbwa,59293.31859207153,0.44267488056658927,4,0.5437650212767725,0.0,0.0,0.0,0.28805420766848094
HC IV or hospital,Nakaseke,Nakaseke,Kito,13072.402034759521,0.4163367699228577,4,0.4844732471390886,0.0,0.0,0.0,0.010321711730629898
HC IV or hospital,Hoima,Bugahya,Kitoba,49083.31131744385,0.2819891299741846,4,0.3104862481927104,0.0,0.0,0.0,0.0
HC IV or hospital,Kabale,Ndorwa,Kitumba,24831.228788375854,0.08898880776489275,4,0.10781798352860461,0.0,0.0,0.0,0.0
HC IV or hospital,Kiruhura,Nyabushozi,Kitura,21626.18263244629,0.5032039194220251,4,0.6081569871570414,0.0,0.0,0.0,0.44145109343459527
HC IV or hospital,Kibuku,Kibuku,Kituti,11474.453216552734,0.12208304391459902,4,0.14470094178215023,0.0,0.0,0.0,0.0
HC IV or hospital,Ntungamo,Ruhaama,Kitwe Town Council,22359.30361175537,0.36411621717706444,4,0.44250365535117914,0.0,0.0,0.0,0.22814800953937275
HC IV or hospital,Nakaseke,Nakaseke,Kiwoko Town Council,14165.168502807617,0.05561285561743503,4,0.06289039871583116,0.0,0.0,0.0,0.0
HC IV or hospital,Mitooma,Ruhinda,Kiyanga,23288.806640625,0.4445384353512085,10,0.5140428650245572,0.0,0.0,0.0,0.047537569391277276
HC IV or hospital,Bunyangabu,Bunyangabu,Kiyombya,12478.683135986328,0.2396009109973505,10,0.2965433256237869,0.0,0.0,0.0,0.0
HC IV or hospital,Mubende,Buwekula,Kiyuni,27923.364707946777,0.3468537809804899,4,0.4419470089633587,0.0,0.0,0.0,0.17998594753445848
HC IV or hospital,Kikuube,Buhaguzi,Kiziranfumbi,24388.302444458008,0.22531026361578968,10,0.24074527301244267,0.0,0.0,0.0,0.0
HC IV or hospital,Lwengo,Bukoto,Kkingo,39458.64988708496,0.15993357503111041,4,0.17737086877309374,0.0,0.0,0.0,0.0
HC IV or hospital,Kole,Kole,Kole Town Council,12241.50072479248,0.3267132409791482,8,0.4188315016985216,0.0,0.0,0.0,0.05298497673491018
HC IV or hospital,Mukono,Mukono,Koome Island,21016.372079730034,,1,,1.0,1.0,0.0,1.0
HC IV or hospital,Omoro,Omoro,Koro,40558.3331451416,0.27685940438867207,8,0.3270983687241708,0.0,0.0,0.0,0.002079488036173978
HC IV or hospital,Bukwo,Kongasis,Kortek,7774.04020690918,0.15825752583607264,5,0.21105101357711875,0.0,0.0,0.0,0.0
HC IV or hospital,Kumi,Kumi,Kumi,27284.303811073303,0.17186056799247826,5,0.19833466483816414,0.0,0.0,0.0,0.0
HC IV or hospital,Yumbe,Aringa,Kuru,60524.696868896484,0.12140100232412203,10,0.15232372522844184,0.0,0.0,0.0,0.0
HC IV or hospital,Kween,Kween,Kwanyiy,13879.410926818848,0.26725494210483464,5,0.3339202465764812,0.0,0.0,0.0,0.05335229955250014
HC IV or hospital,Tororo,Tororo,Kwapa,23860.010803222656,0.2503866307130695,4,0.3556389610940385,0.0,0.0,0.0,0.0
HC IV or hospital,Kasese,Busongora,Kyabarungira,18495.71795654297,0.10800210114426731,10,0.14419829527564051,0.0,0.0,0.0,0.0
HC IV or hospital,Hoima,Bugahya,Kyabigambire,57827.21684265137,0.3911605496005297,10,0.434844277210363,0.0,0.0,0.0,0.04879394440723086
HC IV or hospital,Bushenyi,Igara,Kyabugimbi,21923.53353881836,0.11252503156931398,4,0.13230687538835728,0.0,0.0,0.0,0.0
HC IV or hospital,Kagadi,Buyaga,Kyakabadiima,14085.73876953125,0.3570565536272389,4,0.41042421850983185,0.0,0.0,0.0,0.0
HC IV or hospital,Mukono,Mukono,Kyampisi,59896.09503173828,0.1704817875298474,4,0.18911068455756333,0.0,0.0,0.0,0.0
HC IV or hospital,Bushenyi,Igara,Kyamuhunga Town Council,16035.00464630127,0.07529227061149162,10,0.08565482226146981,0.0,0.0,0.0,0.0
HC IV or hospital,Kalungu,Kalungu,Kyamulibwa,31027.30436706543,0.16048957568176775,4,0.21916906346850087,0.0,0.0,0.0,0.0
HC IV or hospital,Kalungu,Kalungu,Kyamulibwa Town Council,7700.393310546875,0.03448161276841974,4,0.04779689073285788,0.0,0.0,0.0,0.0
HC IV or hospital,Kyenjojo,Mwenge,Kyamutunzi Town Council,8211.545425415039,0.3182294423288902,4,0.3334867250559293,0.0,0.0,0.0,0.0
HC IV or hospital,Kagadi,Buyaga,Kyanaisoke,23372.761993408203,0.3446002865936212,4,0.40951797597277245,0.0,0.0,0.0,0.0
HC IV or hospital,Kabale,Ndorwa,Kyanamira,23286.744018554688,0.12977010560085817,4,0.14136554868861895,0.0,0.0,0.0,0.0
HC IV or hospital,Masaka,Bukoto,Kyanamukaaka,39890.512998104095,0.22071028265328035,4,0.30854064232534456,0.0,0.0,0.0,0.014585107128089672
HC IV or hospital,Sheema,Sheema,Kyangyenyi,13676.06071472168,0.2069404643421581,4,0.23554214296248793,0.0,0.0,0.0,0.0
HC IV or hospital,Kyenjojo,Mwenge,Kyarusozi Town Council,17537.857986450195,0.11963468919982188,4,0.15255605601246602,0.0,0.0,0.0,0.0
HC IV or hospital,Lwengo,Bukoto,Kyazanga,40892.922775268555,0.22086054137527678,4,0.27129810965641743,0.0,0.0,0.0,0.013601847497503886
HC IV or hospital,Lwengo,Bukoto,Kyazanga Town Council,16226.855010986328,0.025177090565632047,4,0.029026743281777748,0.0,0.0,0.0,0.0
HC IV or hospital,Kibaale,Buyanja,Kyebando,14072.469627380371,0.3397951750470428,4,0.43700038678919245,0.0,0.0,0.0,0.21816752494933553
HC IV or hospital,Kyegegwa,Kyaka,Kyegegwa Town Council,31992.420616149902,0.16306929403446702,4,0.20461297090833458,0.0,0.0,0.0,0.0
HC IV or hospital,Bushenyi,Igara,Kyeizooba,23719.611373901367,0.16838851275605562,4,0.19627919282411144,0.0,0.0,0.0,0.0
HC IV or hospital,Kyenjojo,Mwenge,Kyembogo,25338.522857666016,0.3402077520998649,4,0.43382643420118366,0.0,0.0,0.0,0.25669833618449045
HC IV or hospital,Wakiso,Busiro,Kyengera Town Council,324653.2867279053,0.12278094839299254,4,0.12797533554145776,0.0,0.0,0.0,0.0
HC IV or hospital,Kyenjojo,Mwenge,Kyenjojo Town Council,32206.013481140137,0.12837887127103373,10,0.14143691906381314,0.0,0.0,0.0,0.0
HC IV or hospital,Kagadi,Buyaga,Kyenzige,24076.21336364746,0.20798548648511603,4,0.22759937840637445,0.0,0.0,0.0,0.0
HC IV or hospital,Kyotera,Kyotera,Kyotera Town Council,12066.96142578125,0.17532810800160586,4,0.17675844992294432,0.0,0.0,0.0,0.0
HC IV or hospital,Kitgum,Chua,Labongo Amida,18639.148882865906,0.22427146201119302,7,0.27808081725700584,0.0,0.0,0.0,0.06250944512299222
HC IV or hospital,Kitgum,Chua,Labongo Layamo,14166.674690246582,0.1805670724252026,7,0.1956277765440921,0.0,0.0,0.0,0.0
HC IV or hospital,Omoro,Omoro,Lakwana,15261.200939178467,0.5522277424819947,8,0.648332228681875,0.0,0.0,0.0,0.27512857936988405
HC IV or hospital,Agago,Agago,Lamiyo,10468.913122177124,1.2207690328140057,8,1.6293678986043645,1.0,1.0,0.0,1.0
HC IV or hospital,Lamwo,Lamwo,Lamwo Town Council,8454.890438079834,0.55768936957079,7,0.62549267903752,0.0,0.0,0.0,0.29029616298758876
HC IV or hospital,Gulu,Gulu Municipality,Laroo Division,37517.43884277344,0.055671993726818525,8,0.059348332129341666,0.0,0.0,0.0,0.0
HC IV or hospital,Gulu,Gulu Municipality,Layibi Division,51124.70129394531,0.04998524694793658,8,0.0507647420487373,0.0,0.0,0.0,0.0
HC IV or hospital,Lira,Erute,Lira,45409.471618652344,0.13449333256493473,8,0.15139230974345816,0.0,0.0,0.0,0.0
HC IV or hospital,Koboko,Koboko,Lobule,45170.918395996094,0.2318229786580558,10,0.26666733691128497,0.0,0.0,0.0,0.0
HC IV or hospital,Yumbe,Aringa,Lodonga,50785.37648010254,0.2980706454438412,10,0.36675828124089066,0.0,0.0,0.0,0.0
HC IV or hospital,Namayingo,Bukooli,Lolwe,18941.22131919861,,1,,1.0,1.0,0.0,1.0
HC IV or hospital,Buvuma,Buvuma Island,Lubya,10022.076751708984,,1,,1.0,1.0,0.0,1.0
HC IV or hospital,Kalungu,Kalungu,Lukaya Town Council,28403.794967651367,0.2055285925462848,4,0.2430164222154206,0.0,0.0,0.0,0.0
HC IV or hospital,Mbale,Bungokho,Lukhonge,13257.602783203125,0.17758106390776351,4,0.20771857597971885,0.0,0.0,0.0,0.0
HC IV or hospital,Busia,Samia-Bugwe,Lumino,11148.760009765625,0.28478634582534745,4,0.3145785375348777,0.0,0.0,0.0,0.0
HC IV or hospital,Busia,Samia-Bugwe,Lunyo,19909.094680786133,0.29802481639726874,4,0.36551820676143987,0.0,0.0,0.0,0.0
HC IV or hospital,Bulambuli,Bulambuli,Lusha,18635.20068359375,0.23342737150044218,5,0.28822578588466086,0.0,0.0,0.0,0.0
HC IV or hospital,Luuka,Luuka,Luuka Town Council,13688.729431152344,0.07218716715194265,4,0.09567407189113143,0.0,0.0,0.0,0.0
HC IV or hospital,Luwero,Katikamu,Luwero,46721.331687927246,0.1777772318795752,4,0.22098976618893765,0.0,0.0,0.0,0.012120732275189368
HC IV or hospital,Luwero,Katikamu,Luwero Town Council,50664.201416015625,0.03282986138360195,4,0.03495288069244899,0.0,0.0,0.0,0.0
HC IV or hospital,Buvuma,Buvuma Island,Lwajje,6911.535118103027,,1,,1.0,1.0,0.0,1.0
HC IV or hospital,Namisindwa,Bubulo,Lwakhakha Town Council,6904.506774902344,0.2755328130522982,5,0.34950103569749397,0.0,0.0,0.0,0.0
HC IV or hospital,Kibuku,Kibuku,Lwamata,15006.391357421875,0.24422987635809018,4,0.3005873238278263,0.0,0.0,0.0,0.016023556832774656
HC IV or hospital,Kiboga,Kiboga,Lwamata Town Council,8709.338088989258,0.2996056186746803,4,0.3019902290216605,0.0,0.0,0.0,0.0
HC IV or hospital,Rakai,Kooki,Lwanda,35360.02001953125,0.2457409804983415,4,0.2848769672246089,0.0,0.0,0.0,0.0
HC IV or hospital,Kyotera,Kyotera,Lwankoni,18557.131233215332,0.18174173079458253,4,0.2360549928649764,0.0,0.0,0.0,0.0
HC IV or hospital,Mbale,Bungokho,Lwasso,13643.369018554688,0.09734801801726241,4,0.12310865642528236,0.0,0.0,0.0,0.0
HC IV or hospital,Ssembabule,Mawogola,Lwebitakuli,79519.6490020752,0.5023590284767334,4,0.5981232473539911,0.0,0.0,0.0,0.3483415578502247
HC IV or hospital,Lwengo,Bukoto,Lwengo,57686.081771850586,0.19036901976163326,4,0.21641386436215357,0.0,0.0,0.0,0.0
HC IV or hospital,Lwengo,Bukoto,Lwengo Town Council,18501.54150390625,0.10058550386084272,4,0.12454802212815021,0.0,0.0,0.0,0.0
HC IV or hospital,Buvuma,Buvuma Island,Lyabaana,10899.809926986694,,1,,1.0,1.0,0.0,1.0
HC IV or hospital,Budaka,Budaka,Lyama,24507.555694580078,0.24309394455114997,4,0.32234387556191835,0.0,0.0,0.0,0.045042511795625746
HC IV or hospital,Lyantonde,Kabula,Lyantonde,24912.553115844727,0.14716694408836437,4,0.17376325441009174,0.0,0.0,0.0,0.0
HC IV or hospital,Lyantonde,Kabula,Lyantonde Town Council,16861.14190673828,0.018704407209052677,4,0.02097465506846969,0.0,0.0,0.0,0.0
HC IV or hospital,Kagadi,Buyaga,Mabaale,19706.250259399414,0.40673989018186746,4,0.44112109581766795,0.0,0.0,0.0,0.010223470227233524
HC IV or hospital,Kagadi,Buyaga,Mabaale Town Council,13407.520278930664,0.3370943149536423,4,0.35236315426539955,0.0,0.0,0.0,0.0
HC IV or hospital,Bundibugyo,Bughendera,Mabere,4167.213348388672,0.28466093759592626,4,0.33681968031224535,0.0,0.0,0.0,0.0
HC IV or hospital,Jinja,Butembe,Mafubira,91804.63638305664,0.06374406946610343,4,0.07764965232010894,0.0,0.0,0.0,0.0
HC IV or hospital,Namutumba,Busiki,Magada,34756.51708984375,0.4349531467389973,4,0.5148519892752887,0.0,0.0,0.0,0.061040471301421144
HC IV or hospital,Namisindwa,Bubulo,Magale,18340.11083984375,0.06207321722596253,5,0.08430144283931346,0.0,0.0,0.0,0.0
HC IV or hospital,Namisindwa,Bubulo,Magale Town Council,7668.395263671875,0.08433078256143435,5,0.11907462729514162,0.0,0.0,0.0,0.0
HC IV or hospital,Mayuge,Bunya,Magamaga Town Council,20934.96255493164,0.2109021757809859,4,0.216553599215693,0.0,0.0,0.0,0.0
HC IV or hospital,Kamuli,Buzaaya,Magogo,24051.414779663086,0.09577796688021577,4,0.12085974907813267,0.0,0.0,0.0,0.0
HC IV or hospital,Tororo,West Budama (Kisolo),Magola,23461.79278564453,0.3268376768795193,4,0.4014646004690031,0.0,0.0,0.0,0.0
HC IV or hospital,Kasese,Bukonjo,Mahango,23968.29100036621,0.15921988420390126,4,0.1900213191018049,0.0,0.0,0.0,0.0
HC IV or hospital,Kitagwenda,Kitagwenda,Mahyoro,39400.97274231911,0.3759630106260575,4,0.49268987259908054,0.0,0.0,0.0,0.4423707893376062
HC IV or hospital,Busia,Samia-Bugwe,Majanji,21070.156188964844,0.42794017448229704,4,0.4760806276720532,0.0,0.0,0.0,0.0
HC IV or hospital,Kampala,KCCA,Makindye Division,486409.8373031616,0.04523173336689033,4,0.04726873229022907,0.0,0.0,0.0,0.0
HC IV or hospital,Kassanda,Kassanda,Makokoto,11004.07783126831,0.5705608942363347,4,0.6378655021863217,0.0,0.0,0.0,0.28196842182450954
HC IV or hospital,Luwero,Katikamu,Makulubita,42734.726806640625,0.2334305241371228,4,0.2672495397549135,0.0,0.0,0.0,0.0
HC IV or hospital,Bugweri,Bugweri,Makuutu,35786.159240722656,0.27253274048504417,4,0.31865983401886455,0.0,0.0,0.0,0.0
HC IV or hospital,Tororo,Tororo,Malaba Town Council,14151.834838867188,0.19524158421979163,4,0.2087111191188682,0.0,0.0,0.0,0.0
HC IV or hospital,Mityana,Busujju,Malangala,29355.912284851074,0.33304936029468774,4,0.3673876531356828,0.0,0.0,0.0,0.0
HC IV or hospital,Lwengo,Bukoto,Malongo,44008.46912384033,0.14197328776016013,4,0.16599956178661882,0.0,0.0,0.0,0.0
HC IV or hospital,Mayuge,Bunya,Malongo,132847.59964179993,0.41178401209682763,4,0.5146985253502231,0.0003030412358958641,0.0003030412358958641,0.0,0.11212887843786788
HC IV or hospital,Manafwa,Bubulo,Manafwa Town Council,17930.708618164062,0.044871619767728944,5,0.050324167621631215,0.0,0.0,0.0,0.0
HC IV or hospital,Arua,Terego,Manibe,37919.89994812012,0.12384921248134008,10,0.15713340223584626,0.0,0.0,0.0,0.0
HC IV or hospital,Maracha,Maracha,Maracha Town Council,10475.745239257812,0.10174053195847509,10,0.10488253554805847,0.0,0.0,0.0,0.0
HC IV or hospital,Busia,Samia-Bugwe,Masaba,29977.665771484375,0.25317977630051114,4,0.30443997187693217,0.0,0.0,0.0,0.0
HC IV or hospital,Busia,Samia-Bugwe,Masafu,19029.23486328125,0.144005831914967,4,0.20981411558864632,0.0,0.0,0.0,0.0
HC IV or hospital,Wakiso,Makindye Ssabagabo Municipality,Masajja Division,173317.64516448975,0.0503184533443517,4,0.056971650085174894,0.0,0.0,0.0,0.0
HC IV or hospital,Jinja,Jinja Municipality,Masese Walukuba,25670.923828125,0.04686104442651089,4,0.049515342736243625,0.0,0.0,0.0,0.0
HC IV or hospital,Isingiro,Isingiro,Masha,37301.74655532837,0.3081553489062834,4,0.3477390068259891,0.0,0.0,0.0,0.1324085354111567
HC IV or hospital,Sheema,Sheema,Masheruka,16919.129455566406,0.14283685081003378,4,0.17953650503574492,0.0,0.0,0.0,0.0
HC IV or hospital,Sheema,Sheema,Masheruka Town Council,4350.983184814453,0.10388971708462344,4,0.1343028316842897,0.0,0.0,0.0,0.0
HC IV or hospital,Kiryandongo,Kibanda,Masindi Port,12203.342650413513,0.5030609520221793,9,0.5275734287827994,0.0,0.0,0.0,0.0739504625701772
HC IV or hospital,Busia,Samia-Bugwe,Masinya,32816.439453125,0.14699529201989475,4,0.21560942246339979,0.0,0.0,0.0,0.0
HC IV or hospital,Wakiso,Busiro,Masuliita,17309.858558654785,0.28937391805257356,4,0.31343123636907405,0.0,0.0,0.0,0.0
HC IV or hospital,Wakiso,Busiro,Masulita Town Council,23460.49530029297,0.29642748317348466,4,0.33095588991601915,0.0,0.0,0.0,0.0
HC IV or hospital,Kibaale,Buyanja,Matale,20117.987106323242,0.38484004304243014,4,0.5003947162918515,0.0,0.0,0.0,0.42138225599638884
HC IV or hospital,Ssembabule,Mawogola,Mateete,67138.81088256836,0.4200340190209569,4,0.47703657091877616,0.0,0.0,0.0,0.010853066847400231
HC IV or hospital,Ssembabule,Mawogola,Mateete Town Council,12823.607482910156,0.5107016007013399,4,0.5603557868213697,0.0,0.0,0.0,0.0
HC IV or hospital,Mitooma,Ruhinda,Mayanga,12062.90249633789,0.2092796711035492,4,0.2492206925262922,0.0,0.0,0.0,0.0
HC IV or hospital,Mayuge,Bunya,Mayuge Town Council,23001.04718017578,0.25605966088594634,4,0.33098643337272216,0.0,0.0,0.0,0.0
HC IV or hospital,Kabale,Ndorwa,Maziba,24350.722442626953,0.2811781877854068,4,0.32926922294001026,0.0,0.0,0.0,0.02444875381081337
HC IV or hospital,Butaleja,Bunyole,Mazimasa,42080.28927612305,0.11155865560385923,4,0.15214964858140922,0.0,0.0,0.0,0.0
HC IV or hospital,Namutumba,Busiki,Mazuba,30994.23405456543,0.3995684456016255,4,0.4445805479511105,0.0,0.0,0.0,0.010292805537305287
HC IV or hospital,Kamuli,Buzaaya,Mbulamuti,39612.06684875488,0.3219828650388021,4,0.37984734214947424,0.0,0.0,0.0,0.0
HC IV or hospital,Tororo,Tororo,Mella,23487.197662353516,0.2554485703951992,4,0.3570088231598633,0.0,0.0,0.0,0.0
HC IV or hospital,Wakiso,Busiro,Mende,41654.971603393555,0.15532712900260076,4,0.1878122146840234,0.0,0.0,0.0,0.0
HC IV or hospital,Tororo,Tororo,Merikit,32042.320831298828,0.24629220968685553,4,0.29914185028008583,0.0,0.0,0.0,0.0
HC IV or hospital,Koboko,Koboko,Midia,37911.99481201172,0.1064924564907564,10,0.12313907478577998,0.0,0.0,0.0,0.0
HC IV or hospital,Nakasongola,Buruli,Migeera Town Council,7559.172156333923,0.10892237394898951,4,0.12137014429705392,0.0,0.0,0.0,0.002625260892506575
HC IV or hospital,Ssembabule,Mawogola,Mijwala,37362.961963653564,0.2935084010307962,4,0.35861000314256924,0.0,0.0,0.0,0.10560043224510121
HC IV or hospital,Bundibugyo,Bwamba,Mirambi,13535.658111572266,0.08885159236812275,4,0.12297436844792435,0.0,0.0,0.0,0.03885276214449525
HC IV or hospital,Mitooma,Ruhinda,Mitooma,21560.154357910156,0.12935084237334793,4,0.15424527419070289,0.0,0.0,0.0,0.0
HC IV or hospital,Mitooma,Ruhinda,Mitooma Town Council,7011.981109619141,0.09469773959417335,4,0.10513570856507247,0.0,0.0,0.0,0.0
HC IV or hospital,Tororo,Tororo,Molo,24622.695922851562,0.1789188182153354,4,0.2097619578842615,0.0,0.0,0.0,0.0
HC IV or hospital,Moyo,Moyo,Moyo Town Council,9483.440979003906,0.023384513885476493,8,0.02989068876665508,0.0,0.0,0.0,0.0
HC IV or hospital,Kween,Kween,Moyok,7046.332733154297,0.11184116836623442,5,0.13007944797874113,0.0,0.0,0.0,0.0
HC IV or hospital,Kyegegwa,Kyaka,Mpara,75092.72758483887,0.5524935781157286,4,0.6465813070597665,0.0,0.0,0.0,0.5873672038653456
HC IV or hospital,Hoima,Hoima Municipality,Mparo Divison,26142.855880737305,0.17264102752209753,10,0.18104713167501907,0.0,0.0,0.0,0.0
HC IV or hospital,Rukiga,Rukiga,Mparo Town Council,6045.972244262695,0.0694252112615349,4,0.08468253783732262,0.0,0.0,0.0,0.0
HC IV or hospital,Gomba,Gomba,Mpenja,37790.40612030029,0.2724707618404312,4,0.32870685465845295,0.0,0.0,0.0,0.0
HC IV or hospital,Mpigi,Mawokota,Mpigi Town Council,56034.96708679199,0.10168107195120733,4,0.12455214344502444,0.0,0.0,0.0,0.0014886869758769497
HC IV or hospital,Kasese,Bukonjo,Mpondwe-Lhubiriha,52821.70715332031,0.03479337721682207,11,0.03597377091018288,0.0,0.0,0.0,0.0
HC IV or hospital,Lyantonde,Kabula,Mpumudde,17991.20601272583,0.5437858598947729,4,0.6561983252442997,0.0,0.0,0.0,0.3472018199985984
HC IV or hospital,Jinja,Jinja Municipality,Mpumudde Division,39015.09193253517,0.031033546489870924,4,0.034565140068200155,0.0,0.0,0.0,0.0
HC IV or hospital,Kanungu,Kinkizi,Mpungu,9674.742853164673,0.3646443752175968,10,0.4325630905830501,0.0,0.0,0.0,0.03739953194699498
HC IV or hospital,Mayuge,Bunya,Mpungwe,32743.775177001953,0.3420250450175483,4,0.4101233565473183,0.0,0.0,0.0,0.0
HC IV or hospital,Mpigi,Mawokota,Muduuma,40365.278244018555,0.350243335176502,4,0.3887554837327264,0.0,0.0,0.0,0.0
HC IV or hospital,Kibaale,Buyanja,Mugarama,17511.192672729492,0.39101391305826666,10,0.507186353191667,0.0,0.0,0.0,0.40604657810397726
HC IV or hospital,Budaka,Iki-Iki,Mugiti,15148.941589355469,0.16270255737160522,4,0.18171627279092858,0.0,0.0,0.0,0.0
HC IV or hospital,Kabarole,Burahya,Mugusu,13638.811218261719,0.21455155319643507,4,0.2551757690113189,0.0,0.0,0.0,0.0
HC IV or hospital,Kabarole,Burahya,Mugusu Town Council,15961.96353149414,0.12784802557592614,4,0.13496399319497637,0.0,0.0,0.0,0.0
HC IV or hospital,Rukiga,Rukiga,Muhanga Town Council,18714.39273071289,0.20324181616530518,4,0.22080064092871926,0.0,0.0,0.0,0.0
HC IV or hospital,Kagadi,Buyaga,Muhorro,28552.531829833984,0.22879720376439092,4,0.2749933381993386,0.0,0.0,0.0,0.0
HC IV or hospital,Kagadi,Buyaga,Muhorro Town Council,34570.93762207031,0.19288392466849383,4,0.20817585890196158,0.0,0.0,0.0,0.0
HC IV or hospital,Rubanda,Rubanda,Muko,44650.926250457764,0.15035665468454315,4,0.18433273724672908,0.0,0.0,0.0,0.0
HC IV or hospital,Tororo,Tororo,Mukuju,48686.720275878906,0.1402577421884081,4,0.18487678316759715,0.0,0.0,0.0,0.0
HC IV or hospital,Masaka,Bukoto,Mukungwe,55422.16539764404,0.1113055424465394,4,0.13832825436185392,0.0,0.0,0.0,0.0
HC IV or hospital,Ngora,Ngora,Mukura,41939.652769327164,0.2791495099601297,5,0.3193553194063647,0.0,0.0,0.0,0.0012722307967496266
HC IV or hospital,Kyankwanzi,Kiboga,Mulagi,19110.42805480957,0.2176725837265598,4,0.2567154000494886,0.0,0.0,0.0,0.06192232938844823
HC IV or hospital,Tororo,West Budama (Kisolo),Mulanda,50717.251052856445,0.17796838184272482,4,0.2768330428554549,0.0,0.0,0.0,0.0
HC IV or hospital,Kasese,Bukonjo,Munkunyu,27763.981506347656,0.1742032181493241,4,0.20902789231416471,0.0,0.0,0.0,0.027913941902419824
HC IV or hospital,Amolatar,Kioga,Muntu,18702.474116802216,0.24783258978858674,9,0.28067492389187026,0.0,0.0,0.0,0.00032719538975088186
HC IV or hospital,Kisoro,Bufumbira,Muramba,46328.775314331055,0.2103200862071045,4,0.2374734848041429,0.0,0.0,0.0,0.013863077759238307
HC IV or hospital,Kisoro,Bufumbira,Murora,19279.372756958008,0.09224278547862294,4,0.12413068553935094,0.0,0.0,0.0,0.0
HC IV or hospital,Mitooma,Ruhinda,Mutara,27457.49821472168,0.2546879088301664,4,0.2886340991723479,0.0,0.0,0.0,0.0
HC IV or hospital,Bugiri,Bukooli,Muterere,35867.147521972656,0.25530263347493654,4,0.2941402669512377,0.0,0.0,0.0,0.0
HC IV or hospital,Kiboga,Kiboga,Muwanga,22940.71282196045,0.2554200839190051,4,0.27554405435018875,0.0,0.0,0.0,0.0
HC IV or hospital,Bulambuli,Bulambuli,Muyembe,8935.436645507812,0.06341885027169929,5,0.06893048470414441,0.0,0.0,0.0,0.0
HC IV or hospital,Mukono,Nakifuma,Nabbaale,48922.44584655762,0.15171909001303693,4,0.17894949755610434,0.0,0.0,0.0,0.0
HC IV or hospital,Bulambuli,Bulambuli,Nabbongo,14622.457702636719,0.18523009299782467,5,0.23460320258145675,0.0,0.0,0.0,0.0
HC IV or hospital,Kyotera,Kyotera,Nabigasa,24993.504669189453,0.32223337320976286,4,0.4242492439054381,0.0,0.0,0.0,0.0
HC IV or hospital,Mubende,Kasambya,Nabingoola,50918.28428649902,0.47119178619048735,4,0.541850200909765,0.0,0.0,0.0,0.25553099344151164
HC IV or hospital,Kibuku,Kibuku,Nabiswa,17767.950744628906,0.13092624054097465,4,0.13927585334971365,0.0,0.0,0.0,0.0
HC IV or hospital,Iganga,Kigulu,Nabitende,36778.095153808594,0.12652695952788323,4,0.15231291557439314,0.0,0.0,0.0,0.0
HC IV or hospital,Budaka,Budaka,Naboa,18825.64370727539,0.18420533687870883,4,0.20200031089128587,0.0,0.0,0.0,0.0
HC IV or hospital,Mbale,Bungokho,Nabumali Town Council,9868.91616821289,0.2116275714238334,4,0.22381985688142816,0.0,0.0,0.0,0.0
HC IV or hospital,Tororo,West Budama (Kisolo),Nabuyoga,39784.77114868164,0.3267223692465573,4,0.49026453581236135,0.0,0.0,0.0,0.2904483517180215
HC IV or hospital,Wakiso,Nansana Municipality,Nabweru Division,179650.64208984375,0.03257019580099051,4,0.03553164654479087,0.0,0.0,0.0,0.0
HC IV or hospital,Bududa,Manjiya,Nabweya,12874.250854492188,0.16144531339541643,5,0.22984613066216517,0.0,0.0,0.0,0.0
HC IV or hospital,Namutumba,Busiki,Nabweyo,19822.319244384766,0.3457708139953782,4,0.4386246750594479,0.0,0.0,0.0,0.05232939214648302
HC IV or hospital,Kamuli,Bugabula,Nabwigulu,25359.66958618164,0.19762026551122366,4,0.2388296755192167,0.0,0.0,0.0,0.0
HC IV or hospital,Tororo,West Budama (Kisolo),Nagongera,34129.33688354492,0.18864629600246993,4,0.25613931343968627,0.0,0.0,0.0,0.0
HC IV or hospital,Tororo,West Budama (Kisolo),Nagongera Town Council,15564.633819580078,0.07524423445884403,4,0.10461890295400114,0.0,0.0,0.0,0.0
HC IV or hospital,Buikwe,Buikwe,Najja,57196.61795377731,0.2789887404797374,4,0.3629846320438695,0.0,0.0,0.0,0.023873308958564477
HC IV or hospital,Iganga,Kigulu,Nakalama,56837.74247741699,0.12068442209128258,4,0.12984515180314246,0.0,0.0,0.0,0.0
HC IV or hospital,Mbale,Bungokho,Nakaloke,9046.2607421875,0.07849992416255228,4,0.08822483695061177,0.0,0.0,0.0,0.0
HC IV or hospital,Mbale,Bungokho,Nakaloke Town Council,34744.55480957031,0.04674364427135687,4,0.0553709378979072,0.0,0.0,0.0,0.0
HC IV or hospital,Nakapiripirit,Chekwi,Nakapiripirit Town Council,4830.417556762695,0.26321912759962524,5,0.3184302088970142,0.0,0.0,0.0,0.0
HC IV or hospital,Nakaseke,Nakaseke,Nakaseke,23564.803298950195,0.2968889151428558,4,0.3640470158311768,0.0,0.0,0.0,0.0
HC IV or hospital,Nakaseke,Nakaseke,Nakaseke Town Council,9705.512893676758,0.2685107509683499,4,0.32887407545513214,0.0,0.0,0.0,0.0
HC IV or hospital,Nakasongola,Buruli,Nakasongola Town Council,13452.167434692383,0.05487833615783798,4,0.060563873888800884,0.0,0.0,0.0,0.0
HC IV or hospital,Bududa,Manjiya,Nakatsi,16041.15966796875,0.24248823896352686,5,0.33315443978549214,0.0,0.0,0.0,0.0
HC IV or hospital,Kampala,KCCA,Nakawa Division,378179.35763549805,0.05129189185960937,4,0.05514043196534737,0.0,0.0,0.0,0.0
HC IV or hospital,Iganga,Kigulu,Nakigo,49306.014556884766,0.11765072177607651,4,0.13592396784562424,0.0,0.0,0.0,0.0
HC IV or hospital,Mukono,Mukono,Nakisunga,63623.301933288574,0.1542063141713589,4,0.17259712446668776,0.0,0.0,0.0,0.0
HC IV or hospital,Manafwa,Bubulo,Nalondo,7869.782196044922,0.09690991467029386,4,0.10985397368678895,0.0,0.0,0.0,0.0
HC IV or hospital,Sironko,Budadiri,Nalusala,12919.209335327148,0.1134053487363418,5,0.1591251770764348,0.0,0.0,0.0,0.0
HC IV or hospital,Kakumiro,Bugangaizi,Nalweyo,29871.706161499023,0.5506817026187594,4,0.6848591497186892,0.0,0.0,0.0,0.9029130240442432
HC IV or hospital,Mukono,Mukono,Nama,67459.01271057129,0.10458106733032368,4,0.11262984016503363,0.0,0.0,0.0,0.0
HC IV or hospital,Namisindwa,Bubulo,Namabya,14776.602478027344,0.12713652619862514,5,0.15930587993221748,0.0,0.0,0.0,0.0
HC IV or hospital,Bugweri,Bugweri,Namalemba,30977.066848754883,0.3016201141280231,4,0.36419599754820986,0.0,0.0,0.0,0.0
HC IV or hospital,Mbale,Bungokho,Namambasa,25203.514190673828,0.06304581744615093,4,0.07741258120472368,0.0,0.0,0.0,0.0
HC IV or hospital,Mbale,Bungokho,Namanyonyi,36894.195556640625,0.09178809536142289,4,0.10710129169148903,0.0,0.0,0.0,0.0
HC IV or hospital,Namayingo,Bukooli,Namayingo Town Council,19521.723205566406,0.14858684732757285,4,0.17557282969186586,0.0,0.0,0.0,0.0
HC IV or hospital,Wakiso,Busiro,Namayumba,30607.005783081055,0.2605469330804382,4,0.3308761397178935,0.0,0.0,0.0,0.007705450214529375
HC IV or hospital,Wakiso,Busiro,Namayumba Town Council,23769.58155822754,0.08456308857907002,4,0.09331710251950949,0.0,0.0,0.0,0.0
HC IV or hospital,Iganga,Kigulu,Nambale,60795.088928222656,0.21139236253471985,4,0.24674228152644076,0.0,0.0,0.0,0.0
HC IV or hospital,Namisindwa,Bubulo,Namboko,10729.071380615234,0.29497819736799963,5,0.36306141714243073,0.0,0.0,0.0,0.0
HC IV or hospital,Namisindwa,Bubulo,Namisindwa Town Council,6211.546325683594,0.10557873734050494,5,0.13640304198772654,0.0,0.0,0.0,0.0
HC IV or hospital,Bulambuli,Bulambuli,Namisuni,10369.232788085938,0.1091757674720445,5,0.1260937141505224,0.0,0.0,0.0,0.0
HC IV or hospital,Kaliro,Bulamogi,Namugongo,26394.06640625,0.3325497832873351,4,0.40326174681544896,0.0,0.0,0.0,0.007660639761156072
HC IV or hospital,Wakiso,Kira Municipality,Namugongo Division,172145.81396484375,0.09026754987304103,4,0.09321305388561743,0.0,0.0,0.0,0.0
HC IV or hospital,Iganga,Kigulu,Namungalwe,49474.22277832031,0.24955252893858346,4,0.2809325474888093,0.0,0.0,0.0,0.0
HC IV or hospital,Mityana,Mityana,Namungo,20558.817741394043,0.3473841476757714,4,0.39517126874455194,0.0,0.0,0.0,0.0
HC IV or hospital,Namutumba,Busiki,Namutumba,49721.36668395996,0.44178268962960576,4,0.5432021619415813,0.0,0.0,0.0,0.03598667423483028
HC IV or hospital,Namutumba,Busiki,Namutumba Town Council,24579.835388183594,0.2845359556052399,4,0.3476111362912416,0.0,0.0,0.0,0.0
HC IV or hospital,Kamuli,Bugabula,Namwendwa,73770.74320983887,0.1398559624349233,4,0.16947485136877413,0.0,0.0,0.0,0.0
HC IV or hospital,Kibuku,Kibuku,Nandere,18851.573196411133,0.2186004404460927,4,0.25079439964540545,0.0,0.0,0.0,0.022343487212183568
HC IV or hospital,Bududa,Manjiya,Nangako Town Council,5811.042724609375,0.14386707245016547,5,0.19084306899755202,0.0,0.0,0.0,0.0
HC IV or hospital,Namutumba,Busiki,Nangonde,24961.772958755493,0.45868862383633296,4,0.5669275687454159,0.0,0.0,0.0,0.08052283156580066
HC IV or hospital,Bugiri,Bukooli,Nankoma,53860.91598510742,0.10185017916645554,4,0.1318439232927336,0.0,0.0,0.0,0.0
HC IV or hospital,Wakiso,Nansana Municipality,Nansana Division,241726.380859375,0.04421751093909643,4,0.04487164239839023,0.0,0.0,0.0,0.0
HC IV or hospital,Budaka,Budaka,Nansanga,13192.459167480469,0.24948968711207714,4,0.30430944130075105,0.0,0.0,0.0,0.024901227184491784
HC IV or hospital,Kaliro,Bulamogi,Nansololo,19995.769638061523,0.4006863818898002,4,0.5289498318532918,0.0,0.0,0.0,0.25714247775091104
HC IV or hospital,Luuka,Luuka,Nawampiti,26174.995361328125,0.21747360534696955,4,0.26956336572986284,0.0,0.0,0.0,0.0
HC IV or hospital,Iganga,Kigulu,Nawandala,40069.70146179199,0.19998772870828202,4,0.2379260059294016,0.0,0.0,0.0,0.0
HC IV or hospital,Butaleja,Bunyole,Nawanjofu,27376.086669921875,0.37726257843530864,4,0.5141051708948686,0.0,0.0,0.0,0.27761450914642005
HC IV or hospital,Kamuli,Buzaaya,Nawanyago,30194.13136291504,0.23756773458301914,4,0.27995771877627135,0.0,0.0,0.0,0.0
HC IV or hospital,Iganga,Kigulu,Nawanyingi,32201.208892822266,0.1665668783495946,4,0.2011242305304774,0.0,0.0,0.0,0.01419383433053216
HC IV or hospital,Butaleja,Bunyole,Naweyo,28491.393188476562,0.20292344225839484,4,0.2810285855512542,0.0,0.0,0.0,0.0
HC IV or hospital,Mbale,Bungokho,Nawuyo Town Council,13505.819213867188,0.07855122242306951,4,0.08490373832544544,0.0,0.0,0.0,0.0
HC IV or hospital,Kayunga,Ntenjeru,Nazigo,55161.14535522461,0.20778171769919854,4,0.25609878028198596,0.0,0.0,0.0,0.0
HC IV or hospital,Lwengo,Bukoto,Ndagwe,44314.845359802246,0.3504353709145785,4,0.4358118426544406,0.0,0.0,0.0,0.010729669108822944
HC IV or hospital,Rwampara,Rwampara,Ndeija,38763.092655181885,0.3012202828356899,4,0.34278643406407566,0.0,0.0,0.0,0.03528170466360179
HC IV or hospital,Wakiso,Makindye Ssabagabo Municipality,Ndejje Division,185163.69696044922,0.05566671778566896,4,0.06181350059353869,0.0,0.0,0.0,0.0
HC IV or hospital,Nebbi,Padyere,Ndhew,26183.451919555664,0.22749492551978676,9,0.28406944200758344,0.0,0.0,0.0,0.0
HC IV or hospital,Nebbi,Padyere,Nebbi,31599.943283081055,0.19096940325349782,9,0.2204001497127472,0.0,0.0,0.0,0.011291465503536793
HC IV or hospital,Oyam,Oyam,Ngai,36579.29219818115,0.4584797291309977,8,0.5629935826644146,0.0,0.0,0.0,0.2723334517755444
HC IV or hospital,Bundibugyo,Bughendera,Ngamba,13799.991912841797,0.18440976715552077,4,0.22271684534733002,0.0,0.0,0.0,0.0
HC IV or hospital,Isingiro,Bukanga,Ngarama,33347.4780960083,0.24410173276685307,4,0.2994643362036402,0.0,0.0,0.0,0.03277669203003644
HC IV or hospital,Lira,Erute,Ngetta,40651.92562866211,0.18450051482808533,8,0.19985740251315864,0.0,0.0,0.0,0.0
HC IV or hospital,Buikwe,Buikwe,Ngogwe,43922.75812506676,0.17434024534585096,4,0.2232031064087699,0.0,0.0,0.0,0.03516155947909274
HC IV or hospital,Napak,Bokora,Ngoleriet,20637.330951690674,0.37876701651560835,4,0.40576332372877577,0.0,0.0,0.0,0.02027497770158327
HC IV or hospital,Nakaseke,Nakaseke,Ngoma Town Council,8198.083688735962,0.09182906195729347,4,0.1185494145606818,0.0,0.0,0.0,0.0
HC IV or hospital,Ngora,Ngora,Ngora Town Council,17592.893768310547,0.0711807105623445,5,0.09388031365196162,0.0,0.0,0.0,0.0
HC IV or hospital,Buliisa,Buliisa,Ngwedo,21869.79653453827,0.3534494951012893,10,0.38518874129710473,0.0,0.0,0.0,0.0013165022119815315
HC IV or hospital,Buikwe,Njeru Municipality,Njeru Division,98037.43713378906,0.0919428383105056,4,0.10743582037956378,0.0,0.0,0.0,0.0
HC IV or hospital,Kyankwanzi,Kiboga,Nkandwa,18943.615234375,0.22687031424674703,4,0.2837604697255167,0.0,0.0,0.0,0.0
HC IV or hospital,Buikwe,Buikwe,Nkokonjeru Town Council,11529.112930297852,0.027900715463583598,4,0.030876937269621495,0.0,0.0,0.0,0.0
HC IV or hospital,Ntoroko,Ntoroko,Nombe,339.9867732524872,1.3832709036183295,4,1.652348521048079,1.0,1.0,0.0,1.0
HC IV or hospital,Kisoro,Kisoro Municipality,Northern,5307.6256103515625,0.02341575743046236,4,0.026876058762434003,0.0,0.0,0.0,0.0
HC IV or hospital,Iganga,Iganga Municipality,Northern Division,36581.01708984375,0.024243974831938617,4,0.02617033578544394,0.0,0.0,0.0,0.0
HC IV or hospital,Kamuli,Kamuli Municipality,Northern Division,43179.94174194336,0.048800727586172495,4,0.060434293504337204,0.0,0.0,0.0,0.0
HC IV or hospital,Mbale,Mbale Municipality,Northern Division,49300.377685546875,0.017756182800354754,4,0.018486441382826926,0.0,0.0,0.0,0.0
HC IV or hospital,Soroti,Soroti Municipality,Northern Division,22283.208251953125,0.05548931018779276,5,0.06615565051900754,0.0,0.0,0.0,0.0
HC IV or hospital,Moroto,Moroto Municipality,Northern Division,11410.489868164062,0.016558008564984,4,0.017071015980841528,0.0,0.0,0.0,0.0
HC IV or hospital,Kabale,Kabale Municipality,Northern Division,13775.705780029297,0.02154393476909575,4,0.02439266826029853,0.0,0.0,0.0,0.0
HC IV or hospital,Kumi,Kumi Municipality,Northern Divison,23810.971069335938,0.0819140044196612,5,0.09246684452272295,0.0,0.0,0.0,0.0
HC IV or hospital,Koboko,Koboko Municipality,Northern Divison,17478.35498046875,0.026325981679051955,10,0.030889896558395594,0.0,0.0,0.0,0.0
HC IV or hospital,Buhweju,Buhweju,Nsiika Town Council,3931.9961853027344,0.05288766990282377,4,0.057744356433473906,0.0,0.0,0.0,0.0
HC IV or hospital,Namutumba,Busiki,Nsinze,36710.85806274414,0.23030004561450237,4,0.292589390972311,0.0,0.0,0.0,0.0
HC IV or hospital,Bundibugyo,Bughendera,Ntandi Town Council,3926.9510803222656,0.3078616284194573,4,0.34947569844431686,0.0,0.0,0.0,0.0
HC IV or hospital,Kitagwenda,Kitagwenda,Ntara,23440.351760864258,0.1604413435792703,4,0.20302067258629047,0.0,0.0,0.0,0.0
HC IV or hospital,Kitagwenda,Kitagwenda,Ntara Kichwamba Town Council,16693.558700561523,0.11824969075734844,4,0.14168205919431423,0.0,0.0,0.0,0.0
HC IV or hospital,Ntungamo,Ruhaama,Ntungamo,38400.347816467285,0.17822576322284886,4,0.20353208986411936,0.0,0.0,0.0,0.0
HC IV or hospital,Kyankwanzi,Kiboga,Ntwetwe,25598.085815429688,0.3886948666751578,4,0.4870108440821481,0.0,0.0,0.0,0.350986319501286
HC IV or hospital,Kyankwanzi,Kiboga,Ntwetwe Town Council,13589.630950927734,0.09339536882105012,4,0.11060902671991246,0.0,0.0,0.0,0.0
HC IV or hospital,Kitagwenda,Kitagwenda,Nyabbani,28235.303421020508,0.2621705807234336,4,0.2878007915587447,0.0,0.0,0.0,0.0
HC IV or hospital,Ntungamo,Kajara,Nyabihoko,26311.539142608643,0.18009402242273215,12,0.19791144162470664,0.0,0.0,0.0,0.0
HC IV or hospital,Kyenjojo,Mwenge,Nyabiringo,13202.58869934082,0.5624711987218827,10,0.6070682087220491,0.0,0.0,0.0,0.0
HC IV or hospital,Bushenyi,Igara,Nyabubare,42225.82139587402,0.13526362872626033,4,0.14724039667747726,0.0,0.0,0.0,0.0
HC IV or hospital,Kyenjojo,Mwenge,Nyabuharwa,33374.45195770264,0.41021019912758583,10,0.48568404175865354,0.0,0.0,0.0,0.11106817315149932
HC IV or hospital,Ibanda,Ibanda,Nyabuhikye,3267.409538269043,0.3511162462259266,4,0.40224125708736197,0.0,0.0,0.0,0.0
HC IV or hospital,Kisoro,Bufumbira,Nyabwishenya,18049.305694580078,0.3471556995857581,11,0.4468120150211698,0.0,0.0,0.0,0.19143536655250518
HC IV or hospital,Maracha,Maracha,Nyadri,24234.3251953125,0.07828949093422403,10,0.08899062069452202,0.0,0.0,0.0,0.0
HC IV or hospital,Bundibugyo,Bwamba,Nyahuka Town Council,16771.36993408203,0.06827576623328772,4,0.07707657232646335,0.0,0.0,0.0,0.0
HC IV or hospital,Kisoro,Bufumbira,Nyakabande,35456.326736450195,0.07412193849117117,4,0.09103623287783923,0.0,0.0,0.0,0.0
HC IV or hospital,Bushenyi,Bushenyi Municipality,Nyakabirizi Division,9626.295677185059,0.12071325516037623,4,0.13610182158650863,0.0,0.0,0.0,0.0
HC IV or hospital,Rukungiri,Bujumbura,Nyakagyeme,33828.81172180176,0.16593932794012278,4,0.17911902562030824,0.0,0.0,0.0,0.0
HC IV or hospital,Mbarara,Kashari,Nyakayojo Division,49547.91059112549,0.16419354585252152,4,0.17701456217290654,0.0,0.0,0.0,0.0
HC IV or hospital,Kisoro,Bufumbira,Nyakinama,22416.995730400085,0.07144056500443155,4,0.0838930322552265,0.0,0.0,0.0,0.0
HC IV or hospital,Kanungu,Kinkizi,Nyakinoni,12226.726936340332,0.3032115292215181,4,0.33968657498641064,0.0,0.0,0.0,0.0
HC IV or hospital,Buhweju,Buhweju,Nyakishana,24718.292861938477,0.20880105255644155,4,0.24221292133463698,0.0,0.0,0.0,0.0
HC IV or hospital,Rukungiri,Rubabo,Nyakishenyi,39965.83213806152,0.2562487135792866,4,0.30933105438947256,0.0,0.0,0.0,0.007002556724579467
HC IV or hospital,Isingiro,Isingiro,Nyakitunda,55352.287101745605,0.15982590331618307,4,0.18532643198129892,0.0,0.0,0.0,0.0
HC IV or hospital,Ntungamo,Ruhaama,Nyakyera,47693.0672416687,0.3473294392892875,4,0.420935399051811,0.0,0.0,0.0,0.16196230828161556
HC IV or hospital,Ibanda,Ibanda,Nyamarebe,28075.785285949707,0.2939847571739959,4,0.31502749976669064,0.0,0.0,0.0,0.00697981594409068
HC IV or hospital,Kibaale,Buyanja,Nyamarwa,30312.967407226562,0.5489999689336287,4,0.6988824096073588,0.0,0.0,0.0,0.8287498523752225
HC IV or hospital,Kanungu,Kinkizi,Nyamirama,21368.484344482422,0.2788751523630277,4,0.32100850957620447,0.0,0.0,0.0,0.0
HC IV or hospital,Mbarara,Mbarara Municipality,Nyamitanga Division,34181.029388427734,0.051277565597742346,4,0.055499248877876675,0.0,0.0,0.0,0.0
HC IV or hospital,Ntungamo,Kajara,Nyamunuka Town Council,2955.5015563964844,0.11696614959561223,12,0.11906722030344327,0.0,0.0,0.0,0.0
HC IV or hospital,Isingiro,Isingiro,Nyamuyanja,21841.294326782227,0.10828584060899939,4,0.12472000801117591,0.0,0.0,0.0,0.0
HC IV or hospital,Kasese,Kasese Municipality,Nyamwamba Division,68536.845703125,0.1468798617214354,10,0.15936253189437238,0.006747520419488092,0.006747520419488092,0.0,0.06494756140593855
HC IV or hospital,Rubanda,Rubanda,Nyamweru,21486.708236694336,0.16815539827449497,4,0.19616653496524944,0.0,0.0,0.0,0.0
HC IV or hospital,Kanungu,Kinkizi,Nyanga,7546.0041580200195,0.4897439774621964,10,0.5558613798400329,0.0,0.0,0.0,0.09154496556455062
HC IV or hospital,Masindi,Masindi Municipality,Nyangahya Division,17686.357906341553,0.14748952380811475,4,0.17102534406082648,0.0,0.0,0.0,0.0
HC IV or hospital,Kyenjojo,Mwenge,Nyankwanzi,28095.88011932373,0.4217702086539276,4,0.45098077598381797,0.0,0.0,0.0,0.003962150808693786
HC IV or hospital,Kyenjojo,Mwenge,Nyantungo,30697.775966644287,0.32072580312607424,10,0.373148863999684,0.0,0.0,0.0,0.05962603777082897
HC IV or hospital,Zombo,Okoro,Nyapea,24129.937385559082,0.10544351420494585,9,0.1317293435738735,0.0,0.0,0.0,0.013419055308003087
HC IV or hospital,Nebbi,Padyere,Nyaravur,29446.185062408447,0.21055247091963508,9,0.2464431922945459,0.0,0.0,0.0,0.030327034831467668
HC IV or hospital,Kisoro,Bufumbira,Nyarubuye,23123.096405029297,0.15255995139459905,10,0.17940036937980314,0.0,0.0,0.0,0.0
HC IV or hospital,Rukungiri,Rubabo,Nyarushanje,53117.460357666016,0.19157565868529244,4,0.22458793222122334,0.0,0.0,0.0,0.004681643291653259
HC IV or hospital,Kisoro,Bufumbira,Nyarusiza,33044.73182678223,0.17402314476935513,4,0.20567857060206754,0.0,0.0,0.0,0.012123159887717028
HC IV or hospital,Masaka,Masaka Municipality,Nyendo-Ssenyange Division,48902.24560546875,0.04753679815369416,4,0.06077136762000624,0.0,0.0,0.0,0.0
HC IV or hospital,Buikwe,Njeru Municipality,Nyenga Division,60086.06400489807,0.1728701011924968,4,0.2268565800853234,0.0,0.0,0.0,0.0
HC IV or hospital,Kumi,Kumi,Nyero,48137.52919006348,0.2529127188830512,5,0.32376040333986256,0.0,0.0,0.0,0.03475743716280024
HC IV or hospital,Luwero,Katikamu,Nyimbwa,46952.399826049805,0.1099131422593775,4,0.13737940673936563,0.0,0.0,0.0,0.0
HC IV or hospital,Mbale,Bungokho,Nyondo,8820.998901367188,0.223307249207832,4,0.2509581563246821,0.0,0.0,0.0,0.0
HC IV or hospital,Kisoro,Bufumbira,Nyundo,13223.883595466614,0.2062136873214749,11,0.26484007783971947,0.0,0.0,0.0,0.0
HC IV or hospital,Obongi,Obongi,Obongi Town Council,2864.94402885437,0.04792546012258275,8,0.05455534184818865,0.0,0.0,0.0,0.0
HC IV or hospital,Yumbe,Aringa,Odravu,68595.61209869385,0.371142000210052,10,0.43117056168873064,0.0,0.0,0.0,0.01201858067396532
HC IV or hospital,Adjumani,East Moyo,Ofua,17765.452434539795,0.20801414884830075,8,0.23952064999188413,0.0,0.0,0.0,0.0
HC IV or hospital,Lira,Erute,Ogur,47159.0358581543,0.19504715427406588,8,0.2474307602997269,0.0,0.0,0.0,0.0
HC IV or hospital,Lira,Lira Municipality,Ojwina Division,54131.200927734375,0.03439576102860495,8,0.03622711307509589,0.0,0.0,0.0,0.0
HC IV or hospital,Dokolo,Dokolo,Okwalongwen,18621.803649902344,0.5426051628103166,8,0.6559409353753244,0.0,0.0,0.0,0.38512225044283976
HC IV or hospital,Kole,Kole,Okwerodot,43558.90965270996,0.35425847438434294,8,0.4392870889182177,0.0,0.0,0.0,0.07278234406777236
HC IV or hospital,Dokolo,Dokolo,Okwongodul,17184.2354888916,0.4662218425220914,9,0.5630153561475257,0.0,0.0,0.0,0.037750901581265095
HC IV or hospital,Maracha,Maracha,Oleba,38050.11767578125,0.16582706362102975,10,0.19110362904915096,0.0,0.0,0.0,0.0
HC IV or hospital,Serere,Serere,Olio,39144.69779968262,0.3348352882690069,5,0.42507674306017046,0.0,0.0,0.0,0.008054187802700319
HC IV or hospital,Maracha,Maracha,Oluffe,27968.459716796875,0.10275855799426376,10,0.12290393530183209,0.0,0.0,0.0,0.0
HC IV or hospital,Arua,Ayivu,Oluko,49300.8561630249,0.19776797697061652,10,0.2515481175779804,0.0,0.0,0.0,0.05908582760074027
HC IV or hospital,Maracha,Maracha,Oluvu,35018.39874267578,0.26333173802801296,10,0.33008983966336397,0.0,0.0,0.0,0.0
HC IV or hospital,Omoro,Omoro,Omoro Town Council,27760.54274368286,0.3459665301365141,8,0.4628224915759794,0.0,0.0,0.0,0.11557374543542075
HC IV or hospital,Arua,Terego,Omugo,58665.605350494385,0.14708291208227806,10,0.17547760727320919,0.0,0.0,0.0,0.005120097821517577
HC IV or hospital,Omoro,Omoro,Ongako,31417.097423553467,0.21154148987593993,8,0.2434568000020096,0.0,0.0,0.0,0.011700888806055496
HC IV or hospital,Pallisa,Butebo,Opwateta,22240.93473815918,0.2975260491127963,4,0.39132554128633096,0.0,0.0,0.0,0.02336158676460073
HC IV or hospital,Otuke,Otuke,Orum,17475.75905227661,0.218057626378045,8,0.2711573553269087,0.0,0.0,0.0,0.018040841167353612
HC IV or hospital,Tororo,Tororo,Osukuru,57640.14288330078,0.17056758637887054,4,0.20386555255558314,0.0,0.0,0.0,0.0
HC IV or hospital,Kalaki,Kalaki,Otuboi,37084.18453979492,0.16280531343016857,8,0.18923222242102836,0.0,0.0,0.0,0.0
HC IV or hospital,Otuke,Otuke,Otuke Town Council,5265.343782424927,0.11346039017940342,8,0.14488400995176512,0.0,0.0,0.0,0.011048313021687078
HC IV or hospital,Oyam,Oyam,Otwal,34411.06074523926,0.515430969354018,8,0.6044006517793971,0.0,0.0,0.0,0.18530124792378835
HC IV or hospital,Oyam,Oyam,Oyam Town Council,15579.420753479004,0.09329952640494696,8,0.11986182983490568,0.0,0.0,0.0,0.0
HC IV or hospital,Kagadi,Buyaga,Paacwa,24089.602172851562,0.5203278129458198,4,0.5516763662636561,0.0,0.0,0.0,0.024625003080312024
HC IV or hospital,Lamwo,Lamwo,Padibe Town Council,11041.646183013916,0.16041872681993669,7,0.18058311133076288,0.0,0.0,0.0,0.0
HC IV or hospital,Lamwo,Lamwo,Padibe West,14975.72437286377,0.30137916294131184,7,0.34542177147426784,0.0,0.0,0.0,0.03577855398605005
HC IV or hospital,Kitgum,Kitgum Municipality,Pager Division,21681.88555908203,0.040509179117768336,7,0.043268293278908104,0.0,0.0,0.0,0.0
HC IV or hospital,Zombo,Okoro,Paidha,18377.282257080078,0.18199361513462084,9,0.22924840820417136,0.0,0.0,0.0,0.020909994728628926
HC IV or hospital,Zombo,Okoro,Paidha Town Council,38637.20867919922,0.1939392044301831,9,0.2175542034045239,0.0,0.0,0.0,0.0
HC IV or hospital,Arua,Ayivu,Pajulu,82993.73950195312,0.07618735261958272,10,0.0963844643808399,0.0,0.0,0.0,0.0
HC IV or hospital,Pakwach,Jonam,Pakwach Town Council,28172.79815196991,0.08262959458304255,10,0.09514859264368195,0.0,0.0,0.0,0.0
HC IV or hospital,Pallisa,Pallisa,Pallisa,19151.069190979004,0.17065905497153416,4,0.21763022990822217,0.0,0.0,0.0,0.0
HC IV or hospital,Pallisa,Pallisa,Pallisa Town Council,44374.16330718994,0.05767807162012369,4,0.07434323562704163,0.0,0.0,0.0,0.0
HC IV or hospital,Kitgum,Kitgum Municipality,Pandwong Division,20183.788177490234,0.05275977873193461,7,0.061664720761036275,0.0,0.0,0.0,0.0
HC IV or hospital,Nebbi,Padyere,Parombo,45334.89055633545,0.2792555178271556,9,0.327314179108209,0.0,0.0,0.0,0.023286304373666786
HC IV or hospital,Agago,Agago,Patongo Town Council,13303.69702911377,1.0829292156848955,8,1.479757755493135,1.0,1.0,0.0,1.0
HC IV or hospital,Tororo,West Budama (Kisolo),Paya,39824.074935913086,0.23398721695541666,4,0.32251457989247645,0.0,0.0,0.0,0.00455269391749179
HC IV or hospital,Gulu,Gulu Municipality,Pece Division,62050.045837402344,0.07470712015224444,8,0.08179097908265302,0.0,0.0,0.0,0.0
HC IV or hospital,Butebo,Butebo,Petete,36117.2431640625,0.16889938314673406,4,0.22827082178382538,0.0,0.0,0.0,0.0
HC IV or hospital,Tororo,West Budama (Kisolo),Petta,20804.96240234375,0.28370054840450953,4,0.34014538823683776,0.0,0.0,0.0,0.0
HC IV or hospital,Pallisa,Pallisa,Puti-Puti,33104.44241333008,0.24555800960514454,4,0.3035692157245788,0.0,0.0,0.0,0.0
HC IV or hospital,Lira,Lira Municipality,Railway Division,8780.6484375,0.030126546618860904,8,0.031060136433082135,0.0,0.0,0.0,0.0
HC IV or hospital,Rakai,Kooki,Rakai Town Council,9308.507232666016,0.06992668689166825,4,0.08621266417103812,0.0,0.0,0.0,0.0
HC IV or hospital,Arua,Arua Municipality,River Oli Division,39480.974609375,0.02266825772320995,1,0.02266825576690708,0.0,0.0,0.0,0.0
HC IV or hospital,Bukwo,Kongasis,Riwo,11218.497495651245,0.17032031987621574,7,0.213338865162198,0.0,0.0,0.0,0.02552296517591468
HC IV or hospital,Yumbe,Aringa,Romogi,63009.06529998779,0.4049223716282513,10,0.45680393807586334,0.0,0.0,0.0,0.041501841011894684
HC IV or hospital,Ntungamo,Rushenyi,Rubaare,32005.89360809326,0.30803507844435185,4,0.33015343271837705,0.0,0.0,0.0,0.0
HC IV or hospital,Ntungamo,Rushenyi,Rubaare Town Council,16665.827178955078,0.269216006941794,4,0.28774809988160416,0.0,0.0,0.0,0.0
HC IV or hospital,Kampala,KCCA,Rubaga Division,461634.62890625,0.03710801485150687,4,0.03737446791027932,0.0,0.0,0.0,0.0
HC IV or hospital,Rubanda,Rubanda,Rubanda Town Council,25149.410034179688,0.16116365133129476,4,0.19213629580944555,0.0,0.0,0.0,0.0
HC IV or hospital,Kabale,Ndorwa,Rubaya,16818.697465658188,0.15267371180662492,4,0.19604519938050866,0.0,0.0,0.0,0.0
HC IV or hospital,Mbarara,Kashari,Rubaya,22789.78870010376,0.32248663206253675,4,0.36433114453088616,0.0,0.0,0.0,0.00537610956438656
HC IV or hospital,Mbarara,Kashari,Rubindi,30041.86410522461,0.2829957132336402,4,0.3043379661729739,0.0,0.0,0.0,0.0
HC IV or hospital,Rubirizi,Bunyaruguru,Rubiriziri Town Council,11568.940979003906,0.24406096301716534,10,0.3037652272027306,0.0,0.0,0.0,0.0
HC IV or hospital,Bunyangabu,Bunyangabu,Rubona Town Council,7754.203582763672,0.14169747264446567,4,0.14646372512393308,0.0,0.0,0.0,0.0
HC IV or hospital,Tororo,West Budama (Kisolo),Rubongi,48177.509674072266,0.16148883584283238,4,0.22415537786782025,0.0,0.0,0.0,0.010482553350022497
HC IV or hospital,Isingiro,Isingiro,Ruborogota,23260.936290740967,0.3618591443159745,4,0.42853993878464786,0.0,0.0,0.0,0.2277429201997669
HC IV or hospital,Isingiro,Bukanga,Rugaaga,45375.08568286896,0.20942699439351764,4,0.2620988181796208,0.0,0.0,0.0,0.0027084413777518873
HC IV or hospital,Rwampara,Rwampara,Rugando,15396.896202087402,0.20796929914915677,4,0.22800489903307988,0.0,0.0,0.0,0.0
HC IV or hospital,Ntungamo,Rushenyi,Rugarama,40417.10940551758,0.3825036659797315,4,0.43649729796088266,0.0,0.0,0.0,0.12368834598806921
HC IV or hospital,Sheema,Sheema,Rugarama,9073.168045043945,0.2649016105127578,4,0.3251755485340057,0.0,0.0,0.0,0.0
HC IV or hospital,Kagadi,Buyaga,Rugashari,24349.865951538086,0.5016274679154245,4,0.6162967804232625,0.0,0.0,0.0,0.4834310179545457
HC IV or hospital,Kanungu,Kinkizi,Rugyeyo,25542.645706176758,0.2736664210937964,4,0.31651366911025297,0.0,0.0,0.0,0.01049990937403306
HC IV or hospital,Ntungamo,Ruhaama,Ruhaama,30118.271224975586,0.4954535788748756,4,0.5826264451016742,0.0,0.0,0.0,0.3044508212697192
HC IV or hospital,Rukungiri,Bujumbura,Ruhinda,29557.099884033203,0.26762903081553724,4,0.3048795441483141,0.0,0.0,0.0,0.0
HC IV or hospital,Bushenyi,Igara,Ruhumuro,15384.855987548828,0.21954439290982994,4,0.25836945260939514,0.0,0.0,0.0,0.0
HC IV or hospital,Ibanda,Ibanda,Rukiri,29473.547637939453,0.33400280259561227,4,0.40430518390473535,0.0,0.0,0.0,0.0
HC IV or hospital,Kasese,Busongora,Rukoki,18085.81739807129,0.16885258813589302,10,0.19336940434099684,0.0,0.0,0.0,0.0
HC IV or hospital,Ntungamo,Ruhaama,Rukoni West,19972.716232299805,0.22373630452040122,4,0.26556697210092545,0.0,0.0,0.0,0.0
HC IV or hospital,Mitooma,Ruhinda,Rurehe,14950.110595703125,0.18356872665604412,4,0.21758326533521857,0.0,0.0,0.0,0.0
HC IV or hospital,Ibanda,Ibanda,Rushango Town Council,5148.366394042969,0.3214461177396355,4,0.3446749966559705,0.0,0.0,0.0,0.0
HC IV or hospital,Isingiro,Bukanga,Rushasha,19064.55479478836,0.4677251763859768,4,0.5990199880220363,0.0,0.0,0.0,0.5403253699313395
HC IV or hospital,Kagadi,Buyaga,Ruteete,17241.73747253418,0.23377880450159277,4,0.293799744475126,0.0,0.0,0.0,0.0
HC IV or hospital,Kanungu,Kinkizi,Rutenga,17124.085334777832,0.34925604680180444,4,0.42797260418360195,0.0,0.0,0.0,0.034401770075224276
HC IV or hospital,Rukiga,Rukiga,Rwamucucu,25895.703163146973,0.18555660853075798,4,0.21363494281446044,0.0,0.0,0.0,0.013142696042063771
HC IV or hospital,Mbarara,Kashari,Rwanyamahembe,33308.78739929199,0.12115747015507632,4,0.13943129243215774,0.0,0.0,0.0,0.0
HC IV or hospital,Ntungamo,Kajara,Rwashamaire Town Council,8899.612579345703,0.03545542290117617,12,0.037692577047345646,0.0,0.0,0.0,0.0
HC IV or hospital,Ntoroko,Ntoroko,Rwebisengo Town Council,2781.8712940216064,0.7686675411835704,4,0.9096243016411774,0.0,0.0,0.0,1.0
HC IV or hospital,Buhweju,Buhweju,Rwengwe,21929.829956054688,0.15477327654113401,4,0.17465901214397364,0.0,0.0,0.0,0.0
HC IV or hospital,Ibanda,Ibanda,Rwenkoba Town Council,2904.3899841308594,0.2766135066431262,4,0.3400097436390213,0.0,0.0,0.0,0.0
HC IV or hospital,Bushenyi,Igara,Rwentuha Town Council,6268.023742675781,0.16489792716443044,4,0.187458991956327,0.0,0.0,0.0,0.0
HC IV or hospital,Rukungiri,Bujumbura,Rwerere Town Council,4218.240509033203,0.20261411766086893,4,0.21938937008323536,0.0,0.0,0.0,0.0
HC IV or hospital,Bunyangabu,Bunyangabu,Rwimi,21733.87857055664,0.22149189515821854,10,0.24781651304893998,0.0,0.0,0.0,0.0
HC IV or hospital,Bunyangabu,Bunyangabu,Rwimi Town Council,20639.248275756836,0.1729897223803609,10,0.1841223937497233,0.0,0.0,0.0,0.0
HC IV or hospital,Kabale,Ndorwa,Ryakirimira Town Council,9658.29963684082,0.07988690747192626,4,0.10678410976257675,0.0,0.0,0.0,0.0
HC IV or hospital,Rubirizi,Bunyaruguru,Ryeru,13219.030479431152,0.2688265689668928,10,0.3267076813952329,0.0,0.0,0.0,0.02483748886037524
HC IV or hospital,Ssembabule,Mawogola,Sembabule Town Council,8633.850456237793,0.04968761834191667,4,0.05934788831077154,0.0,0.0,0.0,0.0
HC IV or hospital,Nakaseke,Nakaseke,Semuto,33184.557273864746,0.1466228803638777,4,0.17711951852760816,0.0,0.0,0.0,0.0
HC IV or hospital,Nakaseke,Nakaseke,Semuto Town Council,11157.75473022461,0.0473152866497619,4,0.05436265800139105,0.0,0.0,0.0,0.0
HC IV or hospital,Bukwo,Kongasis,Senendet,12900.278778076172,0.08993228702750629,5,0.1162609776980242,0.0,0.0,0.0,0.0
HC IV or hospital,Serere,Serere,Serere Town Council,10014.711791992188,0.29582124515868496,5,0.38824010696161176,0.0,0.0,0.0,0.0
HC IV or hospital,Sheema,Sheema Municipality,Sheema Central Division,24534.37240600586,0.11625593827978599,4,0.12760936096114225,0.0,0.0,0.0,0.0
HC IV or hospital,Sheema,Sheema,Shuuku Town Council,17368.14825439453,0.1304770445952554,4,0.1499645264075519,0.0,0.0,0.0,0.0
HC IV or hospital,Manafwa,Bubulo,Sibanga,10242.667114257812,0.12239705343557654,4,0.1426247279091191,0.0,0.0,0.0,0.0
HC IV or hospital,Busia,Samia-Bugwe,Sikuda,25375.919311523438,0.2120169344515372,4,0.28174072832351316,0.0,0.0,0.0,0.0
HC IV or hospital,Bulambuli,Bulambuli,Simu,8579.820343017578,0.2517372414822481,5,0.32308693191363475,0.0,0.0,0.0,0.0
HC IV or hospital,Sironko,Budadiri,Sironko Town Council,23153.11085510254,0.2475854391311826,5,0.2903535280293257,0.0,0.0,0.0,0.0
HC IV or hospital,Bulambuli,Bulambuli,Sisiyi,20985.55972290039,0.15212581663054264,5,0.17139780364231497,0.0,0.0,0.0,0.0
HC IV or hospital,Manafwa,Bubulo,Sisuni,5582.402740478516,0.1164252694558467,5,0.14088583673805635,0.0,0.0,0.0,0.0
HC IV or hospital,Tororo,West Budama (Kisolo),Sop-Sop,17871.119659423828,0.332093408545209,4,0.4245519141604223,0.0,0.0,0.0,0.056727211131485225
HC IV or hospital,Soroti,Soroti,Soroti,25820.25813293457,0.1256845054457941,5,0.15231259157783456,0.0,0.0,0.0,0.0
HC IV or hospital,Kisoro,Kisoro Municipality,Southern,6043.172668457031,0.030106622524340838,4,0.03326989262647212,0.0,0.0,0.0,0.0
HC IV or hospital,Mubende,Mubende Municipality,Southern Division,40452.34677886963,0.21374013039879083,10,0.24555797469739007,0.0,0.0,0.0,0.0
HC IV or hospital,Kamuli,Kamuli Municipality,Southern Division,36518.95869445801,0.08388825333755419,4,0.09832250937479393,0.0,0.0,0.0,0.0
HC IV or hospital,Kumi,Kumi Municipality,Southern Division,28665.318969726562,0.09720072487653027,5,0.10638232025844435,0.0,0.0,0.0,0.0
HC IV or hospital,Koboko,Koboko Municipality,Southern Division,26037.343383789062,0.017574269334829945,10,0.01910567057251653,0.0,0.0,0.0,0.0
HC IV or hospital,Kabale,Kabale Municipality,Southern Division,23009.381958007812,0.031109483323475056,4,0.03581476299312933,0.0,0.0,0.0,0.0
HC IV or hospital,Kabarole,Fort Portal Municipality,Southern Division,21869.703002929688,0.01637447969414127,10,0.01829616433647569,0.0,0.0,0.0,0.0
HC IV or hospital,Rukungiri,Rukungiri Municipality,Southern Division,11630.917861938477,0.04407168579241913,4,0.047849675849795104,0.0,0.0,0.0,0.0
HC IV or hospital,Moroto,Moroto Municipality,Southern Divison,3524.74853515625,0.019196180626749992,1,0.019196180626749992,0.0,0.0,0.0,0.0
HC IV or hospital,Mityana,Mityana,Ssekanyonyi,31136.24334716797,0.1491622605223386,4,0.1779502519022574,0.0,0.0,0.0,0.0
HC IV or hospital,Maracha,Maracha,Tara,23374.77894592285,0.24856629717946602,10,0.28148884772112226,0.0,0.0,0.0,0.0
HC IV or hospital,Nebbi,Nebbi Municipality,Thatha Division,14590.145629882812,0.05456793202845593,8,0.05631663556894208,0.0,0.0,0.0,0.0
HC IV or hospital,Kibuku,Kibuku,Tirinyi,27010.027618408203,0.17693609947564048,4,0.2011416616557009,0.0,0.0,0.0,0.0
HC IV or hospital,Namisindwa,Bubulo,Tsekululu,18272.18536376953,0.21508808674313767,5,0.28928388603735466,0.0,0.0,0.0,0.0
HC IV or hospital,Mityana,Mityana Municipality,Ttamu Division,27059.7391204834,0.165496941114392,4,0.1795029901607179,0.0,0.0,0.0,0.0
HC IV or hospital,Soroti,Soroti,Tubur,29457.257873535156,0.38200684236317106,8,0.5047631184369112,0.0,0.0,0.0,0.3281762857451163
HC IV or hospital,Bukwo,Kongasis,Tulel,8998.079814910889,0.30296313381265716,5,0.3843362007591998,0.0,0.0,0.0,0.08586055954850817
HC IV or hospital,Madi Okollo,Madi Okollo,Uleppi,12167.403049468994,0.4796511959775503,8,0.5000769987158508,0.0,0.0,0.0,0.08080298539034864
HC IV or hospital,Gulu,Aswa,Unyama,22108.691856384277,0.23484022788882422,8,0.259318280340643,0.0,0.0,0.0,0.008694079366083438
HC IV or hospital,Katakwi,Katakwi,Usuk,27210.373838424683,0.3541250692276912,8,0.3910761898508251,0.0,0.0,0.0,0.015771357066298276
HC IV or hospital,Arua,Vurra,Vurra,55433.0125579834,0.19454339418109132,10,0.22539715450697162,0.0,0.0,0.0,0.013866894669198087
HC IV or hospital,Luuka,Luuka,Waibuga,44140.049743652344,0.23858308397701516,4,0.2787193388279877,0.0,0.0,0.0,0.0
HC IV or hospital,Mayuge,Bunya,Wairasa,21148.689002990723,0.2439978403925958,4,0.3147763446977315,0.0,0.0,0.0,0.0
HC IV or hospital,Wakiso,Busiro,Wakiso,287273.6805419922,0.09375661829243169,4,0.10006526832549248,0.0,0.0,0.0,0.0
HC IV or hospital,Wakiso,Busiro,Wakiso Town Council,108494.71368408203,0.05973941295803813,4,0.06919319463731863,0.0,0.0,0.0,0.0
HC IV or hospital,Mbale,Bungokho,Wanale,16795.666015625,0.27415058085895966,4,0.3071157765191769,0.0,0.0,0.0,0.0
HC IV or hospital,Mbale,Mbale Municipality,Wanale Division,21032.00830078125,0.06373341527722666,4,0.06611330144448155,0.0,0.0,0.0,0.0
HC IV or hospital,Kamuli,Buzaaya,Wankole,26361.192413330078,0.26502752029384175,4,0.3122153376485899,0.0,0.0,0.0,0.0
HC IV or hospital,Zombo,Okoro,Warr,27078.458572387695,0.4086872329211239,9,0.48918627214667215,0.0,0.0,0.0,0.032429835168519515
HC IV or hospital,Kyankwanzi,Kiboga,Wattuba,30446.121353149414,0.30379672307929617,4,0.333584586734173,0.0,0.0,0.0,0.017493964038072306
HC IV or hospital,Kotido,Kotido Municipality,West Division,15588.30138015747,0.2720848013044052,7,0.32721303468153584,0.0,0.0,0.0,0.12614827567330816
HC IV or hospital,Mubende,Mubende Municipality,Western Division,50136.989181518555,0.1467756486442219,10,0.17786549800855145,0.0,0.0,0.0,0.0
HC IV or hospital,Bugiri,Bugiri Municipality,Western Division,18609.215576171875,0.01914182779148839,4,0.019453567246486378,0.0,0.0,0.0,0.0
HC IV or hospital,Busia,Busia Municipality,Western Division,21105.587890625,0.11017863181108917,4,0.11292656703645684,0.0,0.0,0.0,0.0
HC IV or hospital,Soroti,Soroti Municipality,Western Division,19961.561767578125,0.07253032880761018,5,0.08422445461443537,0.0,0.0,0.0,0.0
HC IV or hospital,Tororo,Tororo Municipality,Western Division,30982.418884277344,0.04836058213415158,4,0.06024928835892162,0.0,0.0,0.0,0.0
HC IV or hospital,Koboko,Koboko Municipality,Western Division,14155.132751464844,0.04281268381371675,10,0.04900861710344703,0.0,0.0,0.0,0.0
HC IV or hospital,Kabarole,Fort Portal Municipality,Western Division,18646.587280273438,0.035106398083963486,10,0.037855539416576905,0.0,0.0,0.0,0.0
HC IV or hospital,Ntungamo,Ntungamo Municipality,Western Division,6485.393005371094,0.04135154973355445,4,0.04811178329043221,0.0,0.0,0.0,0.0
HC IV or hospital,Rukungiri,Rukungiri Municipality,Western Division,15061.589660644531,0.06099475358645841,4,0.06460667508834118,0.0,0.0,0.0,0.0
HC IV or hospital,Manafwa,Bubulo,Weswa,10663.02587890625,0.11527076505166922,5,0.1389237270042923,0.0,0.0,0.0,0.0
HC IV or hospital,Amuria,Amuria,Willa,17892.153743743896,0.3327211158335701,8,0.4476543440689918,0.0,0.0,0.0,0.19113416983451842
HC IV or hospital,Luwero,Katikamu,Wobulenzi Town Council,31951.317657470703,0.24018196565760508,4,0.24785693896971248,0.0,0.0,0.0,0.0
HC IV or hospital,Maracha,Maracha,Yivu,29070.69300842285,0.2064195334241851,10,0.2340372618871728,0.0,0.0,0.0,0.0
HC IV or hospital,Yumbe,Aringa,Yumbe Town Council,57432.553649902344,0.05584599769065409,10,0.06945553436515418,0.0,0.0,0.0,0.0
HC IV or hospital,Sironko,Budadiri,Zesui,14138.440032958984,0.32656108898348113,5,0.4107978621944443,0.0,0.0,0.0,0.07192335008653346
HC IV or hospital,Zombo,Okoro,Zeu,24508.26188659668,0.4333477515354183,9,0.5052186035586226,0.0,0.0,0.0,0.04307736375353648
HC IV or hospital,Zombo,Okoro,Zombo Town Council,19103.584396362305,0.186699586532207,9,0.22703604382655254,0.0,0.0,0.0,0.0
hospital,Mayuge,Bunya,Malongo,132847.59964179993,1.0154901530428624,4,1.2188779832229677,0.5911909923395373,0.9279598399895077,44738.93304443358,1.0
hospital,Buyende,Budiope,Kagulu,108216.27952647209,1.0322571429747047,4,1.1809227630396701,0.3331274642176211,0.6574340343555689,35095.25044631959,0.9781391082139171
hospital,Mubende,Buwekula,Butoloogo,60745.83967590332,0.9165708717219538,4,1.1632024208651583,0.26465258256355906,0.8350692790401756,34650.44119262695,1.0
hospital,Kikuube,Buhaguzi,Kyangwali,135665.06194591522,1.0222163996156364,4,1.2336146243662984,0.5362730492476965,0.7740298687501104,32255.293645858765,1.0
hospital,Mayuge,Bunya,Bukabooli,66393.40028572083,0.849593694618997,4,1.0360155302215566,0.09075954307199156,0.5458098216631394,30212.335296630856,0.9948014099653512
hospital,Kassanda,Kassanda,Kitumbi,80562.95777130127,0.8181266424822471,4,1.0073929990350186,0.21917411472354933,0.5689219248239676,28176.718055725098,0.9310505830428489
hospital,Kaliro,Bulamogi,Gadumire,35153.03560554981,0.8995982918870289,4,1.276152429422435,0.16021617267911747,0.9456145769294183,27609.13806915283,1.0
hospital,Namayingo,Bukooli,Banda,60523.861271858215,0.8062998996890546,4,0.9912005584620591,0.013526695287009134,0.4688811857104174,27559.812007904056,1.0
hospital,Luwero,Bamunanika,Kikyusa,43320.7251701355,0.8897764452461048,4,1.1602794174467277,0.2411414805317799,0.8443113045472577,26129.75417709351,1.0
hospital,Buyende,Budiope,Buyende,73160.08730363846,0.9505216740373152,4,1.1050540168615357,0.3275655940906212,0.6800428918479959,25787.269876480103,1.0
hospital,Kyegegwa,Kyaka,Mpara,75092.72758483887,0.9610609606132308,4,1.0458468882565415,0.3270344623225176,0.6661084359467151,25461.989532470703,0.9915921030167496
hospital,Bukomansimbi,Bukomansimbi,Bigasa,46626.56024932861,0.928198841481892,4,1.2304665813061426,0.2999212657286701,0.7873478194632736,22727.023574829098,1.0
hospital,Lira,Erute,Agweng,36140.35739898682,0.8520800730346376,8,1.0652506712565435,0.044963834700120185,0.6672841758860562,22490.87954711914,1.0
hospital,Kalungu,Kalungu,Lwabenge,39599.38869857788,1.0050076378555146,4,1.32632315489261,0.4311992708121356,0.978498576618773,21672.717945098877,1.0
hospital,Kaliro,Bulamogi,Buyinda,25546.18531036377,0.9101971776536012,4,1.215125013038714,0.17937123888469514,1.0,20963.93440246582,1.0
hospital,Namayingo,Bukooli,Mutumba,57791.79338645935,1.0942540115683321,4,1.4103846394507757,0.6155483567660481,0.9778508390399486,20938.11019897461,1.0
hospital,Bukomansimbi,Bukomansimbi,Kitanda,33109.0287399292,0.8507017066946828,4,1.122280363035899,0.13467337490393833,0.7479366476634288,20304.551322937008,1.0
hospital,Kwania,Kwania,Abongomola,45635.46049499512,0.8842336711159193,9,1.0884407398508629,0.24564680494668492,0.6806015642003824,19849.360733032227,0.9700594868329463
hospital,Gomba,Gomba,Kabulasoke,59530.45239639282,0.9813499413472535,4,1.198463450319288,0.3531687387216049,0.6832953144971743,19652.5844039917,1.0
hospital,Kakumiro,Bugangaizi,Katikara,34990.04666137695,0.9736013698493285,4,1.1384453100723748,0.33953428296414884,0.8995773346359417,19595.932510375977,1.0
hospital,Kaliro,Bulamogi,Nawaikoke,29779.111087799072,0.9376861846140222,4,1.084276887797882,0.16242961061619265,0.811081767508993,19316.284637451172,1.0
hospital,Yumbe,Aringa,Kerwa,35882.39270019531,0.9504495019658751,10,1.1747733177358417,0.268205315351076,0.804173220208416,19231.810836791992,1.0
hospital,Alebtong,Moroto,Aloi,39521.70399475098,0.9980184886480777,8,1.1697903134884187,0.435193498177655,0.9063773931732534,18621.990425109863,1.0
hospital,Luuka,Luuka,Ikumbya,42775.61827087402,0.7771617334771846,4,0.9817116031668424,0.053796996784751895,0.485531417785139,18467.706787109375,0.9089394450212104
hospital,Kwania,Kwania,Aduku,38220.85316467285,0.7636094139336422,9,0.9966863589420122,0.008727056819319737,0.48419681275739856,18172.85972595215,1.0
hospital,Namutumba,Busiki,Ivukula,35489.23762512207,0.9953164935646084,4,1.2359323412826797,0.46510769832002974,0.974897628448912,18092.05596923828,1.0
hospital,Kassanda,Kassanda,Kalwana,47122.50668334961,0.911669908417884,4,1.0126056244338562,0.20025704750512774,0.5779696732661972,17798.765731811523,0.9677755257948707
hospital,Oyam,Oyam,Ngai,36579.29219818115,0.9349095782853613,8,1.0694146862424325,0.24155574876827626,0.7276111844038112,17779.563804626465,1.0
hospital,Kaliro,Bulamogi,Bumanya,35383.59526062012,0.9320320138953413,4,1.0831544119528806,0.17411648542656272,0.6730447025763666,17653.874099731445,0.9225148284457695
hospital,Oyam,Oyam,Iceme,62039.25791168213,0.9487678284378247,8,1.0950405869229907,0.36534771077185996,0.6465971079814552,17448.50389099121,0.9618644838158195
hospital,Kyenjojo,Mwenge,Kyarusozi,55198.02194213867,0.7420958349396097,4,0.8772392389696022,0.21704017301525963,0.5274478423556994,17133.889343261722,0.655459790678855
hospital,Kwania,Kwania,Nambieso,64079.74275279045,1.0806542011917097,9,1.313556997424237,0.651215843282657,0.9176142339104526,17070.740341186523,0.9936499079977164
hospital,Kamwenge,Kibale,Nkoma Town Council,45771.41719055176,1.0336387471478965,10,1.2288020518573175,0.620763449508437,0.9890193756175029,16855.595626831055,1.0
hospital,Kole,Kole,Alito,50740.31480407715,0.7379379429079118,8,0.9161354216599561,0.02392695358541624,0.35334211362233653,16714.62892150879,0.8737435950363487
hospital,Serere,Kasilo,Pingire,39775.642735004425,1.0372130219185882,5,1.179413012454486,0.4366143850952851,0.8428192494723512,16157.059562683107,1.0
hospital,Kitagwenda,Kitagwenda,Mahyoro,39400.97274231911,0.8463505344603375,4,0.9799267011649044,0.019476025856463765,0.42562777447500555,16002.773976564407,1.0
hospital,Ntungamo,Ruhaama,Kitwe Town Council,22359.30361175537,0.9296591153244015,4,1.094753995011299,0.12464292148595017,0.8309761613805161,15793.119361877441,1.0
hospital,Kassanda,Kassanda,Bukuya,44594.48984527588,0.8413590739448695,4,0.976115367433897,0.017799172344608892,0.3699173632750107,15702.531089782717,0.9869739070950494
hospital,Alebtong,Moroto,Amugu,36482.41722869873,0.8530084430067852,8,1.0153560558777461,0.1322289412005597,0.5563282663276428,15472.168525695799,1.0
hospital,Kagadi,Buyaga,Kyaterekera,35585.67253112793,0.8448320474909154,4,1.0224726984545074,0.10276265542394666,0.5104029218178587,14506.153030395508,1.0
hospital,Ssembabule,Mawogola,Mijwala,37362.961963653564,1.0589477528472635,4,1.2217993932690303,0.6068018261878073,0.9931062057914106,14433.475841522219,1.0
hospital,Namayingo,Bukooli,Buhemba,40631.964363098145,0.9866289065269468,4,1.2548399515078776,0.4846149775496166,0.8378100030764464,14351.007690429688,1.0
hospital,Kwania,Kwania,Inomo,40241.987533569336,0.7414344132888063,10,0.9519265022415154,0.007661741730642935,0.3641796570047097,14346.989501953125,1.0
hospital,Ntungamo,Ruhaama,Rukoni West,19972.716232299805,0.861631952100127,4,1.0650646537062265,0.03830322327127949,0.7561266216829727,14336.883041381836,1.0
hospital,Isingiro,Isingiro,Kikagate,66781.29647064209,0.9919202171512647,4,1.0574318781893302,0.43400008071441104,0.6467733223990276,14209.272933959963,0.8664778506397938
hospital,Rakai,Kooki,Kiziba,25726.553466796875,0.750219523299657,4,1.0123495455715594,0.00671910170348811,0.5559705647126565,14130.347129821776,1.0
hospital,Alebtong,Moroto,Abako,35968.96807861328,0.8731791946951455,8,1.0503727558311833,0.21296053549224636,0.5965507142639178,13797.342895507812,0.9784527486939497
hospital,Gulu,Aswa,Patiko,24620.096529006958,0.8728390406738034,8,1.1277255439592389,0.19657021210142392,0.7559754618651571,13772.611248016357,0.9526106228064554
hospital,Kakumiro,Bugangaizi,Bwanswa,26466.760231018066,0.8301630217634296,4,1.0653416390832697,0.13371746355347894,0.6477938748622049,13605.937118530273,1.0
hospital,Kyegegwa,Kyaka,Kigambo,27911.405334472656,0.9597037039424002,10,1.0539833950973572,0.24264825042327476,0.7269935096173584,13518.756851196289,0.9920987435470899
hospital,Kyegegwa,Kyaka,Hapuuyo,50194.42472076416,0.8848019238447071,4,0.987743403907501,0.214315630838058,0.48345308412135635,13509.199638366701,0.9357512663887115
hospital,Kibaale,Buyanja,Nyamarwa,30312.967407226562,0.7546529663770499,4,0.9574406192384193,0.0,0.4424294821198976,13411.350471496582,1.0
hospital,Ntungamo,Ruhaama,Rukoni East,29881.61823272705,0.939854025373203,4,1.121961412691807,0.3411108404272381,0.7827646992627142,13197.332000732422,1.0
hospital,Kagadi,Buyaga,Kiryanga,37347.86525726318,0.8824405667649731,4,0.9973287153426165,0.17864931792853442,0.5279695743273274,13046.365867614746,0.8728526384861777
hospital,Agago,Agago,Wol,26221.263525009155,0.7136137093817637,8,0.9922797529671584,0.094115688414766,0.5847663109015238,12865.479270935057,0.8665175106657118
hospital,Kamwenge,Kibale,Busiriba,39783.071643829346,0.9472608766590027,10,1.0979960219008447,0.25217379189635647,0.5715367384986036,12705.238985061646,0.9864046608059279
hospital,Alebtong,Moroto,Awei,32663.477615356445,1.0464160172255026,8,1.2649618583812958,0.6060367814386647,0.9888052685767599,12502.549911499023,1.0
hospital,Amudat,Pokot,Karita,47630.44357299805,1.1372790499213379,5,1.6110303473843761,0.6142869804545639,0.865042301339056,11943.587162017822,0.9934039547382335
hospital,Pakwach,Jonam,Panyango,38396.37498521805,0.943108364267661,10,1.0563453099146898,0.3185694948738306,0.6295426544866802,11940.242046833038,0.9219101338668795
hospital,Lira,Erute,Agali,32466.873977661133,0.6589232285755123,8,0.8216381679682663,0.009041174274229603,0.3726513997889205,11805.287368774412,0.713131003799817
hospital,Kole,Kole,Aboke,60364.1686706543,0.6893535330503852,8,0.7937199527901482,0.009636048771546064,0.20488358282488384,11785.955078125,0.5573574882818052
hospital,Buhweju,Buhweju,Engaju,23609.37197494507,1.0929743303961559,4,1.2869387481571388,0.43873485696635184,0.9342053579455168,11697.747360229492,1.0
hospital,Ssembabule,Mawogola,Lwebitakuli,79519.6490020752,0.7699804453779224,4,0.8676193904897919,0.03237586064442732,0.1774802467143013,11538.649848937988,0.7568804331268302
hospital,Serere,Serere,Kateta,73847.4792752266,0.9843091853620919,5,1.1356523532647487,0.3805533999195873,0.5328044795036354,11243.358444213867,0.8808300310848304
hospital,Wakiso,Busiro,Bussi,26378.322303414345,1.0095735027308996,4,1.3436416740584978,0.5283117914199861,0.9530642048496313,11204.25606060028,1.0
hospital,Kalaki,Kalaki,Bululu,29753.562110602856,0.7571535440141572,5,1.0287503424286404,0.10278478756230028,0.47724138873851807,11141.417740821838,1.0
hospital,Agago,Agago,Adilang,24852.907026290894,0.9239024942492439,8,1.2246292050691343,0.3318403448818981,0.7762608932267675,11045.142568588257,1.0
hospital,Amuria,Amuria,Ogolai,19782.72100830078,0.9866485057022389,8,1.2448272970105645,0.4426920277616475,1.0,11025.068130493164,1.0
hospital,Kole,Kole,Bala,58517.22457885742,0.6180779328914354,8,0.752785658540399,0.0,0.1866548303921192,10922.52262878418,0.6800996910331977
hospital,Kwania,Kwania,Chawente,44409.67566752434,0.7296865545523137,9,0.878967185266762,0.06806091322549503,0.3096723245110765,10729.884412765505,0.8303916960009167
hospital,Serere,Kasilo,Bugondo,48210.363639354706,1.0398272578984704,5,1.1741830990473912,0.5962662403297312,0.8167223122757131,10628.267395019533,1.0
hospital,Buyende,Budiope,Nkondo,42064.48063707352,1.0931737747236132,4,1.2584706262926963,0.746423233928397,0.9940741832676153,10417.308563232422,1.0
hospital,Kamwenge,Kibale,Biguli,47470.04818725586,0.9956739756882818,4,1.1158183568049265,0.4985295614604238,0.7177759197496746,10407.635192871097,0.9706288660165691
hospital,Kibaale,Buyanja,Mugarama,17511.192672729492,0.8400616790375666,4,1.0434068929574858,0.03876068651031398,0.623662181262045,10242.32276916504,1.0
hospital,Bugiri,Bukooli,Bulidha,36349.74098157883,0.6600378112464949,4,0.8143461616917995,0.024979850213886667,0.2997669621998032,9988.44034576416,0.5794750353515221
hospital,Rakai,Kooki,Kibanda,31652.27509689331,0.7332899079966473,4,0.9389344321986288,0.06320398989984012,0.37714430846721986,9936.925327301027,0.8764436765025355
hospital,Agago,Agago,Lokole,20121.814447402954,0.8217165254993382,8,1.1162796628122011,0.20343040396922785,0.6968137316367062,9927.767770767212,0.9112466327198002
hospital,Kyankwanzi,Kiboga,Gayaza,29845.57159805298,1.0400923740445833,4,1.274284168768548,0.6095240927741654,0.9318644040639709,9620.430839538574,1.0
hospital,Amuria,Amuria,Orungo,19676.933654785156,0.7802469567862641,8,0.9906792621116262,0.03158534504696548,0.5182651950095947,9576.36711883545,0.9493955183616792
hospital,Kamwenge,Kibale,Kahunge Town Council,21720.85509109497,0.9769196320410974,10,1.0748566664247259,0.3223468827393052,0.7509083882446739,9308.722358703613,1.0
hospital,Soroti,Soroti,Tubur,29457.257873535156,0.7876512217701093,5,0.930425715746961,0.018898194725092382,0.3308248245993284,9188.503173828125,0.8877224218784138
hospital,Kyankwanzi,Kiboga,Ntwetwe,25598.085815429688,0.7554763960365661,4,0.9327127804075857,0.02504538410505367,0.3755403860153823,8972.001136779783,0.9621240723375241
hospital,Kibaale,Buyanja,Kasimbi,21371.812049865723,1.0216227309119104,4,1.26571263745619,0.5792405960394593,0.9911518400448857,8803.28968811035,1.0
hospital,Kamwenge,Kibale,Bwizi,41183.91429901123,0.7836544030598664,10,0.8733737376365127,0.036586481184752516,0.24734772362390034,8679.972946166992,0.6999889761281123
hospital,Kibaale,Buyanja,Kabasekende,13643.719902038574,0.9543452244190002,4,1.2009366378399053,0.3317909688297243,0.95837065924693,8548.877792358397,1.0
hospital,Mubende,Buwekula,Kitenga,85907.32238769531,0.6337055473650595,4,0.710847606971599,0.051518073033274034,0.15025809444931718,8482.490852355957,0.39634640167001256
hospital,Apac,Maruzi,Akokoro,55590.158178567886,0.9679170647220646,9,1.1066275752908195,0.44065186544193136,0.5921392894163497,8421.209860801695,0.8173363047082124
hospital,Kwania,Kwania,Aduku Town Council,10699.09912109375,0.7892444018570443,9,1.0340493607253407,0.0,0.783213182832685,8379.675476074219,1.0
hospital,Serere,Serere,Kyere,67230.14206695557,0.6861187324743624,5,0.8133243370127478,0.024463371614754596,0.14858622146553904,8344.796829223633,0.5471610157438753
hospital,Kaliro,Bulamogi,Nansololo,19995.769638061523,1.0155509170325403,4,1.242269528710418,0.5830023995729523,1.0,8338.187957763672,1.0
hospital,Otuke,Otuke,Olilim,24630.023447990417,0.9124900894475245,7,1.0617722211561025,0.24136544271151844,0.5764556176841807,8253.278866767885,1.0
hospital,Bukedea,Bukedea,Kolir,43300.32772064209,0.6649143981549158,5,0.769279693325944,0.05990897420658754,0.250514290553465,8253.272663116455,0.3732712949847997
hospital,Kaliro,Bulamogi,Bukamba,36372.17957115173,1.1090528280096483,4,1.282683722218152,0.7626688856640899,0.9861358811888717,8127.981689453128,1.0
hospital,Buyende,Budiope,Bugaya,116536.97692871094,0.56460517928,4,0.6734163312415523,0.008876001003968997,0.0775254239048437,8000.196212768555,0.327256041025404
hospital,Buhweju,Buhweju,Rwengwe,21929.829956054688,0.8245575955261621,4,0.9612144491538036,0.019314761142198895,0.3828734222575048,7972.77961730957,1.0
hospital,Kakumiro,Bugangaizi,Kakumiro Town Council,14900.337265014648,0.7790203279892244,4,0.9976544150475606,0.0,0.5265844684611005,7846.286178588867,1.0
hospital,Agago,Agago,Lapono,26585.621218681335,0.7562967692782532,8,1.0252211183642568,0.19850037635024598,0.4894908677989941,7736.162983894347,0.9011987831663368
hospital,Rubirizi,Bunyaruguru,Kyabakara,19222.22201538086,0.9877576049570899,10,1.1315114293251645,0.3904459398421275,0.7919228613188276,7717.278518676758,1.0
hospital,Mubende,Kasambya,Kigando,56207.0691986084,0.9876486761026098,4,1.1519339453700013,0.44392764036383003,0.5805204069584806,7677.479084014891,0.9488431183399549
hospital,Pallisa,Pallisa,Gogonyo,39860.83796787262,0.9521418042052211,4,1.244234002600639,0.3551782616274911,0.547451364683424,7664.167006492617,1.0
hospital,Amuru,Kilak,Amuru Town Council,12273.956554412842,0.9058766876387075,8,1.0425087765839138,0.09081835956716362,0.7128018358854695,7634.198165893555,1.0
hospital,Kagadi,Buyaga,Ndaiga,13326.203134775162,0.9687796781829036,4,1.2101059365063649,0.4270776165479407,0.9858584646724816,7446.42708992958,1.0
hospital,Otuke,Otuke,Okwang,30246.982482910156,1.1335774444333648,8,1.356234728362442,0.7155612434976217,0.9599561947138722,7392.209808349609,1.0
hospital,Kakumiro,Bugangaizi,Kisiita Town Council,19285.297561645508,1.012174841694089,4,1.108767323856402,0.45588349616333146,0.8290096675466099,7195.849243164063,1.0
hospital,Lira,Erute,Aromo,42760.71463012695,1.0981599116265477,8,1.3669896951904472,0.8319460144044258,1.0,7186.1085205078125,1.0
hospital,Kitgum,Chua,Omiya Anyima,23983.201637268066,0.9041119878077566,8,1.0396298647800446,0.22051207180886218,0.520107043771248,7185.246622085571,0.9800926399466742
hospital,Yumbe,Aringa,Midigo,65036.23221206665,0.6053149697751308,10,0.7588529935541998,0.04468022670217718,0.15362475664020364,7085.3417472839365,0.7056664425721073
hospital,Amolatar,Kioga,Namasale,31126.630904734135,1.197867379895482,9,1.322063386368218,0.619408947167132,0.8426908599576596,6950.013687133787,1.0
hospital,Tororo,West Budama (Kisolo),Nabuyoga,39784.77114868164,0.6254867665178268,4,0.8857775374048122,0.0,0.17464796260020868,6948.3292236328125,1.0
hospital,Isingiro,Bukanga,Kashumba,95878.65458402038,0.994799535312697,4,1.0316915777387987,0.390576939386644,0.46276598535563074,6921.388603210447,0.6292054593473546
hospital,Kaliro,Bulamogi,Budomero,30031.238052368164,1.0125509691692063,4,1.1506579465795403,0.5599402363226401,0.7890440229606357,6880.270355224609,0.8977371339304029
hospital,Kazo,Kazo,Rwemikoma,32090.141450881958,1.1443979322836926,4,1.3024399669956168,0.7388168069041697,0.9477456653765979,6704.556621551516,1.0
hospital,Kayunga,Bbaale,Bbaale,22932.848419189453,1.0959564074687445,4,1.274801497671062,0.6597885114463772,0.9511898568704681,6682.662883758543,1.0
hospital,Mayuge,Bunya,Kityerera,63168.89307022095,0.7293120312679341,4,0.8872337710495276,0.04941280853900229,0.15497082854201472,6667.983278274536,0.8798520330842251
hospital,Kazo,Kazo,Kazo,30558.69271850586,0.7663314789647748,4,0.8664422750791653,0.07796380231308032,0.2926347940721299,6560.0648727417,0.7533829835490944
hospital,Mukono,Mukono,Mpunge,20825.91028904915,0.7803113498335513,4,0.9527214706728848,0.06262468822433732,0.3738637488385195,6481.836754798889,0.8342186049015341
hospital,Rakai,Kooki,Kacheera,29159.217415332794,0.7346800393206434,4,0.9240013582948513,0.19422221853099947,0.41616992704610106,6471.821487426757,0.8806995327612086
hospital,Kazo,Kazo,Buremba,28332.59897994995,0.9877420060110413,4,1.056304915062516,0.4317920912411293,0.6599071670499558,6463.092964172362,0.9517235428497648
hospital,Kakumiro,Bugangaizi,Nalweyo,29871.706161499023,1.105161691116448,4,1.3241760016710427,0.7755914682312215,0.9917799979310632,6457.920234680176,1.0
hospital,Kakumiro,Bugangaizi,Nkooko,52944.00360107422,1.1993879234171354,4,1.5070502544802855,0.8783798111720371,1.0,6439.059715270993,1.0
hospital,Oyam,Oyam,Myene,34939.269287109375,0.6736205387892601,8,0.7879935957436696,0.006649187834272732,0.19085635810475468,6436.063926696777,0.6430782899963131
hospital,Isingiro,Bukanga,Ngarama,33347.4780960083,0.8577855611380074,4,0.9124179294181155,0.1045292520019848,0.2970939418214087,6421.54677581787,0.6537589561717985
hospital,Kaliro,Bulamogi,Kisinda,12760.999038696289,0.7043594591581434,4,0.9985928720987395,0.0,0.49915415112757094,6369.705642700195,1.0
hospital,Kisoro,Bufumbira,Nyabwishenya,18049.305694580078,0.7502628755109809,10,0.9271297593030224,0.0,0.3516976568982104,6347.89852142334,1.0
hospital,Kalungu,Kalungu,Kyamulibwa,31027.30436706543,0.6403149956423585,4,0.8703379092714685,0.0,0.20345629264795423,6312.7003173828125,0.9923055658975796
hospital,Kyenjojo,Mwenge,Kigaraale,32570.5330657959,0.7121221177792036,10,0.8477676482866192,0.016439943332024285,0.20789660751910413,6235.845611572266,0.8335020741014026
hospital,Kyegegwa,Kyaka,Rwentuha,60224.0380897522,1.0993472448219193,4,1.222579541948347,0.6057597405401851,0.707038050201131,6099.388778686522,0.9248039673563262
hospital,Dokolo,Dokolo,Batta,23974.05055999756,0.7439563335648472,9,0.8973907563381077,0.0183747288241512,0.271559645935039,6069.868003845216,0.8883083022981166
hospital,Luwero,Bamunanika,Zirobwe,56762.94105529785,0.676620001607827,4,0.8037267939622291,0.012467328955286875,0.1182834828076638,6006.4361038208,0.5024452529890324
hospital,Nwoya,Nwoya,Lii,49062.01354408264,0.8421560482618935,8,0.9421155423809272,0.26412286764501225,0.3861519117354676,5986.990613937378,0.5863912865897173
hospital,Dokolo,Dokolo,Kwera,17822.11088705063,0.8722154703828533,9,0.9967042877611578,0.07163160434771766,0.4070542534184697,5977.939645767212,1.0
hospital,Namutumba,Busiki,Nangonde,24961.772958755493,0.9134802758830193,4,0.9918644770582608,0.09770001912930978,0.33651927285764377,5961.351989746095,0.8877636316728936
hospital,Kiruhura,Nyabushozi,Kinoni,27419.99320793152,0.8117126973008292,4,0.9638718129432886,0.22607596966102317,0.4430161996851647,5948.4996337890625,0.9410045520772182
hospital,Amuria,Amuria,Apeduru,18893.626403808594,0.8923795311552912,8,0.9908155159511424,0.1225057039876913,0.43218119067911354,5850.892951965332,0.8562097594379382
hospital,Kayunga,Bbaale,Kayonza,67315.78547668457,0.6658136622735148,4,0.7884102507100328,0.042544409273859225,0.1294526895105338,5850.299148559571,0.5528006402229838
hospital,Mityana,Busujju,Bbanda,16744.644743442535,0.8479793038593892,4,1.0003749566789348,0.10137344578350269,0.44880211622245114,5817.569660186767,1.0
hospital,Yumbe,Aringa,Ariwa,35778.14942932129,0.7582240262100222,10,0.8575734951266838,0.013447486637655775,0.17447893074689924,5761.407070159912,0.8350179873302775
hospital,Kitagwenda,Kitagwenda,Kanara,19056.24958229065,1.1347313118363123,4,1.2507155460176635,0.5621242020093918,0.8591341320474861,5659.895355224609,1.0
hospital,Buliisa,Buliisa,Butiaba,42066.3454914093,1.0491975366533381,4,1.1303373431385868,0.5647656981973592,0.6991252791956626,5652.016554355621,0.9956567341391009
hospital,Amuria,Amuria,Kuju,23744.74599456787,1.094506203769629,8,1.2800120330484506,0.6950953550644888,0.932819016503319,5644.687957763671,1.0
hospital,Kiruhura,Nyabushozi,Kashongi,42977.19529724121,0.7430232399544042,4,0.8622764643502281,0.0018061194478917102,0.13270316491356965,5625.587886810303,0.885779425612758
hospital,Masaka,Bukoto,Kyesiiga,31201.597490906715,0.563134290287301,4,0.7601620504566531,0.021663009952127013,0.20170903944675878,5617.723742127419,0.5629538021328736
hospital,Kyegegwa,Kyaka,Kabweza Kyegegwa,54720.64570617676,0.7531043010786259,4,0.821730917023152,0.0559044387025073,0.15817084526718453,5596.083801269531,0.49870264694707134
hospital,Arua,Terego,Odupi,50878.805223464966,0.7264900293707194,10,0.8473850064527191,0.09049870919225085,0.19970285278689584,5556.176351547242,0.6758121239481154
hospital,Kitgum,Chua,Namokora,17554.537889957428,1.048995160095606,8,1.186565019985271,0.6101167708797126,0.9227492204824986,5488.118182182313,1.0
hospital,Isingiro,Bukanga,Endiinzi,23961.277797698975,1.1265931258935518,4,1.468138888812019,0.7729527416673418,1.0,5440.342430114745,1.0
hospital,Adjumani,East Moyo,Pakele,59688.187870025635,0.4824663274669089,8,0.5836176950893931,0.12432627901317606,0.21350420904237574,5322.869041442871,0.32777708886639234
hospital,Kween,Kween,Ngenge,13977.132230758667,0.710763013520909,5,0.9698456152757607,0.09308201789282068,0.4720253890692973,5296.541606903076,0.9080788667178159
hospital,Kassanda,Kassanda,Kassanda,32108.107223510742,0.7697075262252923,4,0.8698822904611039,0.05846974222481977,0.22208299344468063,5253.311813354492,0.7759829301350318
hospital,Kamwenge,Kibale,Kabambiro,21715.952682495117,0.9212788357832916,4,0.9942370313646184,0.21793606686253483,0.4590952630670398,5237.001693725586,0.9621097226034849
hospital,Nakasongola,Buruli,Kakooge,26282.245255470276,1.021362893215602,4,1.117501044246107,0.4300688092193651,0.6279138189222142,5199.811067581177,0.9438634915751283
hospital,Mubende,Kasambya,Kasambya,38763.12875366211,1.1232692478977142,4,1.3119682035235312,0.5811205235299709,0.7148534545105447,5183.906822204592,0.9959790376370901
hospital,Kyenjojo,Mwenge,Kanyegaramire,25852.071983337402,0.8152279612172391,10,0.9389633250258488,0.12367862413149953,0.32352498079495184,5166.442398071289,0.935447474794441
hospital,Nwoya,Nwoya,Lungulu,47646.99034905434,1.0953248479640472,8,1.331102907641555,0.5507612143091033,0.6591748569992746,5165.5837869644165,0.8399154936013051
hospital,Amuru,Kilak,Amuru,54307.534145355225,1.4226855677089139,8,1.6958095765250087,0.6731024388629127,0.767640042532902,5134.104139328004,0.9418810888084067
hospital,Kamwenge,Kibale,Kamwenge Town Council,26235.111709594727,0.9587182355288575,4,0.9951766553227935,0.1903476555664886,0.3855345661861657,5120.75040435791,0.9814434076103459
hospital,Kaliro,Bulamogi,Namwiwa,23631.863845825195,0.6419445510530878,4,0.9080563987122331,0.019287835836803855,0.2356365952755455,5112.724426269531,1.0
hospital,Omoro,Omoro,Omoro Town Council,27760.54274368286,0.823642166954989,8,0.9616532701586141,0.19184144668338488,0.37594886872167954,5110.921958923339,0.6557167786457881
hospital,Agago,Agago,Agago Town Council,7267.604740142822,0.7707111543970281,8,1.0540601776614482,0.0,0.7007321232069548,5092.644100189209,1.0
hospital,Kamuli,Bugabula,Kagumba,41929.411662817,0.7259047076642271,4,0.8497757028526259,0.11158709353525638,0.23178864667008373,5039.980403900147,0.5636463868169441
hospital,Masindi,Bujenje,Bwijanga,66550.49136447906,0.6259072788851509,10,0.6915607529838391,0.08774927509972413,0.16338737680436166,5033.752834320069,0.3419453579706666
hospital,Amuru,Kilak,Pabo,66769.8394241333,0.8111796892104323,8,0.9236954822637794,0.28487557969530536,0.359057827214675,4953.136754989621,0.4743770795572641
hospital,Namutumba,Busiki,Mazuba,30994.23405456543,0.8317373063241483,4,0.9321433605105097,0.01538210052588699,0.1744212832500092,4929.297653198242,0.451948045187413
hospital,Kibaale,Buyanja,Nyamarunda,35960.3106842041,0.6579908747931033,4,0.8123004580703288,0.02036821294613381,0.15587574264560483,4872.892868041992,0.9245367881878674
hospital,Tororo,West Budama (Kisolo),Iyolwa,25798.6580657959,0.6536513500418139,4,0.8199875490583707,0.0,0.18849575146748318,4862.937438964844,0.47048297298050445
hospital,Kyankwanzi,Kiboga,Byerima,23512.670413970947,0.9144543586124824,4,1.0003375838330382,0.2576995235995437,0.46276886744422807,4821.727893829346,0.9557769018662517
hospital,Kabarole,Burahya,Mabende,17496.21982574463,1.0592443957667785,4,1.2547357790276097,0.6629147084547519,0.9364391223031717,4785.643272399902,1.0
hospital,Omoro,Omoro,Lalogi,22387.094228744507,0.8526398235710656,8,1.0300417247488673,0.24730992524001075,0.46005520014788626,4762.748516082764,0.833930912351899
hospital,Obongi,Obongi,Aliba,14717.55084657669,0.900516919848796,8,0.9874706355294565,0.09887548713982738,0.4209926658129175,4740.7759556770325,1.0
hospital,Katakwi,Toroma,Magoro,23721.053129196167,0.989960850230555,5,1.1658481160616379,0.30090767729602697,0.4992568670449457,4705.051668167113,0.9760696781795045
hospital,Kibaale,Buyanja,Matale,20117.987106323242,1.0857992610198952,4,1.386354205513154,0.7694199079100166,1.0,4638.807319641112,1.0
hospital,Buhweju,Buhweju,Nyakishana,24718.292861938477,0.8285495986893572,4,0.9227533835251623,0.0,0.18465945451551996,4564.46647644043,0.9182394890126542
hospital,Isingiro,Isingiro,Kabuyanda Town Council,21361.662399291992,0.8870693147884279,4,0.9547659362545593,0.0472594509229055,0.2581509259620904,4504.992492675781,1.0
hospital,Luwero,Bamunanika,Kamira,33028.779121398926,1.205870183201654,4,1.5323756095813827,0.8565066196994404,0.9928519385290788,4503.319419860841,1.0
hospital,Yumbe,Aringa,Kei,69414.812084198,0.5983144640657382,10,0.7006994925541817,0.12074872074143587,0.18514049921067402,4469.743202209473,0.29192538809446467
hospital,Kitgum,Chua,Lagoro,20763.482530593872,0.7022596868868974,8,0.8394840806037218,0.07142549340520903,0.282487390558654,4382.380014419556,0.621106263415207
hospital,Adjumani,East Moyo,Dzaipi,49386.05540084839,0.6009208046614295,8,0.7161813873158832,0.013015905144737433,0.10122363034701391,4356.2316036224365,0.5228353292554976
hospital,Madi Okollo,Madi Okollo,Rhino Camp,30256.15308380127,1.2355832334817953,10,1.5710358706994574,0.8568706828635684,1.0,4330.542530059815,1.0
hospital,Bugiri,Bukooli,Budhaya,36054.31817626953,0.6671170136520704,4,0.7858607452006443,0.017925806590356985,0.13798171287131736,4328.533843994141,0.4603037687874203
hospital,Pakwach,Jonam,Pakwach,31794.11586201191,0.8994578060436721,10,0.9715771158350269,0.2617140005992706,0.3963350279142961,4280.156539916991,0.7339898513236215
hospital,Mayuge,Bunya,Bukatube,54176.01568841934,0.4997121653085457,4,0.6921629712345774,0.056595838349282376,0.13543204236324882,4271.031425476074,0.40368810814701406
hospital,Oyam,Oyam,Minakulu,49146.20373916626,0.7124432862551721,8,0.7631745953816215,0.04554449866341245,0.1323878159225641,4268.01936340332,0.29093743203640876
hospital,Bukedea,Bukedea,Malera,60906.32338142395,0.5582939867224368,4,0.6817359529315236,0.1130106233472058,0.18242946573134852,4228.046463012696,0.3180857831516934
hospital,Amudat,Pokot,Loroo,45211.66734313965,1.186796118188808,4,1.4243877853945626,0.7870849010956993,0.8788699356187999,4149.754447937013,0.9810140744697855
hospital,Rakai,Kooki,Kyalulangira,34641.88535499573,0.5779551425622833,4,0.7535844517839145,0.03843948702111276,0.15720777803342034,4114.357521057129,0.6797693899008712
hospital,Moyo,Moyo,Difule,9430.043462276459,0.9546938339729822,8,1.1223794060311765,0.25925810988867437,0.6936206397706629,4096.057535171509,1.0
hospital,Nwoya,Nwoya,Got Apwoyo,44906.72548954189,1.2020272548872983,10,1.3625590590294465,0.6612195424590092,0.7509668015619193,4030.2555279731755,0.9180253605636597
hospital,Lamwo,Lamwo,Palabek Kal,17655.6967086792,1.1065656675583322,8,1.2629113545203436,0.40087795829102135,0.6229368866262596,3920.6050901412955,0.9981110206846875
hospital,Kumi,Kumi,Mukongoro,70149.27807235718,0.5292072739868513,5,0.630430951108794,0.0,0.05588447070948721,3920.2552757263184,0.22659489397725102
hospital,Lyantonde,Kabula,Lyakajura,13371.754159927368,0.9084301412899134,4,1.0219079352731317,0.2670493331678109,0.558270333310573,3894.1356201171875,0.9787143133967596
hospital,Buhweju,Buhweju,Bihanga,19397.72519683838,0.8075370059663185,4,0.9686439145765681,0.09537835319594706,0.295291530966512,3877.8608856201176,1.0
hospital,Rakai,Kooki,Lwamaggwa,54652.322023153305,0.6074171646565999,4,0.7948356057058062,0.0037486779552780014,0.07428533626924057,3854.992164611816,0.8768678717214741
hospital,Masindi,Bujenje,Pakanyi,103210.16857147217,0.8065016326473207,4,0.875549207250511,0.2428021189921605,0.2797596280646007,3814.3907413482643,0.40380375241506744
hospital,Adjumani,East Moyo,Arinyapi,13700.746225357056,0.9841748595052098,8,1.1379376093079407,0.4367032962315263,0.7132146206112988,3788.4114837646484,1.0
hospital,Ssembabule,Mawogola,Mateete,67138.81088256836,0.6269065907607446,4,0.6856224821969508,0.0,0.056398729933538706,3786.5436630249023,0.2974432589299798
hospital,Alebtong,Moroto,Akura,26464.011474609375,0.7567176602555762,8,0.8618426181767042,0.005711094041693617,0.1453661259513226,3695.8323669433594,0.7320727425482412
hospital,Hoima,Bugahya,Kigorobya,92070.85977375507,0.628272260226689,4,0.6908132343460692,0.03466689229127986,0.07461763992340449,3678.2996830940247,0.33364939963061035
hospital,Isingiro,Isingiro,Kabuyanda,29343.1075592041,0.8250044868920908,4,0.8998272530777172,0.11462675715228363,0.2397013778720259,3670.078048706055,0.7951988730833549
hospital,Yumbe,Aringa,Kochi,62356.11643028259,0.5592325140684148,10,0.6498512031439955,0.04076370521099629,0.09936326855938378,3654.041194915771,0.3924571720763207
hospital,Ngora,Ngora,Kobwin,48502.42559850216,0.6943856576787428,5,0.8865340334360324,0.13691837265513318,0.21196871680768856,3640.1237334012985,0.6528484253593673
hospital,Wakiso,Busiro,Kasanje,49754.65843176842,0.518069172112813,4,0.619914944297318,0.006391077192661405,0.07935198782490237,3630.1451873779297,0.1967769265220043
hospital,Kassanda,Kassanda,Manyogaseka,15028.05796790123,1.1109026637240238,4,1.2607262694215302,0.6244651472575877,0.8649443722854824,3613.935733795165,1.0
hospital,Mpigi,Mawokota,Kammengo,47851.36061668396,0.5028607325787305,4,0.6340543303039462,0.03463010700030594,0.10906411060629732,3561.7683486938477,0.32088479348895754
hospital,Arua,Terego,Uriama,33248.490089416504,0.6533142512056047,10,0.7782240231719056,0.18314971478927838,0.29000940673177805,3552.923408508301,0.39487235139601806
hospital,Kakumiro,Bugangaizi,Kasambya,48711.61031341553,1.2650188817786592,4,1.6016990174825247,0.9271197823350659,1.0,3550.112762451174,1.0
hospital,Pader,Aruu,Atanga,21361.135778427124,1.0995949715370408,8,1.18056595455711,0.5635506301951752,0.7297343008051408,3549.871952056885,0.7887082099002586
hospital,Kapelebyong,Kapelebyong,Akoromit,24561.33763885498,0.7962150726388681,8,0.9119262429084773,0.08025976587849341,0.22276863202025254,3500.2083778381343,0.9035904863186085
hospital,Kiruhura,Nyabushozi,Kikaatsi,24533.955911636353,0.7033237746638937,4,0.8235750374481807,0.07379475417057013,0.2161012459827712,3491.3411960601807,0.7375395886890532
hospital,Luwero,Bamunanika,Bamunanika,37641.34233093262,0.6864381320825955,4,0.8076191279072044,0.0,0.09209077601269364,3466.420425415039,0.3844675058042775
hospital,Buliisa,Buliisa,Biiso,24795.310257911682,1.1886498019317715,4,1.3045777957944158,0.3833967277296837,0.5218452381923475,3432.873771667481,1.0
hospital,Kiryandongo,Kibanda,Kiryandongo,106483.96399116516,1.114764712987453,10,1.2670358042909893,0.46290160121281004,0.4949106614189334,3408.451614379879,0.5386981693653924
hospital,Otuke,Otuke,Ogwette,21643.19460105896,0.9144982461540901,7,1.0778549739941534,0.2991458277909765,0.45624346661911,3400.0947685241704,0.8239364870104318
hospital,Katakwi,Katakwi,Ongongoja,21457.315212249756,1.0310830112647102,8,1.268830419336476,0.5002400894156455,0.657089764884532,3365.5729274749756,0.8717911050929037
hospital,Buhweju,Buhweju,Karungu,19867.891403198242,0.8064208365168182,4,0.9436854383306196,0.0,0.16746737180086224,3327.2235565185547,1.0
hospital,Alebtong,Moroto,Abia,29683.14948272705,0.7525162314974541,8,0.8531456905350158,0.053803643736012347,0.16394594394005935,3269.3703613281255,0.6236932265656553
hospital,Namutumba,Busiki,Bulange,60228.856536865234,0.5981280409500163,4,0.7498104334320381,0.0,0.05381065885803271,3240.9544525146484,0.5990845694834301
hospital,Bugiri,Bukooli,Buluguyi,42180.99956893921,0.5120489163955653,4,0.6034804320473155,0.0,0.07671267362510653,3235.817253112793,0.18254246060270612
hospital,Lamwo,Lamwo,Lamwo Town Council,8454.890438079834,0.9112207758898847,7,0.9984582991016248,0.15655974554604513,0.538221959666384,3226.912204742431,0.9825880504819746
hospital,Kaberamaido,Kaberamaido,Aperkira,19518.89401626587,0.5594798118652624,8,0.7496374940992682,0.02439021583113617,0.18970082517356954,3226.680263519287,0.7499475078565391
hospital,Kikuube,Buhaguzi,Kabwoya,89652.33725762367,1.0532328801021802,4,1.1115641557912406,0.5658996043961634,0.6018519475499816,3223.2115936279297,0.7614118145441741
hospital,Kassanda,Kassanda,Kassanda Town Council,29410.791160583496,0.7710090151499578,4,0.868091756129935,0.0,0.10904740243563864,3207.170379638672,0.9557400562274468
hospital,Tororo,West Budama (Kisolo),Mulanda,50717.251052856445,0.5519357114077785,4,0.7741055900967929,0.0,0.06274929184979014,3182.471588134765,0.6270922416551017
hospital,Buhweju,Buhweju,Nsiika Town Council,3931.9961853027344,0.8508359594125732,4,1.0362061760856822,0.0,0.7973434989047307,3135.151596069336,1.0
hospital,Kagadi,Buyaga,Kabamba,26529.416122436523,0.6991617299772089,4,0.82961582955017,0.0,0.11753055260869018,3118.0169372558594,0.9190861217502798
hospital,Obongi,Obongi,Gimara,9778.524472236633,1.0127166503504261,10,1.120454835218046,0.4112339419956595,0.7298698082786375,3115.7886161804195,0.996078334058154
hospital,Namutumba,Busiki,Magada,34756.51708984375,0.7637689891237108,4,0.849641174497833,0.0,0.0892933680891147,3103.5264739990234,0.4405296604600641
hospital,Pakwach,Jonam,Panyimur,37256.31884098053,0.7644665581976385,10,0.8831676950062961,0.014652944110197255,0.09793809858016198,3102.8982696533203,0.9712919023163817
hospital,Kaberamaido,Kaberamaido,Kobulubulu,25862.242906332016,0.7692356160808401,9,0.8729885075112379,0.05277359912500221,0.1712837505316186,3064.938322544098,0.7514534752614331
hospital,Madi Okollo,Madi Okollo,Inde Town Council,14760.12261390686,1.0275489008401655,8,1.188443713274428,0.5563441942589034,0.7585855141991483,2985.1066799163823,0.9934784510901655
hospital,Amolatar,Kioga,Etam,20108.921914458275,0.8375394711479965,9,0.9209307027022193,0.11272566329762716,0.26115543066901364,2984.762601852417,0.9086732644939689
hospital,Ntungamo,Ruhaama,Kafunjo-Mirama Town Council,28040.804496765137,0.8148686090319588,4,0.9105913828706735,0.003707564689545402,0.10998239059743696,2980.0316162109375,1.0
hospital,Isingiro,Bukanga,Rushasha,19064.55479478836,1.132367305067728,4,1.315319892162833,0.8450784777646245,1.0,2953.509849548339,1.0
hospital,Mpigi,Mawokota,Buwama,63448.13804554939,0.34837631854221673,4,0.4252213682093878,0.001778521953182886,0.04776712382759813,2917.89116024971,0.09743269772183313
hospital,Hoima,Bugahya,Buseruka,60901.67556476593,0.7888353081535634,4,0.8186020027748074,0.1683220301775443,0.21593604093563107,2899.773035526275,0.3053506335220428
hospital,Oyam,Oyam,Abok,22460.97947692871,1.151536239931734,8,1.353775669349384,0.8715141586036343,1.0,2885.917846679686,1.0
hospital,Buyende,Budiope,Buyende Town Council,19831.395500183105,0.6888919086986854,4,0.8001124826839141,0.007078101075886255,0.15200258104221384,2874.054679870606,0.5323339789346142
hospital,Oyam,Oyam,Aleka,39157.14067077637,1.2106891984912787,8,1.5385286259365927,0.9270858065932323,1.0,2855.1113281249995,1.0
hospital,Kibuku,Kibuku,Kirika,14919.624206542969,0.7231091339268629,4,0.899303636221584,0.0,0.18970848179680636,2830.3792572021484,0.480274902231551
hospital,Lira,Erute,Amach,43520.17680358887,0.514961591051576,8,0.5762051079773098,0.020493916391271273,0.0853818131478152,2823.932739257813,0.2718865233838045
hospital,Pader,Aruu,Pajule,24732.685819625854,1.1922670469411438,8,1.5395573141375434,0.8699851103216,0.984148369758054,2823.5640277862535,1.0
hospital,Kyotera,Kyotera,Kabira,38022.15888595581,0.6708192192315314,4,0.8556719021154648,0.16929044687729491,0.24243338417773538,2781.052383422851,0.444671141656935
hospital,Lamwo,Lamwo,Paloga,11768.521068572998,0.9631634240582535,7,1.0642270612255313,0.36848609100383267,0.6007833544848791,2733.7952394485474,0.9653955066068816
hospital,Luwero,Katikamu,Butuntumula,42684.84334945679,0.5968102977007991,4,0.6984497496161233,0.05478542236844403,0.11879070203250314,2732.055335998535,0.3203572406721959
hospital,Amuria,Amuria,Amuria Town Council,9918.72241973877,0.9273791226811545,8,0.9946913340968401,0.1299408437698068,0.39934936957873285,2672.1883850097656,1.0
hospital,Abim,Labwor,Nyakwae,23727.832263946533,1.270497589353421,7,1.4398946663205796,0.7300771240071067,0.8409792949200926,2631.4681091308603,0.9892678342949021
hospital,Buhweju,Buhweju,Burere,23464.772689819336,0.7305676603622556,10,0.8432841462616828,0.046395370481339696,0.15824682756541586,2624.5690155029297,0.624667464505201
hospital,Pader,Aruu,Laguti,15296.322913646698,0.9954123027724104,8,1.1643910299942732,0.4012838031585304,0.5726156548429718,2620.747328758239,1.0
hospital,Kisoro,Bufumbira,Rubuguri Town Council,19130.177238464355,0.7492070038057185,11,0.9403759472915314,0.21837905582129033,0.354302494429446,2600.239471435547,0.9678198382481168
hospital,Namutumba,Busiki,Kibaale,22998.5760345459,0.7689862899915294,4,0.840142411399828,0.07410843417835133,0.1860708633549162,2574.9764404296875,0.41229706140539246
hospital,Gomba,Gomba,Kyegonza,36084.57013940811,0.5874589651969396,4,0.6899093637923044,0.009683322237196075,0.08048113734503293,2554.708724975586,0.4160411894849632
hospital,Amudat,Pokot,Amudat,45181.596590042114,0.7807057611875601,5,0.9425241062170657,0.3468976254846921,0.4034196124275163,2553.7536125183096,0.5989137473270094
hospital,Koboko,Koboko,Ludara,45142.482288360596,0.5121780297059668,10,0.5995473597459425,0.03674154967391461,0.0928718275107389,2533.8600730895996,0.28318259774298443
hospital,Lyantonde,Kabula,Kasagama,14172.69356918335,0.9498983883537575,4,1.0443285805064244,0.3718845285911555,0.5491587059086365,2512.4525928497314,0.9708424915333106
hospital,Kibaale,Buyanja,Karama,11728.107704162598,1.069559041273944,4,1.3041222739008638,0.7871319347049027,1.0,2496.539596557617,1.0
hospital,Kasese,Kasese Municipality,Nyamwamba Division,68536.845703125,0.2687857244833651,10,0.28147607781314293,0.006747520419488092,0.04298933862488143,2483.89990234375,0.08248529567452954
hospital,Amuria,Amuria,Akeriau,18759.887908935547,0.7362877376565318,8,0.9131692997353692,0.06406229145366694,0.19379715716877802,2433.8115386962886,0.9634801842056577
hospital,Kumi,Kumi,Ongino,55309.397435605526,0.5708960847353595,5,0.730080217688777,0.09667200942543451,0.13974340653685252,2382.2530209422107,0.43521122390042805
hospital,Namayingo,Bukooli,Buyinja,32983.22888183594,0.685783319699195,4,0.8023899957796017,0.0,0.07218284978526407,2380.823455810547,0.5824700594038212
hospital,Mubende,Buwekula,Madudu,50595.70581817627,0.5926707311133826,4,0.7348451548270788,0.0,0.04650522018306934,2352.96443939209,0.8784571781063948
hospital,Kyankwanzi,Kiboga,Nsambya,39020.55854225159,0.7725642959713962,10,0.8171770319774662,0.13594300935633638,0.19604497534027746,2345.212282180786,0.3626276506127083
hospital,Masaka,Bukoto,Bukakata,21140.832230180502,0.6593518160321495,4,0.8093934422053289,0.14013349385485213,0.25098484225693685,2343.4897590577602,0.4149727678737279
hospital,Nakapiripirit,Chekwi,Moruita,35729.96141242981,2.002866580049731,5,2.3850498505363142,0.9033038910045041,0.9686083430595509,2333.3255519866934,0.9975957900569876
hospital,Ibanda,Ibanda,Kicuzi,20381.76683807373,0.6652161802124654,4,0.7882384408041636,0.04958412861426024,0.16336939680680837,2319.144805908203,0.728973309747701
hospital,Kiryandongo,Kibanda,Mutunda,99767.84467697144,0.542560450822633,8,0.5893480020718777,0.01927226000245139,0.042471113312639995,2314.4995937347417,0.2276773745773965
hospital,Kakumiro,Bugangaizi,Kakindo,54719.76358795166,1.1595648940444456,4,1.3459191428961532,0.9578207926433548,1.0,2308.0362548828143,1.0
hospital,Kassanda,Kassanda,Kiganda,52696.85908508301,0.7874949211461586,4,0.825995581911186,0.06927777121158708,0.11293001941600898,2300.3363723754887,0.3858466633964216
hospital,Namutumba,Busiki,Nabweyo,19822.319244384766,0.7879812902469501,4,0.8582425637541868,0.017701477513954587,0.13223868062222593,2270.3930053710938,0.47937678394267697
hospital,Gulu,Aswa,Awach,25452.08308696747,0.7311919383567925,8,0.8919150418690798,0.11672386903785141,0.20578887615325794,2266.889961242676,0.8108332655394771
hospital,Kiboga,Kiboga,Ddwaniro,15483.169225692749,0.9253368871245918,4,1.045947030599373,0.27354859513650603,0.4190489719913019,2252.806957244873,0.7957105214271537
hospital,Mubende,Kasambya,Nabingoola,50918.28428649902,0.5574041891138967,4,0.6298751091476801,0.0,0.042948488405077756,2186.8633422851562,0.3247686673225716
hospital,Kyotera,Kyotera,Kyebe,20961.067823946476,1.1970339781361814,4,1.376830360302666,0.7549211439041034,0.8579429717683644,2159.447521209715,0.9635161968913679
hospital,Kabarole,Burahya,Kasenda,31088.652433395386,0.752554532843525,10,0.8344862453013593,0.19027218466041254,0.2595646140597141,2154.208253860474,0.40388715470556247
hospital,Abim,Labwor,Awach,14381.603191375732,0.6433672018405847,8,0.8001167862993376,0.08036656614055496,0.2297363292927794,2148.1766624450684,0.6368487915094608
hospital,Pallisa,Pallisa,Olok,20983.87047958374,0.3713733700067338,4,0.5110824423741888,0.012211981527487885,0.11392089095426716,2134.24658203125,0.306187941925187
hospital,Kamuli,Bugabula,Namasagali,44886.71659851074,0.5664420052968429,4,0.6718186370434933,0.08140378814735925,0.12815164893632194,2098.3579788208012,0.24146840684661003
hospital,Abim,Labwor,Morulem,35469.737199783325,0.6397379486015844,8,0.7597639134580297,0.11494331285841138,0.17375440086161556,2086.0138359069824,0.45921460380832513
hospital,Koboko,Koboko,Kuluba,51236.81588745117,0.4506801242607272,10,0.5413268850630862,0.0,0.039781570547567674,2038.281005859375,0.21772560404694857
hospital,Rukungiri,Bujumbura,Bwambara,33465.016287982464,0.9568516521771488,4,1.073736540907362,0.40002846400873077,0.4572117077617288,1913.6381835937511,0.6594514571882635
hospital,Masindi,Buruuli,Kimengo,18462.64506673813,0.905454131005692,10,1.0357466561429456,0.3376427358722466,0.44018193863548727,1893.1449060440063,0.6395388172029369
hospital,Alebtong,Moroto,Omoro,55167.380350112915,1.2173012183934273,8,1.4265352741209527,0.9658544070119951,1.0,1883.722915649415,1.0
hospital,Apac,Maruzi,Ibuje,53720.84181022644,0.5935611399754652,9,0.6661481430524603,0.0364739221045268,0.07080977202833384,1844.5507621765134,0.46069085967703677
hospital,Lira,Erute,Barr,57390.407958984375,0.4943469179427038,8,0.5915961686441384,0.0,0.03203260719901902,1838.3643951416013,0.3410200030917453
hospital,Kaabong,Dodoth,Kalapata,17621.6699924469,0.6810383410009954,4,0.8171286201861412,0.025872256116082452,0.13011000064695746,1836.843134880066,0.9598582873260554
hospital,Ntungamo,Ruhaama,Nyakyera,47693.0672416687,0.5116165326912705,4,0.6295632297317136,0.0,0.038452175008607405,1833.9021682739258,0.5793441873321308
hospital,Pader,Aruu,Latanya,19356.80962562561,0.6581616018641013,8,0.8223578110401565,0.08111468450145273,0.17431705133716385,1804.1004714965823,0.7003352104334902
hospital,Kiboga,Kiboga,Bukomero,19191.39510345459,0.7023753424112654,4,0.7436824098397649,0.0294325253556093,0.12226785844528434,1781.6395568847654,0.2453288351795572
hospital,Pader,Aruu,Lapul,24172.18411064148,1.269918649681393,8,1.5941273638923592,0.9259923453078399,0.9985257775032164,1753.2914772033696,1.0
hospital,Otuke,Otuke,Alango,17766.757232666016,1.146543043377641,8,1.3439755173912094,0.8927610993507672,0.9903519141374533,1733.8723144531243,1.0
hospital,Obongi,Obongi,Itula,12538.664143264294,0.7279154669439757,8,0.8356561757550074,0.028943681510372368,0.16605820660284015,1719.2329792976382,0.8480342084198554
hospital,Amolatar,Kioga,Agwingiri,19928.622271835804,0.7641674721768269,9,0.8569300175920702,0.0677639916948125,0.15383573181431312,1715.2911971211436,0.7390604171777047
hospital,Agago,Agago,Paimol,25141.976912498474,0.5379833137843775,8,0.7138099686577384,0.07157881399132617,0.1389967634885428,1695.020529747009,0.4711816272699187
hospital,Kole,Kole,Ayer,46633.66556549072,0.5237983690094797,10,0.5963983893948714,0.0,0.03568155446014551,1663.9616775512695,0.4770918164966785
hospital,Kapelebyong,Kapelebyong,Acowa,24726.019065856934,0.6271380733476603,8,0.7103777182271995,0.00996948754894495,0.07707044545466753,1659.1395645141602,0.30102912223642
hospital,Masaka,Bukoto,Buwunga,53234.06545186043,0.41609532738089045,4,0.5433705897877417,0.1113187195596117,0.14198743897930774,1632.6206169128418,0.19635729342408617
hospital,Bududa,Manjiya,Bushiyi,21341.253875732422,0.605981809962881,5,0.7633660033539517,0.1463831515332079,0.22277940953892011,1630.3919372558596,0.36611271283789515
hospital,Isingiro,Isingiro,Ruborogota,23260.936290740967,1.1249128683995469,4,1.2545279607677815,0.9313556668307084,1.0,1596.7314605712897,1.0
hospital,Amuru,Kilak,Attiak,49720.06378173828,1.2172688607824913,8,1.3357479044629794,0.7926097136253968,0.8246246393727013,1591.7841501235932,0.8558011643849763
hospital,Pakwach,Jonam,Alwi,25335.8815574646,0.6457194236628462,10,0.7155760163916745,0.02738349404289951,0.09004370162219653,1587.5515975952148,0.3621190018759098
hospital,Adjumani,East Moyo,Itirikwa,18824.926056861877,0.8579818454776472,8,1.0055596048602011,0.3196538261200502,0.4036902681796487,1581.979807853699,0.5921491367741983
hospital,Gulu,Aswa,Paicho,32308.110906600952,0.5909594142627105,8,0.6328237110491702,0.03106984826390177,0.07919596533512639,1554.8639278411863,0.21607818645441473
hospital,Kabarole,Burahya,Kijura Town Council,11068.85842514038,0.8751991430744549,4,1.0248230102057352,0.2033281163857882,0.34147192236119644,1529.0942306518555,1.0
hospital,Kyenjojo,Mwenge,Kisojo,29151.419120788574,0.5115252965225713,10,0.5704974845487903,0.0,0.052062442843977055,1517.694091796875,0.16160371824946448
hospital,Kibaale,Buyanja,Bubango,23717.98134613037,1.1610213044978055,10,1.3549629627402178,0.9363570802838213,1.0,1509.4815826416004,1.0
hospital,Amuria,Amuria,Morungatuny,22972.217742919922,1.2064408340824593,8,1.496951736252682,0.9350180105607488,1.0,1492.7804107666004,1.0
hospital,Lamwo,Lamwo,Lokung,18702.72011566162,1.3129939913847473,8,1.5104800825599696,0.8022666664177208,0.8816989031739066,1485.598892211913,1.0
hospital,Karenga,Dodoth,Kapedo,10664.35126543045,1.2524912924017597,8,1.5102812768610976,0.8612456576749763,1.0,1479.7250461578365,1.0
hospital,Pader,Aruu,Ogom,13233.6372756958,1.2079980046611085,8,1.6838356699395416,0.8888495954308118,1.0,1470.9241371154783,1.0
hospital,Bulambuli,Bulambuli,Bwikhonge,11581.158603668213,0.7315603649313671,5,0.9245426146159068,0.22715420780506407,0.3541248607612981,1470.4672698974607,0.48933194300891614
hospital,Namisindwa,Bubulo,Bupoto,12157.500045776367,0.6078244653412588,5,0.7828740593587349,0.06372487230288792,0.18394425150511623,1461.567108154297,0.47145070285396007
hospital,Agago,Agago,Omiya Pacwa,13804.715677261353,0.8440111251753085,8,1.0137355629153906,0.1344100130209546,0.23976437914511636,1454.3870697021484,0.8485541065517263
hospital,Abim,Labwor,Abim,19212.4908618927,0.4419434072380721,8,0.5468016843162953,0.04429027591570921,0.1194600208739599,1444.1980381011963,0.3381582097681807
hospital,Kaliro,Bulamogi,Namugongo,26394.06640625,0.753644077494599,4,0.8063370074162978,0.0,0.05443894492980563,1436.8651275634766,0.20576304050733615
hospital,Butaleja,Bunyole,Nawanjofu,27376.086669921875,0.3891751028132495,4,0.540123008022512,0.0,0.05245543727569105,1436.0245971679688,0.30053528365976767
hospital,Kasese,Busongora,Bwesumbu,27002.664909362793,1.0177929741586307,10,1.1774370483930634,0.3818636378367733,0.435040544725469,1435.918197631836,0.7375836036781461
hospital,Lamwo,Lamwo,Madi Opei,14003.815343379974,1.308375483217259,7,1.4276724905984326,0.6038584097281193,0.7037591342358074,1398.9912986755378,0.9815831008689045
hospital,Napak,Bokora,Lorengecora,16348.354845046997,1.0663072145569052,4,1.164631814568628,0.5232305541509255,0.6082761118753132,1390.354955673218,0.7279602372969505
hospital,Isingiro,Bukanga,Rugaaga,45375.08568286896,1.1373289836061105,4,1.2207710902584747,0.9556998159056532,0.9862773370435447,1387.4576416015623,1.0
hospital,Sironko,Budadiri,Masaba,12925.13330078125,0.692960582006317,5,0.849650551302624,0.07756852508056747,0.18390473817949396,1374.4097290039062,0.4943297862128401
hospital,Moroto,Matheniko,Nadunget,65480.30608725548,1.1224039155144012,4,1.3121628238475265,0.4484857023990806,0.46943380641544874,1371.6882629394524,0.5321527225223172
hospital,Kween,Kween,Kiriki,4218.087749481201,0.5815598228438633,5,0.9814916131442752,0.0,0.3236597511131836,1365.2252311706545,1.0
hospital,Kyankwanzi,Kiboga,Ntwetwe Town Council,13589.630950927734,0.7162134109008357,4,0.8685954550030597,0.0,0.10017146741080918,1361.2932739257812,1.0
hospital,Karenga,Dodoth,Sangar,3284.1213340759277,1.0069165766147274,8,1.2227342281575884,0.38697831552962925,0.7991899854246894,1353.753139257431,1.0
hospital,Madi Okollo,Madi Okollo,Ogoko,9823.342734336853,1.3044976204692849,10,1.601874678975477,0.8488977515918922,0.9856818599924332,1343.677177429199,1.0
hospital,Mubende,Kasambya,Kasambya Town Council,16437.164588928223,0.7498731384691978,4,0.887725011995244,0.0,0.0814562682232503,1338.9100875854492,1.0
hospital,Kamwenge,Kibale,Bihanga,21327.57061767578,1.2001080034802327,4,1.368713087672657,0.9250901155234641,0.9870053956902731,1320.5025100708003,1.0
hospital,Dokolo,Dokolo,Adok,18330.71028137207,0.6621572522766904,9,0.7285696705529092,0.03124298800799965,0.10298545627624861,1315.0904006958006,0.4049642029651999
hospital,Nakaseke,Nakaseke,Wakyato,16533.338633060455,0.5699884997807965,4,0.669806316354911,0.151949445062584,0.23140846647704322,1313.7229084968565,0.3714227645113657
hospital,Sironko,Budadiri,Bugitimwa,10169.611755371094,1.231265535571949,5,1.5196755122016317,0.5280160517065892,0.656522686058238,1306.8625793457034,0.7717902581038831
hospital,Arua,Vurra,Ajia,31272.39058494568,0.3762419731376402,10,0.4603268017649708,0.009606904750996948,0.051335669230670115,1304.9582214355466,0.24860418663718167
hospital,Kasese,Busongora,Maliba,58348.92305755615,1.3380932841790723,4,1.5175826335729934,0.45305281332007424,0.47536078648408336,1301.6462097167957,0.5993284457098575
hospital,Kalungu,Kalungu,Bukulula,51361.6648375988,0.45220928758369044,4,0.5117419382202933,0.018940271572758252,0.044247418756126845,1299.8172116279602,0.15523352110931632
hospital,Agago,Agago,Lira Palwo,18902.872484207153,1.3634863331293445,8,1.8605453372754002,0.9305330064478368,0.9987300999435459,1289.1209621429427,1.0
hospital,Bulambuli,Bulambuli,Bulaago,13115.968765258789,1.4628694979601649,5,1.7491111368710786,0.710789642364695,0.8075557312804929,1269.1809997558594,0.9663665496373935
hospital,Kaabong,Dodoth,Kathile,12742.064900636673,0.7106598299315234,4,0.8487304766589621,0.07821730856041063,0.1773837622515791,1263.5853888988497,1.0
hospital,Gulu,Aswa,Palaro,16526.567263126373,1.4418128735261981,8,1.8573610540696996,0.9236132461369624,1.0,1262.4108257293694,1.0
hospital,Kaabong,Dodoth,Kamion,8583.84070611,3.022964926581722,4,3.541083059909994,0.7604541505802451,0.9066959310953446,1255.3161485195155,1.0
hospital,Kabarole,Burahya,Ruteete,22778.671184539795,0.5593031682702295,10,0.633678819989989,0.14852484321969545,0.20334691441488462,1248.7739334106448,0.293968873097036
hospital,Napak,Bokora,Iriiri,37554.45788383484,1.7466970789336338,4,1.9660456442340795,0.7167693014455824,0.7497006858648656,1236.7202892303467,0.8120998530402851
hospital,Buliisa,Buliisa,Kihungya,17313.819984436035,0.8577689774964061,4,0.9344765821572775,0.11334090692939375,0.18406086420391712,1224.4326095581055,1.0
hospital,Ngora,Ngora,Kapir,41072.89375305176,0.48836114579070367,5,0.541565134242168,0.008658656857193664,0.03834014810195273,1219.104736328125,0.15874692340149993
hospital,Rubirizi,Bunyaruguru,Katanda,22983.13638305664,0.6875551586038577,10,0.7578386520532714,0.02529454762093746,0.07828521847138704,1217.8918151855469,0.4125157442010509
hospital,Rubanda,Rubanda,Ikumba,22424.64719390869,0.6089690666054928,4,0.7096093099565722,0.05128285912121566,0.10552651220978843,1216.3947830200198,0.4424020474191719
hospital,Madi Okollo,Madi Okollo,Okollo,23398.967326164246,0.6170170564017146,8,0.656988643436384,0.06904744140609961,0.12083764546848795,1211.8372926712034,0.2791399650118206
hospital,Mityana,Mityana,Kikandwa,35717.35859680176,0.7259333053050141,4,0.8051391329495384,0.0,0.033345975554100044,1191.0301666259766,0.29808860288570005
hospital,Butambala,Butambala,Ngando,21480.059997558594,0.5467568998589553,4,0.7176744427634052,0.010109569506350542,0.06520508467008784,1183.4549713134766,0.681746706525316
hospital,Kasese,Busongora,Bugoye,44500.62691497803,1.2278980127111734,4,1.4651540356373143,0.4852693117866741,0.5115228291470999,1168.2979812622075,0.6090413135084907
hospital,Kyegegwa,Kyaka,Kakabara,84913.34777832031,0.6726491553827469,10,0.7061047037101109,0.0,0.013554508592596791,1150.9587020874023,0.24010609419734671
hospital,Kibuku,Kibuku,Tirinyi,27010.027618408203,0.6233225432875448,4,0.7592645762344469,0.006609849833727106,0.04919044015302002,1150.1029205322266,0.18048213679231104
hospital,Kyegegwa,Kyaka,Kyegegwa Town Council,31992.420616149902,0.697213745983737,4,0.7523726632523713,0.00954994472142071,0.04535230279408676,1145.4040985107422,0.2765708658561302
hospital,Kaliro,Bulamogi,Kasokwe,19795.01629638672,0.8176075622493766,4,0.8464940230396465,0.0,0.057583596195660725,1139.8682250976562,0.12170276648316555
hospital,Kamwenge,Kibale,Kamwenge,31845.84626197815,1.1752264495959928,4,1.279712541053511,0.9540610664797552,0.9896902925729738,1134.6428565979004,1.0
hospital,Serere,Kasilo,Kidetok Town Council,8198.428009033203,0.793859037412385,5,0.9034610362015184,0.0,0.1362042683599239,1116.660888671875,1.0
hospital,Kiruhura,Nyabushozi,Sanga,6184.831432532519,0.7556723212510601,4,0.8765048442210117,0.1635574940525036,0.3435789705036385,1113.4024860858917,0.7272659118528758
hospital,Kakumiro,Bugangaizi,Kisiita,34289.3037109375,1.231215112265636,4,1.3889901393082789,0.961150969631764,0.9932949031822145,1102.193099975588,1.0
hospital,Kagadi,Buyaga,Mpeefu,58312.06946563721,0.5592840354663509,4,0.6982701893583122,0.0,0.018833790843137042,1098.237319946289,0.7428895478243581
hospital,Kaberamaido,Kaberamaido,Ochero,35480.360781908035,0.6178327817949852,9,0.6889457372591322,0.024248669678421885,0.05418893778692279,1062.2915143966675,0.3621696104422938
hospital,Lamwo,Lamwo,Palabek Gem,16773.91311597824,0.9411313425499324,8,1.0856426043153147,0.34651417639570686,0.4082804590772547,1036.0622591972347,0.7405196232390353
hospital,Kyotera,Kyotera,Kakuuto,45097.08751869202,0.6579278287134344,4,0.6924945721013914,0.0443083187903562,0.06727042760786739,1035.5242309570315,0.1382811137094405
hospital,Kaabong,Dodoth,Lotim,5933.07596206665,0.6871230324992286,4,0.8177887362960435,0.0,0.17350856545291654,1029.4394989013672,0.9082045272521412
hospital,Arua,Terego,Bileafe,28758.697313308716,0.3742928470167447,10,0.4847901549091734,0.0,0.035760041602993814,1028.4122123718262,0.13444073891534836
hospital,Masaka,Bukoto,Kyanamukaaka,39890.512998104095,0.3997858555854543,4,0.5072481125949092,0.0,0.025383104611801665,1012.5450644493103,0.2894284658573831
hospital,Bududa,Manjiya,Bukalasi,18386.23944091797,0.7758488086448845,10,0.9464436966476698,0.2945785028447752,0.3493128988547466,1006.3597106933588,0.4401981502817418
hospital,Nakaseke,Nakaseke,Kinyogoga,15195.532357215881,1.2434644090926166,4,1.4303838585766915,0.8918971109010825,0.9578698463143703,1002.4908356666576,0.991869745066011
hospital,Napak,Bokora,Lopeei,15433.682595729828,0.9374031654065581,4,1.04526136320529,0.35923569726238647,0.4238670757432493,997.5001811981197,0.6576968471364039
hospital,Abim,Labwor,Alerek,21179.802277565002,1.4188131397339208,8,1.7406240124724173,0.6353304751381509,0.6820786548323299,990.1172027587902,0.7787899791435662
hospital,Kotido,Jie,Kotido,17705.43284034729,1.2820479295456984,8,1.4528328476877383,0.9208545354858436,0.9756096151226652,969.462385177612,1.0
hospital,Nakasongola,Buruli,Nakitoma,17231.608241558075,0.9670553988135953,9,1.0126528731364144,0.3601778286252709,0.41489201479018,942.8134212493902,0.578045930100935
hospital,Kween,Kween,Kwanyiy,13879.410926818848,0.5349834052167979,5,0.6598096693871695,0.0,0.06749712068419506,936.8202743530273,0.25564537468012855
hospital,Gomba,Gomba,Maddu,42457.12720489502,1.4964919199905502,4,1.7702072385163292,0.9784631789249741,1.0,914.3915519714368,1.0
hospital,Katakwi,Toroma,Kapujan,18895.87553358078,0.6156023301836735,5,0.6932264773180733,0.021528515229295,0.0698386842734768,912.8629412651064,0.2469678623555746
hospital,Kibuku,Kibuku,Nandere,18851.573196411133,0.5891422231179813,4,0.7448104284288309,0.0,0.04834220086520054,911.3265380859375,0.19558293771397822
hospital,Bulambuli,Bulambuli,Bunambutye,12294.55734539032,0.9838734527827622,5,1.2420532638551496,0.3250632862309604,0.3991219733687555,910.518775939942,0.7603213678668811
hospital,Kaabong,Dodoth,Sidok,10349.00753325224,0.5841386063442433,8,0.7181098705464958,0.08923542235069404,0.17649717969801193,903.0725841522218,0.6798022053280587
hospital,Apac,Maruzi,Chegere,48857.06460571289,0.5628693355799798,10,0.6934507689850804,0.0,0.01807452370668164,883.0681724548341,0.7237133557442132
hospital,Amuria,Amuria,Wera,31844.62240600586,0.4706221871602079,5,0.5068420839576622,0.0,0.027718601439198833,882.6883964538574,0.1283168897922591
hospital,Nebbi,Padyere,Kucwiny,40536.45157814026,0.40265939163749787,8,0.45254390881228895,0.0,0.0213572367999165,865.7465953826904,0.2705376493743896
hospital,Bundibugyo,Bughendera,Harugale,14383.831405639648,0.4710642378963903,4,0.5548018896022854,0.11930032264325975,0.17928986711018524,862.879493713379,0.3897926033733681
hospital,Kasese,Busongora,Lake Katwe,31462.2121219337,0.4744964118696914,10,0.5204112454664106,0.0413339205090551,0.06862315044751158,858.5795409679414,0.2816846456021673
hospital,Kasese,Bukonjo,Kyarumba,50368.6003036499,0.9517680199927435,4,1.1625481711463124,0.4231914845361828,0.4401684933154738,855.1081695556627,0.5146875090403245
hospital,Bugiri,Bukooli,Iwemba,24095.55793762207,0.35995261082883817,4,0.49241180734938167,0.0,0.03465857898013787,835.1177978515625,0.20983798267432643
hospital,Nwoya,Nwoya,Koch-Goma,23263.043170928955,0.4948188704854527,8,0.5715613591311468,0.0032346577131912545,0.03887953826091368,829.2083950042726,0.22570731469142258
hospital,Kasese,Bukonjo,Kitholhu,19781.072784423828,0.469697228357444,4,0.5305689140222142,0.14172734932044442,0.1835674676273149,827.6424255371089,0.2760529835907813
hospital,Bunyangabu,Bunyangabu,Kyamukube Town Council,14770.940994262695,0.4821162232921674,4,0.5415950639086209,0.05233845161538956,0.10798656133213878,821.9749450683594,0.21456800994707192
hospital,Sheema,Sheema,Masheruka,16919.129455566406,0.8081577441015598,4,0.8838341843818658,0.0,0.04834907153986712,818.0242004394531,0.8016304184019758
hospital,Bushenyi,Igara,Kyamuhunga,26604.49137878418,0.3695217329229751,10,0.4242151764425142,0.08943750164330493,0.11959930000009343,802.4393043518066,0.23877646330889618
hospital,Amuru,Kilak,Lamogi,58777.33320426941,0.34432421256265877,8,0.3854073637767904,0.0,0.01362421211480943,800.7948551177979,0.0903284473112498
hospital,Moyo,Moyo,Metu,26458.993967056274,0.46356376083691747,8,0.542553011650729,0.0814733668670328,0.11161074351459062,797.404666900635,0.2224509562119194
hospital,Katakwi,Katakwi,Palam,17244.84257221222,0.6167297057298058,8,0.6806756374505801,0.126357721183338,0.1725011793283244,795.7366714477544,0.3137227735459597
hospital,Omoro,Omoro,Bobi,40359.92247390747,0.5775617933550056,8,0.6265354939002005,0.011053905321516093,0.03057710530557161,787.9548377990722,0.15383078802003897
hospital,Buvuma,Buvuma Island,Bweema,13734.580974578857,2.8901999152443345,4,3.8009063546688493,0.9426715677615773,1.0,787.381994724273,1.0
hospital,Bunyangabu,Bunyangabu,Kabonero,22812.85959625244,1.0448425180328507,10,1.2161581154854764,0.42205259604926637,0.4563629599357239,782.7175140380858,0.5526538021619297
hospital,Ntungamo,Ruhaama,Rweikiniro,35959.56935119629,0.552929434334102,4,0.6249294416324819,0.0034528865754030196,0.025155575984925564,780.4193649291992,0.4886363413637657
hospital,Bulambuli,Bulambuli,Buluganya,13265.858978271484,0.670315722371581,5,0.750556875577658,0.08469630777341058,0.1430595879392559,774.2390441894532,0.2737935526741747
hospital,Rwampara,Rwampara,Bugamba,43849.58260345459,0.5272043954765183,4,0.5940846863125077,0.0,0.017563151006131563,770.1368408203126,0.33835315490561746
hospital,Bushenyi,Igara,Bitooma,20498.300647735596,0.3847885291146165,10,0.4613043188783109,0.09011395980392896,0.12720523420226051,760.3080940246584,0.18989052795464875
hospital,Bududa,Manjiya,Bumayoka,25578.428268432617,0.5230675491044604,10,0.6266143387325632,0.12475335713614064,0.1540906302787607,750.4013366699218,0.19635714054018866
hospital,Bulambuli,Bulambuli,Bumasobo,11507.144729614258,1.2644218711271407,5,1.4966603611161926,0.6286494360537461,0.6937624495158665,749.264869689941,0.809698608600921
hospital,Abim,Labwor,Magamaga,7635.890959739685,0.8877692166148833,8,1.0889840152521044,0.3516047172522103,0.4491487116781496,744.8353052139282,0.7431355358091505
hospital,Isingiro,Bukanga,Mbaare,46942.29997634888,1.318135204974518,4,1.4407134041860952,0.9039837332635418,0.9198413526775129,744.3931274414062,1.0
hospital,Isingiro,Isingiro,Kabingo,35306.40502738953,0.5569565698629658,4,0.5908272249308026,0.012904388602995639,0.033837588242998776,739.0760250091554,0.1366412579836876
hospital,Napak,Bokora,Matany,31200.95289993286,0.5172241621686239,4,0.5726534720385442,0.16987889345022994,0.19315122239456414,726.1188392639157,0.2602015239079711
hospital,Moroto,Matheniko,Tapac,18853.54852962494,1.4396677879845685,4,1.7394840668728646,0.8587516792408899,0.8969397358297926,719.9803781509399,0.9716490240745329
hospital,Kibuku,Kibuku,Lwamata,15006.391357421875,0.5890288208689844,4,0.7442429515829874,0.0,0.04795469920132826,719.6269836425781,0.5467614718656906
hospital,Pallisa,Pallisa,Chelekura,14415.935061454773,0.523669172328967,4,0.728863882207494,0.0,0.04965428798692419,715.812991142273,0.9301107414707306
hospital,Kyankwanzi,Kiboga,Bananywa,44911.49388885498,0.7156123865419306,10,0.757326026873567,0.013994422186212531,0.0298946152846235,714.1014251708984,0.3095372532240075
hospital,Budaka,Budaka,Nansanga,13192.459167480469,0.5817465914838663,4,0.7612237873686755,0.0,0.052699978127208544,695.2423095703125,0.3394358106900993
hospital,Pader,Aruu,Angagura,11172.200420379639,1.1119180154274921,8,1.2269755638703925,0.6246037442049528,0.6866608425834182,693.3143405914318,0.7963970726190062
hospital,Dokolo,Dokolo,Agwata,31520.12378835678,0.6507998967122454,9,0.684619397588024,0.007694545924857097,0.029623168249067515,691.1928901672363,0.18304914319111731
hospital,Rubirizi,Bunyaruguru,Katunguru,5313.751313120127,0.9801852765962847,10,1.0849213777061812,0.4323988048817531,0.5616552420314657,686.8365626335143,0.8282871328774333
hospital,Bukwo,Kongasis,Chepkwasta,13260.302486419678,1.0095295570973568,5,1.281372227394818,0.38075852307882424,0.43197506449693956,679.1468315124511,0.5362822883617304
hospital,Kasese,Bukonjo,Kyondo,30954.107627868652,1.2564147163826118,4,1.4916486498476969,0.5304710210833089,0.5522842177823529,675.2080383300779,0.6095703596731266
hospital,Kabarole,Burahya,Hakibaale,36248.38620376587,0.5098492387239699,10,0.5923276483022201,0.05906252812093106,0.07768660973775822,675.0929031372071,0.20018855697826138
hospital,Kamwenge,Kibale,Kahunge,29154.55347442627,1.135339853099666,10,1.2695164652406683,0.9774128698920546,1.0,658.517692565919,1.0
hospital,Lamwo,Lamwo,Padibe East,10823.216095924377,0.5961958195057091,7,0.6660091971044462,0.061102419730413186,0.12178507174185846,656.7814559936522,0.28889258489319847
hospital,Kiboga,Kiboga,Kapeke,20592.526410102844,0.3469216520201199,4,0.38415203815211174,0.019291381945407308,0.05081594812666884,649.1704616546632,0.16077046742419915
hospital,Luuka,Luuka,Bukooma,48007.011642456055,0.6040154543972257,4,0.707304404174587,0.0,0.013175750269926298,632.5283966064453,0.29848853939018954
hospital,Bugiri,Bukooli,Nabukalu,47806.94073486328,0.3687378857093806,4,0.4638977898128883,0.0,0.013106275861576158,626.5709533691406,0.0721897084421135
hospital,Kasese,Bukonjo,Kisinga,20295.490234375,0.2860380087883194,4,0.3520131893066596,0.0,0.030720515140996437,623.4879150390625,0.16986722643509838
hospital,Ssembabule,Lwemiyaga,Lwemiyaga,46804.212646484375,1.4381238294947913,4,1.6421994538590534,0.9868158336817544,1.0,617.0745239257838,1.0
hospital,Kapchorwa,Tingey,Chema,11688.856285095215,0.3238692513990476,5,0.3719263038372287,0.07499977819395386,0.1274265007882533,612.8084259033203,0.1764697296956482
hospital,Kanungu,Kinkizi,Kayonza,38174.030462265015,0.2609087794833614,10,0.31462543657775777,0.05056056238327521,0.06635496025132065,602.9358253479004,0.12310661421764298
hospital,Nakasongola,Buruli,Kakooge Town Council,11258.728874206543,0.7480044341303761,4,0.8032886447740499,0.023946378367173907,0.07749584157660451,602.8988876342773,0.2673235688370323
hospital,Namisindwa,Bubulo,Mukoto,10138.633224487305,0.5318698181155472,5,0.7141878441182192,0.13099334606492244,0.19035254100093063,601.8211059570312,0.3108293204745424
hospital,Isingiro,Bukanga,Kakamba,14192.41120147705,1.110420735825326,4,1.2071618795902144,0.8484556918394617,0.8907156625476392,599.7708816528311,0.9530739795915556
hospital,Kalaki,Kalaki,Kalaki,14748.245956420898,0.44918496080152476,8,0.6134647414045139,0.0,0.04062750425538834,599.1844253540039,0.5623613220432634
hospital,Nakapiripirit,Chekwi,Namalu,39362.75489425659,1.7453875478867131,5,2.251430364161261,0.9848710342462818,1.0,595.5177707672134,1.0
hospital,Mukono,Nakifuma,Ntunda,20054.996166229248,0.3981170875502544,4,0.4787630950826208,0.01048013739585412,0.04011748421479444,594.3768768310547,0.09445240777313031
hospital,Kaberamaido,Kaberamaido,Kaberamaido,24986.99102973938,0.5640425855712734,9,0.7001057610589551,0.0011129940885308944,0.024829632125086872,592.607421875,0.45197078642229777
hospital,Napak,Bokora,Lotome,25460.117345809937,1.3457781976716587,4,1.5349093880089457,0.4798503722279669,0.5030259752935005,590.0535736083971,0.6049350402590442
hospital,Buikwe,Njeru Municipality,Wakisi Division,50409.68000411987,0.312785489436887,4,0.35517811537025973,0.005091054717218842,0.016663424525471208,583.3594589233398,0.059586774151160135
hospital,Mbarara,Kashari,Bukiro,18910.51954650879,0.7275598993333958,4,0.8084464070646203,0.0,0.030216936926245806,571.4179763793945,0.7719716953221071
hospital,Napak,Bokora,Lokopo,27560.048692703247,1.6334111247786778,4,1.859032759095313,0.6914874923603495,0.7122186872034623,571.3527393341075,0.7747375563526655
hospital,Kaabong,Dodoth,Loyoro,4125.7807467877865,2.016025964938082,4,2.342528437502643,0.6690365426767066,0.8062222496200493,565.9981484413147,0.9214004622269385
hospital,Rwampara,Rwampara,Mwizi,41732.03300476074,0.5205481282815826,4,0.5696550430267019,0.013041332486412465,0.026489727730960425,561.2288742065429,0.16700126729715253
hospital,Arua,Vurra,Logiri,47717.435649871826,0.6925167473163315,10,0.7790977737683144,0.0013544100606907694,0.012997266024307534,555.5672302246094,0.5064287334420597
hospital,Kasese,Busongora,Buhuhira,24367.196319580078,0.7285542068443148,10,0.8350173269455269,0.02977898614574108,0.05257465058653362,555.4664306640625,0.8340317571798129
hospital,Masindi,Bujenje,Budongo,37579.754888534546,0.5532950199935734,4,0.614625618596094,0.006244238286569968,0.020991094676763637,554.1832485198975,0.22549589659837416
hospital,Mityana,Busujju,Maanyi,25696.730026483536,0.5912771929596917,4,0.7326331624609304,0.0037926185155230186,0.025347745502004523,553.8962788581848,0.8007082818702235
hospital,Bunyangabu,Bunyangabu,Katebwa,11085.578674316406,0.6383874203067568,4,0.7293861140034233,0.18628959487605862,0.2357971337724049,548.8197174072264,0.3681949676720784
hospital,Kassanda,Kassanda,Nalutuntu,36926.99167251587,0.5672629288683655,4,0.6150488554188075,0.028728601501249257,0.04315765506612683,532.8215408325195,0.18352512549340066
hospital,Dokolo,Dokolo,Kangai,21816.532592773438,0.6765739322753285,9,0.7897411398346331,0.0,0.024364620118723014,531.5515289306641,0.6217303785757508
hospital,Nabilatuk,Pian,Lorengedwat,11843.317299842834,0.966280309126842,4,1.0332950957746834,0.35865942081612484,0.4028051700931414,522.8321161270142,0.4813740581064567
hospital,Rubirizi,Bunyaruguru,Kichwamba,21230.99140319228,0.8533632024824522,10,0.9363054356069503,0.2815251032124147,0.30599939186128355,519.6134119033811,0.3476906822371917
hospital,Kyankwanzi,Kiboga,Kyankwanzi,7482.097409248352,1.1921073874707364,4,1.3606789640487067,0.7757649089775035,0.8440951847607849,511.25377941131546,0.9687483774117349
hospital,Kyankwanzi,Kiboga,Butemba Town Council,20678.786569595337,0.7467779199189852,4,0.7742309332789027,0.10784054547288688,0.1324432739841773,508.75457191467257,0.2433305934743928
hospital,Kitagwenda,Kitagwenda,Ntara,23440.351760864258,0.7530621442366093,4,0.8077714988967877,0.0,0.021674435025921028,508.05638122558594,0.4807272620050925
hospital,Dokolo,Dokolo,Adeknino,20447.17755174637,0.7022319336528369,9,0.7754913554413202,0.014281169446299608,0.03880784770731909,501.50134515762323,0.5329200547294036
hospital,Pakwach,Jonam,Wadelai,33377.90926742554,1.4461646758800006,10,1.6891265760882948,0.9835033384321068,0.9984656064837866,499.4092254638673,1.0
hospital,Ngora,Ngora,Ngora,33352.39194869995,0.41121546034581785,5,0.5032997267793371,0.0,0.014736864752820624,491.5096893310547,0.1162212028947276
hospital,Kasese,Busongora,Karusandara,14506.31660079956,0.7433178931520343,10,0.8246643986523055,0.2653294182862291,0.2986425849619655,483.2513427734379,0.480891433871355
hospital,Moroto,Matheniko,Katikekile,13040.986283302307,0.46082224066599775,4,0.5290846709228844,0.07012434026932891,0.10693284783606864,480.01924228668196,0.3740088753641135
hospital,Ntungamo,Ruhaama,Ruhaama,30118.271224975586,0.675068754723435,4,0.7758492166258217,0.0,0.015844439891549926,477.20713806152344,0.9274051505269101
hospital,Kitgum,Chua,Mucwini,25669.1114654541,0.6164342989114795,7,0.6890959744425827,0.09558741898367337,0.11404744062227688,473.8523530960082,0.22423457684973172
hospital,Kasese,Busongora,Kitswamba,25872.848083496094,0.5814420472195537,10,0.6279876001657891,0.06246742353551383,0.0806663975934574,470.8592910766603,0.162400275623013
hospital,Kasese,Bukonjo,Ihandiro,16937.803253173828,0.40155723219687195,4,0.46568622826789047,0.17163695828446712,0.19930280739737605,468.598709106445,0.23986072814075557
hospital,Masindi,Masindi Municipality,Karujubu Division,39823.81978416443,0.27407566527979776,4,0.31141889045122806,0.02387975052870669,0.03557368137977674,465.6969947814942,0.09350359807140254
hospital,Kween,Kween,Kaptum,12367.214546203613,0.40508754924897517,5,0.4466956186321672,0.011913124659451177,0.048864047926794274,456.97999572753906,0.1248008189313068
hospital,Butaleja,Bunyole,Budumba,29356.425567626953,0.39972009604853287,4,0.48491240073319464,0.0,0.015416653299306707,452.5778350830078,0.09560924283039082
hospital,Amuria,Amuria,Asamuk,28404.786224365234,0.6795444284301646,5,0.7585874176829339,0.0,0.01557423649599226,442.3828582763672,0.3607166172181665
hospital,Kiboga,Kiboga,Kibiga,32494.69327545166,0.3296530074207384,4,0.4070553682139655,0.0,0.01354027031790939,439.98693084716797,0.12738180754962736
hospital,Moroto,Matheniko,Rupa,18449.74299621582,1.1636662085889642,4,1.336473121181847,0.5450747363341492,0.5687830420602338,437.41214752197317,0.6381188910509493
hospital,Kasese,Kasese Municipality,Bulembia Division,15725.641403198242,0.7387309260717771,4,0.8785882313106466,0.4089571027534965,0.43649599922864024,433.0668106079105,0.4680323941989139
hospital,Katakwi,Katakwi,Ngariam,11482.671779632568,0.8825888997760193,8,1.0157016432573356,0.34528641916720065,0.3820322914061695,421.94079017639154,0.5353227591289995
hospital,Katakwi,Toroma,Toroma,15202.637140929699,0.6085204916282442,5,0.6878798290764913,0.018371062658543453,0.045982161311863404,419.76151388883585,0.35156979629109786
hospital,Kyenjojo,Mwenge,Kyembogo,25338.522857666016,0.7186316739739613,4,0.8436679501294989,0.005635932249180502,0.022030632842465363,415.417495727539,0.9874266017438763
hospital,Kazo,Kazo,Nkungu,33299.571632385254,1.2211386903690915,4,1.3099707633140298,0.987778463689535,1.0,406.97192382812545,1.0
hospital,Kasese,Busongora,Muhokya,26873.939007878304,0.9314080710755017,4,1.0180414816530468,0.42221098186149014,0.4372415465810165,403.93047952651864,0.4783758578468752
hospital,Mayuge,Bunya,Kigandalo,32238.547912597656,0.6686914497405081,4,0.8110168116195218,0.0,0.012402085444854695,399.8252258300781,0.7821213685776018
hospital,Nakaseke,Nakaseke,Kapeeka,35000.16584777832,0.6685780873955293,4,0.7420997764417879,0.0,0.011377093001175438,398.20014190673834,0.33897921344644993
hospital,Serere,Kasilo,Kasilo Town Council,5630.78239440918,0.8439920324704546,5,0.9428318490134792,0.0,0.07045276576646313,396.7041931152343,1.0
hospital,Kamwenge,Kibale,Nkoma,50730.04586029053,1.3028257767836275,4,1.4878422471400226,0.992284367650435,1.0,391.4143829345716,1.0
hospital,Kasese,Busongora,Kilembe,18937.030403137207,0.4259761650759037,4,0.5197346827133434,0.22565865938440455,0.24609064350199109,386.9211044311528,0.28066393283382396
hospital,Soroti,Soroti,Kamuda,58331.05244910717,0.29858153652034125,5,0.34515509159501545,0.00023441358117863147,0.006844065024238162,385.54792499542236,0.08883772544169129
hospital,Ntungamo,Rushenyi,Ngoma,32257.20962524414,0.38159672864904337,4,0.43860642485283907,0.016514527337588885,0.028371941519496926,382.48709487915045,0.10033248045281029
hospital,Buliisa,Buliisa,Buliisa,25183.80124938488,0.5716989656722156,10,0.6410821500027201,0.10257356337838651,0.1177454560789285,382.08593034744274,0.3140753109156491
hospital,Kagadi,Buyaga,Bwikara,64355.48806762695,0.47370388007761866,4,0.5657172927794313,0.0,0.005924746419591956,381.2899475097656,0.42349634101233696
hospital,Pader,Aruu,Acholibur,18433.099254608154,0.6141629800624555,7,0.7329032363819042,0.0,0.020123880572245074,370.9454879760742,0.7699960645338015
hospital,Bududa,Manjiya,Bubiita,8613.599517822266,0.6616340170178463,5,0.8148333082148432,0.30082416544351825,0.3438681195060292,370.7633819580079,0.41224103595605166
hospital,Mpigi,Mawokota,Nkozi,53823.5986199379,0.24193921813441222,4,0.28549464021201043,0.005604441305956818,0.01241757481117032,366.7073631286621,0.03820510036148596
hospital,Kiboga,Kiboga,Muwanga,22940.71282196045,0.672702443305292,4,0.7046402771564525,0.0,0.01581272554314098,362.7551956176758,0.14372148387680783
hospital,Hoima,Bugahya,Kyabigambire,57827.21684265137,0.4563354197250048,10,0.490828296299604,0.0020074225018800462,0.00823962647021303,360.39101028442377,0.11299182189839527
hospital,Bududa,Manjiya,Nalwanza,14006.890197753906,0.30569608469924164,5,0.3953920474694123,0.09110512807877161,0.11645880653071618,355.1261901855468,0.14338525012424458
hospital,Arua,Terego,Omugo,58665.605350494385,0.4673967171295394,10,0.5184684172260522,0.0,0.005932949563679959,348.0600776672363,0.05364913943497001
hospital,Adjumani,East Moyo,Ukusijoni,13050.318315029144,1.5655729006702501,8,1.8715460134435662,0.5961473966950968,0.6228093459873653,347.94692516327,0.7701104777215557
hospital,Nwoya,Nwoya,Purongo,10702.611783027649,0.4741269623883244,8,0.6128251961674055,0.008220796058531068,0.04064094049385941,346.98021984100336,0.3387295062895277
hospital,Kasese,Busongora,Rugendabara,12431.0514793396,0.6321691397903408,10,0.6853616022688876,0.09487280852667838,0.12242530915135588,342.50655364990246,0.2935425962330938
hospital,Sironko,Budadiri,Zesui,14138.440032958984,0.5475990266772913,5,0.7294126124829554,0.0,0.02402702706978832,339.7046813964844,0.30401275336909306
hospital,Omoro,Omoro,Odek,42940.51627922058,1.3499188273740061,8,1.602505031702402,0.9920901871536066,1.0,339.6514472961422,1.0
hospital,Serere,Serere,Olio,39144.69779968262,0.6758453516805114,5,0.7743578955735517,0.0,0.008661042461113513,339.0338897705078,0.492451747965667
hospital,Katakwi,Toroma,Omodoi,21478.414124965668,0.4757087692696434,8,0.5391810500177185,0.01173180860947944,0.027508875080425398,338.86636734008783,0.12896346460726948
hospital,Kapchorwa,Tingey,Munarya,7461.800506591797,0.5610945635931609,5,0.6602210413970088,0.22782807591558077,0.27287355063343277,336.12034606933605,0.3301945483408355
hospital,Kapchorwa,Tingey,Sipi,9903.427791595459,0.5896645175865326,5,0.6896601621160697,0.2398323142613161,0.2737222656154342,335.6266860961916,0.346712673325805
hospital,Nwoya,Nwoya,Alero,30867.839805603027,0.48012571932319414,8,0.5926883471242601,0.0,0.010743586704236361,331.6313133239746,0.3309118524106661
hospital,Lamwo,Lamwo,Padibe West,14975.72437286377,0.6060854717231487,7,0.6698708881413253,0.004785294399470738,0.026873065158457318,330.780366897583,0.274232498446831
hospital,Lira,Erute,Ogur,47159.0358581543,0.5165798777683244,8,0.6247430513619091,0.0,0.007007367137329755,330.46067810058594,0.45250907109713256
hospital,Ssembabule,Lwemiyaga,Ntuusi,31807.20078086853,1.4965379888063188,4,1.7148346285505263,0.9897145278839511,1.0,327.1520767211924,1.0
hospital,Ntoroko,Ntoroko,Bweramule,6711.055184602737,0.736953649967413,4,0.7867436072006435,0.1956993596075447,0.244097076006135,324.7997455596924,0.30901856662063415
hospital,Bulambuli,Bulambuli,Bumugibole,12157.583770751953,0.8402716648775852,5,1.0097691138570033,0.3099394270097168,0.33659764118757,324.09947204589827,0.3790357242219455
hospital,Kapelebyong,Kapelebyong,Obalanga,23553.007932662964,1.2653408605153267,7,1.4345167070119778,0.9863256690747675,1.0,322.0716247558599,1.0
hospital,Bundibugyo,Bughendera,Ntotoro,22565.700689315796,0.44595149312226207,4,0.4744893138881729,0.11396708689926147,0.12822835696521526,321.81555175781216,0.17185634757042037
hospital,Bundibugyo,Bughendera,Nduguto,5101.860061645508,0.5628406485086238,4,0.6695411037067762,0.12147053623622002,0.18248596125236174,311.2921600341797,0.33777110190270204
hospital,Oyam,Oyam,Loro,72454.9116973877,0.40802851487818653,8,0.4577196028052521,0.0,0.004283827011723745,310.3843078613281,0.16520007500126738
hospital,Nakaseke,Nakaseke,Ngoma,10785.244376659393,1.3747914741594596,4,1.587028207510953,0.9587704390994836,0.9874235317837303,309.0306067466728,1.0
hospital,Lyantonde,Kabula,Mpumudde,17991.20601272583,0.5967146000685205,4,0.694710012836119,0.0,0.01699993001846148,305.8492431640625,0.39381758374774833
hospital,Kiruhura,Nyabushozi,Kenshunga,34455.54885101318,0.3732107275014829,4,0.4382199295937376,0.005146133793145916,0.013905940610511883,301.8239517211914,0.262640187811121
hospital,Masindi,Buruuli,Miirya,26222.341811180115,0.4403041036684068,10,0.48311771407407994,0.0014355858375348428,0.012564044655108011,291.8142509460449,0.10671738582777796
hospital,Bundibugyo,Bughendera,Butama-Mitunda Town Council,9511.804100036621,0.8380969187361038,4,0.9667945434031867,0.4068734979034418,0.43698138514601864,286.38032531738276,0.4990884045319065
hospital,Rubirizi,Bunyaruguru,Kirugu,13172.30103111267,0.6683242872865034,10,0.7125076889386586,0.06266716978647614,0.08431902174767984,285.2047119140624,0.2159797068060424
hospital,Kasese,Bukonjo,Kisinga Town Council,29259.031661987305,0.223845678559856,4,0.26910533821425425,0.03461148801355933,0.0443380739069973,284.5904846191407,0.11900944032915092
hospital,Bundibugyo,Bwamba,Kisubba,21625.003005981445,0.3534142337449519,4,0.42294270106703247,0.06466323641656771,0.07765995282369752,281.0540313720705,0.15229780851848393
hospital,Kyankwanzi,Kiboga,Kyankwanzi Town Council,9270.121963500977,1.4223570457497214,4,1.6720969773664818,0.9465146372501978,0.9765349772776164,278.29221343994067,0.9985714588034913
hospital,Buikwe,Lugazi Municipality,Najjembe Division,42738.090854644775,0.18185011420019231,4,0.21215284188711347,0.0019743027355731734,0.00848044779845718,278.0602188110352,0.02193506120905953
hospital,Kanungu,Kinkizi,Kihihi,21548.8174610734,0.7685684054610215,10,0.8409934825530849,0.15870859371158877,0.1712211659874282,269.6311359405517,0.4211481191773776
hospital,Madi Okollo,Madi Okollo,Offaka,24615.67914581299,0.6118685151872368,8,0.6803686022827196,0.0018737553390329312,0.012521201100289692,262.09410858154297,0.4252510261200614
hospital,Rubanda,Rubanda,Ruhija,12015.98212814331,0.6698890245617615,4,0.8036825307217458,0.007474794851134804,0.02891918520361786,257.6754112243652,0.93657467141524
hospital,Agago,Agago,Patongo,13424.164337158203,1.3016658306233175,8,1.7765428770878313,0.9809183841484838,1.0,256.154747009277,1.0
hospital,Bundibugyo,Bwamba,Tokwe,18901.031856536865,0.4038417976215846,4,0.4514080028310536,0.15518596870611984,0.1686670639204691,254.80661010742202,0.22223705008958605
hospital,Bukwo,Kongasis,Kabei,15676.886240005493,0.6741966716240114,5,0.8395215056923266,0.20099802195756192,0.21691009380945314,249.45174026489227,0.2498819267256592
hospital,Mpigi,Mawokota,Kituntu,28044.747619628906,0.25066969587435295,4,0.330010842078943,0.0,0.008496607654203923,238.28521728515622,0.10950515114041391
hospital,Buhweju,Buhweju,Bitsya,19918.768783569336,0.6132036663488869,4,0.7688418982809342,0.0,0.01189220043148716,236.87799072265625,0.9788563249105436
hospital,Rubirizi,Bunyaruguru,Rutoto,15634.208045959473,0.6168190565348335,10,0.68879481631677,0.18431046902424641,0.19922537134399101,233.1826858520506,0.2582191479104792
hospital,Kaabong,Dodoth,Kakamar,4570.5700051784515,0.29555368218497224,8,0.3691755613850538,0.03302829692209451,0.082546067260081,226.32443583011627,0.15972204889294137
hospital,Pakwach,Jonam,Pakwach Town Council,28172.79815196991,0.7762248793224912,10,0.8198314842296395,0.0019779006154731576,0.009969740114857722,225.15248107910156,0.10190298861085134
hospital,Bundibugyo,Bwamba,Bubukwanga,17124.067405700684,0.27929295730387865,4,0.3044212170711798,0.04162287751610924,0.05454132123180681,221.2163009643555,0.12191702906337393
hospital,Kaabong,Dodoth,Lodiko,7226.9960787296295,1.151338427282524,4,1.3527672689978703,0.4328759826864723,0.46340052552513,220.6007513999937,0.5553321470391466
hospital,Otuke,Otuke,Ogor,16597.008533477783,1.3453565686009286,7,1.6672152542753031,0.9873853412645852,1.0,209.36559867858927,1.0
hospital,Omoro,Omoro,Lakwana,15261.200939178467,0.5789311360644159,8,0.6562423259346369,0.0,0.013682508277749705,208.81150817871094,0.27512857936988405
hospital,Agago,Agago,Parabongo,15011.823719978333,0.2673674108101933,8,0.35963862611589237,0.0,0.013894565151375342,208.58276271820068,0.14538006648410196
hospital,Kiruhura,Nyabushozi,Nyakashashara,26475.787166133523,0.3012677328500045,4,0.3363141965633941,0.01451048288161324,0.02234497273012246,207.42428578436378,0.08085623619329979
hospital,Kiryandongo,Kibanda,Kigumba,57823.981842041016,0.40183141177639503,4,0.4286595108334095,0.019804109724012756,0.023387309150109423,207.19485855102548,0.036990565762515415
hospital,Mukono,Mukono,Mpatta,22599.047216415405,0.44528833026208126,4,0.5639601115442,0.00010992445024898885,0.009233516692802472,206.1844918727875,0.13629188759520927
hospital,Butaleja,Bunyole,Busabi,24289.188232421875,0.4489441695595273,4,0.6159962193970223,0.0,0.00842594557271259,204.65937805175784,0.4798949305857063
hospital,Kiruhura,Nyabushozi,Kanyaryeru,11037.008750915527,0.47647381178427617,4,0.5150430232681674,0.010579561353103078,0.02907005092599876,204.07969522476193,0.17681775741738365
hospital,Kapchorwa,Kapchorwa Municipality,Western Division,26038.649810791016,0.22468223565997897,5,0.2602934846416961,0.03126827835040707,0.03907649760852315,203.3154869079591,0.08431686885526544
hospital,Ntoroko,Ntoroko,Kibuuku Town Council,3165.9907331466675,0.7329248737880542,4,0.7662335906263854,0.07035428925928969,0.1332131555489272,199.01058816909784,0.26955890604426724
hospital,Nwoya,Nwoya,Anaka Payira,21328.251541137695,0.30632241163518964,8,0.4093838615334471,0.004101798043862195,0.01337538620930787,197.789421081543,0.14826741798899856
hospital,Kapelebyong,Kapelebyong,Kapelebyong,16541.43451309204,1.2131149669767949,8,1.471807387734143,0.9881269779777431,1.0,196.39681625366262,1.0
hospital,Dokolo,Dokolo,Okwongodul,17184.2354888916,0.6935323427660173,9,0.8002555360451615,0.0,0.011278087595787025,193.80531311035156,0.6156311168039972
hospital,Kikuube,Buhaguzi,Bugambe,42435.24133682251,0.39868487279886594,10,0.44369473916806795,0.001518636053638862,0.006050488520716418,192.31025314331058,0.0367308478287795
hospital,Amuria,Amuria,Willa,17892.153743743896,1.1892083820291568,8,1.3714867806221676,0.9893282147091266,1.0,190.94122314453202,1.0
hospital,Mukono,Mukono,Ntenjeru,54706.09110850096,0.39181784567863964,4,0.44283836105507013,0.0,0.0034449724086682955,188.46097445487976,0.027836251527075615
hospital,Iganga,Kigulu,Nawandala,40069.70146179199,0.669823186208191,4,0.7402924988525079,0.0,0.004676899388905317,187.40196228027344,0.13437469880017938
hospital,Lyantonde,Kabula,Kinuuka,11409.292097091675,0.5086673272742249,4,0.5667954481729708,0.0,0.016104256534541565,183.73816680908203,0.18982988593463668
hospital,Mukono,Nakifuma,Seeta Namuganga,50675.617820739746,0.4211888141984478,4,0.48223117082438355,0.0,0.003609520030714118,182.91465759277344,0.0396739465885291
hospital,Kibuku,Kibuku,Nankondo,13688.355934143066,0.39676478132476806,4,0.5416874767264228,0.0,0.013172095861279865,180.30433654785156,0.2943211867243143
hospital,Kyankwanzi,Kiboga,Banda,2044.7940607070923,0.7152045886822316,4,0.8050439797388098,0.040654159574429846,0.12845418169042908,179.53296375274658,0.6680657417653996
hospital,Madi Okollo,Madi Okollo,Rigbo,34653.30417180061,1.4212334762636631,10,1.7138238754332682,0.9948451141535058,1.0,178.6338272094717,1.0
hospital,Bundibugyo,Bughendera,Kagugu,3393.9133224487305,1.1337947024910833,4,1.3057435489509128,0.5168679745663659,0.5687688295495265,176.14700317382818,0.6390425056855559
hospital,Kiruhura,Nyabushozi,Sanga Town Council,12506.486243963242,0.5215342547560812,4,0.5498321125615908,0.0,0.014058404296661654,175.8212399482727,0.09495624824092506
hospital,Otuke,Otuke,Orum,17475.75905227661,1.2137938485114148,8,1.3925062231752545,0.9900612415808352,1.0,173.68734741210974,1.0
hospital,Dokolo,Dokolo,Okwalongwen,18621.803649902344,0.5998773384417256,8,0.727708070248747,0.0,0.008993229493614169,167.47015380859372,0.5951668202771442
hospital,Kotido,Jie,Panyangara,40365.13148498535,2.008247609052006,7,2.299799191491557,0.9958850764515406,1.0,166.09943008422766,1.0
hospital,Kikuube,Buhaguzi,Buhimba,40923.60939025879,0.4250336969968355,10,0.46867103174079094,0.0,0.004018390342233793,164.44703674316406,0.12218985239715603
hospital,Oyam,Oyam,Aber,34072.49675369263,0.29026734841347857,8,0.3577670107299212,0.0,0.004805573077342722,163.73787307739258,0.23900295202893687
hospital,Kazo,Kazo,Engari,33496.04196929932,0.5579272314140519,4,0.622225795597055,0.0,0.0048733566589540004,163.2381591796875,0.3193585029806304
hospital,Moyo,Moyo,Moyo,22620.062229156494,0.2142512359901563,8,0.2680312265542542,0.004042326855094028,0.011222689756645048,162.42025566101074,0.11022756044602103
hospital,Buliisa,Buliisa,Kigwera,19721.938551664352,0.255289522791775,10,0.28248837644045854,0.025229387399448203,0.033386257641605604,160.8692936897278,0.07738937634791355
hospital,Bulambuli,Bulambuli,Masiira,15739.456115722656,0.8292513525184575,5,0.9839112754375783,0.3294733978133745,0.3390581621891134,150.8589782714844,0.3833817442091932
hospital,Pader,Aruu,Puranga,23134.692176818848,1.3136618931011783,8,1.630166059736089,0.9935733742253039,1.0,148.67800903320432,1.0
hospital,Kween,Kween,Benet,9998.985954284668,1.2062953012791662,5,1.4583415435743867,0.4711468336403653,0.4855501416595294,144.01847457885773,0.5109777916650571
hospital,Kyenjojo,Mwenge,Kyarusozi Town Council,17537.857986450195,0.5775100711838118,10,0.6717399584074486,0.0,0.008198388060755783,143.78216552734375,0.5759808200949658
hospital,Kasese,Bukonjo,Nyakatonzi,36412.944343566895,0.3290336969111183,4,0.3526126306405448,0.0,0.0038183027227737367,139.03564453125,0.045945073998358246
hospital,Kitgum,Chua,Orom,32593.79083919525,1.935521079907373,8,2.2482957756579256,0.9958060833382126,1.0,136.69564247131342,1.0
hospital,Pallisa,Pallisa,Kasodo,19254.082410812378,0.26116277996120824,4,0.3654477785451178,0.0,0.007070598887657603,136.1378936767578,0.12093204508287687
hospital,Kakumiro,Bugangaizi,Mpasaana,35288.6365814209,1.246520447221857,4,1.4334486803089,0.9962979147628468,1.0,130.64154052734295,1.0
hospital,Zombo,Okoro,Atyak,29378.601036071777,0.43454378064140975,9,0.518412145868247,0.0,0.004312929276862213,126.70782852172852,0.2547590530722098
hospital,Oyam,Oyam,Acaba,38795.55989074707,0.5630200173003312,8,0.6501190130998821,0.0,0.0032063210861968637,124.39102172851562,0.3273040339750838
hospital,Soroti,Soroti,Arapai,53017.94624328613,0.2845008349275871,5,0.3317758599459928,0.0,0.0023427304411574724,124.20675659179688,0.10460571335281744
hospital,Ssembabule,Mawogola,Sembabule Town Council,8633.850456237793,1.1113404693902313,4,1.198073684084736,0.9856535375363924,1.0,123.86521148681686,1.0
hospital,Bukwo,Kongasis,Chesower,4364.9068031311035,1.089288730855074,5,1.304704375833527,0.4293592163951264,0.4573780419898662,122.29956245422356,0.5308145488815428
hospital,Bukwo,Kongasis,Suam,8203.615921020508,0.7743752896206068,5,0.9940750107300467,0.29518309444624696,0.3095802992429919,118.10913848876964,0.3574954823248645
hospital,Moyo,Moyo,Laropi,8859.96650505066,0.5773975268335645,8,0.6866893616833492,0.0,0.013271100591869978,117.58150672912598,0.848828664112343
hospital,Bundibugyo,Bughendera,Sindila,10838.899085998535,2.231984518676887,4,2.5646173878310035,0.8665976377765426,0.8770304652556148,113.08036422729552,0.8978444596024377
hospital,Nakapiripirit,Chekwi,Kakomongole,31750.78133583069,1.6858355213423235,4,2.0310186179520406,0.9965634159946866,1.0,109.11422729492014,1.0
hospital,Lamwo,Lamwo,Palabek Ogili,11274.560351133347,1.6420749298292294,8,1.8545599235108776,0.9903443307885723,1.0,108.86342525482158,1.0
hospital,Rubirizi,Bunyaruguru,Magambo,15207.46908569336,0.4531582122492905,10,0.47239384401331863,0.009575098987876519,0.01647096389168268,104.86865234375001,0.05571498353842468
hospital,Yumbe,Aringa,Kululu,54780.86754608154,0.3003102784872624,10,0.3420763702267295,0.0016420881469150982,0.00351842438285148,102.78732681274414,0.028404401172240773
hospital,Rubirizi,Bunyaruguru,Ryeru,13219.030479431152,0.395992360174466,10,0.420024656951297,0.0,0.0075180736860600205,99.38164520263672,0.043633533321105825
hospital,Moyo,Moyo,Lefori,12832.509712219238,0.5295380129044686,8,0.6347561086489911,0.0,0.007608118621609163,97.63125610351562,0.545225763565859
hospital,Kassanda,Kassanda,Myanzi,30323.287378191948,0.36029470423720683,4,0.3973849286854086,0.01146577600485427,0.014660485889772578,96.87410593032837,0.09250141962184857
hospital,Kapchorwa,Kapchorwa Municipality,Eastern Division,10064.98533821106,0.13753066811968548,5,0.1536416912788501,0.0033532947130532906,0.012947273827772887,96.56325912475587,0.024950058694243715
hospital,Soroti,Soroti,Katine,49267.48077464104,0.45209993315886643,5,0.4999821296012628,0.0,0.0018883398681460118,93.03374814987183,0.08857760643825942
hospital,Ibanda,Ibanda,Nyamarebe,28075.785285949707,0.7187018691080167,4,0.7606150757738558,0.00697981594409068,0.010288609058181953,92.89696502685547,0.3320628122159668
hospital,Abim,Labwor,Lotukei,22199.19548034668,0.47749009265935133,8,0.5584696517955655,0.0,0.004157953848704207,92.30323028564452,0.11154076240243838
hospital,Bukwo,Kongasis,Kamet,7596.548406600952,0.29250555917761606,5,0.41696820337240165,0.0,0.011755326617379259,89.29990768432617,0.09170121900288505
hospital,Madi Okollo,Madi Okollo,Ewanga,4677.307205200195,1.1831657007932674,10,1.3142973093676922,0.9812407891958949,1.0,87.74259185791033,1.0
hospital,Mpigi,Mawokota,Mpigi Town Council,56034.96708679199,0.49042457862551864,4,0.5247327438420577,0.0,0.0014886869758769497,83.41852569580078,0.0335705143270919
hospital,Mityana,KCCA,Central Division,33229.10221850872,0.11339634496840138,4,0.13552910987194008,0.0,0.0024627227188490784,81.83406496047974,0.005346037455938495
hospital,Kween,Kween,Kaproron Town Council,1119.8869934082031,0.5863064150784267,5,0.6487456111874128,0.0,0.06977161310150459,78.13632202148438,0.20621954729853076
hospital,Kapelebyong,Kapelebyong,Okungur,17285.087781906128,1.3792933326787244,7,1.675625475749911,0.995495112584752,1.0,77.86737442016616,1.0
hospital,Kitgum,Chua,Labongo Akwang,18983.764944076538,0.24425764155219434,7,0.27485462565725605,0.0038773395953577996,0.007976462556229334,77.81678676605225,0.03537570280768395
hospital,Soroti,Soroti,Gweri,65969.35831451416,0.3461215595053883,5,0.401743750567563,0.0,0.001154397255591482,76.15484619140625,0.02947060074097907
hospital,Ntoroko,Ntoroko,Rwebisengo,3853.2440371513367,1.2630815329837624,4,1.4257335746509314,0.9818397901272532,1.0,69.97572040557844,1.0
hospital,Nabilatuk,Pian,Nabilatuk,38188.76112365723,1.777537681264815,4,2.0004802417505476,0.979274951303555,0.9810578947610282,68.08840179443182,0.9860343564482988
hospital,Kotido,Jie,Rengen,43195.87450313568,1.6556162449924698,8,1.9342164211034076,0.998584632901521,1.0,61.13801956176631,1.0
hospital,Kyankwanzi,Kiboga,Butemba,26395.297080993652,0.5643769739975507,4,0.5974442285104046,0.027687015781389577,0.02996317673635974,60.07994461059571,0.2009692169379246
hospital,Kyotera,Kyotera,Kasasa,21673.351818084717,0.4043272535803268,4,0.434078337703952,0.0,0.0026936549455318292,58.38053131103516,0.04472534357032087
hospital,Kween,Kween,Kaproron,5813.014427185059,0.4810822984465581,5,0.5264721056958758,0.0,0.009475541431278238,55.081459045410156,0.14394749539575452
hospital,Rwampara,Rwampara,Ndeija,38763.092655181885,0.3420393857182984,4,0.37631825932650836,0.0,0.0013204451057488627,51.18453598022461,0.056782116859979026
hospital,Mukono,Nakifuma,Nagojje,45456.87772369385,0.15099863481017625,4,0.17297395962454287,0.0,0.0011149184939982745,50.68071365356445,0.005919773191718081
hospital,Bukwo,Kongasis,Tulel,8998.079814910889,0.3598829882846036,5,0.5182652672162454,0.0,0.0056198295277448155,50.56767463684081,0.09382606390069553
hospital,Isingiro,Isingiro,Isingiro Town Council,35298.323525846004,0.5918155453704059,4,0.6066178871004343,0.010505797768527045,0.011808945330809709,45.99892425537104,0.054878196337026966
hospital,Obongi,Obongi,Obongi Town Council,2864.94402885437,0.7842458989784288,8,0.8526441435859365,0.008919640151178807,0.023073093274449147,40.548851013183594,1.0
hospital,Kween,Kween,Kitawoi,11248.689037322998,0.34075083669459355,5,0.38345475638885995,0.04968897473237627,0.052789769756762826,34.879878997802784,0.06227624729323359
hospital,Buikwe,Buikwe,Ssi-Bukunja,31595.703545570374,0.3714592428713121,4,0.4602765470781756,0.0,0.0009481384486930393,29.957101345062256,0.18820472923199563
hospital,Kaabong,Dodoth,Lolelia,6503.145287156105,1.033527476543854,8,1.3554764205091276,0.49473911389526154,0.49932306310206953,29.810087680816356,0.6608717663902332
hospital,Napak,Bokora,Napak Town Council,2969.396198272705,0.6822610409442943,4,0.7189524367165356,0.05091721805100459,0.06068220872210257,28.996126174926765,0.2548360987990488
hospital,Adjumani,East Moyo,Pacara,18316.24676132202,0.41383731631797643,8,0.5048577654965588,0.002207581344129965,0.003755046743323239,28.343758106231693,0.394825074047455
hospital,Ntoroko,Ntoroko,Karugutu,12076.561714172363,0.5190510691199955,4,0.5405755140853641,0.007804399036497776,0.009881572381742284,25.08511209487915,0.03140452925534773
hospital,Kasese,Bukonjo,Nyakiyumbu,9050.173832535744,0.19899561098173865,4,0.22052279984234868,0.002788069622301026,0.005452895026412259,24.11713314056397,0.057873726902470043
hospital,Kiboga,Kiboga,Lwamata,27040.96476173401,0.4144794691445187,4,0.43606556262633556,0.0,0.0007424064275906383,20.07538604736328,0.012580530855355633
hospital,Pallisa,Pallisa,Agule,25433.477346420288,0.4719161328141236,4,0.6457437252279504,0.0,0.00045586321622154326,11.594186782836914,0.5209042804715197
hospital,Zombo,Okoro,Abanga,22856.434478759766,0.23280012466361044,9,0.2655954875575087,0.0,0.0,0.0,0.0
hospital,Amuria,Amuria,Abarilela,31706.83935546875,0.5584696664141646,8,0.6410548721452698,0.0,0.0,0.0,0.21130214766068176
hospital,Abim,Labwor,Abim Town Council,26773.978561401367,0.18279312581315751,8,0.21684850015939497,0.0,0.0,0.0,0.0
hospital,Nebbi,Nebbi Municipality,Abindu Division,16662.509719848633,0.0658455116776871,9,0.07243626969635819,0.0,0.0,0.0,0.0
hospital,Koboko,Koboko,Abuku,20965.90087890625,0.32972508683110363,10,0.4126270343553693,0.0,0.0,0.0,0.0
hospital,Lira,Erute,Adekokwok,51492.51544189453,0.1355329205110674,8,0.14839600929959357,0.0,0.0,0.0,0.0
hospital,Adjumani,East Moyo,Adjumani Town Council,37976.12615966797,0.03951379715915752,8,0.04747258263230834,0.0,0.0,0.0,0.0
hospital,Adjumani,East Moyo,Adropi,21138.781818389893,0.2042776206832573,8,0.2301136419534221,0.0,0.0,0.0,0.006075703740757258
hospital,Arua,Ayivu,Adumi,37683.91668701172,0.26895167180354584,10,0.33585910673605934,0.0,0.0,0.0,0.0
hospital,Otuke,Otuke,Adwari,15508.00020980835,1.434758799753959,8,1.7942167876810746,1.0,1.0,0.0,1.0
hospital,Lira,Lira Municipality,Adyel Division,37581.715393066406,0.032323452180965676,8,0.034176413786238785,0.0,0.0,0.0,0.0
hospital,Amolatar,Kioga,Agikdak,14748.52006149292,0.47404566290946365,9,0.5245050210193306,0.0,0.0,0.0,0.05784291944743013
hospital,Lamwo,Lamwo,Agoro,21054.657979011536,1.6018827653198768,7,1.7515977237384637,1.0,1.0,0.0,1.0
hospital,Apac,Apac Municipality,Agulu Division,17311.48748779297,0.17019612277588078,9,0.2119055206016143,0.0,0.0,0.0,0.00787101115538998
hospital,Arua,Terego,Aii-Vu,49674.47607421875,0.30200490865310214,10,0.3223341759937157,0.0,0.0,0.0,0.0
hospital,Zombo,Okoro,Akaa,18867.014373779297,0.4360902931543225,9,0.5110010347016736,0.0,0.0,0.0,0.0848585458762467
hospital,Kole,Kole,Akalo,45354.36729431152,0.3846645868081317,9,0.4632526560710251,0.0,0.0,0.0,0.2502427637228098
hospital,Apac,Apac Municipality,Akere Division,9959.79663848877,0.1638563899194042,9,0.19319060331553814,0.0,0.0,0.0,0.0
hospital,Pallisa,Pallisa,Akisim,19203.312774658203,0.42276666675194896,4,0.5468397979602986,0.0,0.0,0.0,0.11231503306423152
hospital,Amolatar,Kioga,Akwon,10051.051177024841,0.317557539324607,9,0.3630497265144853,0.0,0.0,0.0,0.0
hospital,Nebbi,Padyere,Akworo,32410.002433776855,0.4712898355152103,10,0.5450037794775587,0.0,0.0,0.0,0.37718447636764135
hospital,Zombo,Okoro,Alangi,21776.35888671875,0.6313192457864317,9,0.7749296859679893,0.0,0.0,0.0,0.9199046821243014
hospital,Alebtong,Moroto,Alebtong Town Council,7900.213088989258,1.1116191459333784,8,1.3015520486918304,1.0,1.0,0.0,1.0
hospital,Kaberamaido,Kaberamaido,Alwa,31927.41854095459,0.36485598032272,9,0.4387626001108966,0.0,0.0,0.0,0.08378340668913034
hospital,Amolatar,Kioga,Amolatar Town Council,14022.976127624512,0.516764626810744,9,0.5680724568902088,0.0,0.0,0.0,0.04379208806958448
hospital,Amudat,Pokot,Amudat Town Council,14082.183490753174,0.04888821949376769,4,0.06048776690596918,0.0,0.0,0.0,0.0
hospital,Kapchorwa,Tingey,Amukol,4137.244567871094,0.23615559042004888,5,0.23760982889759724,0.0,0.0,0.0,0.0
hospital,Dokolo,Dokolo,Amwoma,18277.95164489746,0.49723162138083443,9,0.5448070344169248,0.0,0.0,0.0,0.07546935307394316
hospital,Nwoya,Nwoya,Anaka Town Council,25266.2435836792,0.09685316777117647,8,0.12031939314051077,0.0,0.0,0.0,0.0
hospital,Kalaki,Kalaki,Anyara,30921.15825653076,0.42778696730945076,8,0.5153239128955359,0.0,0.0,0.0,0.09416222486257429
hospital,Madi Okollo,Madi Okollo,Anyiribu,10658.476976394653,0.31410061888737506,8,0.3393111878195737,0.0,0.0,0.0,0.06387273233216617
hospital,Apac,Maruzi,Apac,30979.599731445312,0.4063491255112581,9,0.5045478880023276,0.0,0.0,0.0,0.36145359241278047
hospital,Alebtong,Moroto,Apala,25356.029319763184,0.4785607020342468,8,0.5345675429938158,0.0,0.0,0.0,0.006016847820571989
hospital,Kalaki,Kalaki,Apapai,14753.463348388672,0.3715127677397377,8,0.39431915247376553,0.0,0.0,0.0,0.0
hospital,Yumbe,Aringa,Apo,59237.895278930664,0.13965613981009634,10,0.16916726779003935,0.0,0.0,0.0,0.0
hospital,Pallisa,Pallisa,Apopong,36419.43772125244,0.2922876075066404,4,0.4144304824408643,0.0,0.0,0.0,0.0997349456514277
hospital,Amolatar,Kioga,Aputi,20584.18042743206,0.26980233364271666,9,0.29883297473208925,0.0,0.0,0.0,0.0
hospital,Arua,Vurra,Arivu,35747.125411987305,0.3102829290411104,10,0.3337676673363471,0.0,0.0,0.0,0.0
hospital,Apac,Apac Municipality,Arocha Division,16884.932189941406,0.18907938820101297,9,0.2272227554006236,0.0,0.0,0.0,0.012562362519204328
hospital,Arua,Ayivu,Aroi,30734.82992553711,0.22400488981371283,10,0.24403477341189095,0.0,0.0,0.0,0.0
hospital,Arua,Arua Municipality,Arua Hill Division,32299.47021484375,0.02423959280562566,10,0.02611580303922996,0.0,0.0,0.0,0.0
hospital,Agago,Agago,Arum,14626.97401046753,1.605451011028494,8,2.043581639561071,1.0,1.0,0.0,1.0
hospital,Amolatar,Kioga,Arwotcek,22767.457080841064,0.4094529257012404,9,0.45725126935549354,0.0,0.0,0.0,0.02456329680998593
hospital,Soroti,Soroti,Asuret,53290.70416069031,0.32781860777303595,5,0.3836141380528446,0.0,0.0,0.0,0.012309306748816893
hospital,Nebbi,Padyere,Atego,13596.70751953125,0.16480948637464218,9,0.2129015262839546,0.0,0.0,0.0,0.08107006967808764
hospital,Zombo,Okoro,Athuma,30986.30125427246,0.24267853837973444,9,0.2802272429743287,0.0,0.0,0.0,0.0
hospital,Serere,Serere,Atiira,27274.87402820587,0.5063655505264858,5,0.5774748019169608,0.0,0.0,0.0,0.10437892555483864
hospital,Apac,Apac Municipality,Atik Division,11965.389892578125,0.13535300673764647,9,0.1652122982729869,0.0,0.0,0.0,0.0
hospital,Kumi,Kumi,Atutur,31480.33839416504,0.09780393682144584,5,0.11114789875713495,0.0,0.0,0.0,0.0
hospital,Amolatar,Kioga,Awelo,15828.476346731186,0.5932993216111533,9,0.6581741507663424,0.0,0.0,0.0,0.20110242800926595
hospital,Pader,Aruu,Awere,23233.961400985718,1.5362191029245449,8,1.917050587104055,1.0,1.0,0.0,1.0
hospital,Arua,Ayivu,Ayivuni,29185.56478881836,0.333910091021811,10,0.40975674899623876,0.0,0.0,0.0,0.0
hospital,Mubende,Kasambya,Bagezza,8784.611083984375,0.44804139833808154,4,0.54964421727782,0.0,0.0,0.0,0.3525905669112915
hospital,Mayuge,Bunya,Baitambogwe,52990.85673522949,0.17923944149507706,4,0.22405190076566697,0.0,0.0,0.0,0.0
hospital,Kamuli,Bugabula,Balawoli,26009.485107421875,0.3209897361580588,4,0.3859777122949717,0.0,0.0,0.0,0.04493391615575639
hospital,Gulu,Gulu Municipality,Bar Dege Division,42489.71026611328,0.03650103205359714,8,0.04339361719992477,0.0,0.0,0.0,0.0
hospital,Mbarara,Kashari,Biharwe Division,27155.080291748047,0.19475996674544274,4,0.20324702221172225,0.0,0.0,0.0,0.0
hospital,Kween,Kween,Binyiny,6452.3073654174805,0.2549787060625359,5,0.28310134115745583,0.0,0.0,0.0,0.0
hospital,Kween,Kween,Binyiny Town Council,4534.4779052734375,0.17763060071973966,5,0.180446634996183,0.0,0.0,0.0,0.0
hospital,Kakumiro,Bugangaizi,Birembo,40456.4807434082,1.2850437924353724,4,1.5974186695945949,1.0,1.0,0.0,1.0
hospital,Isingiro,Isingiro,Birere,27980.503143310547,0.2305534585388528,4,0.24399431844815772,0.0,0.0,0.0,0.0
hospital,Ibanda,Ibanda Municipality,Bisheshe Division,40198.98294067383,0.3328271250310856,4,0.36889300666422153,0.0,0.0,0.0,0.0
hospital,Mitooma,Ruhinda,Bitereko,32733.822509765625,0.407340164889441,4,0.4424372591021147,0.0,0.0,0.0,0.0
hospital,Luwero,Katikamu,Bombo Town Council,31932.478393554688,0.34886162867867804,4,0.35587649463729537,0.0,0.0,0.0,0.0
hospital,Mbarara,Kashari,Bubaare,28215.943565368652,0.33103803037690543,4,0.35970144787903463,0.0,0.0,0.0,0.025744211698730014
hospital,Rubanda,Rubanda,Bubaare,40860.58520531654,0.1290440548201349,4,0.1462711326737844,0.0,0.0,0.0,0.0
hospital,Bundibugyo,Bwamba,Bubandi,10372.780639648438,0.23653372397830105,4,0.2408851991407195,0.0,0.0,0.0,0.0
hospital,Kalangala,Kyamuswa,Bubeke,6712.846569061279,,1,,1.0,1.0,0.0,1.0
hospital,Namisindwa,Bubulo,Bubutu,27820.259185791016,0.5977701466029065,5,0.6858639611416029,0.0,0.0,0.0,0.0
hospital,Mbale,Bungokho,Bubyangu,28108.553802490234,0.37452019444223417,5,0.4609560247162942,0.0,0.0,0.0,0.0
hospital,Sironko,Budadiri,Budadiri Town Council,16920.853515625,0.44969019980898667,5,0.4888167506982261,0.0,0.0,0.0,0.0
hospital,Budaka,Budaka,Budaka,14736.063690185547,0.29201278622838767,4,0.3995960262959409,0.0,0.0,0.0,0.0
hospital,Budaka,Budaka,Budaka Town Council,34977.728759765625,0.4076069998415085,4,0.5403846553470292,0.0,0.0,0.0,0.0
hospital,Butambala,Butambala,Budde,15683.366813659668,0.25504101982923705,4,0.33406360685418834,0.0,0.0,0.0,0.0
hospital,Jinja,Kagoma,Budondo,62894.72702026367,0.25260383563742134,4,0.3038973120820819,0.0,0.0,0.0,0.0
hospital,Bududa,Manjiya,Bududa,16918.82208251953,0.13697073624453313,5,0.17660977618765947,0.0,0.0,0.0,0.0
hospital,Bududa,Manjiya,Bududa Town Council,6840.655029296875,0.032771892562056315,5,0.03872936023702923,0.0,0.0,0.0,0.0
hospital,Mbale,Bungokho,Budwale,9876.285583496094,0.30138259773750886,5,0.32646712425423535,0.0,0.0,0.0,0.0
hospital,Mbale,Bungokho,Bufumbo,20954.404907226562,0.3016261856908205,5,0.3501871404342466,0.0,0.0,0.0,0.0
hospital,Kalangala,Kyamuswa,Bufumira,13682.31707572937,,1,,1.0,1.0,0.0,1.0
hospital,Ibanda,Ibanda Municipality,Bufunda Division,37949.23878479004,0.17586722117882997,4,0.21619789854264182,0.0,0.0,0.0,0.003000177745740567
hospital,Rubanda,Rubanda,Bufundi,28016.45799922943,0.4696680665893851,4,0.5787175154386524,0.0,0.0,0.0,0.32453928522699726
hospital,Kyenjojo,Mwenge,Bufunjo,30002.88999938965,0.661417004173667,4,0.7675244080741005,0.0,0.0,0.0,0.6790425880497568
hospital,Kyenjojo,Mwenge,Bugaaki,41719.91068267822,0.3320943736300867,10,0.35826304468614384,0.0,0.0,0.0,0.0047909282357712114
hospital,Rukungiri,Bujumbura,Bugangari,35417.464668273926,0.3060510418350555,4,0.3218900824260865,0.0,0.0,0.0,0.0
hospital,Bundibugyo,Bwamba,Buganikire Town Councili,3147.8161010742188,0.134636986497999,4,0.15002375614273686,0.0,0.0,0.0,0.0
hospital,Buvuma,Buvuma Island,Bugaya,7657.361080408096,,1,,1.0,1.0,0.0,1.0
hospital,Jinja,Butembe,Bugembe Town Council,44847.125,0.03388277621767041,4,0.037108387434786796,0.0,0.0,0.0,0.0
hospital,Bulambuli,Bulambuli,Buginyanya,7314.27685546875,0.3790565729794674,5,0.4137748197110278,0.0,0.0,0.0,0.0
hospital,Manafwa,Bubulo,Bugobero,17963.63720703125,0.4434063990497517,4,0.4870458049535025,0.0,0.0,0.0,0.0
hospital,Sheema,Sheema,Bugongi Town Council,14134.360160827637,0.3983935505887094,4,0.4704898874536025,0.0,0.0,0.0,0.05190119691403011
hospital,Kamuli,Buzaaya,Bugulumbya,46489.1423034668,0.40165827692090295,4,0.46857481428321474,0.0,0.0,0.0,0.0
hospital,Bugweri,Bugweri,Bugweri Town Council,21837.946685791016,0.26710224561352525,4,0.2733177626875316,0.0,0.0,0.0,0.0
hospital,Kitagwenda,Kitagwenda,Buhanda,33388.83949279785,0.5838953710281352,4,0.643508769167804,0.0,0.0,0.0,0.23023711193209154
hospital,Hoima,Bugahya,Buhanika,20558.44383621216,0.363572992164845,10,0.3798193715640667,0.0,0.0,0.0,0.0
hospital,Kabale,Ndorwa,Buhara,28787.006088256836,0.2776297480187612,4,0.3009369384639942,0.0,0.0,0.0,0.0
hospital,Bunyangabu,Bunyangabu,Buheesi,10618.002227783203,0.21646047591588038,10,0.251208737824489,0.0,0.0,0.0,0.0
hospital,Bunyangabu,Bunyangabu,Buheesi Town Council,22103.97119140625,0.23448606084761903,4,0.25209606853786953,0.0,0.0,0.0,0.0
hospital,Busia,Samia-Bugwe,Buhehe,23660.631408691406,0.22127545640308788,4,0.28180128372824104,0.0,0.0,0.0,0.0
hospital,Kikuube,Buhaguzi,Buhimba Town Council,13374.050064086914,0.22729429375707375,10,0.23712470264394198,0.0,0.0,0.0,0.0
hospital,Sironko,Budadiri,Buhugu,15424.041717529297,0.49903946754856227,5,0.5396931061925788,0.0,0.0,0.0,0.0
hospital,Rukungiri,Bujumbura,Buhunga,26681.253219604492,0.29740838024601335,4,0.3401193279391122,0.0,0.0,0.0,0.0
hospital,Buikwe,Buikwe,Buikwe,21293.386291503906,0.1576498671419403,4,0.1945052665498764,0.0,0.0,0.0,0.0
hospital,Buikwe,Buikwe,Buikwe Town Council,20295.416107177734,0.183035445813705,4,0.21399052631331714,0.0,0.0,0.0,0.0
hospital,Kalangala,Bujumba,Bujumba,15645.810626000166,,1,,1.0,1.0,0.0,1.0
hospital,Hoima,Hoima Municipality,Bujumbura Division,32147.048797607422,0.10077370443179953,10,0.108468414321231,0.0,0.0,0.0,0.0
hospital,Namayingo,Bukooli,Bukana,13245.957217216492,1.1067398764878604,4,1.4153969328138372,1.0,1.0,0.0,1.0
hospital,Luuka,Luuka,Bukanga,50115.00735473633,0.38550030663276774,4,0.4423341813749659,0.0,0.0,0.0,0.0
hospital,Mbale,Bungokho,Bukasakya,29584.464965820312,0.11705505992177376,4,0.12453377956719164,0.0,0.0,0.0,0.0
hospital,Bukedea,Bukedea,Bukedea,41781.29776763916,0.326587767288584,4,0.36506168093177105,0.0,0.0,0.0,0.0026619215371307863
hospital,Bukedea,Bukedea,Bukedea Town Council,9931.665817260742,0.18629387174101208,4,0.1997875996453516,0.0,0.0,0.0,0.0
hospital,Namisindwa,Bubulo,Bukhabusi,12489.441284179688,0.21225914450617642,5,0.2580130329910146,0.0,0.0,0.0,0.0
hospital,Bulambuli,Bulambuli,Bukhalu,35853.627853393555,0.48162987553007935,5,0.5159731513113387,0.0,0.0,0.0,0.020397084124689432
hospital,Namisindwa,Bubulo,Bukhaweka,11005.821411132812,0.2831149483269331,5,0.3381164892633899,0.0,0.0,0.0,0.0
hospital,Manafwa,Bubulo,Bukhofu,8945.236083984375,0.4513295032554177,5,0.5021784906411818,0.0,0.0,0.0,0.0
hospital,Sironko,Budadiri,Bukhulo,21715.346710205078,0.27727299513960924,4,0.28152027473522406,0.0,0.0,0.0,0.0
hospital,Namisindwa,Bubulo,Bukiabi,10061.109130859375,0.6645933131335959,5,0.8019649236875902,0.0,0.0,0.0,0.19646810774480353
hospital,Bududa,Manjiya,Bukibokolo,16033.520263671875,0.1689826925048907,5,0.1922639912735219,0.0,0.0,0.0,0.0
hospital,Mbale,Bungokho,Bukiende,30119.201171875,0.2966537114543346,4,0.3227044184644318,0.0,0.0,0.0,0.0
hospital,Bududa,Manjiya,Bukigai,24537.0009765625,0.11812263666439746,5,0.16283570922258303,0.0,0.0,0.0,0.0
hospital,Sironko,Budadiri,Bukiise,26014.812408447266,0.4449098306022576,5,0.46071470206254994,0.0,0.0,0.0,0.0
hospital,Kisoro,Bufumbira,Bukimbiri,20767.871658325195,0.3293252907250021,11,0.430244554125241,0.0,0.0,0.0,0.23737612899949334
hospital,Rukiga,Rukiga,Bukinda,6713.665061950684,0.26304693078594193,4,0.29374448562248223,0.0,0.0,0.0,0.0
hospital,Sironko,Budadiri,Bukiyi,19443.296966552734,0.2437052989702536,4,0.2599292499849851,0.0,0.0,0.0,0.0
hospital,Namisindwa,Bubulo,Bukokho,23292.731170654297,0.6367158682596277,5,0.7996777430118283,0.0,0.0,0.0,0.6874023646174962
hospital,Bukomansimbi,Bukomansimbi,Bukomansimbi Town Council,11182.332061767578,0.5318488431859085,4,0.7113477935718472,0.0,0.0,0.0,1.0
hospital,Kiboga,Kiboga,Bukomero Town Council,17446.532585144043,0.6835892191784158,4,0.6899616281119587,0.0,0.0,0.0,0.0
hospital,Mbale,Bungokho,Bukonde,26387.530334472656,0.22052964609459838,4,0.25366307369714935,0.0,0.0,0.0,0.0
hospital,Bundibugyo,Bughendera,Bukonzo,16517.891593933105,0.2692421879132307,4,0.33240710186328165,0.0,0.0,0.0,0.09167394031609089
hospital,Rukungiri,Bujumbura,Bukurungu Town Council,3805.3712463378906,0.39703733015601006,4,0.40389917638898903,0.0,0.0,0.0,0.0
hospital,Manafwa,Bubulo,Bukusu,14487.045501708984,0.39871077797303667,5,0.47151924995065453,0.0,0.0,0.0,0.0
hospital,Kabarole,Burahya,Bukuuku,15173.896514892578,0.15260164006481008,4,0.16811040769507987,0.0,0.0,0.0,0.0
hospital,Bukwo,Kongasis,Bukwo,13589.083953857422,0.11316967415908794,5,0.15038846838482378,0.0,0.0,0.0,0.0
hospital,Bukwo,Kongasis,Bukwo Town Council,10368.189880371094,0.03651754440901366,5,0.04634281909815317,0.0,0.0,0.0,0.0
hospital,Sironko,Budadiri,Bukyabo,8902.933349609375,0.5756226495527261,5,0.6473881125534058,0.0,0.0,0.0,0.0
hospital,Sironko,Budadiri,Bukyambi,6676.4561767578125,0.47769953017288025,5,0.5475655563511781,0.0,0.0,0.0,0.0
hospital,Bulambuli,Bulambuli,Bulambuli Town Council,8113.130859375,0.3790720197801273,5,0.3837519514939602,0.0,0.0,0.0,0.0
hospital,Iganga,Kigulu,Bulamogi,40654.347412109375,0.09564330614058308,4,0.10747114511453011,0.0,0.0,0.0,0.0
hospital,Kibuku,Kibuku,Bulangira,18457.216827392578,0.3770405565410896,4,0.486687066529038,0.0,0.0,0.0,0.0
hospital,Bulambuli,Bulambuli,Bulegeni,7814.6966552734375,0.3392207404492685,5,0.34444790422183386,0.0,0.0,0.0,0.0
hospital,Bulambuli,Bulambuli,Bulegeni Town Council,15142.845947265625,0.32976852180824373,5,0.3403714527212357,0.0,0.0,0.0,0.0
hospital,Mityana,Mityana,Bulera,37118.95916748047,0.27151065152437603,4,0.3227161003734315,0.0,0.0,0.0,0.023499194065877332
hospital,Bugiri,Bukooli,Bulesa,52484.27752685547,0.36469891720981557,4,0.4032593081285537,0.0,0.0,0.0,0.0
hospital,Buliisa,Buliisa,Buliisa Town Council,10703.357995033264,0.06488770459667735,10,0.07279381353266792,0.0,0.0,0.0,0.0
hospital,Butambala,Butambala,Bulo,22103.048225402832,0.33171491503651324,4,0.4064416063441001,0.0,0.0,0.0,0.0
hospital,Luuka,Luuka,Bulongo,36263.12615966797,0.5034990594027636,4,0.5752566958412914,0.0,0.0,0.0,0.0413970369656304
hospital,Kamuli,Bugabula,Bulopa,33833.56330871582,0.4431125012231069,4,0.5201799949295483,0.0,0.0,0.0,0.0
hospital,Bududa,Manjiya,Bulucheke,21941.891967773438,0.3034742617274964,5,0.40863141616639875,0.0,0.0,0.0,0.11223259706302456
hospital,Busia,Samia-Bugwe,Bulumbi,17553.279708862305,0.26411845128985156,4,0.3200137090178976,0.0,0.0,0.0,0.0
hospital,Sironko,Budadiri,Bumalimba,15983.755004882812,0.5442133661197972,5,0.6055406903097273,0.0,0.0,0.0,0.0
hospital,Bududa,Manjiya,Bumasheti,17778.630859375,0.13518319891596653,5,0.16745034144810322,0.0,0.0,0.0,0.0
hospital,Sironko,Budadiri,Bumasifwa,12736.778442382812,0.6174521696933309,5,0.6855159590878995,0.0,0.0,0.0,0.05139002283205962
hospital,Mbale,Bungokho,Bumasikye,15536.211486816406,0.4011145610871803,4,0.41258153770778466,0.0,0.0,0.0,0.0
hospital,Bushenyi,Igara,Bumbaire,17186.173263549805,0.19978549323381395,4,0.21410756122236474,0.0,0.0,0.0,0.0
hospital,Namisindwa,Bubulo,Bumbo,20659.120239257812,0.5156645426501408,5,0.6538925566258733,0.0,0.0,0.0,0.0
hospital,Mbale,Bungokho,Bumbobi,21867.29327392578,0.23367830785391383,4,0.2536605605360584,0.0,0.0,0.0,0.0
hospital,Namisindwa,Bubulo,Bumwoni,23127.866638183594,0.6273913796855921,5,0.7469671193928599,0.0,0.0,0.0,0.0
hospital,Manafwa,Bubulo,Bunabwana,13184.102081298828,0.4583447694823615,4,0.5999775955668629,0.0,0.0,0.0,0.0
hospital,Wakiso,Makindye Ssabagabo Municipality,Bunamwaya Division,102071.23291015625,0.12057051851839905,4,0.12111996336174612,0.0,0.0,0.0,0.0
hospital,Bundibugyo,Bwamba,Bundibugyo Town Council,22981.283325195312,0.028903987495755522,4,0.03402090706282916,0.0,0.0,0.0,0.0
hospital,Bundibugyo,Bwamba,Bundingoma,4408.181701660156,0.25440118350986934,4,0.26614564240900207,0.0,0.0,0.0,0.0
hospital,Gulu,Aswa,Bungatira,48179.60131454468,0.20899825162429203,8,0.27219146187798576,0.0,0.0,0.0,0.10410851531175308
hospital,Mbale,Bungokho,Bungokho,39345.933197021484,0.19856459962189046,4,0.22208612109961884,0.0,0.0,0.0,0.0
hospital,Mbale,Bungokho,Bungokho Mutoto,34794.840576171875,0.14511598819190522,4,0.15151875667165182,0.0,0.0,0.0,0.0
hospital,Sironko,Budadiri,Bunyafa,13820.596008300781,0.37884718924584754,5,0.4457174738068314,0.0,0.0,0.0,0.0
hospital,Manafwa,Bubulo,Bunyinza Town Council,1576.8723754882812,0.4189448750426682,4,0.6031784342899918,0.0,0.0,0.0,0.0
hospital,Bundibugyo,Bughendera,Burondo,3335.4355087280273,0.47558185551533916,4,0.4819784147217328,0.0,0.0,0.0,0.0
hospital,Kagadi,Buyaga,Burora,19591.225051879883,0.5182914303908305,4,0.5782977451218768,0.0,0.0,0.0,0.2098238972081453
hospital,Kazo,Kazo,Burunga,32402.376712799072,1.3818652568959107,4,1.5616815086049824,1.0,1.0,0.0,1.0
hospital,Kayunga,Ntenjeru,Busaana,67822.95178222656,0.3774258497970448,4,0.45393672228436116,0.0,0.0,0.0,0.024855227526576807
hospital,Butaleja,Bunyole,Busaba,32718.35612487793,0.3127461976762037,4,0.40857255011754223,0.0,0.0,0.0,0.17568881050362714
hospital,Mayuge,Bunya,Busakira,39704.97183227539,0.5024502459162548,4,0.6264567736555063,0.0,0.0,0.0,0.17731489696660724
hospital,Buvuma,Buvuma Island,Busamuzi,25435.242619514465,1.6707375019003325,4,2.19151230237594,1.0,1.0,0.0,1.0
hospital,Mbale,Bungokho,Busano,20481.35772705078,0.3314087348180332,5,0.39366194495114165,0.0,0.0,0.0,0.019092743938896296
hospital,Kisoro,Bufumbira,Busanza,18806.428457260132,0.4195179563341833,10,0.5116205451514789,0.0,0.0,0.0,0.16780999238548214
hospital,Bundibugyo,Bwamba,Busaru,16020.762481689453,0.09295052830783257,4,0.10755639839942593,0.0,0.0,0.0,0.0
hospital,Jinja,Butembe,Busedde,43353.5167388916,0.38899141381046,4,0.44125446962851783,0.0,0.0,0.0,0.0
hospital,Bugweri,Bugweri,Busembatia Town Council,17035.16619873047,0.44959756746785806,4,0.45141120097591203,0.0,0.0,0.0,0.0
hospital,Kibuku,Kibuku,Buseta,11896.770874023438,0.3663207706349347,4,0.4735063793003795,0.0,0.0,0.0,0.06323397830665033
hospital,Bududa,Manjiya,Bushika,38343.24694824219,0.21903920763959414,5,0.295809093089326,0.0,0.0,0.0,0.0
hospital,Bududa,Manjiya,Bushiribo,16800.742919921875,0.08342314812864784,5,0.113615582006666,0.0,0.0,0.0,0.0
hospital,Hoima,Hoima Municipality,Busiisi Division,27872.45083618164,0.11301416432820278,10,0.12322531849208865,0.0,0.0,0.0,0.0
hospital,Mityana,Mityana Municipality,Busimbi Division,56181.38063764572,0.09963969430422386,4,0.11147331465835866,0.0,0.0,0.0,0.0
hospital,Busia,Samia-Bugwe,Busime,24336.406295776367,0.5241936288326943,4,0.6268265201900787,0.0,0.0,0.0,0.20817566225617506
hospital,Busia,Samia-Bugwe,Busitema,24669.329666137695,0.3965459237142989,4,0.4611345396451309,0.0,0.0,0.0,0.0
hospital,Mbale,Bungokho,Busiu,19482.891326904297,0.3806886428045893,4,0.42556324122826006,0.0,0.0,0.0,0.0
hospital,Mbale,Bungokho,Busiu Town Council,11384.221405029297,0.3574057666075896,4,0.3645383686485565,0.0,0.0,0.0,0.0
hospital,Mbale,Bungokho,Busoba,26777.971282958984,0.2906418030869734,4,0.31283758930589056,0.0,0.0,0.0,0.0
hospital,Butaleja,Bunyole,Busolwe,19910.46762084961,0.16474701817311965,4,0.20553997765134555,0.0,0.0,0.0,0.0
hospital,Butaleja,Bunyole,Busolwe Town Council,22651.93212890625,0.04349174099128258,4,0.052817923217228675,0.0,0.0,0.0,0.0
hospital,Kabarole,Burahya,Busoro,32664.159118652344,0.16523823575498164,10,0.1865909865529946,0.0,0.0,0.0,0.0073406066035707415
hospital,Wakiso,Nansana Municipality,Busukuma Division,64853.25971984863,0.3798102117907851,4,0.42523121729626884,0.0,0.0,0.0,0.0
hospital,Manafwa,Bubulo,Busukuya,15291.715087890625,0.43208564986388615,4,0.46598163352968724,0.0,0.0,0.0,0.0
hospital,Sironko,Budadiri,Busulani,11819.760223388672,0.5237899057822804,5,0.6116399888857719,0.0,0.0,0.0,0.0
hospital,Bundibugyo,Bwamba,Busunga Town Council,10236.605407714844,0.27240633601183556,4,0.27634185882362633,0.0,0.0,0.0,0.0
hospital,Mityana,Mityana,Busunju Town Council,15180.185348510742,0.5772975630399856,4,0.6386213378770552,0.0,0.0,0.0,0.011625610857881798
hospital,Namayingo,Bukooli,Buswale,37529.19958496094,0.5438409801163638,4,0.6527348010880606,0.0,0.0,0.0,0.12276717479976033
hospital,Jinja,Kagoma,Butagaya,62247.57116699219,0.2579301870302601,4,0.30912763146855576,0.0,0.0,0.0,0.0
hospital,Nakaseke,Nakaseke,Butalangu Town Council,5161.276152610779,0.3174448658042659,4,0.3613012576791783,0.0,0.0,0.0,0.022834055510317124
hospital,Butaleja,Bunyole,Butaleja,21340.977767944336,0.1762373886495627,4,0.2373370291094073,0.0,0.0,0.0,0.0
hospital,Butaleja,Bunyole,Butaleja Town Council,23924.380432128906,0.2633469806202092,4,0.3495753108939201,0.0,0.0,0.0,0.0
hospital,Kabale,Ndorwa,Butanda,17046.512283325195,0.5827851200071388,4,0.7066468736874938,0.0,0.0,0.0,0.8125678809856737
hospital,Sironko,Budadiri,Butandiga,9119.5673828125,0.5186679865703239,5,0.5614802367281104,0.0,0.0,0.0,0.0
hospital,Kamuli,Bugabula,Butansi,37034.720153808594,0.2485046265291147,4,0.3082097339026577,0.0,0.0,0.0,0.005635132951799884
hospital,Mityana,Busujju,Butayunja,13320.283447265625,0.38559209989862236,4,0.4589326043956602,0.0,0.0,0.0,0.006282456197072717
hospital,Busia,Samia-Bugwe,Buteba,31964.787048339844,0.32518128123200385,4,0.39408408607691575,0.0,0.0,0.0,0.0
hospital,Butebo,Butebo,Butebo,25418.631240844727,0.2486446308999301,4,0.3342285823181239,0.0,0.0,0.0,0.0
hospital,Butebo,Butebo,Butebo Town Council,12766.74917602539,0.2854439687606244,4,0.37747269272370215,0.0,0.0,0.0,0.0
hospital,Bukomansimbi,Bukomansimbi,Butenga,43789.42849731445,0.3546380444106788,4,0.46936736022743475,0.0,0.0,0.0,0.3296821945887045
hospital,Sironko,Budadiri,Buteza,14962.5166015625,0.43739888517734815,5,0.5720009676560851,0.0,0.0,0.0,0.0
hospital,Kyenjojo,Mwenge,Butiiti,25971.71002960205,0.17719012550492716,10,0.19481078329934068,0.0,0.0,0.0,0.0
hospital,Manafwa,Bubulo,Butiru,24000.50131225586,0.46495888315818834,4,0.5462215747097379,0.0,0.0,0.0,0.014815945458048452
hospital,Kanungu,Kinkizi,Butogota Town Council,11872.743148803711,0.30602769230127863,10,0.368529624403296,0.0,0.0,0.0,0.0
hospital,Manafwa,Bubulo,Butta,4219.362976074219,0.2968215797941892,5,0.3459729888075582,0.0,0.0,0.0,0.0
hospital,Kyenjojo,Mwenge,Butunduzi,16805.912857055664,0.720706131883721,4,0.7823143071103994,0.0,0.0,0.0,0.5429354447868601
hospital,Kyenjojo,Mwenge,Butunduzi Town Council,17048.769371032715,0.5458119438506072,10,0.5771559313834732,0.0,0.0,0.0,0.0
hospital,Ntoroko,Ntoroko,Butungama,22121.768890619278,0.9855851069903931,4,1.100887906605236,0.5050470362002871,0.5050470362002871,0.0,0.5050470362002871
hospital,Buvuma,Buvuma Island,Buvuma Town Council,16313.224328994751,1.7169210669082402,4,2.2483104697245566,1.0,1.0,0.0,1.0
hospital,Mayuge,Bunya,Buwaaya,29203.569549560547,0.29173559478245814,4,0.3580754298868812,0.0,0.0,0.0,0.0
hospital,Namisindwa,Bubulo,Buwabwala,9374.730163574219,0.31267337879692675,5,0.3911034178202533,0.0,0.0,0.0,0.0
hospital,Manafwa,Bubulo,Buwagogo,9043.231811523438,0.13003520935036766,5,0.1522063045538195,0.0,0.0,0.0,0.0
hospital,Sironko,Budadiri,Buwalasi,17079.52423095703,0.23970497268402421,4,0.26141836394351214,0.0,0.0,0.0,0.0
hospital,Bududa,Manjiya,Buwali,10130.714050292969,0.19931236999494464,5,0.24373785348843388,0.0,0.0,0.0,0.0
hospital,Manafwa,Bubulo,Buwangani Town Council,9577.36962890625,0.058144437076524655,5,0.06615647221394778,0.0,0.0,0.0,0.0
hospital,Sironko,Budadiri,Buwasa,10057.574584960938,0.3196418785189753,5,0.35012251742269224,0.0,0.0,0.0,0.0
hospital,Jinja,Kagoma,Buwenge,60763.681701660156,0.11916737469132928,4,0.1399331554514233,0.0,0.0,0.0,0.0
hospital,Jinja,Kagoma,Buwenge Town Council,23045.4404296875,0.016922777532240675,4,0.018989774352781492,0.0,0.0,0.0,0.0
hospital,Buvuma,Buvuma Island,Buwooya,21615.49303817749,1.2771227237313207,4,1.6971666776701892,1.0,1.0,0.0,1.0
hospital,Bugiri,Bukooli,Buwunga,60976.24951171875,0.24375387068848933,4,0.28951248423846815,0.0,0.0,0.0,0.013766411349052488
hospital,Bulambuli,Bulambuli,Buyaga Town Council,983.1026611328125,0.4460584819316864,1,0.446058452129364,0.0,0.0,0.0,0.0
hospital,Bugweri,Bugweri,Buyanga,54392.11004638672,0.3667868756391226,4,0.41583497892078475,0.0,0.0,0.0,0.0
hospital,Busia,Samia-Bugwe,Buyanga,25144.9054107666,0.3989071635746355,4,0.5179597849631261,0.0,0.0,0.0,0.06699417808892869
hospital,Rukungiri,Rubabo,Buyanja,36813.78160095215,0.217827273395599,4,0.23901938389499133,0.0,0.0,0.0,0.0
hospital,Rukungiri,Rubabo,Buyanja Town Council,5017.874938964844,0.11777952064657976,4,0.11911001639983654,0.0,0.0,0.0,0.0
hospital,Jinja,Kagoma,Buyengo,38883.04965209961,0.25120939098136386,4,0.30707396496970796,0.0,0.0,0.0,0.0
hospital,Sironko,Budadiri,Buyobo,16163.707611083984,0.40303475181747217,5,0.4499732911633174,0.0,0.0,0.0,0.0
hospital,Kibaale,Buyanja,Bwamiramira,14328.031288146973,1.2096712604088584,4,1.5227643756656388,1.0,1.0,0.0,1.0
hospital,Kasese,Bukonjo,Bwera,17996.797821044922,0.05700230267435509,4,0.06626080611759273,0.0,0.0,0.0,0.0
hospital,Kiryandongo,Kibanda,Bweyale Town Council,39527.89030456543,0.20399403451313874,9,0.20727384870600046,0.0,0.0,0.0,0.0
hospital,Wakiso,Kira Municipality,Bweyogerere Division,141789.44484329224,0.0969811749444486,4,0.10651083282779261,0.0,0.0,0.0,0.0
hospital,Ntungamo,Kajara,Bwongyera,40956.733001708984,0.463258370453831,12,0.4883156884960472,0.0,0.0,0.0,0.02128271712267111
hospital,Rakai,Kooki,Byakabanda,21963.868771791458,0.23534323205355573,4,0.3286020189273247,0.0,0.0,0.0,0.010641842080636068
hospital,Kisoro,Kisoro Municipality,Central,5578.041442871094,0.01656498482659053,4,0.020816662670389507,0.0,0.0,0.0,0.0
hospital,Buikwe,KCCA,Central Division,45238.28381347656,0.03472825126839754,4,0.03991870855622991,0.0,0.0,0.0,0.0
hospital,Kampala,KCCA,Central Division,106096.45703125,0.02068440140549402,1,0.020684400535297794,0.0,0.0,0.0,0.0
hospital,Mukono,KCCA,Central Division,88197.59791564941,0.09789874502721724,4,0.10133371046532062,0.0,0.0,0.0,0.0
hospital,Iganga,Iganga Municipality,Central Division,33064.68408203125,0.012078021751568802,4,0.012381012897425315,0.0,0.0,0.0,0.0
hospital,Jinja,Jinja Municipality,Central Division,29144.54083251953,0.032924581110265874,4,0.03862636806821879,0.0,0.0,0.0,0.0
hospital,Kapchorwa,Kapchorwa Municipality,Central Division,20021.40281677246,0.032087138248663605,5,0.0337910071954271,0.0,0.0,0.0,0.0
hospital,Kitgum,Kitgum Municipality,Central Division,10414.16552734375,0.012313785151908287,7,0.013552410922220147,0.0,0.0,0.0,0.0
hospital,Kotido,Kotido Municipality,Central Division,17583.080596923828,1.4905130514182587,8,1.6549871840647963,1.0,1.0,0.0,1.0
hospital,Lira,Lira Municipality,Central Division,25839.049865722656,0.045910304389827045,9,0.04756961103204107,0.0,0.0,0.0,0.0
hospital,Nebbi,Nebbi Municipality,Central Division,15783.155014038086,0.05886155871127043,9,0.06999792017719839,0.0,0.0,0.0,0.0
hospital,Kabale,Kabale Municipality,Central Division,19390.518432617188,0.02754934949627639,4,0.029881564354158015,0.0,0.0,0.0,0.0
hospital,Kasese,Kasese Municipality,Central Division,41043.92558288574,0.1657543469280821,10,0.16878824258876718,0.0,0.0,0.0,0.0
hospital,Masindi,Masindi Municipality,Central Division,52258.96417236328,0.05850353726880617,4,0.06872526839580648,0.0,0.0,0.0,0.0
hospital,Ntungamo,Ntungamo Municipality,Central Division,7275.575134277344,0.2059119982129436,4,0.22942577054806323,0.0,0.0,0.0,0.0
hospital,Bushenyi,Bushenyi Municipality,Central Divison,20369.847595214844,0.10563955085355127,4,0.11034385254933114,0.0,0.0,0.0,0.0
hospital,Kisoro,Bufumbira,Chahi,21658.188842773438,0.10813069205150537,4,0.11247897491868218,0.0,0.0,0.0,0.0
hospital,Kapchorwa,Tingey,Chepterech,4753.27734375,0.27665981689133073,5,0.2803022590756122,0.0,0.0,0.0,0.0
hospital,Adjumani,East Moyo,Ciforo,17901.128905296326,0.3091540427992789,8,0.3441604742644168,0.0,0.0,0.0,0.027124767636250328
hospital,Busia,Samia-Bugwe,Dabani,46442.927825927734,0.08855783118143953,4,0.10962049179827948,0.0,0.0,0.0,0.0
hospital,Arua,Ayivu,Dadamu,53205.771408081055,0.08390851459377896,10,0.09950235696413516,0.0,0.0,0.0,0.0
hospital,Rakai,Kooki,Ddwaniro,39852.750312805176,0.26730968966597907,4,0.36175979782240675,0.0,0.0,0.0,0.0028109899004548334
hospital,Wakiso,Entebbe Municipality,Division A,66507.40141677856,0.03891746428298447,4,0.04104959794810727,0.0,0.0,0.0,0.0
hospital,Wakiso,Entebbe Municipality,Division B,46839.294496536255,0.049236245958468365,4,0.05532416100489072,0.0011456429605474947,0.0011456429605474947,0.0,0.0011456429605474947
hospital,Dokolo,Dokolo,Dokolo,20115.904251098633,0.4450509954420259,9,0.5167396744454014,0.0,0.0,0.0,0.0
hospital,Dokolo,Dokolo,Dokolo Tc,26592.999000549316,0.31863355986841424,9,0.3480312188028958,0.0,0.0,0.0,0.01467420407725698
hospital,Yumbe,Aringa,Drajini,45623.89469909668,0.48552821425537074,10,0.5504816601890619,0.0,0.0,0.0,0.0
hospital,Koboko,Koboko,Dranya,21780.43360900879,0.10609767044699973,10,0.11428291099241993,0.0,0.0,0.0,0.0
hospital,Mubende,Mubende Municipality,Eastern Division,35069.64717102051,0.18525336079263516,10,0.22653618514784168,0.0,0.0,0.0,0.0074563112249815275
hospital,Bugiri,Bugiri Municipality,Eastern Division,15272.839233398438,0.04992578194676743,4,0.05010029266308898,0.0,0.0,0.0,0.0
hospital,Busia,Busia Municipality,Eastern Division,31152.322265625,0.10387493202663192,4,0.10515348452665152,0.0,0.0,0.0,0.0
hospital,Soroti,Soroti Municipality,Eastern Division,23424.89129638672,0.043757503017505195,5,0.05615994525826509,0.0,0.0,0.0,0.0
hospital,Tororo,Tororo Municipality,Eastern Division,21445.779724121094,0.06356032920909856,4,0.07136048065415283,0.0,0.0,0.0,0.0
hospital,Kabarole,Fort Portal Municipality,Eastern Division,23169.091033935547,0.03397775981227118,10,0.036117325599596586,0.0,0.0,0.0,0.0
hospital,Ntungamo,Ntungamo Municipality,Eastern Division,9553.404769897461,0.20185841159546233,4,0.22824138352094755,0.0,0.0,0.0,0.0
hospital,Rukungiri,Rukungiri Municipality,Eastern Divison,14944.833053588867,0.06931475956937196,4,0.07454197784292742,0.0,0.0,0.0,0.0
hospital,Isingiro,Bukanga,Endiinzi Town Council,7713.977283477783,1.1969108073880965,4,1.5902838822937466,1.0,1.0,0.0,1.0
hospital,Nebbi,Padyere,Erussi,41021.44314575195,0.36391756686321536,9,0.4416463065974416,0.0,0.0,0.0,0.010598359697412239
hospital,Kayunga,Bbaale,Galiraya,35490.31912481785,1.5764186641066433,4,1.7839827340094057,1.0,1.0,0.0,1.0
hospital,Kapchorwa,Tingey,Gamogo,4700.5570068359375,0.2710919501414099,5,0.281611065279218,0.0,0.0,0.0,0.0
hospital,Kibuku,Kibuku,Goli Goli,12891.233764648438,0.38959121644035033,4,0.44695327509677196,0.0,0.0,0.0,0.0
hospital,Mukono,Mukono Municipality,Goma Division,134395.49374389648,0.11910837859301798,4,0.13014362297595555,0.0,0.0,0.0,0.0
hospital,Wakiso,Nansana Municipality,Gombe Division,122560.44062805176,0.18064750540219032,4,0.18880174120706442,0.0,0.0,0.0,0.0
hospital,Butambala,Butambala,Gombe Town Council,18070.875495910645,0.07415506916143513,4,0.09188229107212335,0.0,0.0,0.0,0.0
hospital,Rubanda,Rubanda,Hamurwa,31898.763061523438,0.3157302730315321,4,0.34343327351595226,0.0,0.0,0.0,0.0
hospital,Rubanda,Rubanda,Hamurwa Town Council,6347.930465698242,0.28223641647756753,4,0.29501272710775883,0.0,0.0,0.0,0.0
hospital,Kabarole,Burahya,Harugogo,28292.943069458008,0.2366938506209946,10,0.2839764251667729,0.0,0.0,0.0,0.0
hospital,Kasese,Busongora,Hima Town Council,16243.863800048828,0.3988351033547689,10,0.40691680647945894,0.0,0.0,0.0,0.0
hospital,Butaleja,Bunyole,Himutu,22723.201400756836,0.22263329366069584,4,0.27959032968359154,0.0,0.0,0.0,0.0
hospital,Bushenyi,Igara,Ibaare,13142.956359863281,0.10538312734501332,4,0.11103924901400329,0.0,0.0,0.0,0.0
hospital,Bugweri,Bugweri,Ibulanku,34749.94812011719,0.3041820382649716,4,0.3381539792309506,0.0,0.0,0.0,0.0
hospital,Bugweri,Bugweri,Igombe,23027.113830566406,0.28269711694102334,4,0.3308859376552179,0.0,0.0,0.0,0.0
hospital,Ibanda,Ibanda,Igorora Town Council,7078.154861450195,0.2666745651714353,4,0.316271000924773,0.0,0.0,0.0,0.0
hospital,Ntungamo,Kajara,Ihunga,16619.254791259766,0.3271222627832685,4,0.35470622394006923,0.0,0.0,0.0,0.0
hospital,Budaka,Iki-Iki,Iki-Iki,25657.890411376953,0.372088719602694,4,0.44686859468388623,0.0,0.0,0.0,0.0
hospital,Mayuge,Bunya,Imanyiro,42677.53713226318,0.19209055441349684,4,0.2546047578592136,0.0,0.0,0.0,0.0
hospital,Mbale,Mbale Municipality,Industrial Divison,61945.90478515625,0.05545663926962815,4,0.05695087501253429,0.0,0.0,0.0,0.0
hospital,Luuka,Luuka,Irongo,34931.67419433594,0.31766000887432466,4,0.36546990158056664,0.0,0.0,0.0,0.0
hospital,Kasese,Bukonjo,Isango,10354.558822631836,0.07905654186210365,4,0.0874563792280266,0.0,0.0,0.0,0.0
hospital,Bushenyi,Bushenyi Municipality,Ishaka Divison,19071.525466918945,0.03386772866160212,4,0.0370783899053624,0.0,0.0,0.0,0.0
hospital,Ibanda,Ibanda,Ishongororo,18583.52109527588,0.5314976814311594,4,0.5717055022461781,0.0,0.0,0.0,0.034514463109951155
hospital,Ibanda,Ibanda,Ishongororo Town Council,27108.80249786377,0.601574956239207,4,0.6321898435642671,0.0,0.0,0.0,0.0
hospital,Ntungamo,Ruhaama,Itojo,28869.56842803955,0.17441198014831397,4,0.2073110562530163,0.0,0.0,0.0,0.0
hospital,Mayuge,Bunya,Jaguzi,17401.811547279358,,1,,1.0,1.0,0.0,1.0
hospital,Zombo,Okoro,Jangokoro,5707.384460449219,0.35663958112215977,9,0.4116603559724324,0.0,0.0,0.0,0.0
hospital,Kaabong,Dodoth,Kaabong East,7777.75297164917,0.2383265673692241,4,0.2853617927403156,0.0,0.0,0.0,0.07008726863083957
hospital,Kaabong,Dodoth,Kaabong Town Council,10446.696655273438,0.045369995461120555,4,0.054085791272027665,0.0,0.0,0.0,0.0
hospital,Kaabong,Dodoth,Kaabong West,13719.10147857666,0.15768546900902708,4,0.1867397407544157,0.0,0.0,0.0,0.0
hospital,Manafwa,Bubulo,Kaato,6966.0819091796875,0.08945881322567492,5,0.11785486842049928,0.0,0.0,0.0,0.0
hospital,Kaberamaido,Kaberamaido,Kaberamaido Town Council,5508.409820556641,0.5388513819381647,9,0.6346781862188987,0.0,0.0,0.0,0.0
hospital,Isingiro,Isingiro,Kaberebere Town Council,9064.38900756836,0.21888882142106045,4,0.22199832603633204,0.0,0.0,0.0,0.0
hospital,Kapchorwa,Tingey,Kabeywa,1235.5126953125,0.2778873861531353,5,0.30072936413984475,0.0,0.0,0.0,0.0
hospital,Mitooma,Ruhinda,Kabira,13614.257034301758,0.38171147540687367,4,0.4126616725519465,0.0,0.0,0.0,0.0
hospital,Masaka,Bukoto,Kabonera,41040.22381591797,0.16937925233185602,4,0.18830119042893503,0.0,0.0,0.0,0.0
hospital,Butebo,Butebo,Kabwangasi,38166.659606933594,0.26866887730150907,4,0.30400730226158634,0.0,0.0,0.0,0.0
hospital,Kibuku,Kibuku,Kabweri,22568.797241210938,0.5534322385256345,4,0.7009495254547092,0.0,0.0,0.0,0.046443641316846584
hospital,Sheema,Sheema Municipality,Kabwohe Division,23494.133712768555,0.4870199005272728,4,0.4920333977720639,0.0,0.0,0.0,0.0
hospital,Kotido,Jie,Kacheri,40289.65858745575,2.288733418040481,8,2.7709828654644433,1.0,1.0,0.0,1.0
hospital,Budaka,Iki-Iki,Kachomo,20285.173431396484,0.3302715756313207,4,0.45014521184077716,0.0,0.0,0.0,0.0
hospital,Butaleja,Bunyole,Kachonga,36261.012634277344,0.14428074460495646,4,0.19750189062141793,0.0,0.0,0.0,0.0
hospital,Bukedea,Bukedea,Kachumbala,70390.44876098633,0.29878273337790434,4,0.3254917917304374,0.0,0.0,0.0,0.0
hospital,Kibuku,Kibuku,Kadama,7381.277862548828,0.5885999735285958,4,0.7034814719799233,0.0,0.0,0.0,0.0
hospital,Budaka,Budaka,Kaderuna,21909.799865722656,0.4791025021422284,4,0.6475538219565719,0.0,0.0,0.0,0.0
hospital,Serere,Kasilo,Kadungulu,31069.73443007469,1.5338374741351966,5,1.726079765075435,1.0,1.0,0.0,1.0
hospital,Serere,Kasilo,Kadungulu Town Council,14084.764799118042,1.218958919157328,5,1.3702985249265065,1.0,1.0,0.0,1.0
hospital,Kagadi,Buyaga,Kagadi,20057.30421447754,0.30979722714742963,4,0.38651702174304725,0.0,0.0,0.0,0.012744286325752857
hospital,Kagadi,Buyaga,Kagadi Town Council,35263.65838623047,0.07555696643766562,4,0.08887239809090966,0.0,0.0,0.0,0.0
hospital,Rakai,Kooki,Kagamba,41104.191581726074,0.4397113795263853,4,0.5879594454300566,0.0,0.0,0.0,0.27176576557023197
hospital,Ibanda,Ibanda Municipality,Kagango Division,45827.45686340332,0.2844328173616126,4,0.3239169606955121,0.0,0.0,0.0,0.0
hospital,Sheema,Sheema Municipality,Kagango Division,31203.884071350098,0.4553162701179575,4,0.47060149845295013,0.0,0.0,0.0,0.0
hospital,Ntungamo,Kajara,Kagarama Town Council,16718.205673217773,0.363482871979145,4,0.3850763130999143,0.0,0.0,0.0,0.0
hospital,Mbarara,Kashari,Kagongi,25845.90672302246,0.4228696669283679,4,0.49154929920701623,0.0,0.0,0.0,0.11211308381220404
hospital,Kibuku,Kibuku,Kagumu,23143.24285888672,0.4950803557401563,4,0.5927177962696608,0.0,0.0,0.0,0.059765517115772146
hospital,Kabale,Ndorwa,Kaharo,21537.79232788086,0.21046064312511123,4,0.2254042250773659,0.0,0.0,0.0,0.0
hospital,Hoima,Hoima Municipality,Kahoora Divison,55182.82540893555,0.047140305101469666,10,0.049665310208917846,0.0,0.0,0.0,0.0
hospital,Wakiso,Busiro,Kajjansi Town Council,150640.93717956543,0.1733536500862613,4,0.1890374595530663,0.0,0.0,0.0,0.0
hospital,Bushenyi,Igara,Kakanju,26305.363220214844,0.22119486239215805,10,0.24879432893868145,0.0,0.0,0.0,0.0
hospital,Mbarara,Kashari,Kakiika Division,30730.31708908081,0.10198786841992558,4,0.10942107474812512,0.0,0.0,0.0,0.0
hospital,Sheema,Sheema,Kakindo Town Council,9417.160690307617,0.5493550413592024,4,0.5981022856915817,0.0,0.0,0.0,0.0
hospital,Mityana,Busujju,Kakindu,22238.29510498047,0.4075850583912384,4,0.48149739669839564,0.0,0.0,0.0,0.0
hospital,Jinja,Butembe,Kakira Town Council,41702.508056640625,0.202548319453205,4,0.23149405997643885,0.0,0.0,0.0,0.0
hospital,Wakiso,Busiro,Kakiri,63663.190338134766,0.3246517946075663,4,0.3564771416209327,0.0,0.0,0.0,0.0
hospital,Wakiso,Busiro,Kakiri Town Council,31098.629943847656,0.22630127457237562,4,0.23667375506342836,0.0,0.0,0.0,0.0
hospital,Mbarara,Mbarara Municipality,Kakoba Division,61910.029541015625,0.025886925478932236,4,0.027814009147832258,0.0,0.0,0.0,0.0
hospital,Butebo,Butebo,Kakoro,23025.554626464844,0.2733089294849808,4,0.38530479645380755,0.0,0.0,0.0,0.0
hospital,Budaka,Budaka,Kakule,16647.608306884766,0.437293443395493,4,0.5218006978783551,0.0,0.0,0.0,0.0
hospital,Kalaki,Kalaki,Kakure,17456.009910583496,0.4528225361013178,8,0.5454094652405639,0.0,0.0,0.0,0.04502762074611283
hospital,Kibuku,Kibuku,Kakutu,14502.613830566406,0.48400416786489997,4,0.631742673981905,0.0,0.0,0.0,0.0
hospital,Luwero,Bamunanika,Kalagala,55411.90586853027,0.5313099428515766,4,0.6449608345213355,0.0,0.0,0.0,0.20073262617721313
hospital,Kalaki,Kalaki,Kalaki Town Council,8020.71403503418,0.31291128580374755,8,0.43657528921936867,0.0,0.0,0.0,0.025120463550421426
hospital,Butambala,Butambala,Kalamba,23205.85562133789,0.34410339844340493,4,0.3948374036688812,0.0,0.0,0.0,0.0
hospital,Mityana,Mityana,Kalangaalo,37036.72993469238,0.5659670079003658,4,0.6758602766741236,0.0,0.0,0.0,0.5628732937456311
hospital,Kalangala,Bujumba,Kalangala Town Council,6584.320819020271,,1,,1.0,1.0,0.0,1.0
hospital,Lyantonde,Kabula,Kaliiro,23661.047470092773,0.38655473594171125,4,0.436624872773953,0.0,0.0,0.0,0.06584880675815667
hospital,Kaliro,Bulamogi,Kaliro Town Council,23945.066497802734,0.6916760807310114,4,0.7007271672230709,0.0,0.0,0.0,0.034668471480613534
hospital,Kyotera,Kyotera,Kalisizo,20560.470024108887,0.10305334604835256,4,0.1294119522391925,0.0,0.0,0.0,0.0
hospital,Kyotera,Kyotera,Kalisizo Town Council,16683.56069946289,0.027110948203209615,4,0.030894080785226558,0.0,0.0,0.0,0.0
hospital,Nakasongola,Buruli,Kalongo,25197.32391166687,1.7479189387588412,4,2.068384478276921,1.0,1.0,0.0,1.0
hospital,Agago,Agago,Kalongo Town Council,13793.999740600586,0.06631747197141775,8,0.08694465228527352,0.0,0.0,0.0,0.0
hospital,Nakasongola,Buruli,Kalungi,30986.366912722588,1.7784091691185893,4,1.8844898077034287,1.0,1.0,0.0,1.0
hospital,Kalungu,Kalungu,Kalungu,45428.952407836914,0.1941955237970446,4,0.26051163569445845,0.0,0.0,0.0,0.12081431297342793
hospital,Kalungu,Kalungu,Kalungu Town Council,9517.13949584961,0.27716791776817895,4,0.3780168943581123,0.0,0.0,0.0,0.027995286131001055
hospital,Kanungu,Kinkizi,Kambuga,28699.016708374023,0.13779234205742494,4,0.15363398832059436,0.0,0.0,0.0,0.0
hospital,Kanungu,Kinkizi,Kambuga Town Council,5617.361083984375,0.11743694257978032,4,0.1298192783991204,0.0,0.0,0.0,0.0
hospital,Oyam,Oyam,Kamdini,64620.69287109375,0.2835766070084757,8,0.3119874512510325,0.0,0.0,0.0,0.003474869537855064
hospital,Pallisa,Pallisa,Kameke,21928.287994384766,0.4855345108564569,4,0.5883860152826808,0.0,0.0,0.0,0.2688101180686739
hospital,Budaka,Iki-Iki,Kameruka,20245.160034179688,0.2117796613912684,4,0.29715654715834305,0.0,0.0,0.0,0.0
hospital,Budaka,Iki-Iki,Kamonkoli,34578.32391357422,0.2516946020897777,4,0.2673378884717814,0.0,0.0,0.0,0.0
hospital,Bulambuli,Bulambuli,Kamu,7248.27880859375,0.37549465682012007,5,0.393856853863158,0.0,0.0,0.0,0.0
hospital,Kabale,Ndorwa,Kamuganguzi,27196.656648397446,0.23467792424800712,4,0.2538208736911572,0.0,0.0,0.0,0.0
hospital,Pallisa,Pallisa,Kamuge,27906.287658691406,0.36761500156903754,4,0.4219234359060357,0.0,0.0,0.0,0.0
hospital,Mbarara,Mbarara Municipality,Kamukuzi Division,38877.878845214844,0.028799031871891888,4,0.02985211567957717,0.0,0.0,0.0,0.0
hospital,Rukiga,Rukiga,Kamwezi,30213.66152191162,0.43346322648385943,4,0.5106230602602044,0.0,0.0,0.0,0.31578495300606085
hospital,Kisoro,Bufumbira,Kanaba,19043.893173217773,0.19414322608884108,4,0.22911904703851693,0.0,0.0,0.0,0.0
hospital,Ntoroko,Ntoroko,Kanara,10156.69713318348,1.9223961862590135,4,2.3102384811040038,1.0,1.0,0.0,1.0
hospital,Ntoroko,Ntoroko,Kanara Town Council,11748.86448764801,1.1655318868582878,4,1.4674276986366759,1.0,1.0,0.0,1.0
hospital,Butebo,Butebo,Kanginima,12858.980560302734,0.09482705179482667,4,0.13324982229006657,0.0,0.0,0.0,0.0
hospital,Zombo,Okoro,Kango,16987.644485473633,0.6461965277176529,8,0.7683304069475776,0.0,0.0,0.0,0.7835433496273598
hospital,Kayunga,Ntenjeru,Kangulumira,63780.957931518555,0.4115464148392132,4,0.4353238948765112,0.0,0.0,0.0,0.0
hospital,Kazo,Kazo,Kanoni,22405.91404724121,0.3315037049215811,4,0.39436773174052886,0.0,0.0,0.0,0.005788191111104546
hospital,Gomba,Gomba,Kanoni Town Council,14922.710968017578,0.5959549938400842,4,0.6783329081512475,0.0,0.0,0.0,0.22981171571840503
hospital,Kanungu,Kinkizi,Kanungu Town Council,18106.816986083984,0.22272502328110902,4,0.24447851381279953,0.0,0.0,0.0,0.005721307373182241
hospital,Mitooma,Ruhinda,Kanyabwanga,21079.801879882812,0.581555829344646,4,0.6329249753406165,0.0,0.0,0.0,0.13636335596726207
hospital,Kanungu,Kinkizi,Kanyantorogo,21898.962631225586,0.3118206708821265,10,0.3707296024481798,0.0,0.0,0.0,0.03901323453633205
hospital,Kumi,Kumi,Kanyum,53851.467544555664,0.3040142936347022,5,0.35134811900040724,0.0,0.0,0.0,0.0046696198416430945
hospital,Kapelebyong,Kapelebyong,Kapelebyong Town Council,9686.81489944458,1.3537685681747105,8,1.6641003551409794,1.0,1.0,0.0,1.0
hospital,Kapchorwa,Tingey,Kapsinda,10272.454093933105,0.24186206564085713,5,0.2686731085211037,0.0,0.0,0.0,0.0
hospital,Kapchorwa,Tingey,Kaptanya,10108.512386322021,0.11835189501629496,5,0.14909281129662666,0.0,0.0,0.0,0.0
hospital,Bukwo,Kongasis,Kaptererwo,10934.399917602539,0.23545863562071087,7,0.3134491441710478,0.0,0.0,0.0,0.0
hospital,Kween,Kween,Kaptoyoy,11488.622394561768,0.14881006024237664,5,0.17187619432798248,0.0,0.0,0.0,0.0
hospital,Bugiri,Bukooli,Kapyanga,84637.22543334961,0.15789362584429087,4,0.1796515904754098,0.0,0.0,0.0,0.0
hospital,Kabarole,Burahya,Karago Town Council,15623.973510742188,0.14006127246390124,4,0.14359640302652657,0.0,0.0,0.0,0.0
hospital,Kabarole,Burahya,Karambi,35061.601989746094,0.07224585436426029,10,0.07963699706311886,0.0,0.0,0.0,0.0
hospital,Kasese,Bukonjo,Karambi,39882.20245361328,0.07106362779547958,11,0.07477456070975368,0.0,0.0,0.0,0.0
hospital,Kabarole,Burahya,Karangura,15141.58219909668,0.38046673367999323,4,0.4371736480707543,0.0,0.0,0.0,0.10533053013588635
hospital,Karenga,Dodoth,Karenga Town Council,9705.764507293701,1.7760799029836127,8,2.201636902028716,1.0,1.0,0.0,1.0
hospital,Ntoroko,Ntoroko,Karugutu Town Council,11520.974746704102,0.404736928226468,4,0.40818872583203747,0.0,0.0,0.0,0.0
hospital,Kyotera,Kyotera,Kasaali Town Council,36175.70790100098,0.23233170960150407,4,0.2540836180362777,0.0,0.0,0.0,0.002470056037060392
hospital,Sheema,Sheema,Kasaana,20397.850158691406,0.19265615999239183,4,0.21902743039736725,0.0,0.0,0.0,0.0
hospital,Wakiso,Kyadondo,Kasangati Town Council,235378.41506958008,0.1584634108183949,4,0.17186252473377914,0.0,0.0,0.0,0.0
hospital,Nakaseke,Nakaseke,Kasangombe,28565.841751098633,0.29755981964910233,4,0.3875777448898422,0.0,0.0,0.0,0.028768830605005763
hospital,Kibuku,Kibuku,Kasasira,15643.22494506836,0.39862436677435925,4,0.5391429862525896,0.0,0.0,0.0,0.24331447814496918
hospital,Mukono,Nakifuma,Kasawo,45536.13284301758,0.2562394926816977,4,0.27974813778211416,0.0,0.0,0.0,0.0
hospital,Kapchorwa,Tingey,Kaserem,8323.212036132812,0.27683169207742286,5,0.2791567709910214,0.0,0.0,0.0,0.0
hospital,Rukiga,Rukiga,Kashambya,30657.842529296875,0.3067066929302216,4,0.3530085327065455,0.0,0.0,0.0,0.007231402145162837
hospital,Mbarara,Kashari,Kashare,29197.3984375,0.5924997721514491,4,0.6428937864331514,0.0,0.0,0.0,0.14096274863715585
hospital,Mitooma,Ruhinda,Kashenshero,13939.509552001953,0.508442034242038,4,0.5624184177121017,0.0,0.0,0.0,0.0
hospital,Mitooma,Ruhinda,Kashenshero Town Council,6513.463470458984,0.5285275062765854,4,0.5663328669453234,0.0,0.0,0.0,0.0
hospital,Sheema,Sheema Municipality,Kashozi Division,16361.623947143555,0.45201978840077495,4,0.5059258192820343,0.0,0.0,0.0,0.0
hospital,Bundibugyo,Bughendera,Kasitu,5434.453750610352,0.4725286482995972,4,0.49757826620963647,0.0,0.0,0.0,0.0
hospital,Kyegegwa,Kyaka,Kasule,40685.506118774414,0.5533273219962355,4,0.646149293854188,0.0,0.0,0.0,0.2095575174650045
hospital,Wakiso,Busiro,Katabi Town Council,165169.6874730587,0.10551980468109394,4,0.1141907959915978,0.0,0.0,0.0,0.0
hospital,Katakwi,Katakwi,Katakwi,47414.34436225891,0.16687456886519114,8,0.19041920021887151,0.0,0.0,0.0,0.007722381086326026
hospital,Katakwi,Katakwi,Katakwi Town Council,8960.306182861328,0.030868403199764513,8,0.03393546629899281,0.0,0.0,0.0,0.0
hospital,Mitooma,Ruhinda,Katenga,20058.912231445312,0.23129404443934792,4,0.2561252965524096,0.0,0.0,0.0,0.0
hospital,Rubirizi,Bunyaruguru,Katerera,8694.304481506348,0.7549873328613788,10,0.8404241071185471,0.0,0.0,0.0,0.9586222528567868
hospital,Rubirizi,Bunyaruguru,Katerera Town Council,11420.372383117676,0.6834896040246881,10,0.7499246145191463,0.0,0.0,0.0,0.3964535197110394
hospital,Kanungu,Kinkizi,Katete,8258.695556640625,0.1768880540353495,4,0.19907724035288168,0.0,0.0,0.0,0.0
hospital,Kaabong,Dodoth,Kathile South,7863.9232177734375,0.497037958952219,4,0.5955312338664369,0.0,0.0,0.0,0.6244453228553015
hospital,Budaka,Iki-Iki,Katiira,21863.305755615234,0.3334595951959241,4,0.395944413441531,0.0,0.0,0.0,0.0
hospital,Luwero,Katikamu,Katikamu,56861.92760467529,0.43411634696754786,4,0.5425466805671267,0.0,0.0,0.0,0.07459036865266686
hospital,Kyenjojo,Mwenge,Katooke,48629.04903411865,0.3974625252944904,10,0.43826716010441746,0.0,0.0,0.0,0.06052502401582449
hospital,Kyenjojo,Mwenge,Katooke Town Council,20458.905654907227,0.4216135781461469,10,0.4386621701389867,0.0,0.0,0.0,0.0
hospital,Arua,Terego,Katrini,41472.445861816406,0.10105420906511807,10,0.11678672714849907,0.0,0.0,0.0,0.0
hospital,Kabale,Ndorwa,Katuna Town Council,10951.343688964844,0.2736589446951834,4,0.2820855580772209,0.0,0.0,0.0,0.0
hospital,Masaka,Masaka Municipality,Katwe-Butego Division,33171.63171386719,0.04955830020566467,4,0.05450467931143397,0.0,0.0,0.0,0.0
hospital,Kasese,Busongora,Katwe Kabatoro Town Council,7875.20588684082,0.49050494364824176,4,0.5151207408869884,0.0,0.0,0.0,0.0
hospital,Karenga,Dodoth,Kawalakol,6560.730468869209,2.344101708776506,8,2.785484956656251,1.0,1.0,0.0,1.0
hospital,Kampala,KCCA,Kawempe Division,374249.9169921875,0.030287294379993262,4,0.03070720187006088,0.0,0.0,0.0,0.0
hospital,Buikwe,Lugazi Municipality,Kawolo Division,51806.61408996582,0.09189570215287175,4,0.10630020194702787,0.0,0.0,0.0,0.0
hospital,Kapchorwa,Tingey,Kawowo,10555.234420776367,0.3261350898486433,5,0.3481141562345371,0.0,0.0,0.0,0.0
hospital,Ntungamo,Rushenyi,Kayonza,34319.55812072754,0.1805658129327568,4,0.21122049618397057,0.0,0.0,0.0,0.0
hospital,Kayunga,Ntenjeru,Kayunga,50035.29441833496,0.15857514356390734,4,0.18615851087618565,0.0,0.0,0.0,0.0025470228869556313
hospital,Kayunga,Ntenjeru,Kayunga Town Council,33383.205726623535,0.049286659131918875,4,0.057559044230542485,0.0,0.0,0.0,0.0
hospital,Kazo,Kazo,Kazo Town Council,17400.552757263184,0.6758547767210425,4,0.7296643008780679,0.0,0.0,0.0,0.3208707737502048
hospital,Rukungiri,Rubabo,Kebisoni,24256.19538116455,0.3002707708766769,4,0.3167475862344225,0.0,0.0,0.0,0.0
hospital,Rukungiri,Rubabo,Kebisoni Town Council,5691.0517578125,0.2524132853428833,12,0.25334854952918245,0.0,0.0,0.0,0.0
hospital,Ibanda,Ibanda,Keihangara,13847.141708374023,0.3048157587500066,4,0.38800873691001325,0.0,0.0,0.0,0.028153495640896628
hospital,Manafwa,Bubulo,Khabutoola,16639.64633178711,0.3082884635235928,5,0.3362693950817865,0.0,0.0,0.0,0.0
hospital,Kibaale,Buyanja,Kibaale Town Council,9836.241241455078,1.2245187628313217,4,1.5621662219368184,1.0,1.0,0.0,1.0
hospital,Pallisa,Butebo,Kibale,22366.973175048828,0.24645321035100357,4,0.27126232435056374,0.0,0.0,0.0,0.0
hospital,Mubende,Kasambya,Kibalinga,49252.64404296875,0.34551499094641647,4,0.4079081200620903,0.0,0.0,0.0,0.011002552161128326
hospital,Ntungamo,Kajara,Kibatsi,22841.858627319336,0.2857717709979722,12,0.2997985833555656,0.0,0.0,0.0,0.0
hospital,Butambala,Butambala,Kibibi,16722.36450958252,0.17398539563264753,4,0.2041634300963988,0.0,0.0,0.0,0.0
hospital,Bunyangabu,Bunyangabu,Kibiito,22401.53448486328,0.46184121941550377,10,0.4850903424077008,0.0,0.0,0.0,0.0
hospital,Bunyangabu,Bunyangabu,Kibiito Town Council,17861.209869384766,0.38178639159949634,10,0.3903986126164476,0.0,0.0,0.0,0.0
hospital,Bukomansimbi,Bukomansimbi,Kibinge,36636.23008728027,0.35754836242098625,4,0.42045510255364804,0.0,0.0,0.0,0.04251626663600156
hospital,Kiboga,Kiboga,Kiboga Town Council,23830.588500976562,0.029202696191684575,4,0.031142757719212932,0.0,0.0,0.0,0.0
hospital,Kibuku,Kibuku,Kibuku,16671.129791259766,0.5628201593115162,4,0.6947415772133999,0.0,0.0,0.0,0.11843512415669075
hospital,Kibuku,Kibuku,Kibuku Town Council,12113.16976928711,0.5225142721318158,4,0.6408673729514562,0.0,0.0,0.0,0.0
hospital,Kitagwenda,Kitagwenda,Kicheche,36477.952545166016,0.4231587597659615,4,0.47529931450635604,0.0,0.0,0.0,0.055405955348893476
hospital,Kabarole,Burahya,Kicwamba,8195.771102905273,0.2391944712808602,4,0.25227884138533696,0.0,0.0,0.0,0.0
hospital,Buyende,Budiope,Kidera,88675.75422239304,1.3986013856518456,4,1.5822639154855764,1.0,1.0,0.0,1.0
hospital,Bukedea,Bukedea,Kidongole,37442.60664367676,0.25806524863957475,4,0.3639826289545697,0.0,0.0,0.0,0.0
hospital,Rakai,Kooki,Kifamba,17865.84295654297,0.3867064338419377,4,0.5185963083175301,0.0,0.0,0.0,0.04690312595294606
hospital,Sheema,Sheema,Kigarama,24754.822784423828,0.633303063475788,4,0.6735610042209474,0.0,0.0,0.0,0.05229051054212473
hospital,Hoima,Bugahya,Kigorobya Town Council,11489.255432128906,0.4887299233067371,4,0.5256388258925526,0.0,0.0,0.0,0.0
hospital,Masindi,Masindi Municipality,Kigulya Division,16850.658275604248,0.15944462668333087,4,0.17868574834074027,0.0,0.0,0.0,0.0
hospital,Kiryandongo,Kibanda,Kigumba Town Council,24563.026763916016,0.18942047419676813,4,0.19139099605131182,0.0,0.0,0.0,0.0
hospital,Kanungu,Kinkizi,Kihiihi Town Council,23542.057342529297,0.37201952220960494,10,0.4244059134460945,0.0,0.0,0.0,0.0
hospital,Kyenjojo,Mwenge,Kihuura,43654.30553436279,0.40315362743968225,10,0.431274148314398,0.0,0.0,0.0,0.014656843053107792
hospital,Kakumiro,Bugangaizi,Kijangi,16003.566284179688,1.4241942543061128,4,1.7029989127462095,1.0,1.0,0.0,1.0
hospital,Maracha,Maracha,Kijomoro,37019.11895751953,0.19151739418221655,10,0.21295274904446151,0.0,0.0,0.0,0.0
hospital,Ibanda,Ibanda,Kijongo,9869.09439086914,0.6090206690850161,4,0.6966899879275414,0.0,0.0,0.0,0.28924400790579846
hospital,Nakaseke,Nakaseke,Kikamulo,23988.273471832275,0.16718034331635637,4,0.20221129098095592,0.0,0.0,0.0,0.0
hospital,Kabarole,Burahya,Kiko Town Council,15092.615600585938,0.20559877908720092,10,0.22858605791596337,0.0,0.0,0.0,0.004985326925167536
hospital,Kikuube,Buhaguzi,Kikuube Town Council,25110.394874572754,0.4968533224712236,10,0.5470550638795235,0.0,0.0,0.0,0.14605900068273256
hospital,Kakumiro,Bugangaizi,Kikwaya,18402.511932373047,1.2021354129503379,4,1.4185143861741596,1.0,1.0,0.0,1.0
hospital,Ibanda,Ibanda,Kikyenkye,14310.723724365234,0.15915803017365637,4,0.20005931517555806,0.0,0.0,0.0,0.0
hospital,Masaka,Masaka Municipality,Kimaanya-Kyabakuza Division,44994.53909301758,0.02453124202029026,4,0.025780702235032708,0.0,0.0,0.0,0.0
hospital,Mukono,Nakifuma,Kimenyedde,45014.810455322266,0.15804992626342404,4,0.19340562701104222,0.0,0.0,0.0,0.0
hospital,Kanungu,Kinkizi,Kinaaba,9726.85205078125,0.5317381816120732,4,0.6290783498754422,0.0,0.0,0.0,0.5300204071485222
hospital,Nakaseke,Nakaseke,Kinoni,8117.299370288849,1.510588718553954,4,1.7115118006090575,1.0,1.0,0.0,1.0
hospital,Rwampara,Rwampara,Kinoni Town Council,18175.98583984375,0.3394061905549235,4,0.3543526206362291,0.0,0.0,0.0,0.0
hospital,Kasese,Bukonjo,Kinyamasrke Town Council,12223.386611938477,0.13821333641089595,4,0.14893528312607565,0.0,0.0,0.0,0.0
hospital,Wakiso,Kira Municipality,Kira Division,191983.50708007812,0.16038042570354472,4,0.16715839125350204,0.0,0.0,0.0,0.0
hospital,Tororo,West Budama (Kisolo),Kirewa,36770.25491333008,0.2895581413422453,4,0.4001659761050031,0.0,0.0,0.0,0.08745414519800983
hospital,Kanungu,Kinkizi,Kirima,18959.505767822266,0.19626106604011215,4,0.22661942456405737,0.0,0.0,0.0,0.0
hospital,Mpigi,Mawokota,Kiringente,27984.811752319336,0.3356972029873469,4,0.35197734089360766,0.0,0.0,0.0,0.0
hospital,Kiruhura,Nyabushozi,Kiruhura Town Council,7432.763557434082,0.39018333461825505,4,0.44152313424653417,0.0,0.0,0.0,0.0
hospital,Kyotera,Kyotera,Kirumba,29666.605125427246,0.1755445479019126,4,0.229986479211549,0.0,0.0,0.0,0.0
hospital,Bundibugyo,Bwamba,Kirumya,14923.815460205078,0.1450327640319082,4,0.17923824429361235,0.0,0.0,0.0,0.0
hospital,Kisoro,Bufumbira,Kirundo,5505.859222412109,0.3947105956861557,11,0.4913318075619746,0.0,0.0,0.0,0.1499239022571142
hospital,Kiryandongo,Kibanda,Kiryandongo Town Council,6891.797180175781,0.0303446648084689,9,0.03186795466198559,0.0,0.0,0.0,0.0
hospital,Lwengo,Bukoto,Kisekka,57826.395362854004,0.3589664472086004,4,0.4232893750856419,0.0,0.0,0.0,0.0
hospital,Tororo,West Budama (Kisolo),Kisoko,22579.177703857422,0.29709344355289985,4,0.4368364609927599,0.0,0.0,0.0,0.0
hospital,Bunyangabu,Bunyangabu,Kisomoro,28472.744049072266,0.3385829820800251,4,0.3559363786642722,0.0,0.0,0.0,0.0
hospital,Kamuli,Buzaaya,Kisozi,35451.99105834961,0.4186561325886821,4,0.48481328864258555,0.0,0.0,0.0,0.0
hospital,Sheema,Sheema,Kitagata,7972.655426025391,0.20169101532699804,4,0.23412152753824844,0.0,0.0,0.0,0.0
hospital,Sheema,Sheema,Kitagata Town Council,13055.143524169922,0.06307018271409857,4,0.06968788593537205,0.0,0.0,0.0,0.0
hospital,Kakumiro,Bugangaizi,Kitaihuka,20085.324577331543,1.3696495307440544,4,1.675815754191147,1.0,1.0,0.0,1.0
hospital,Kamuli,Bugabula,Kitayunjwa,49418.7227935791,0.2348698648962056,4,0.2838231380431234,0.0,0.0,0.0,0.0
hospital,Kitgum,Chua,Kitgum Matidi,21564.948579788208,0.41832580116105694,7,0.4694587657041273,0.0,0.0,0.0,0.0504706841690745
hospital,Kayunga,Bbaale,Kitimbwa,59293.31859207153,0.45726133554203546,4,0.5618307180271044,0.0,0.0,0.0,0.31980343925422183
hospital,Nakaseke,Nakaseke,Kito,13072.402034759521,0.44437610071823924,4,0.5333250847441287,0.0,0.0,0.0,0.15878558113023997
hospital,Hoima,Bugahya,Kitoba,49083.31131744385,0.3468401833469038,4,0.3760243666455021,0.0,0.0,0.0,0.01312366539281622
hospital,Kabale,Ndorwa,Kitumba,24831.228788375854,0.12034312516937952,4,0.1335284857762101,0.0,0.0,0.0,0.0
hospital,Kiruhura,Nyabushozi,Kitura,21626.18263244629,0.5162836857116425,4,0.653205010984446,0.0,0.0,0.0,0.8448595307010879
hospital,Kibuku,Kibuku,Kituti,11474.453216552734,0.4454480532357621,4,0.5588209437921994,0.0,0.0,0.0,0.0
hospital,Nakaseke,Nakaseke,Kiwoko Town Council,14165.168502807617,0.05561285561743503,4,0.06289039871583116,0.0,0.0,0.0,0.0
hospital,Mitooma,Ruhinda,Kiyanga,23288.806640625,0.5229008919056952,10,0.5850962868871928,0.0,0.0,0.0,0.13672321190116649
hospital,Bunyangabu,Bunyangabu,Kiyombya,12478.683135986328,0.4284651541361451,10,0.49232295249054575,0.0,0.0,0.0,0.0
hospital,Mubende,Buwekula,Kiyuni,27923.364707946777,0.4031788762324623,10,0.5138734107984873,0.0,0.0,0.0,0.4852675601297666
hospital,Kikuube,Buhaguzi,Kiziranfumbi,24388.302444458008,0.6022638588664116,10,0.6407389195858316,0.0,0.0,0.0,0.00644175878001986
hospital,Lwengo,Bukoto,Kkingo,39458.64988708496,0.15993357503111041,4,0.17737086877309374,0.0,0.0,0.0,0.0
hospital,Kole,Kole,Kole Town Council,12241.50072479248,0.4911041341040244,8,0.5304447471349318,0.0,0.0,0.0,0.05298497673491018
hospital,Mukono,Mukono,Koome Island,21016.372079730034,,1,,1.0,1.0,0.0,1.0
hospital,Omoro,Omoro,Koro,40558.3331451416,0.27685940438867207,8,0.3270983687241708,0.0,0.0,0.0,0.002079488036173978
hospital,Bukwo,Kongasis,Kortek,7774.04020690918,0.15825752583607264,5,0.21105101357711875,0.0,0.0,0.0,0.0
hospital,Agago,Agago,Kotomol,14503.837968826294,1.4595171336640365,7,1.9656227203948304,1.0,1.0,0.0,1.0
hospital,Kumi,Kumi,Kumi,27284.303811073303,0.17356939386722045,5,0.19977659294049283,0.0,0.0,0.0,0.0002385870378038032
hospital,Yumbe,Aringa,Kuru,60524.696868896484,0.2132210257003509,10,0.2642090379201285,0.0,0.0,0.0,0.0
hospital,Tororo,Tororo,Kwapa,23860.010803222656,0.2832535982575339,4,0.4130885756194984,0.0,0.0,0.0,0.0
hospital,Kween,Kween,Kwosir,18911.15717315674,0.3759755749401187,5,0.4058749979019063,0.0014105519163551072,0.0014105519163551072,0.0,0.009875624502618675
hospital,Kasese,Busongora,Kyabarungira,18495.71795654297,0.580994797539309,10,0.6441080194418318,0.0,0.0,0.0,0.1257025704551422
hospital,Bushenyi,Igara,Kyabugimbi,21923.53353881836,0.39765417232477707,4,0.4259066291812006,0.0,0.0,0.0,0.0
hospital,Kagadi,Buyaga,Kyakabadiima,14085.73876953125,0.3570565536272389,4,0.41042421850983185,0.0,0.0,0.0,0.0
hospital,Mukono,Mukono,Kyampisi,59896.09503173828,0.1799255053475995,4,0.19985744758581922,0.0,0.0,0.0,0.0
hospital,Bushenyi,Igara,Kyamuhunga Town Council,16035.00464630127,0.07529227061149162,10,0.08565482226146981,0.0,0.0,0.0,0.0
hospital,Kalungu,Kalungu,Kyamulibwa Town Council,7700.393310546875,0.621997476965223,4,0.8539006377643217,0.0,0.0,0.0,1.0
hospital,Kalangala,Kyamuswa,Kyamuswa,6384.384218335152,,1,,1.0,1.0,0.0,1.0
hospital,Kyenjojo,Mwenge,Kyamutunzi Town Council,8211.545425415039,0.3182294423288902,4,0.3334867250559293,0.0,0.0,0.0,0.0
hospital,Kagadi,Buyaga,Kyanaisoke,23372.761993408203,0.3446002865936212,4,0.40951797597277245,0.0,0.0,0.0,0.0
hospital,Kabale,Ndorwa,Kyanamira,23286.744018554688,0.13555229834170457,4,0.14601072219885206,0.0,0.0,0.0,0.0
hospital,Sheema,Sheema,Kyangyenyi,13676.06071472168,0.622906884524541,4,0.6688903965843236,0.0,0.0,0.0,0.1049183329547941
hospital,Lwengo,Bukoto,Kyazanga,40892.922775268555,0.44439384115119424,4,0.4990680591203533,0.0,0.0,0.0,0.09482086243148354
hospital,Lwengo,Bukoto,Kyazanga Town Council,16226.855010986328,0.26714520120827756,4,0.2710417705847748,0.0,0.0,0.0,0.0
hospital,Kibaale,Buyanja,Kyebando,14072.469627380371,1.2938829195916506,4,1.6202563561724483,1.0,1.0,0.0,1.0
hospital,Bushenyi,Igara,Kyeizooba,23719.611373901367,0.3209873561862001,4,0.34000682750309746,0.0,0.0,0.0,0.0
hospital,Wakiso,Busiro,Kyengera Town Council,324653.2867279053,0.13547142619551225,4,0.14015881380543185,0.0,0.0,0.0,0.0
hospital,Kyenjojo,Mwenge,Kyenjojo Town Council,32206.013481140137,0.12837887127103373,10,0.14143691906381314,0.0,0.0,0.0,0.0
hospital,Kagadi,Buyaga,Kyenzige,24076.21336364746,0.20798548648511603,4,0.22759937840637445,0.0,0.0,0.0,0.0
hospital,Kyotera,Kyotera,Kyotera Town Council,12066.96142578125,0.17532810800160586,4,0.17675844992294432,0.0,0.0,0.0,0.0
hospital,Kitgum,Chua,Labongo Amida,18639.148882865906,0.22427977105181496,7,0.2781205775354892,0.0,0.0,0.0,0.06250944512299222
hospital,Kitgum,Chua,Labongo Layamo,14166.674690246582,0.1829932393634493,7,0.197067395417641,0.0,0.0,0.0,0.0
hospital,Serere,Kasilo,Labori,26725.162882328033,1.285282999867002,5,1.4459942622119912,1.0,1.0,0.0,1.0
hospital,Agago,Agago,Lamiyo,10468.913122177124,1.5606760167676192,8,2.1331133554625383,1.0,1.0,0.0,1.0
hospital,Gulu,Gulu Municipality,Laroo Division,37517.43884277344,0.055671993726818525,8,0.059348332129341666,0.0,0.0,0.0,0.0
hospital,Gulu,Gulu Municipality,Layibi Division,51124.70129394531,0.04998524694793658,8,0.0507647420487373,0.0,0.0,0.0,0.0
hospital,Lira,Erute,Lira,45409.471618652344,0.1430343574713492,8,0.15954476849291208,0.0,0.0,0.0,0.0
hospital,Karenga,Dodoth,Lobalangit,6913.970975399017,1.9539015502204873,8,2.3358098585720177,1.0,1.0,0.0,1.0
hospital,Koboko,Koboko,Lobule,45170.918395996094,0.2351609929075336,10,0.27038830861055224,0.0,0.0,0.0,0.0
hospital,Yumbe,Aringa,Lodonga,50785.37648010254,0.4192978991568302,10,0.4935479295257005,0.0,0.0,0.0,0.0
hospital,Karenga,Dodoth,Lokori,6348.285773277283,2.19483070196027,8,2.671220474764566,1.0,1.0,0.0,1.0
hospital,Nabilatuk,Pian,Lolachat,48989.2135181427,2.595449649739236,4,3.096650753060289,1.0,1.0,0.0,1.0
hospital,Namayingo,Bukooli,Lolwe,18941.22131919861,,1,,1.0,1.0,0.0,1.0
hospital,Nakapiripirit,Chekwi,Loregae,27009.0094165802,2.4684598317124586,5,2.9835685533060228,1.0,1.0,0.0,1.0
hospital,Buvuma,Buvuma Island,Lubya,10022.076751708984,,1,,1.0,1.0,0.0,1.0
hospital,Ssembabule,Mawogola,Lugusulu,41311.28746986389,1.4300088794888985,4,1.652861068997882,1.0,1.0,0.0,1.0
hospital,Kalungu,Kalungu,Lukaya Town Council,28403.794967651367,0.44907253388304874,4,0.4693385816385756,0.0,0.0,0.0,0.0
hospital,Mbale,Bungokho,Lukhonge,13257.602783203125,0.4242714754201754,4,0.45053293672815803,0.0,0.0,0.0,0.0
hospital,Busia,Samia-Bugwe,Lumino,11148.760009765625,0.28478634582534745,4,0.3145785375348777,0.0,0.0,0.0,0.0
hospital,Busia,Samia-Bugwe,Lunyo,19909.094680786133,0.46393479735432785,4,0.5406749731522703,0.0,0.0,0.0,0.02600711688641059
hospital,Bulambuli,Bulambuli,Lusha,18635.20068359375,0.4450595828203319,5,0.5122372701241598,0.0,0.0,0.0,0.0
hospital,Luuka,Luuka,Luuka Town Council,13688.729431152344,0.4921858503816855,4,0.557461773653357,0.0,0.0,0.0,0.0
hospital,Luwero,Katikamu,Luwero,46721.331687927246,0.3692048754222476,4,0.4766610891930818,0.0,0.0,0.0,0.21893615099692212
hospital,Luwero,Katikamu,Luwero Town Council,50664.201416015625,0.2898719357573538,4,0.36495826687811606,0.0,0.0,0.0,0.0
hospital,Nakasongola,Buruli,Lwabiyata,20534.703984975815,1.8513848139367415,4,2.0038364831736373,1.0,1.0,0.0,1.0
hospital,Buvuma,Buvuma Island,Lwajje,6911.535118103027,,1,,1.0,1.0,0.0,1.0
hospital,Namisindwa,Bubulo,Lwakhakha Town Council,6904.506774902344,0.6961090432691354,5,0.7894072064968821,0.0,0.0,0.0,0.0
hospital,Kiboga,Kiboga,Lwamata Town Council,8709.338088989258,0.3050651406689121,4,0.307452701505303,0.0,0.0,0.0,0.0
hospital,Nakasongola,Buruli,Lwampanga,38310.56385111809,1.7586370988483857,4,1.872070215884418,1.0,1.0,0.0,1.0
hospital,Rakai,Kooki,Lwanda,35360.02001953125,0.25230741171459337,4,0.29299215996053307,0.0,0.0,0.0,0.0
hospital,Kyotera,Kyotera,Lwankoni,18557.131233215332,0.18232593820982684,4,0.2360846213876369,0.0,0.0,0.0,0.0
hospital,Mbale,Bungokho,Lwasso,13643.369018554688,0.15066957732790412,4,0.16039297808333888,0.0,0.0,0.0,0.0
hospital,Lwengo,Bukoto,Lwengo,57686.081771850586,0.4853953874375876,4,0.5119509281628607,0.0,0.0,0.0,0.021771123061960666
hospital,Lwengo,Bukoto,Lwengo Town Council,18501.54150390625,0.41960105445016144,4,0.42351634480865047,0.0,0.0,0.0,0.0
hospital,Buvuma,Buvuma Island,Lyabaana,10899.809926986694,,1,,1.0,1.0,0.0,1.0
hospital,Budaka,Budaka,Lyama,24507.555694580078,0.44130879025651054,4,0.6052489898088699,0.0,0.0,0.0,0.3489791913550656
hospital,Lyantonde,Kabula,Lyantonde,24912.553115844727,0.14716694408836437,4,0.17376325441009174,0.0,0.0,0.0,0.0
hospital,Lyantonde,Kabula,Lyantonde Town Council,16861.14190673828,0.018704407209052677,4,0.02097465506846969,0.0,0.0,0.0,0.0
hospital,Kagadi,Buyaga,Mabaale,19706.250259399414,0.40673989018186746,4,0.44112109581766795,0.0,0.0,0.0,0.010223470227233524
hospital,Kagadi,Buyaga,Mabaale Town Council,13407.520278930664,0.3370943149536423,4,0.35236315426539955,0.0,0.0,0.0,0.0
hospital,Bundibugyo,Bughendera,Mabere,4167.213348388672,0.43055246927175217,4,0.4698120481029137,0.0,0.0,0.0,0.0
hospital,Jinja,Butembe,Mafubira,91804.63638305664,0.06967218865434376,4,0.08403930373348828,0.0,0.0,0.0,0.0
hospital,Namisindwa,Bubulo,Magale,18340.11083984375,0.5072490369270317,5,0.6212640317070879,0.0,0.0,0.0,0.0
hospital,Namisindwa,Bubulo,Magale Town Council,7668.395263671875,0.4955906146173289,5,0.6123425694672786,0.0,0.0,0.0,0.0
hospital,Mayuge,Bunya,Magamaga Town Council,20934.96255493164,0.23095234434190792,4,0.239280094980874,0.0,0.0,0.0,0.0
hospital,Kamuli,Buzaaya,Magogo,24051.414779663086,0.2961104845385542,4,0.35169465090880436,0.0,0.0,0.0,0.0
hospital,Tororo,West Budama (Kisolo),Magola,23461.79278564453,0.3892856428970541,4,0.4327055946406005,0.0,0.0,0.0,0.0
hospital,Kasese,Bukonjo,Mahango,23968.29100036621,0.19129325370975017,4,0.22344606191663757,0.0,0.0,0.0,0.0
hospital,Busia,Samia-Bugwe,Majanji,21070.156188964844,0.42794017448229704,4,0.4760806276720532,0.0,0.0,0.0,0.0
hospital,Kampala,KCCA,Makindye Division,486409.8373031616,0.08686027533132731,4,0.08856242159955739,0.0,0.0,0.0,0.0
hospital,Kassanda,Kassanda,Makokoto,11004.07783126831,0.6716683391213568,4,0.7689102483702696,0.0,0.0,0.0,0.6094124034321149
hospital,Luwero,Katikamu,Makulubita,42734.726806640625,0.5688979116955926,4,0.6207756025760865,0.0,0.0,0.0,0.04443773903232435
hospital,Bugweri,Bugweri,Makuutu,35786.159240722656,0.48064222457596895,4,0.5766491968718792,0.0,0.0,0.0,0.0
hospital,Tororo,Tororo,Malaba Town Council,14151.834838867188,0.19524158421979163,4,0.2087111191188682,0.0,0.0,0.0,0.0
hospital,Mityana,Busujju,Malangala,29355.912284851074,0.42556169265205995,4,0.457750841434592,0.0,0.0,0.0,0.0
hospital,Lwengo,Bukoto,Malongo,44008.46912384033,0.2093836924314435,4,0.2333970185710877,0.0,0.0,0.0,0.004558904703218395
hospital,Manafwa,Bubulo,Manafwa Town Council,17930.708618164062,0.2176109513755395,5,0.24634422512969453,0.0,0.0,0.0,0.0
hospital,Arua,Terego,Manibe,37919.89994812012,0.12969821718842622,10,0.15846173424391166,0.0,0.0,0.0,0.0
hospital,Maracha,Maracha,Maracha Town Council,10475.745239257812,0.10244168205327168,10,0.10488253554805847,0.0,0.0,0.0,0.0
hospital,Busia,Samia-Bugwe,Masaba,29977.665771484375,0.2535135428907211,4,0.3045904878660921,0.0,0.0,0.0,0.0
hospital,Busia,Samia-Bugwe,Masafu,19029.23486328125,0.15404115898862855,4,0.22315298598367878,0.0,0.0,0.0,0.0
hospital,Wakiso,Makindye Ssabagabo Municipality,Masajja Division,173317.64516448975,0.15672207116932876,4,0.1655872880329468,0.0,0.0,0.0,0.0
hospital,Jinja,Jinja Municipality,Masese Walukuba,25670.923828125,0.04686104442651089,4,0.049515342736243625,0.0,0.0,0.0,0.0
hospital,Isingiro,Isingiro,Masha,37301.74655532837,0.321317691851324,4,0.36059961871560453,0.0,0.0,0.0,0.14231887290140116
hospital,Sheema,Sheema,Masheruka Town Council,4350.983184814453,0.7533975912432974,4,0.803265755691639,0.0,0.0,0.0,0.34181037215478155
hospital,Kiryandongo,Kibanda,Masindi Port,12203.342650413513,0.5044496796354659,9,0.5294576398164705,0.0,0.0,0.0,0.07839654510578435
hospital,Busia,Samia-Bugwe,Masinya,32816.439453125,0.14699529201989475,4,0.21560942246339979,0.0,0.0,0.0,0.0
hospital,Wakiso,Busiro,Masuliita,17309.858558654785,0.452291402065258,4,0.47517636171735467,0.0,0.0,0.0,0.0
hospital,Wakiso,Busiro,Masulita Town Council,23460.49530029297,0.5228615778255322,4,0.5626281850535099,0.0,0.0,0.0,0.007844173615545508
hospital,Ssembabule,Mawogola,Mateete Town Council,12823.607482910156,0.6324734957248075,4,0.6767752186293884,0.0,0.0,0.0,0.0
hospital,Mitooma,Ruhinda,Mayanga,12062.90249633789,0.44968095800995006,4,0.514425530285024,0.0,0.0,0.0,0.02404816737350356
hospital,Mayuge,Bunya,Mayuge Town Council,23001.04718017578,0.25605966088594634,4,0.3309996542405578,0.0,0.0,0.0,0.0
hospital,Kabale,Ndorwa,Maziba,24350.722442626953,0.4386716363929838,4,0.492210271193846,0.0,0.0,0.0,0.03387408259127302
hospital,Butaleja,Bunyole,Mazimasa,42080.28927612305,0.16453004844755328,4,0.21744565304299823,0.0,0.0,0.0,0.0
hospital,Kalangala,Kyamuswa,Mazinga,6761.3032376766205,,1,,1.0,1.0,0.0,1.0
hospital,Kamuli,Buzaaya,Mbulamuti,39612.06684875488,0.3269052863258656,4,0.3858626331928724,0.0,0.0,0.0,0.0
hospital,Tororo,Tororo,Mella,23487.197662353516,0.2554485703951992,4,0.3570088231598633,0.0,0.0,0.0,0.0
hospital,Wakiso,Busiro,Mende,41654.971603393555,0.19145457911267266,4,0.2213353043146357,0.0,0.0,0.0,0.0
hospital,Tororo,Tororo,Merikit,32042.320831298828,0.384020496058428,4,0.45761593608050044,0.0,0.0,0.0,0.0
hospital,Koboko,Koboko,Midia,37911.99481201172,0.1064924564907564,10,0.12313907478577998,0.0,0.0,0.0,0.0
hospital,Nakasongola,Buruli,Migeera Town Council,7559.172156333923,1.2699421763010605,4,1.2825771771065018,1.0,1.0,0.0,1.0
hospital,Bundibugyo,Bwamba,Mirambi,13535.658111572266,0.20440800628772743,4,0.24172827652365061,0.0,0.0,0.0,0.03885276214449525
hospital,Mitooma,Ruhinda,Mitooma,21560.154357910156,0.3998848785346683,4,0.4512856002689129,0.0,0.0,0.0,0.0
hospital,Mitooma,Ruhinda,Mitooma Town Council,7011.981109619141,0.35926989592925473,4,0.3926337214332818,0.0,0.0,0.0,0.0
hospital,Tororo,Tororo,Molo,24622.695922851562,0.33439081734674203,4,0.36576907384615115,0.0,0.0,0.0,0.0
hospital,Moyo,Moyo,Moyo Town Council,9483.440979003906,0.023384513885476493,8,0.02989068876665508,0.0,0.0,0.0,0.0
hospital,Kween,Kween,Moyok,7046.332733154297,0.4475046203680722,5,0.4680120875208565,0.0,0.0,0.0,0.06390549445992871
hospital,Hoima,Hoima Municipality,Mparo Divison,26142.855880737305,0.17264102752209753,10,0.18104713167501907,0.0,0.0,0.0,0.0
hospital,Rukiga,Rukiga,Mparo Town Council,6045.972244262695,0.28414413821127366,4,0.3089489713014764,0.0,0.0,0.0,0.0
hospital,Gomba,Gomba,Mpenja,37790.40612030029,0.2942155377433661,4,0.35555732114816235,0.0,0.0,0.0,0.012942078307037402
hospital,Kasese,Bukonjo,Mpondwe-Lhubiriha,52821.70715332031,0.03479337721682207,11,0.03597377091018288,0.0,0.0,0.0,0.0
hospital,Jinja,Jinja Municipality,Mpumudde Division,39015.09193253517,0.042453839510993734,4,0.046326253248000736,0.0,0.0,0.0,0.0
hospital,Kanungu,Kinkizi,Mpungu,9674.742853164673,0.4458162651062299,10,0.5290635564671652,0.0,0.0,0.0,0.2897266184199072
hospital,Mayuge,Bunya,Mpungwe,32743.775177001953,0.4123137479029462,4,0.5130875134705617,0.0,0.0,0.0,0.012177515308814703
hospital,Mpigi,Mawokota,Muduuma,40365.278244018555,0.40519513258415896,4,0.4254930504404267,0.0,0.0,0.0,0.0
hospital,Budaka,Iki-Iki,Mugiti,15148.941589355469,0.20516100689008998,4,0.22099048406015898,0.0,0.0,0.0,0.0
hospital,Kalangala,Bujumba,Mugoye,16728.05373388529,,1,,1.0,1.0,0.0,1.0
hospital,Kabarole,Burahya,Mugusu,13638.811218261719,0.24066014767395486,4,0.2769478853647365,0.0,0.0,0.0,0.0
hospital,Kabarole,Burahya,Mugusu Town Council,15961.96353149414,0.12784802557592614,4,0.13496399319497637,0.0,0.0,0.0,0.0
hospital,Rukiga,Rukiga,Muhanga Town Council,18714.39273071289,0.20324181616530518,4,0.22080064092871926,0.0,0.0,0.0,0.0
hospital,Kagadi,Buyaga,Muhorro,28552.531829833984,0.22879720376439092,4,0.2749933381993386,0.0,0.0,0.0,0.0
hospital,Kagadi,Buyaga,Muhorro Town Council,34570.93762207031,0.19288392466849383,4,0.20817585890196158,0.0,0.0,0.0,0.0
hospital,Rubanda,Rubanda,Muko,44650.926250457764,0.3638019646515148,4,0.42303769802368446,0.0,0.0,0.0,0.04033819093467319
hospital,Tororo,Tororo,Mukuju,48686.720275878906,0.23820413817385644,4,0.2763867894446919,0.0,0.0,0.0,0.0
hospital,Masaka,Bukoto,Mukungwe,55422.16539764404,0.1328921619190715,4,0.16239969636378188,0.0,0.0,0.0,0.0
hospital,Ngora,Ngora,Mukura,41939.652769327164,0.30568554861109265,5,0.34169474775580544,0.0,0.0,0.0,0.0012722307967496266
hospital,Kyankwanzi,Kiboga,Mulagi,19110.42805480957,0.22238080301066937,4,0.2609639019121878,0.0,0.0,0.0,0.06192232938844823
hospital,Kasese,Bukonjo,Munkunyu,27763.981506347656,0.1742032181493241,4,0.20902789231416471,0.0,0.0,0.0,0.027913941902419824
hospital,Amolatar,Kioga,Muntu,18702.474116802216,0.6231326027108552,9,0.6931663804001442,0.004072069450228548,0.004072069450228548,0.0,0.3579524838631212
hospital,Kisoro,Bufumbira,Muramba,46328.775314331055,0.2103200862071045,4,0.2374734848041429,0.0,0.0,0.0,0.013863077759238307
hospital,Kisoro,Bufumbira,Murora,19279.372756958008,0.2856822694893124,4,0.34241730092040584,0.0,0.0,0.0,0.0
hospital,Mitooma,Ruhinda,Mutara,27457.49821472168,0.2763855264603531,4,0.3091049564295584,0.0,0.0,0.0,0.0
hospital,Bugiri,Bukooli,Muterere,35867.147521972656,0.3913792553977876,4,0.4489840952920808,0.0,0.0,0.0,0.0
hospital,Bulambuli,Bulambuli,Muyembe,8935.436645507812,0.3572096911977108,5,0.36215662548239086,0.0,0.0,0.0,0.0
hospital,Mukono,Nakifuma,Nabbaale,48922.44584655762,0.15171909001303693,4,0.17894949755610434,0.0,0.0,0.0,0.0
hospital,Bulambuli,Bulambuli,Nabbongo,14622.457702636719,0.4754195815939061,5,0.5287725672982516,0.0,0.0,0.0,0.07460698619790039
hospital,Kyotera,Kyotera,Nabigasa,24993.504669189453,0.4041055437729642,4,0.5401115774274025,0.0,0.0,0.0,0.019684419692630566
hospital,Nabilatuk,Pian,Nabilatuk Town Council,4467.963914871216,1.632725791764882,4,1.8088981293167747,1.0,1.0,0.0,1.0
hospital,Kibuku,Kibuku,Nabiswa,17767.950744628906,0.5912328464295905,4,0.717551728782016,0.0,0.0,0.0,0.0
hospital,Nakasongola,Buruli,Nabisweera,21378.845115482807,1.4882632482593874,4,1.5814470501964415,0.9974473123905331,0.9974473123905331,0.0,0.9974473123905331
hospital,Iganga,Kigulu,Nabitende,36778.095153808594,0.507806108067074,4,0.5482500401528786,0.0,0.0,0.0,0.0
hospital,Budaka,Budaka,Naboa,18825.64370727539,0.3269196266493243,4,0.38440541951522117,0.0,0.0,0.0,0.0
hospital,Mbale,Bungokho,Nabumali Town Council,9868.91616821289,0.268327587115512,4,0.2744050124416985,0.0,0.0,0.0,0.0
hospital,Wakiso,Nansana Municipality,Nabweru Division,179650.64208984375,0.03257019580099051,4,0.03553164654479087,0.0,0.0,0.0,0.0
hospital,Bududa,Manjiya,Nabweya,12874.250854492188,0.16144531339541643,5,0.22984613066216517,0.0,0.0,0.0,0.0
hospital,Kamuli,Bugabula,Nabwigulu,25359.66958618164,0.19762026551122366,4,0.2388296755192167,0.0,0.0,0.0,0.0
hospital,Tororo,West Budama (Kisolo),Nagongera,34129.33688354492,0.4599144469695278,4,0.6288796761456013,0.0,0.0,0.0,0.2110334399564431
hospital,Tororo,West Budama (Kisolo),Nagongera Town Council,15564.633819580078,0.4804309033022368,4,0.663441438123437,0.0,0.0,0.0,0.25660865074856265
hospital,Buvuma,Buvuma Island,Nairambi,29430.801488876343,1.68965149796295,4,2.2399340441595337,1.0,1.0,0.0,1.0
hospital,Buikwe,Buikwe,Najja,57196.61795377731,0.2789887404797374,4,0.3629846320438695,0.0,0.0,0.0,0.023873308958564477
hospital,Iganga,Kigulu,Nakalama,56837.74247741699,0.12456018250300445,4,0.13195190152240724,0.0,0.0,0.0,0.0
hospital,Mbale,Bungokho,Nakaloke,9046.2607421875,0.1002330048922607,4,0.10412181382801435,0.0,0.0,0.0,0.0
hospital,Mbale,Bungokho,Nakaloke Town Council,34744.55480957031,0.09507176104768952,4,0.09695746472086604,0.0,0.0,0.0,0.0
hospital,Kotido,Jie,Nakapelimoru,35735.6135995388,1.78047409741722,7,2.1331689614456746,1.0,1.0,0.0,1.0
hospital,Nakapiripirit,Chekwi,Nakapiripirit Town Council,4830.417556762695,1.0868355352580092,4,1.3174274183323993,1.0,1.0,0.0,1.0
hospital,Nakaseke,Nakaseke,Nakaseke,23564.803298950195,0.3697413326462377,4,0.46229398985521325,0.0,0.0,0.0,0.10704756324173174
hospital,Nakaseke,Nakaseke,Nakaseke Town Council,9705.512893676758,0.26880873850326736,4,0.3295474264428745,0.0,0.0,0.0,0.0
hospital,Nakasongola,Buruli,Nakasongola Town Council,13452.167434692383,1.2277200393937544,4,1.2728537834341276,1.0,1.0,0.0,1.0
hospital,Bududa,Manjiya,Nakatsi,16041.15966796875,0.24248823896352686,5,0.33315443978549214,0.0,0.0,0.0,0.0
hospital,Kampala,KCCA,Nakawa Division,378179.35763549805,0.05168496049963777,4,0.05548897192470332,0.0,0.0,0.0,0.0
hospital,Iganga,Kigulu,Nakigo,49306.014556884766,0.11915903973648413,4,0.13743109321900077,0.0,0.0,0.0,0.0
hospital,Mukono,Mukono,Nakisunga,63623.301933288574,0.20014932462733617,4,0.22018742382497122,0.0,0.0,0.0,0.0
hospital,Manafwa,Bubulo,Nalondo,7869.782196044922,0.3830539595426097,5,0.42484179942052064,0.0,0.0,0.0,0.0
hospital,Sironko,Budadiri,Nalusala,12919.209335327148,0.3540248925130563,5,0.4046713547653458,0.0,0.0,0.0,0.0
hospital,Mukono,Mukono,Nama,67459.01271057129,0.1756351418564861,4,0.18402042759296192,0.0,0.0,0.0,0.0
hospital,Namisindwa,Bubulo,Namabya,14776.602478027344,0.36508359628744635,5,0.43885470438407576,0.0,0.0,0.0,0.0
hospital,Bugweri,Bugweri,Namalemba,30977.066848754883,0.42580977890504473,4,0.44747392386548684,0.0,0.0,0.0,0.0
hospital,Mbale,Bungokho,Namambasa,25203.514190673828,0.1146724230635261,4,0.12906703852696555,0.0,0.0,0.0,0.0
hospital,Mbale,Bungokho,Namanyonyi,36894.195556640625,0.11519047209398635,4,0.12617753891471586,0.0,0.0,0.0,0.0
hospital,Amolatar,Kioga,Namasale Town Council,10126.458161354065,1.1856580869134443,9,1.2909721762405095,1.0,1.0,0.0,1.0
hospital,Namayingo,Bukooli,Namayingo Town Council,19521.723205566406,0.5695769324321639,4,0.6617441485004514,0.0,0.0,0.0,0.019325245061018247
hospital,Wakiso,Busiro,Namayumba,30607.005783081055,0.5985951550569967,4,0.6748628955366067,0.0,0.0,0.0,0.2813497404272181
hospital,Wakiso,Busiro,Namayumba Town Council,23769.58155822754,0.5795884533558864,4,0.6037802152034623,0.0,0.0,0.0,0.0
hospital,Iganga,Kigulu,Nambale,60795.088928222656,0.49642857170997073,4,0.5165517543217577,0.0,0.0,0.0,0.0048248227969889534
hospital,Namisindwa,Bubulo,Namboko,10729.071380615234,0.46828336812243954,4,0.671385445993923,0.0,0.0,0.0,0.16312046983980677
hospital,Namisindwa,Bubulo,Namisindwa Town Council,6211.546325683594,0.3906520190098961,5,0.4826755191158271,0.0,0.0,0.0,0.0
hospital,Bulambuli,Bulambuli,Namisuni,10369.232788085938,0.3072907653032925,5,0.32192237996343365,0.0,0.0,0.0,0.0
hospital,Wakiso,Kira Municipality,Namugongo Division,172145.81396484375,0.09026754987304103,4,0.09321305388561743,0.0,0.0,0.0,0.0
hospital,Iganga,Kigulu,Namungalwe,49474.22277832031,0.2765059685922966,4,0.30105808022575287,0.0,0.0,0.0,0.0
hospital,Mityana,Mityana,Namungo,20558.817741394043,0.4733971248564787,4,0.5265667842484024,0.0,0.0,0.0,0.04382615194963844
hospital,Namutumba,Busiki,Namutumba,49721.36668395996,0.6328060356313728,4,0.705428563780709,0.0,0.0,0.0,0.09148802590526962
hospital,Namutumba,Busiki,Namutumba Town Council,24579.835388183594,0.6264485330173354,4,0.6339616743258606,0.0,0.0,0.0,0.0
hospital,Kamuli,Bugabula,Namwendwa,73770.74320983887,0.36794179717993336,4,0.43571405150685183,0.0,0.0,0.0,0.0
hospital,Bududa,Manjiya,Nangako Town Council,5811.042724609375,0.14386707245016547,5,0.19084306899755202,0.0,0.0,0.0,0.0
hospital,Kyotera,Kyotera,Nangoma,2587.7971229553223,1.7011164694248153,4,2.0332973007024724,1.0,1.0,0.0,1.0
hospital,Bugiri,Bukooli,Nankoma,53860.91598510742,0.4825433101922407,4,0.5811644577684081,0.0,0.0,0.0,0.024882747648349957
hospital,Wakiso,Nansana Municipality,Nansana Division,241726.380859375,0.04421751093909643,4,0.04487164239839023,0.0,0.0,0.0,0.0
hospital,Karenga,Dodoth,Napore Karenga,5756.107758760452,1.8984308301888475,8,2.3324535003604856,1.0,1.0,0.0,1.0
hospital,Luuka,Luuka,Nawampiti,26174.995361328125,0.3960691374379045,4,0.462606488267956,0.0,0.0,0.0,0.0
hospital,Kamuli,Buzaaya,Nawanyago,30194.13136291504,0.2619952083108752,4,0.306768069706484,0.0,0.0,0.0,0.0
hospital,Iganga,Kigulu,Nawanyingi,32201.208892822266,0.1674399445794168,4,0.20184123856056338,0.0,0.0,0.0,0.01419383433053216
hospital,Butaleja,Bunyole,Naweyo,28491.393188476562,0.291689154149031,4,0.3928585465673329,0.0,0.0,0.0,0.0
hospital,Mbale,Bungokho,Nawuyo Town Council,13505.819213867188,0.10294145838931001,4,0.10918473622867043,0.0,0.0,0.0,0.0
hospital,Kayunga,Ntenjeru,Nazigo,55161.14535522461,0.3287902026716847,4,0.37937562514759626,0.0,0.0,0.0,0.0
hospital,Lwengo,Bukoto,Ndagwe,44314.845359802246,0.573015321729116,4,0.7229443420851901,0.0,0.0,0.0,0.5513154805742575
hospital,Wakiso,Makindye Ssabagabo Municipality,Ndejje Division,185163.69696044922,0.1813289496429463,4,0.18450950040880346,0.0,0.0,0.0,0.0
hospital,Nebbi,Padyere,Ndhew,26183.451919555664,0.23055098800302434,9,0.2871425537600016,0.0,0.0,0.0,0.0
hospital,Nebbi,Padyere,Nebbi,31599.943283081055,0.250317052216904,9,0.2898387679234335,0.0,0.0,0.0,0.019821059878810242
hospital,Bundibugyo,Bughendera,Ngamba,13799.991912841797,0.38773049188505804,4,0.48304496385610407,0.0,0.0,0.0,0.14270868454599
hospital,Lira,Erute,Ngetta,40651.92562866211,0.18450051482808533,8,0.19985740251315864,0.0,0.0,0.0,0.0
hospital,Buikwe,Buikwe,Ngogwe,43922.75812506676,0.17434024534585096,4,0.2232031064087699,0.0,0.0,0.0,0.03516155947909274
hospital,Napak,Bokora,Ngoleriet,20637.330951690674,0.37876701651560835,4,0.40576332372877577,0.0,0.0,0.0,0.02027497770158327
hospital,Nakaseke,Nakaseke,Ngoma Town Council,8198.083688735962,1.1863009231788582,4,1.292648349846909,1.0,1.0,0.0,1.0
hospital,Ngora,Ngora,Ngora Town Council,17592.893768310547,0.39408810373050823,5,0.45507793588203044,0.0,0.0,0.0,0.0
hospital,Buliisa,Buliisa,Ngwedo,21869.79653453827,0.3863854657619152,10,0.42143239219052886,0.0,0.0,0.0,0.011864409176784765
hospital,Buikwe,Njeru Municipality,Njeru Division,98037.43713378906,0.0919428383105056,4,0.10743582037956378,0.0,0.0,0.0,0.0
hospital,Kyankwanzi,Kiboga,Nkandwa,18943.615234375,0.6213321161619255,4,0.7283864788023979,0.0,0.0,0.0,0.6601668260119128
hospital,Buikwe,Buikwe,Nkokonjeru Town Council,11529.112930297852,0.027900715463583598,4,0.030876937269621495,0.0,0.0,0.0,0.0
hospital,Ntoroko,Ntoroko,Nombe,339.9867732524872,1.6011813015402068,4,1.90833929913105,1.0,1.0,0.0,1.0
hospital,Kotido,Kotido Municipality,North Division,13642.723728179932,1.5763445632605526,8,1.7766198279548104,1.0,1.0,0.0,1.0
hospital,Kisoro,Kisoro Municipality,Northern,5307.6256103515625,0.02341575743046236,4,0.026876058762434003,0.0,0.0,0.0,0.0
hospital,Iganga,Iganga Municipality,Northern Division,36581.01708984375,0.024243974831938617,4,0.02617033578544394,0.0,0.0,0.0,0.0
hospital,Kamuli,Kamuli Municipality,Northern Division,43179.94174194336,0.048800727586172495,4,0.060434293504337204,0.0,0.0,0.0,0.0
hospital,Mbale,Mbale Municipality,Northern Division,49300.377685546875,0.02092095745951035,4,0.021651215888435903,0.0,0.0,0.0,0.0
hospital,Soroti,Soroti Municipality,Northern Division,22283.208251953125,0.05548931018779276,5,0.06615565051900754,0.0,0.0,0.0,0.0
hospital,Moroto,Moroto Municipality,Northern Division,11410.489868164062,0.016558008564984,4,0.017071015980841528,0.0,0.0,0.0,0.0
hospital,Kabale,Kabale Municipality,Northern Division,13775.705780029297,0.02154393476909575,4,0.02439266826029853,0.0,0.0,0.0,0.0
hospital,Kumi,Kumi Municipality,Northern Divison,23810.971069335938,0.0819140044196612,5,0.09246684452272295,0.0,0.0,0.0,0.0
hospital,Koboko,Koboko Municipality,Northern Divison,17478.35498046875,0.026325981679051955,10,0.030889896558395594,0.0,0.0,0.0,0.0
hospital,Namutumba,Busiki,Nsinze,36710.85806274414,0.5744846882914083,4,0.5971678945891604,0.0,0.0,0.0,0.0
hospital,Bundibugyo,Bughendera,Ntandi Town Council,3926.9510803222656,0.35547159766963504,4,0.36156407746540326,0.0,0.0,0.0,0.0
hospital,Kitagwenda,Kitagwenda,Ntara Kichwamba Town Council,16693.558700561523,0.6825814287281576,4,0.7163069169791673,0.0,0.0,0.0,0.01664178641660089
hospital,Ntungamo,Ruhaama,Ntungamo,38400.347816467285,0.27768957069702616,4,0.31831134859032667,0.0,0.0,0.0,0.003321627690457348
hospital,Kitagwenda,Kitagwenda,Nyabbani,28235.303421020508,0.7894444715017681,4,0.8444103552890204,0.0,0.0,0.0,0.49845320909921287
hospital,Ntungamo,Kajara,Nyabihoko,26311.539142608643,0.504097409075744,11,0.5409850443316486,0.0,0.0,0.0,0.022188229281356133
hospital,Kyenjojo,Mwenge,Nyabiringo,13202.58869934082,0.5624711987218827,10,0.6070682087220491,0.0,0.0,0.0,0.0
hospital,Bushenyi,Igara,Nyabubare,42225.82139587402,0.1355839461657852,4,0.14750448794497173,0.0,0.0,0.0,0.0
hospital,Kyenjojo,Mwenge,Nyabuharwa,33374.45195770264,0.411357161565596,10,0.48648124664330794,0.0,0.0,0.0,0.11106817315149932
hospital,Ibanda,Ibanda,Nyabuhikye,3267.409538269043,0.38493215518505086,4,0.4740171323021552,0.0,0.0,0.0,0.09488653127727519
hospital,Maracha,Maracha,Nyadri,24234.3251953125,0.07907048486502961,10,0.08949909047955958,0.0,0.0,0.0,0.0
hospital,Bundibugyo,Bwamba,Nyahuka Town Council,16771.36993408203,0.19418979956972857,4,0.19672641553227,0.0,0.0,0.0,0.0
hospital,Kisoro,Bufumbira,Nyakabande,35456.326736450195,0.074259071562078,4,0.09103623287783923,0.0,0.0,0.0,0.0
hospital,Bushenyi,Bushenyi Municipality,Nyakabirizi Division,9626.295677185059,0.1969723215148671,4,0.20691905037220662,0.0,0.0,0.0,0.0
hospital,Rukungiri,Bujumbura,Nyakagyeme,33828.81172180176,0.1753135255409453,4,0.188161192009641,0.0,0.0,0.0,0.0
hospital,Mbarara,Kashari,Nyakayojo Division,49547.91059112549,0.17491160032592223,4,0.18481470991906718,0.0,0.0,0.0,0.0
hospital,Kisoro,Bufumbira,Nyakinama,22416.995730400085,0.07144056500443155,4,0.0838930322552265,0.0,0.0,0.0,0.0
hospital,Kanungu,Kinkizi,Nyakinoni,12226.726936340332,0.3277438840631783,4,0.36528920110558155,0.0,0.0,0.0,0.0
hospital,Rukungiri,Rubabo,Nyakishenyi,39965.83213806152,0.257948892312939,4,0.31151167464591056,0.0,0.0,0.0,0.007002556724579467
hospital,Isingiro,Isingiro,Nyakitunda,55352.287101745605,0.6980468394183638,4,0.7413593169369808,0.0,0.0,0.0,0.27209873404181567
hospital,Kanungu,Kinkizi,Nyamirama,21368.484344482422,0.4226446300972136,4,0.4596039855320932,0.0,0.0,0.0,0.014847600264549185
hospital,Mbarara,Mbarara Municipality,Nyamitanga Division,34181.029388427734,0.05411528549465412,4,0.05877119165948328,0.0,0.0,0.0,0.0
hospital,Ntungamo,Kajara,Nyamunuka Town Council,2955.5015563964844,0.46239876112422396,12,0.46658353667284835,0.0,0.0,0.0,0.0
hospital,Isingiro,Isingiro,Nyamuyanja,21841.294326782227,0.47148410380899347,4,0.4990800269412667,0.0,0.0,0.0,0.0
hospital,Rubanda,Rubanda,Nyamweru,21486.708236694336,0.1962328760793662,4,0.22300279174440568,0.0,0.0,0.0,0.0
hospital,Kanungu,Kinkizi,Nyanga,7546.0041580200195,0.5125973424288037,10,0.5864096258263314,0.0,0.0,0.0,0.09154496556455062
hospital,Masindi,Masindi Municipality,Nyangahya Division,17686.357906341553,0.17406414595784853,4,0.1981936972985825,0.0,0.0,0.0,0.0
hospital,Kyenjojo,Mwenge,Nyankwanzi,28095.88011932373,0.4217702086539276,4,0.45098077598381797,0.0,0.0,0.0,0.003962150808693786
hospital,Kyenjojo,Mwenge,Nyantungo,30697.775966644287,0.32072580312607424,10,0.373148863999684,0.0,0.0,0.0,0.05962603777082897
hospital,Zombo,Okoro,Nyapea,24129.937385559082,0.10544351420494585,9,0.1317293435738735,0.0,0.0,0.0,0.013419055308003087
hospital,Nebbi,Padyere,Nyaravur,29446.185062408447,0.21055247091963508,9,0.2464431922945459,0.0,0.0,0.0,0.030327034831467668
hospital,Kisoro,Bufumbira,Nyarubuye,23123.096405029297,0.19526440448341897,4,0.2259717960210346,0.0,0.0,0.0,0.0
hospital,Rukungiri,Rubabo,Nyarushanje,53117.460357666016,0.26504493820414116,4,0.3115878743361124,0.0,0.0,0.0,0.03751462823215557
hospital,Kisoro,Bufumbira,Nyarusiza,33044.73182678223,0.17402314476935513,4,0.20567857060206754,0.0,0.0,0.0,0.012123159887717028
hospital,Masaka,Masaka Municipality,Nyendo-Ssenyange Division,48902.24560546875,0.04753679815369416,4,0.06077136762000624,0.0,0.0,0.0,0.0
hospital,Buikwe,Njeru Municipality,Nyenga Division,60086.06400489807,0.1728701011924968,4,0.2268565800853234,0.0,0.0,0.0,0.0
hospital,Kumi,Kumi,Nyero,48137.52919006348,0.33454379699023246,5,0.4131040518505967,0.0,0.0,0.0,0.14279378144332694
hospital,Luwero,Katikamu,Nyimbwa,46952.399826049805,0.43129724906211847,4,0.4518519293453008,0.0,0.0,0.0,0.0
hospital,Mbale,Bungokho,Nyondo,8820.998901367188,0.3063303810048763,4,0.32373697401520846,0.0,0.0,0.0,0.0
hospital,Kisoro,Bufumbira,Nyundo,13223.883595466614,0.2694216733589857,11,0.3432851772695441,0.0,0.0,0.0,0.05924181460733128
hospital,Yumbe,Aringa,Odravu,68595.61209869385,0.3901996291913511,10,0.4539296279859766,0.0,0.0,0.0,0.017408593316446053
hospital,Adjumani,East Moyo,Ofua,17765.452434539795,0.24468539612110027,8,0.2790213289666848,0.0,0.0,0.0,0.0
hospital,Lira,Lira Municipality,Ojwina Division,54131.200927734375,0.04720992165040177,8,0.04902324753371547,0.0,0.0,0.0,0.0
hospital,Kole,Kole,Okwerodot,43558.90965270996,0.45189761401542783,8,0.5400647900565358,0.0,0.0,0.0,0.2590850537375195
hospital,Maracha,Maracha,Oleba,38050.11767578125,0.18416176708252252,10,0.20197092235622083,0.0,0.0,0.0,0.0
hospital,Maracha,Maracha,Oluffe,27968.459716796875,0.10275855799426376,10,0.12290393530183209,0.0,0.0,0.0,0.0
hospital,Arua,Ayivu,Oluko,49300.8561630249,0.19776797697061652,10,0.2515481175779804,0.0,0.0,0.0,0.05908582760074027
hospital,Maracha,Maracha,Oluvu,35018.39874267578,0.2774521180030759,10,0.33821755967770706,0.0,0.0,0.0,0.0
hospital,Agago,Agago,Omot,16805.342247009277,1.4595721268409225,8,1.968611721169797,1.0,1.0,0.0,1.0
hospital,Omoro,Omoro,Ongako,31417.097423553467,0.21154148987593993,8,0.2434568000020096,0.0,0.0,0.0,0.011700888806055496
hospital,Pallisa,Butebo,Opwateta,22240.93473815918,0.4324532951996878,4,0.4699118363888907,0.0,0.0,0.0,0.02336158676460073
hospital,Tororo,Tororo,Osukuru,57640.14288330078,0.17056758637887054,4,0.20386555255558314,0.0,0.0,0.0,0.0
hospital,Kalaki,Kalaki,Otuboi,37084.18453979492,0.16354993335076426,8,0.1901936496348761,0.0,0.0,0.0,0.0
hospital,Otuke,Otuke,Otuke Town Council,5265.343782424927,1.2459051580485492,7,1.4202280422979725,1.0,1.0,0.0,1.0
hospital,Oyam,Oyam,Otwal,34411.06074523926,1.2878320604079039,8,1.5673422460815312,1.0,1.0,0.0,1.0
hospital,Oyam,Oyam,Oyam Town Council,15579.420753479004,0.6299627919986709,8,0.6898325022742506,0.0,0.0,0.0,0.12214908375814051
hospital,Kagadi,Buyaga,Paacwa,24089.602172851562,0.5203278129458198,4,0.5516763662636561,0.0,0.0,0.0,0.024625003080312024
hospital,Pader,Aruu,Pader,12186.30586051941,1.7938027777352645,8,2.310957028329632,1.0,1.0,0.0,1.0
hospital,Pader,Aruu,Pader Town Council,16822.70979309082,1.3071496343125664,8,1.8215506757849345,1.0,1.0,0.0,1.0
hospital,Lamwo,Lamwo,Padibe Town Council,11041.646183013916,0.5127021701128651,7,0.5521893392219112,0.0,0.0,0.0,0.029038928428574824
hospital,Kitgum,Kitgum Municipality,Pager Division,21681.88555908203,0.040509179117768336,7,0.043268293278908104,0.0,0.0,0.0,0.0
hospital,Zombo,Okoro,Paidha,18377.282257080078,0.2319833407714427,9,0.28311498968660864,0.0,0.0,0.0,0.020909994728628926
hospital,Zombo,Okoro,Paidha Town Council,38637.20867919922,0.19638017569095478,9,0.21862004185577733,0.0,0.0,0.0,0.0
hospital,Arua,Ayivu,Pajulu,82993.73950195312,0.09156945935321506,10,0.1105522961063531,0.0,0.0,0.0,0.0
hospital,Pallisa,Pallisa,Pallisa,19151.069190979004,0.17065905497153416,4,0.21763022990822217,0.0,0.0,0.0,0.0
hospital,Pallisa,Pallisa,Pallisa Town Council,44374.16330718994,0.05767807162012369,4,0.07434323562704163,0.0,0.0,0.0,0.0
hospital,Kitgum,Kitgum Municipality,Pandwong Division,20183.788177490234,0.05275977873193461,7,0.061664720761036275,0.0,0.0,0.0,0.0
hospital,Nebbi,Padyere,Parombo,45334.89055633545,0.2792555178271556,9,0.327314179108209,0.0,0.0,0.0,0.023286304373666786
hospital,Agago,Agago,Patongo Town Council,13303.69702911377,1.0829292156848955,8,1.479757755493135,1.0,1.0,0.0,1.0
hospital,Madi Okollo,Madi Okollo,Pawor,12246.663210988045,1.3621837821543992,8,1.5490035090731245,1.0,1.0,0.0,1.0
hospital,Tororo,West Budama (Kisolo),Paya,39824.074935913086,0.32686377326253635,4,0.4500786059548582,0.0,0.0,0.0,0.12347793487138922
hospital,Gulu,Gulu Municipality,Pece Division,62050.045837402344,0.07470712015224444,8,0.08179097908265302,0.0,0.0,0.0,0.0
hospital,Butebo,Butebo,Petete,36117.2431640625,0.32650526354369647,4,0.42059964199099664,0.0,0.0,0.0,0.0
hospital,Tororo,West Budama (Kisolo),Petta,20804.96240234375,0.4314162510571623,4,0.5147376590172658,0.0,0.0,0.0,0.0
hospital,Pallisa,Pallisa,Puti-Puti,33104.44241333008,0.26582540314068415,4,0.3244292992838018,0.0,0.0,0.0,0.009949844785425866
hospital,Lira,Lira Municipality,Railway Division,8780.6484375,0.030126546618860904,8,0.031060136433082135,0.0,0.0,0.0,0.0
hospital,Rakai,Kooki,Rakai Town Council,9308.507232666016,0.06992668689166825,4,0.08621266417103812,0.0,0.0,0.0,0.0
hospital,Arua,Arua Municipality,River Oli Division,39480.974609375,0.02266825772320995,1,0.02266825576690708,0.0,0.0,0.0,0.0
hospital,Bukwo,Kongasis,Riwo,11218.497495651245,0.17032031987621574,7,0.213338865162198,0.0,0.0,0.0,0.02552296517591468
hospital,Yumbe,Aringa,Romogi,63009.06529998779,0.4049223716282513,10,0.45680393807586334,0.0,0.0,0.0,0.041501841011894684
hospital,Ntungamo,Rushenyi,Rubaare,32005.89360809326,0.37094277882384086,4,0.4011294184296198,0.0,0.0,0.0,0.0
hospital,Ntungamo,Rushenyi,Rubaare Town Council,16665.827178955078,0.2758369275377214,4,0.29720196894105516,0.0,0.0,0.0,0.0
hospital,Kampala,KCCA,Rubaga Division,461634.62890625,0.044453250463840875,4,0.04471987569051003,0.0,0.0,0.0,0.0
hospital,Rubanda,Rubanda,Rubanda Town Council,25149.410034179688,0.4274667317170739,4,0.4495418583133431,0.0,0.0,0.0,0.0
hospital,Kabale,Ndorwa,Rubaya,16818.697465658188,0.4158606114258727,4,0.4818819274019819,0.0,0.0,0.0,0.03981007116977818
hospital,Mbarara,Kashari,Rubaya,22789.78870010376,0.3862586378766575,4,0.417981153362221,0.0,0.0,0.0,0.008882970343202753
hospital,Mbarara,Kashari,Rubindi,30041.86410522461,0.566953010530214,4,0.6189822251515918,0.0,0.0,0.0,0.12961245701358173
hospital,Rubirizi,Bunyaruguru,Rubiriziri Town Council,11568.940979003906,0.3466913353275938,10,0.3482007502436637,0.0,0.0,0.0,0.0
hospital,Bunyangabu,Bunyangabu,Rubona Town Council,7754.203582763672,0.22951787221759729,4,0.23350206293263673,0.0,0.0,0.0,0.0
hospital,Tororo,West Budama (Kisolo),Rubongi,48177.509674072266,0.16688797702185693,4,0.22665973316684443,0.0,0.0,0.0,0.010482553350022497
hospital,Rwampara,Rwampara,Rugando,15396.896202087402,0.27698589982062366,4,0.29621967505085556,0.0,0.0,0.0,0.0
hospital,Ntungamo,Rushenyi,Rugarama,40417.10940551758,0.5324907346428935,4,0.602544609131271,0.0,0.0,0.0,0.2526197937587378
hospital,Sheema,Sheema,Rugarama,9073.168045043945,0.4909846809235071,4,0.5868398286246133,0.0,0.0,0.0,0.3211252562083265
hospital,Kagadi,Buyaga,Rugashari,24349.865951538086,0.5016274679154245,4,0.6162967804232625,0.0,0.0,0.0,0.4834310179545457
hospital,Kanungu,Kinkizi,Rugyeyo,25542.645706176758,0.28470322255952885,4,0.3286519464439809,0.0,0.0,0.0,0.01049990937403306
hospital,Rukungiri,Bujumbura,Ruhinda,29557.099884033203,0.35461855964531813,4,0.37909145957146506,0.0,0.0,0.0,0.0
hospital,Bushenyi,Igara,Ruhumuro,15384.855987548828,0.4486212495084239,10,0.5141757695924488,0.0,0.0,0.0,0.0
hospital,Ibanda,Ibanda,Rukiri,29473.547637939453,0.4834442671604462,4,0.610618123762344,0.0,0.0,0.0,0.6224130694340777
hospital,Kasese,Busongora,Rukoki,18085.81739807129,0.1962279148217403,10,0.2256652264726803,0.0,0.0,0.0,0.0
hospital,Mitooma,Ruhinda,Rurehe,14950.110595703125,0.43166103520088334,4,0.47857141973404876,0.0,0.0,0.0,0.0
hospital,Ibanda,Ibanda,Rushango Town Council,5148.366394042969,0.7907840863236335,4,0.8403448332558046,0.0,0.0,0.0,0.8983043677042438
hospital,Kagadi,Buyaga,Ruteete,17241.73747253418,0.23377880450159277,4,0.293799744475126,0.0,0.0,0.0,0.0
hospital,Kanungu,Kinkizi,Rutenga,17124.085334777832,0.41467163509053473,4,0.5032071181582485,0.0,0.0,0.0,0.10672071311611353
hospital,Kyegegwa,Kyaka,Ruyonza,52951.37643814087,1.3366195935527283,4,1.4603820110932622,1.0,1.0,0.0,1.0
hospital,Rukiga,Rukiga,Rwamucucu,25895.703163146973,0.3359220313389213,4,0.37254918655201397,0.0,0.0,0.0,0.03378809256087191
hospital,Mbarara,Kashari,Rwanyamahembe,33308.78739929199,0.47060142862117005,4,0.48991039326971497,0.0,0.0,0.0,0.03326915023657131
hospital,Ntungamo,Kajara,Rwashamaire Town Council,8899.612579345703,0.44487167816430917,12,0.4489003175453133,0.0,0.0,0.0,0.0
hospital,Ntoroko,Ntoroko,Rwebisengo Town Council,2781.8712940216064,1.1057907581886395,4,1.250434760378259,1.0,1.0,0.0,1.0
hospital,Ibanda,Ibanda,Rwenkoba Town Council,2904.3899841308594,0.5866358640340179,4,0.682955635708843,0.0,0.0,0.0,0.46975494680625096
hospital,Bushenyi,Igara,Rwentuha Town Council,6268.023742675781,0.27479537423486194,4,0.27928611834475087,0.0,0.0,0.0,0.0
hospital,Rukungiri,Bujumbura,Rwerere Town Council,4218.240509033203,0.20340377074563332,4,0.22069289879115614,0.0,0.0,0.0,0.0
hospital,Bunyangabu,Bunyangabu,Rwimi,21733.87857055664,0.565553981944788,10,0.5918785939312009,0.0,0.0,0.0,0.0
hospital,Bunyangabu,Bunyangabu,Rwimi Town Council,20639.248275756836,0.5199702814872244,10,0.5301580719916481,0.0,0.0,0.0,0.0
hospital,Kabale,Ndorwa,Ryakirimira Town Council,9658.29963684082,0.45791537473953337,4,0.5317123274141884,0.0,0.0,0.0,0.0035700118011807343
hospital,Nakaseke,Nakaseke,Semuto,33184.557273864746,0.6960184346400315,4,0.7547887461203941,0.0,0.0,0.0,0.29403027139654647
hospital,Nakaseke,Nakaseke,Semuto Town Council,11157.75473022461,0.6476195818544569,4,0.7043689848594207,0.0,0.0,0.0,0.0
hospital,Bukwo,Kongasis,Senendet,12900.278778076172,0.14769094980912584,5,0.2012457832165456,0.0,0.0,0.0,0.0
hospital,Serere,Serere,Serere Town Council,10014.711791992188,0.6158903267029453,5,0.6944985212307698,0.0,0.0,0.0,0.02060540353236917
hospital,Sheema,Sheema Municipality,Sheema Central Division,24534.37240600586,0.4502449809349298,4,0.46532428184189395,0.0,0.0,0.0,0.0
hospital,Sheema,Sheema,Shuuku Town Council,17368.14825439453,0.4184773990486095,4,0.4727434735075506,0.0,0.0,0.0,0.0
hospital,Manafwa,Bubulo,Sibanga,10242.667114257812,0.40666794095015363,4,0.45091519387512663,0.0,0.0,0.0,0.0
hospital,Namayingo,Bukooli,Sigulu Island,14162.776211738586,1.4991222773541417,4,1.9708719860585509,1.0,1.0,0.0,1.0
hospital,Busia,Samia-Bugwe,Sikuda,25375.919311523438,0.22783117971055764,4,0.292433439471037,0.0,0.0,0.0,0.0
hospital,Bulambuli,Bulambuli,Simu,8579.820343017578,0.5149317857946742,5,0.5774196708540676,0.0,0.0,0.0,0.0
hospital,Sironko,Budadiri,Sironko Town Council,23153.11085510254,0.37856584771183965,5,0.3919387615687536,0.0,0.0,0.0,0.0
hospital,Bulambuli,Bulambuli,Sisiyi,20985.55972290039,0.3902725397462933,5,0.4127529053942621,0.0,0.0,0.0,0.0
hospital,Manafwa,Bubulo,Sisuni,5582.402740478516,0.493555530988694,5,0.5560829719233108,0.0,0.0,0.0,0.0
hospital,Tororo,West Budama (Kisolo),Sop-Sop,17871.119659423828,0.5308273894109511,4,0.684073730928028,0.0,0.0,0.0,0.34105166230727235
hospital,Soroti,Soroti,Soroti,25820.25813293457,0.1256845054457941,5,0.15231259157783456,0.0,0.0,0.0,0.0
hospital,Kotido,Kotido Municipality,South Division,11292.16519165039,1.6364762104243804,8,1.8598198377398651,1.0,1.0,0.0,1.0
hospital,Kisoro,Kisoro Municipality,Southern,6043.172668457031,0.030106622524340838,4,0.03326989262647212,0.0,0.0,0.0,0.0
hospital,Mubende,Mubende Municipality,Southern Division,40452.34677886963,0.21374013039879083,10,0.24555797469739007,0.0,0.0,0.0,0.0
hospital,Kamuli,Kamuli Municipality,Southern Division,36518.95869445801,0.08388825333755419,4,0.09832250937479393,0.0,0.0,0.0,0.0
hospital,Kumi,Kumi Municipality,Southern Division,28665.318969726562,0.097268229208039,5,0.10638232025844435,0.0,0.0,0.0,0.0
hospital,Koboko,Koboko Municipality,Southern Division,26037.343383789062,0.017574269334829945,10,0.01910567057251653,0.0,0.0,0.0,0.0
hospital,Kabale,Kabale Municipality,Southern Division,23009.381958007812,0.0581971096115437,4,0.06428378144931858,0.0,0.0,0.0,0.0
hospital,Kabarole,Fort Portal Municipality,Southern Division,21869.703002929688,0.01637447969414127,10,0.01829616433647569,0.0,0.0,0.0,0.0
hospital,Rukungiri,Rukungiri Municipality,Southern Division,11630.917861938477,0.044751412664415784,4,0.04852940293998754,0.0,0.0,0.0,0.0
hospital,Moroto,Moroto Municipality,Southern Divison,3524.74853515625,0.019196180626749992,1,0.019196180626749992,0.0,0.0,0.0,0.0
hospital,Mityana,Mityana,Ssekanyonyi,31136.24334716797,0.4380935774020762,4,0.4968556691519227,0.0,0.0,0.0,0.0431877776463118
hospital,Maracha,Maracha,Tara,23374.77894592285,0.33081129926419217,10,0.3670511597810697,0.0,0.0,0.0,0.0
hospital,Nebbi,Nebbi Municipality,Thatha Division,14590.145629882812,0.05456793202845593,8,0.05631663556894208,0.0,0.0,0.0,0.0
hospital,Namisindwa,Bubulo,Tsekululu,18272.18536376953,0.216071056119777,5,0.29290204908882633,0.0,0.0,0.0,0.0
hospital,Mityana,Mityana Municipality,Ttamu Division,27059.7391204834,0.23891098650708878,4,0.2611129042061282,0.0,0.0,0.0,0.0
hospital,Madi Okollo,Madi Okollo,Uleppi,12167.403049468994,0.4796511959775503,8,0.5000769987158508,0.0,0.0,0.0,0.08080298539034864
hospital,Gulu,Aswa,Unyama,22108.691856384277,0.23726443402328692,8,0.2611178236461368,0.0,0.0,0.0,0.008694079366083438
hospital,Katakwi,Katakwi,Usuk,27210.373838424683,0.3541250692276912,8,0.3910761898508251,0.0,0.0,0.0,0.015771357066298276
hospital,Arua,Vurra,Vurra,55433.0125579834,0.19454339418109132,10,0.22539715450697162,0.0,0.0,0.0,0.013866894669198087
hospital,Nakasongola,Buruli,Wabinyonyi,24359.912755966187,1.3690739938849952,4,1.4592274637834701,1.0,1.0,0.0,1.0
hospital,Luuka,Luuka,Waibuga,44140.049743652344,0.279557830984299,4,0.3298394835788423,0.0,0.0,0.0,0.0
hospital,Mayuge,Bunya,Wairasa,21148.689002990723,0.2607199001704249,4,0.33381917046247556,0.0,0.0,0.0,0.0
hospital,Wakiso,Busiro,Wakiso,287273.6805419922,0.09410457972367996,4,0.10048745381567648,0.0,0.0,0.0,0.0
hospital,Wakiso,Busiro,Wakiso Town Council,108494.71368408203,0.06644464904131352,4,0.0761816921183778,0.0,0.0,0.0,0.0
hospital,Mbale,Bungokho,Wanale,16795.666015625,0.29784797974832844,5,0.32324227326809124,0.0,0.0,0.0,0.0
hospital,Mbale,Mbale Municipality,Wanale Division,21032.00830078125,0.07904515201677267,4,0.08116559896482947,0.0,0.0,0.0,0.0
hospital,Kamuli,Buzaaya,Wankole,26361.192413330078,0.26502752029384175,4,0.3122153376485899,0.0,0.0,0.0,0.0
hospital,Zombo,Okoro,Warr,27078.458572387695,0.4086872329211239,9,0.48918627214667215,0.0,0.0,0.0,0.032429835168519515
hospital,Kyankwanzi,Kiboga,Wattuba,30446.121353149414,0.31499598864360423,4,0.3408076126680961,0.0,0.0,0.0,0.020999487705965825
hospital,Kotido,Kotido Municipality,West Division,15588.30138015747,1.4133304029272389,8,1.574810787236277,1.0,1.0,0.0,1.0
hospital,Mubende,Mubende Municipality,Western Division,50136.989181518555,0.1467756486442219,10,0.17786549800855145,0.0,0.0,0.0,0.0
hospital,Bugiri,Bugiri Municipality,Western Division,18609.215576171875,0.01914182779148839,4,0.019453567246486378,0.0,0.0,0.0,0.0
hospital,Busia,Busia Municipality,Western Division,21105.587890625,0.11017863181108917,4,0.11292656703645684,0.0,0.0,0.0,0.0
hospital,Soroti,Soroti Municipality,Western Division,19961.561767578125,0.07253032880761018,5,0.08422445461443537,0.0,0.0,0.0,0.0
hospital,Tororo,Tororo Municipality,Western Division,30982.418884277344,0.04836058213415158,4,0.06024928835892162,0.0,0.0,0.0,0.0
hospital,Koboko,Koboko Municipality,Western Division,14155.132751464844,0.04281268381371675,10,0.04900861710344703,0.0,0.0,0.0,0.0
hospital,Kabarole,Fort Portal Municipality,Western Division,18646.587280273438,0.035106398083963486,10,0.037855539416576905,0.0,0.0,0.0,0.0
hospital,Ntungamo,Ntungamo Municipality,Western Division,6485.393005371094,0.16244030524789807,4,0.1863278778610977,0.0,0.0,0.0,0.0
hospital,Rukungiri,Rukungiri Municipality,Western Division,15061.589660644531,0.08906661300917135,4,0.0926605896517231,0.0,0.0,0.0,0.0
hospital,Manafwa,Bubulo,Weswa,10663.02587890625,0.11527076505166922,5,0.1389237270042923,0.0,0.0,0.0,0.0
hospital,Luwero,Katikamu,Wobulenzi Town Council,31951.317657470703,0.4049554822154962,4,0.5205183528935456,0.0,0.0,0.0,0.0
hospital,Maracha,Maracha,Yivu,29070.69300842285,0.2070728012561052,10,0.23467503277656143,0.0,0.0,0.0,0.0
hospital,Yumbe,Aringa,Yumbe Town Council,57432.553649902344,0.05584599769065409,10,0.06945553436515418,0.0,0.0,0.0,0.0
hospital,Zombo,Okoro,Zeu,24508.26188659668,0.4333477515354183,9,0.5052186035586226,0.0,0.0,0.0,0.04307736375353648
hospital,Zombo,Okoro,Zombo Town Council,19103.584396362305,0.186699586532207,9,0.22703604382655254,0.0,0.0,0.0,0.0
