adm4_name,adm2_name,adm1_name,pop,hosp_dry,hosp_worst,hosp_increase,worst_month,mean_increase_h,pushed,walk_any_dry,walk_any_worst,walk_any_increase,emoc_walk_dry,emoc_walk_worst,school_apr,market_apr,rwi
Abako,Alebtong,Northern,35968.96807861328,0.21296053549224636,0.5965507142639178,0.38359017877167145,8,0.17719356113603735,13797.342895507812,0.6149551511173115,0.6764277498568666,0.06147259873955513,0.9008974880255993,0.9376067829886102,0.0,0.03004994660136022,-0.21816139056450826
Abanga,Zombo,Northern,22856.434478759766,0.0,0.0,0.0,9,0.03279536289389828,0.0,0.017105697330328126,0.036423822274162715,0.01931812494383459,0.4697031992731207,0.5345857777485697,0.0,0.0,-0.053975888969291536
Abarilela,Amuria,Eastern,31706.83935546875,0.0,0.0,0.0,8,0.08258520573110506,0.0,0.17429858893711428,0.21354062581181385,0.03924203687469957,0.9549116882080664,0.9783526644956198,0.0,0.0,-0.4177935816063521
Aber,Oyam,Northern,34072.49675369263,0.0,0.004805573077342722,0.004805573077342722,8,0.06749966231644272,163.73787307739258,0.23067196678581395,0.28836666310102393,0.05769469631520999,0.29641834532854205,0.34324350448961544,0.0,0.4195516740989111,-0.27870037270720444
Abia,Alebtong,Northern,29683.14948272705,0.053803643736012347,0.16394594394005935,0.110142300204047,8,0.10062945903756204,3269.3703613281255,0.31632282537033146,0.4020642402070717,0.08574141483674025,1.0,1.0,0.0,0.12267852541586823,-0.4138507663318092
Abim,Abim,Northern,19212.4908618927,0.04429027591570921,0.1194600208739599,0.0751697449582507,8,0.10485827707822293,1444.1980381011963,0.14302628012592344,0.21883001020150605,0.07580373007558261,0.47632722106166636,0.5588552698810256,0.03907062619244608,1.0,-0.26695405440986575
Abim Town Council,Abim,Northern,26773.978561401367,0.0,0.0,0.0,8,0.03405537434623737,0.0,0.08649702152832381,0.11352955553753408,0.02703253400921027,0.1423145013213539,0.1820783297178693,0.0,1.0,-0.24890258105319335
Abindu Division,Nebbi,Northern,16662.509719848633,0.0,0.0,0.0,9,0.0065907580186710946,0.0,0.0,0.0,0.0,0.0,0.0,0.0,0.0,0.3614588498299924
Abok,Oyam,Northern,22460.97947692871,0.8715141586036343,1.0,0.12848584139636565,8,0.20223942941764994,2885.917846679686,0.21994316130187722,0.38705701202864123,0.16711385072676402,0.4747911367785296,0.5603266498271338,0.0,0.0,-0.19635187974047477
Aboke,Kole,Northern,60364.1686706543,0.009636048771546064,0.20488358282488384,0.19524753405333778,8,0.10436641973976224,11785.955078125,0.16057542660970445,0.32602021738199033,0.16544479077228588,0.17792094910124284,0.2171564293755741,0.0,0.0,-0.3058448344170428
Abongomola,Kwania,Northern,45635.46049499512,0.24564680494668492,0.6806015642003824,0.43495475925369753,9,0.20420706873494354,19849.360733032227,0.31117730389229287,0.4006754582977693,0.08949815440547643,0.7544742783321667,0.800827557530812,0.0,0.6067051717490048,-0.4117656930371632
Abuku,Koboko,Northern,20965.90087890625,0.0,0.0,0.0,10,0.0829019475242656,0.0,0.10804445255753244,0.1740712116190806,0.06602675906154816,0.6101188063987636,0.7182899676268066,0.0,0.0,-0.09712893624325815
Acaba,Oyam,Northern,38795.55989074707,0.0,0.0032063210861968637,0.0032063210861968637,8,0.08709899579955105,124.39102172851562,0.2350275059135135,0.3458042192094685,0.11077671329595501,0.28314423766166635,0.3872083926682534,0.0,0.11024834341253874,-0.2864845823158795
Acholibur,Pader,Northern,18433.099254608154,0.0,0.020123880572245074,0.020123880572245074,7,0.11874025631944873,370.9454879760742,0.18236748448646894,0.21051842685759098,0.028150942371122034,0.7470118828324446,0.8429019985187995,0.0,0.005781425992428789,-0.25771233154676126
Acowa,Kapelebyong,Eastern,24726.019065856934,0.00996948754894495,0.07707044545466753,0.06710095790572258,8,0.08323964487953917,1659.1395645141602,0.22934521770725713,0.26247508171578654,0.03312986400852941,1.0,1.0,0.0,0.0783746738002444,-0.359727136903027
Adeknino,Dokolo,Northern,20447.17755174637,0.014281169446299608,0.03880784770731909,0.024526678261019483,9,0.07325942178848333,501.50134515762323,0.18554283674099234,0.2952528652088617,0.10971002846786934,1.0,1.0,0.0,0.9901524412552825,-0.3446334720175334
Adekokwok,Lira,Northern,51492.51544189453,0.0,0.0,0.0,8,0.012863088788526156,0.0,0.018752178330945876,0.03288397627256331,0.014131797941617431,0.00378508977356685,0.007545698865883625,0.0,0.0,0.378939750724792
Adilang,Agago,Northern,24852.907026290894,0.3318403448818981,0.7762608932267675,0.4444205483448694,8,0.3007267108198899,11045.142568588257,0.4085111843962755,0.4825190411390414,0.07400785674276594,1.0,1.0,0.03169149774026818,1.0,-0.3592868939887554
Adjumani Town Council,Adjumani,Northern,37976.12615966797,0.0,0.0,0.0,8,0.00795878547315082,0.0,0.0,0.0,0.0,0.0,0.0,0.0,0.0,0.9025190976040628
Adok,Dokolo,Northern,18330.71028137207,0.03124298800799965,0.10298545627624861,0.07174246826824895,9,0.06641241827621902,1315.0904006958006,0.07313500565218004,0.13634735470951131,0.06321234905733128,0.8860361890698172,0.9299941591804016,0.0,0.06201783111620495,-0.3239991755004314
Adropi,Adjumani,Northern,21138.781818389893,0.0,0.0,0.0,8,0.0258360212701646,0.0,0.018821985646083516,0.03915233230710758,0.020330346661024064,0.21421287497542682,0.2361600351107108,0.0,0.0,0.1041067290026816
Aduku,Kwania,Northern,38220.85316467285,0.008727056819319737,0.48419681275739856,0.47546975593807883,9,0.23307694500837028,18172.85972595215,0.28273509994513096,0.3839731915719726,0.10123809162684166,0.04586794199742183,0.07831382190487828,0.0,0.9784717273204372,-0.313936667285371
Aduku Town Council,Kwania,Northern,10699.09912109375,0.0,0.783213182832685,0.783213182832685,9,0.24480495886829645,8379.675476074219,0.013234557204568963,0.013234557204568963,0.0,0.0,0.0,0.0,1.0,0.008867749234372134
Adumi,Arua,Northern,37683.91668701172,0.0,0.0,0.0,10,0.06690743493251344,0.0,0.15118746285622153,0.23586293431444771,0.08467547145822618,0.0,0.0,0.0,0.0,0.00038376624937281787
Adwari,Otuke,Northern,15508.00020980835,1.0,1.0,0.0,8,0.35945798792711625,0.0,0.3221683601280854,0.42336084665332246,0.10119248652523705,1.0,1.0,0.0,1.0,-0.4180485420527961
Adyel Division,Lira,Northern,37581.715393066406,0.0,0.0,0.0,8,0.0018529616052731096,0.0,0.0,0.0,0.0,0.0,0.0,0.0,0.0,1.204975422686721
Agago Town Council,Agago,Northern,7267.604740142822,0.0,0.7007321232069548,0.7007321232069548,8,0.28334902326442,5092.644100189209,0.04626554269964212,0.07660813022009554,0.030342587520453414,1.0,1.0,0.0,1.0,-0.24788247183741455
Agali,Lira,Northern,32466.873977661133,0.009041174274229603,0.3726513997889205,0.36361022551469085,8,0.16271493939275405,11805.287368774412,0.46321792817172036,0.566627464972957,0.10340953680123666,0.30003730987659477,0.384332678758774,0.0,0.26658817222840986,-0.23649944698342198
Agikdak,Amolatar,Northern,14748.52006149292,0.0,0.0,0.0,9,0.05045935810986707,0.0,0.5090630375668452,0.5366681187913181,0.027605081224472916,0.7045534952298468,0.7352321264579795,0.0,1.0,-0.37915181908022993
Agoro,Lamwo,Northern,21054.657979011536,1.0,1.0,0.0,7,0.1497149584185875,0.0,0.5931567882493795,0.6317958874870319,0.03863909923765241,0.9955595275286813,0.9987313009476567,0.31385189923675666,1.0,-0.39237578862731104
Agule,Pallisa,Eastern,25433.477346420288,0.0,0.00045586321622154326,0.00045586321622154326,4,0.17382759241382695,11.594186782836914,0.0,0.0,0.0,0.9091326841436863,0.9748325015235975,0.0,0.0,-0.12601381826123242
Agulu Division,Apac,Northern,17311.48748779297,0.0,0.0,0.0,9,0.0417093978257336,0.0,0.26588973338358496,0.3207810126855096,0.05489127930192467,0.06605379814351567,0.08540253502267615,0.0,1.0,-0.2236495889704191
Agwata,Dokolo,Northern,31520.12378835678,0.007694545924857097,0.029623168249067515,0.021928622324210417,9,0.03381950087577856,691.1928901672363,0.29774665623865154,0.35516026120395694,0.0574136049653054,0.9707348083270451,0.9918747660980931,0.0,0.03682249262203492,-0.25927173894654004
Agweng,Lira,Northern,36140.35739898682,0.044963834700120185,0.6672841758860562,0.6223203411859359,8,0.21317059822190643,22490.87954711914,0.5179543015292146,0.6478674121029321,0.12991311057371746,0.33605180727363604,0.4316508172156029,0.0,0.5226574906970043,-0.3624568240513673
Agwingiri,Amolatar,Northern,19928.622271835804,0.0677639916948125,0.15383573181431312,0.08607174011950063,9,0.09276254541524265,1715.2911971211436,0.4411345521363572,0.4882422838072269,0.04710773167086968,0.4116339127800107,0.4795520593140945,0.006524564892347602,1.0,-0.4092390312611891
Aii-Vu,Arua,Northern,49674.47607421875,0.0,0.0,0.0,10,0.02032926734061352,0.0,0.0,0.0,0.0,0.7045365547788951,0.7986397557372328,0.0,0.0,-0.28081159452115917
Ajia,Arua,Northern,31272.39058494568,0.009606904750996948,0.051335669230670115,0.041728764479673164,10,0.08408482862733002,1304.9582214355466,0.3314275954798882,0.4028902299961974,0.07146263451630919,0.6612824379487796,0.6839789986355992,0.0,0.0,-0.24305665796738057
Akaa,Zombo,Northern,18867.014373779297,0.0,0.0,0.0,9,0.07491074154735111,0.0,0.6705429210177131,0.7406717340041845,0.07012881298647144,1.0,1.0,0.0,0.0,-0.04709691538124508
Akalo,Kole,Northern,45354.36729431152,0.0,0.0,0.0,9,0.07858806926289325,0.0,0.5361242175141842,0.6028330420449695,0.0667088245307853,0.6746644892523982,0.7175956195451669,0.0,0.0,-0.2746884518869161
Akere Division,Apac,Northern,9959.79663848877,0.0,0.0,0.0,9,0.0293342133961339,0.0,0.30252673738945735,0.3826849806974484,0.08015824330799104,0.0,0.012120274627754656,0.0,1.0,-0.18263880104251984
Akeriau,Amuria,Eastern,18759.887908935547,0.06406229145366694,0.19379715716877802,0.12973486571511106,8,0.1768815620788371,2433.8115386962886,0.5047652730601752,0.5817603516825072,0.07699507862233201,1.0,1.0,0.0,0.03913306902946447,-0.3470827237136845
Akisim,Pallisa,Eastern,19203.312774658203,0.0,0.0,0.0,4,0.12407313120834962,0.0,0.0,0.07592890531149184,0.07592890531149184,0.8117736443321614,0.9494706084712629,0.0,0.0,-0.1963212352338659
Akokoro,Apac,Northern,55590.158178567886,0.44065186544193136,0.5921392894163497,0.1514874239744184,9,0.13871051056875472,8421.209860801695,0.5317037273156419,0.5989078531472143,0.06720412583157243,1.0,1.0,0.04662485820388232,1.0,-0.35552994891387035
Akoromit,Kapelebyong,Eastern,24561.33763885498,0.08025976587849341,0.22276863202025254,0.14250886614175912,8,0.11571117026960853,3500.2083778381343,0.45062319342006446,0.5787225506783641,0.12809935725829963,1.0,1.0,0.0,0.225289265949134,-0.31758229448478625
Akura,Alebtong,Northern,26464.011474609375,0.005711094041693617,0.1453661259513226,0.13965503190962897,8,0.10512495792112808,3695.8323669433594,0.39912551222436504,0.46213982873317483,0.06301431650880979,0.7728904132913178,0.8552916251775596,0.0,0.049647927811678136,-0.337982837270166
Akwon,Amolatar,Northern,10051.051177024841,0.0,0.0,0.0,9,0.0454921871898783,0.0,0.20604826624144998,0.36746071435631034,0.16141244811486036,0.1328951310560161,0.2822812873571219,0.0,1.0,-0.4078689829749563
Akworo,Nebbi,Northern,32410.002433776855,0.0,0.0,0.0,10,0.07371394396234843,0.0,0.29431242411432185,0.36211372017340426,0.06780129605908242,0.9930596406709024,0.9930596406709024,0.0,0.20480972701185912,-0.22633228614710638
Alangi,Zombo,Northern,21776.35888671875,0.0,0.0,0.0,9,0.14361044018155755,0.0,0.18726147604029536,0.23098277154708993,0.04372129550679457,1.0,1.0,0.0,0.0,-0.07747237747977302
Alango,Otuke,Northern,17766.757232666016,0.8927610993507672,0.9903519141374533,0.09759081478668608,8,0.19743247401356756,1733.8723144531243,0.5623286850735473,0.6583729950467767,0.09604430997322944,0.9958464501489848,1.0,0.0,0.9700151693003858,-0.2615103462829088
Alebtong Town Council,Alebtong,Northern,7900.213088989258,1.0,1.0,0.0,8,0.18993290275845198,0.0,0.0,0.016613443096049178,0.016613443096049178,0.0,0.0,0.0,1.0,-0.18255883643978288
Aleka,Oyam,Northern,39157.14067077637,0.9270858065932323,1.0,0.07291419340676775,8,0.32783942744531425,2855.1113281249995,0.2968431432409428,0.4007120598206321,0.10386891657968933,1.0,1.0,0.0,0.0,-0.38281684502504126
Alerek,Abim,Northern,21179.802277565002,0.6353304751381509,0.6820786548323299,0.04674817969417899,8,0.3218108727384945,990.1172027587902,0.7861504974051925,0.8068136057274846,0.020663108322292123,1.0,1.0,0.5748638153882271,1.0,-0.37817525215570635
Alero,Nwoya,Northern,30867.839805603027,0.0,0.010743586704236361,0.010743586704236361,8,0.1125626278010658,331.6313133239746,0.5400112854822905,0.6216797486749716,0.08166846319268106,0.915528807683598,0.9417207841814972,0.0,0.5127569330240226,-0.27210570630468306
Aliba,Obongi,Northern,14717.55084657669,0.09887548713982738,0.4209926658129175,0.3221171786730901,8,0.08695371568066079,4740.7759556770325,0.0,0.013382490814324877,0.013382490814324877,0.05180254635497585,0.08838279917884673,0.0,0.0,-0.09246963187398807
Alito,Kole,Northern,50740.31480407715,0.02392695358541624,0.35334211362233653,0.3294151600369203,8,0.17819747875204472,16714.62892150879,0.7136067026429611,0.7722970816639408,0.05869037902097973,0.8384686196143558,0.8955644921503381,0.0,0.09263818483923544,-0.36012799733568635
Aloi,Alebtong,Northern,39521.70399475098,0.435193498177655,0.9063773931732534,0.4711838949955984,8,0.17177182484034115,18621.990425109863,0.463340671866394,0.633175315417935,0.16983464355154104,0.35656873721693255,0.4194557421068685,0.0,0.8017448710024677,-0.33585993752631915
Alwa,Kaberamaido,Eastern,31927.41854095459,0.0,0.0,0.0,9,0.07390661978817664,0.0,0.2762988793683257,0.3771122449636221,0.10081336559529641,0.0,0.0,0.0,0.006137687745137579,-0.24788937545437334
Alwi,Pakwach,Northern,25335.8815574646,0.02738349404289951,0.09004370162219653,0.06266020757929702,10,0.06985659272882727,1587.5515975952148,0.5120881858481918,0.5532643615548547,0.041176175706662876,0.9072776298098795,0.914646673072353,0.0,0.0893429043103794,-0.336344879617165
Amach,Lira,Northern,43520.17680358887,0.020493916391271273,0.0853818131478152,0.06488789675654394,8,0.061243516925734376,2823.932739257813,0.6259466569760567,0.6939486542929421,0.06800199731688539,0.12326728018017842,0.21764171184492326,0.0,0.0485674192797832,-0.2323993335046919
Amolatar Town Council,Amolatar,Northern,14022.976127624512,0.0,0.0,0.0,9,0.05130783007946482,0.0,0.0051693933935012,0.0455302932154322,0.040360899821931,0.0,0.0,0.0,1.0,-0.19365202919740257
Amudat,Amudat,Northern,45181.596590042114,0.3468976254846921,0.407266227686579,0.06036860220188689,5,0.1618183450295052,2727.5498313903818,0.613928917739983,0.6681688806817738,0.05423996294179079,0.5013495967541152,0.5402793643052295,0.4137017742482357,1.0,-0.5446551728500761
Amudat Town Council,Amudat,Northern,14082.183490753174,0.0,0.0,0.0,4,0.01159954741220149,0.0,0.0,0.0,0.0,0.0,0.0,0.0,1.0,0.07560945267216575
Amugu,Alebtong,Northern,36482.41722869873,0.1322289412005597,0.5563282663276428,0.42409932512708304,8,0.1623476128709601,15472.168525695799,0.9237000888224565,0.950368809428077,0.026668720605620533,1.0,1.0,0.0,0.0,-0.2995580245696701
Amukol,Kapchorwa,Eastern,4137.244567871094,0.0,0.0,0.0,5,0.0014542384775483586,0.0,0.0,0.0,0.0,0.0,0.0,0.0,0.0,0.371095850098138
Amuria Town Council,Amuria,Eastern,9918.72241973877,0.1299408437698068,0.39934936957873285,0.26940852580892605,8,0.06731221141568555,2672.1883850097656,0.0,0.0,0.0,0.0,0.0,0.0,0.29750949063743676,-0.15081134209039887
Amuru,Amuru,Northern,54307.534145355225,0.6731024388629127,0.767640042532902,0.09453760366998931,8,0.27312400881609555,5134.104139328004,0.5371013563848813,0.6202026463466233,0.08310128996174193,0.9845083263228924,0.9879839246781579,0.3062164795392705,0.6960730507639171,-0.28436586129159835
Amuru Town Council,Amuru,Northern,12273.956554412842,0.09081835956716362,0.7128018358854695,0.6219834763183059,8,0.13663208894520673,7634.198165893555,0.0,0.014203330567779913,0.014203330567779913,1.0,1.0,0.0,1.0,-0.10557917504133443
Amwoma,Dokolo,Northern,18277.95164489746,0.0,0.0,0.0,9,0.047575413036090586,0.0,0.5409494175406024,0.5932083537918703,0.05225893625126787,0.6340731465712669,0.6771425355613768,0.0,0.0,-0.25419039556882395
Anaka Payira,Nwoya,Northern,21328.251541137695,0.004101798043862195,0.01337538620930787,0.009273588165445674,8,0.10306144989825705,197.789421081543,0.34527606518686427,0.41521852774635803,0.06994246255949377,0.34313746206417084,0.42053898308877624,0.008315967537832824,0.9778696496730449,-0.4332050482321965
Anaka Town Council,Nwoya,Northern,25266.2435836792,0.0,0.0,0.0,8,0.023466225369334334,0.0,0.04610171653927409,0.07067740992502775,0.024575693385753654,0.0,0.0,0.0,0.8418122432386879,-0.10919850309231743
Angagura,Pader,Northern,11172.200420379639,0.6246037442049528,0.6866608425834182,0.0620570983784654,8,0.11505754844290039,693.3143405914318,0.5582669680874923,0.6199964362174988,0.06172946813000646,1.0,1.0,0.21437023455201085,0.6462447952958532,-0.4282428257164885
Anyara,Kalaki,Eastern,30921.15825653076,0.0,0.0,0.0,8,0.0875369455860851,0.0,0.1476392151689589,0.2238545556014485,0.07621534043248962,0.9899461950929297,1.0,0.0,0.0,-0.31271715988178245
Anyiribu,Madi Okollo,Northern,10658.476976394653,0.0,0.0,0.0,8,0.02521056893219875,0.0,0.27078269879721123,0.356474803437877,0.08569210464066579,0.7555521441946199,0.807427466320304,0.0,0.0,-0.26290062045051393
Apac,Apac,Northern,30979.599731445312,0.0,0.0,0.0,9,0.09819876249106951,0.0,0.4776056266527556,0.535908206101923,0.058302579449167447,0.5147559214501909,0.6361076658823986,0.0,1.0,-0.44422280340600323
Apala,Alebtong,Northern,25356.029319763184,0.0,0.0,0.0,8,0.05600684095956915,0.0,0.12978844620012187,0.2315187384337128,0.10173029223359092,0.9145654370917436,0.9602379708175492,0.0,0.0,-0.241386780573672
Apapai,Kalaki,Eastern,14753.463348388672,0.0,0.0,0.0,8,0.02280638473402785,0.0,0.07265408522955333,0.15196737759496426,0.07931329236541093,0.4927508735484134,0.523873201427983,0.0,0.0,-0.336176303892595
Apeduru,Amuria,Eastern,18893.626403808594,0.1225057039876913,0.43218119067911354,0.30967548669142225,8,0.09843598479585136,5850.892951965332,0.15466411849111222,0.24739750690652745,0.09273338841541523,0.3290579978440037,0.4142405260758126,0.0,0.3659586196297292,-0.21371439687563373
Aperkira,Kaberamaido,Eastern,19518.89401626587,0.02439021583113617,0.18970082517356954,0.16531060934243336,8,0.19015768223400542,3226.680263519287,0.06784204112495697,0.1935862992425396,0.1257442581175826,0.536342199011628,0.7089882489555074,0.0,0.2096002750277398,-0.24312331216462837
Apo,Yumbe,Northern,59237.895278930664,0.0,0.0,0.0,10,0.02951112797994307,0.0,0.15068865569092732,0.2057827358108469,0.05509408011991959,0.015943180436677924,0.029992725664048595,0.0,0.0,0.03785738545699522
Apopong,Pallisa,Eastern,36419.43772125244,0.0,0.0,0.0,4,0.12214287493422388,0.0,0.06436457366455567,0.1163518485656117,0.051987274901056035,0.2869499591453069,0.4221187576164551,0.0,0.0,-0.039695925342951896
Aputi,Amolatar,Northern,20584.18042743206,0.0,0.0,0.0,9,0.029030641089372478,0.0,0.14442525240153228,0.21883225331942507,0.07440700091789279,0.1779375680682073,0.22580081574393998,0.0,1.0,-0.36213704102517696
Arapai,Soroti,Eastern,53017.94624328613,0.0,0.0023427304411574724,0.0023427304411574724,5,0.04727502501840586,124.20675659179688,0.09175513501202104,0.1330122863264967,0.04125715131447566,0.5179178888966107,0.5556686965585114,0.0,0.0023427304411574724,-0.1841412378996581
Arinyapi,Adjumani,Northern,13700.746225357056,0.4367032962315263,0.7132146206112988,0.2765113243797725,8,0.15376274980273097,3788.4114837646484,0.2535950595590749,0.3122407478647897,0.058645688305714816,1.0,1.0,0.00898740361835599,0.0,-0.2107972914201285
Arivu,Arua,Northern,35747.125411987305,0.0,0.0,0.0,10,0.023484738295237062,0.0,0.38956693577286017,0.47180190262742866,0.08223496685456849,0.762001089855412,0.7859643281694404,0.0,0.0,-0.23097886892535366
Ariwa,Yumbe,Northern,35778.14942932129,0.013447486637655775,0.17447893074689924,0.16103144410924347,10,0.09934946891666108,5761.407070159912,0.3496219133047735,0.38926247409144416,0.039640560786670664,1.0,1.0,0.0,0.0,0.02321606486151738
Arocha Division,Apac,Northern,16884.932189941406,0.0,0.0,0.0,9,0.03814336719961048,0.0,0.5377506054026817,0.5590343664879043,0.021283761085222563,0.04294717240181721,0.06738012968801359,0.0,1.0,-0.15625324848904648
Aroi,Arua,Northern,30734.82992553711,0.0,0.0,0.0,10,0.020029883598178116,0.0,0.0,0.0,0.0,0.07976522190510062,0.17820047786604315,0.0,0.0,-0.17338265891675886
Aromo,Lira,Northern,42760.71463012695,0.8319460144044258,1.0,0.16805398559557416,8,0.2688297835638993,7186.1085205078125,0.24258332849414896,0.34300658406386697,0.10042325556971801,1.0,1.0,0.0,0.34369621806107187,-0.3185270299674478
Arua Hill Division,Arua,Northern,32299.47021484375,0.0,0.0,0.0,10,0.0018762102336042988,0.0,0.0,0.0,0.0,0.0,0.0,0.0,0.0,1.2181968005753347
Arum,Agago,Northern,14626.97401046753,1.0,1.0,0.0,8,0.4381306285325781,0.0,0.5212832461501419,0.5835369550171426,0.06225370886700077,1.0,1.0,0.0,1.0,-0.33217231533190716
Arwotcek,Amolatar,Northern,22767.457080841064,0.0,0.0,0.0,9,0.047798343654253006,0.0,0.275949837286657,0.31118677313113535,0.035236935844478345,0.566539587471261,0.6383407896745722,0.0,1.0,-0.4524262595720872
Asamuk,Amuria,Eastern,28404.786224365234,0.0,0.01557423649599226,0.01557423649599226,5,0.07904298925276987,442.3828582763672,0.21798137142730734,0.31989495830720055,0.10191358687989321,0.7504592066593595,0.7997227354804448,0.0,0.007232578630614448,-0.32800753074019146
Asuret,Soroti,Eastern,53290.70416069031,0.0,0.0,0.0,5,0.055795530279808714,0.0,0.18245391659999552,0.24982194623069973,0.06736802963070421,0.7665712710361626,0.8092603055071944,0.0,0.0,-0.3064564324711613
Atanga,Pader,Northern,21361.135778427124,0.5635506301951752,0.7297343008051408,0.16618367060996564,8,0.08097098302006822,3549.871952056885,0.3445912421446243,0.36056121885180065,0.01596997670717637,1.0,1.0,0.009139841723776894,0.6038575135765989,-0.27650473587007646
Atego,Nebbi,Northern,13596.70751953125,0.0,0.0,0.0,9,0.04809203990931235,0.0,0.0766944019219669,0.10903385262049847,0.03233945069853157,0.0,0.0,0.0,0.0,-0.3067067591427756
Athuma,Zombo,Northern,30986.30125427246,0.0,0.0,0.0,9,0.03754870459459436,0.0,0.24076546839938046,0.31548411625804085,0.07471864785866039,0.4635601908163825,0.5208599474633099,0.0,0.0,-0.1776813296445702
Atiira,Serere,Eastern,27274.87402820587,0.0,0.0,0.0,5,0.07110925139047497,0.0,0.29275580417227215,0.35625358011232267,0.06349777594005052,0.5941720238310357,0.6696443557206734,0.0,0.0,-0.3762217327649706
Atik Division,Apac,Northern,11965.389892578125,0.0,0.0,0.0,9,0.02985929153534042,0.0,0.20683011336998838,0.31897746179027864,0.11214734842029025,0.0,0.0,0.0,1.0,-0.10594894712761747
Attiak,Amuru,Northern,49720.06378173828,0.7926097136253968,0.8246246393727013,0.03201492574730447,8,0.11847904368048745,1591.7841501235932,0.4364935601478934,0.48631242147158066,0.049818861323687236,0.6602592536354234,0.6723887827727031,0.07700090897781865,0.2589180373140748,-0.2760826456685601
Atutur,Kumi,Eastern,31480.33839416504,0.0,0.0,0.0,5,0.013343961935689153,0.0,0.09922137015301469,0.16252921252979136,0.06330784237677667,0.013726840337003535,0.04375871814116889,0.0,0.0,-0.23440236347338336
Atyak,Zombo,Northern,29378.601036071777,0.0,0.004312929276862213,0.004312929276862213,9,0.08386836522683733,126.70782852172852,0.10471335899012099,0.1288627750255833,0.024149416035462307,0.8417651077417956,0.8942571594740053,0.0,0.0,-0.13219565094597524
Awach,Abim,Northern,14381.603191375732,0.08036656614055496,0.2297363292927794,0.14936976315222444,8,0.15674958445875264,2148.1766624450684,0.2396389128728778,0.43610572659875807,0.19646681372588026,0.5394399430609899,0.6286718470029963,0.1253820201981263,1.0,-0.3764952911101438
Awach,Gulu,Northern,25452.08308696747,0.11672386903785141,0.20578887615325794,0.08906500711540653,8,0.16072310351228747,2266.889961242676,0.17864289895609958,0.2526876833906478,0.0740447844345482,0.2078186640629065,0.26001467400677186,0.006264672128841714,0.16606444864990388,-0.2523667997171128
Awei,Alebtong,Northern,32663.477615356445,0.6060367814386647,0.9888052685767599,0.3827684871380952,8,0.21854584115579345,12502.549911499023,0.2358999483717828,0.35018283410920226,0.11428288573741946,0.6478625150988546,0.6960611156493897,0.0,0.39143452900627995,-0.4042428972810855
Awelo,Amolatar,Northern,15828.476346731186,0.0,0.0,0.0,9,0.06487482915518872,0.0,0.010705636774194376,0.027227590501416155,0.01652195372722178,0.5521835967209693,0.5963298138404072,0.0,1.0,-0.44814735277143664
Awere,Pader,Northern,23233.961400985718,1.0,1.0,0.0,8,0.38083148417951196,0.0,0.1545576717011561,0.19526791583955563,0.04071024413839952,1.0,1.0,0.08505235299167364,1.0,-0.32321281040217037
Ayer,Kole,Northern,46633.66556549072,0.0,0.03568155446014551,0.03568155446014551,10,0.07260002038539137,1663.9616775512695,0.039551812226650766,0.10640958347052928,0.06685777124387851,0.9733806013819357,0.9863250861314687,0.0,0.0,-0.18300493295952114
Ayivuni,Arua,Northern,29185.56478881836,0.0,0.0,0.0,10,0.07584665797442774,0.0,0.03643577010578004,0.12295355039385698,0.08651778028807694,0.030782954075122475,0.08326293225795404,0.0,0.0,-0.06232004237156938
Bagezza,Mubende,Central,8784.611083984375,0.0,0.0,0.0,4,0.10160281893973844,0.0,0.07202119201094265,0.12624735570935136,0.054226163698408714,1.0,1.0,0.0,1.0,-0.3228746918074507
Baitambogwe,Mayuge,Eastern,52990.85673522949,0.0,0.0,0.0,4,0.04481245927059002,0.0,0.0,0.0,0.0,0.09396999330332545,0.12456680808483664,0.0,0.0,0.5057097167964518
Bala,Kole,Northern,58517.22457885742,0.0,0.1866548303921192,0.1866548303921192,8,0.13470772564896416,10922.52262878418,0.5213660407099968,0.6398253395437812,0.11845929883378437,0.9607213175746101,0.9799523313392859,0.0,0.0,-0.3536857518565462
Balawoli,Kamuli,Eastern,26009.485107421875,0.0,0.0,0.0,4,0.06498797613691298,0.0,0.10401722290623938,0.1250150681324931,0.020997845226253725,0.7225143156820424,0.8287337846134472,0.0,0.0,-0.24271621269268967
Bamunanika,Luwero,Central,37641.34233093262,0.0,0.09209077601269364,0.09209077601269364,4,0.12118099582460873,3466.420425415039,0.004918237837244867,0.020900026580357202,0.015981788743112336,0.47100683308941166,0.5416852979870648,0.0,0.0,-0.02586165875872378
Bananywa,Kyankwanzi,Central,44911.49388885498,0.013994422186212531,0.0298946152846235,0.01590019309841097,10,0.04171364033163627,714.1014251708984,0.27410312784056867,0.3291685281468579,0.0550654003062892,1.0,1.0,0.0,0.0,-0.13989690895139156
Banda,Kyankwanzi,Central,2044.7940607070923,0.040654159574429846,0.12845418169042908,0.08780002211599923,4,0.08983939105657823,179.53296375274658,0.591244978876498,0.6407667043841881,0.049521725507690184,1.0,1.0,0.0446476063521082,0.6134540497739602,-0.32024748543212195
Banda,Namayingo,Eastern,60523.861271858215,0.013526695287009134,0.4688811857104174,0.4553544904234083,4,0.18490065877300454,27559.812007904056,0.0,0.0,0.0,0.9566362413971348,0.984671984181219,0.0,1.0,-0.10180446672618197
Bar Dege Division,Gulu,Northern,42489.71026611328,0.0,0.0,0.0,8,0.006892585146327623,0.0,0.0,0.0,0.0,0.0,0.0,0.0,0.0,0.753448794080089
Barr,Lira,Northern,57390.407958984375,0.0,0.03203260719901902,0.03203260719901902,8,0.0972492507014347,1838.3643951416013,0.1998464924088439,0.2760386855873583,0.07619219317851439,0.9130825448396482,0.9612588906596591,0.0,0.018308112624694235,-0.25673465696594044
Batta,Dokolo,Northern,23974.05055999756,0.0183747288241512,0.271559645935039,0.2531849171108878,9,0.15343442277326058,6069.868003845216,0.0960609556341317,0.2044392627144213,0.10837830708028962,1.0,1.0,0.0,0.006784741264121019,-0.38079386783600094
Bbaale,Kayunga,Central,22932.848419189453,0.6597885114463772,0.9511898568704681,0.2914013454240909,4,0.17884509020231798,6682.662883758543,0.5266648179809252,0.599323613491649,0.07265879551072374,0.21485123221802394,0.26895227015577916,0.0,0.9281995754333147,-0.22647765610983825
Bbanda,Mityana,Central,16744.644743442535,0.10137344578350269,0.44880211622245114,0.34742867043894843,4,0.1523956528195456,5817.569660186767,0.0,0.005618451349924026,0.005618451349924026,1.0,1.0,0.0022442133969732244,0.0022442133969732244,-0.047604919982097996
Benet,Kween,Eastern,9998.985954284668,0.4711468336403653,0.4855501416595294,0.014403308019164118,5,0.2520462422952203,144.01847457885773,0.46405459700672297,0.4774494054663305,0.013394808459607555,0.62724323874054,0.6620526322271869,0.46580966236851074,0.5008473856953238,-0.3677856908499927
Bigasa,Bukomansimbi,Central,46626.56024932861,0.2999212657286701,0.7873478194632736,0.4874265537346035,4,0.30226773982425126,22727.023574829098,0.05836792507099769,0.10174291911423532,0.04337499404323763,0.772890796630686,0.8620178404975882,0.0,0.7986317643989005,-0.2325955918828614
Biguli,Kamwenge,Western,47470.04818725586,0.4985295614604238,0.7177759197496746,0.21924635828925076,4,0.12014438111664472,10407.635192871097,0.3741243505918844,0.43990004834070756,0.06577569774882314,1.0,1.0,0.0,1.0,-0.31963993371594435
Bihanga,Buhweju,Western,19397.72519683838,0.09537835319594706,0.295291530966512,0.19991317777056494,4,0.16110690861024968,3877.8608856201176,0.7276232915439711,0.8124325208831961,0.08480922933922497,1.0,1.0,0.003801943041120301,0.13911900594659002,-0.18072231969826485
Bihanga,Kamwenge,Western,21327.57061767578,0.9250901155234641,0.9870053956902731,0.06191528016680903,4,0.1686050841924247,1320.5025100708003,0.10399956073434681,0.19082218939716775,0.08682262866282094,1.0,1.0,0.0,0.9053938152959716,-0.36924614821003376
Biharwe Division,Mbarara,Western,27155.080291748047,0.0,0.0,0.0,4,0.008487055466279564,0.0,0.6452469459049437,0.7193469622890868,0.0741000163841431,0.7843496014935067,0.8050779790154784,0.0,0.0,-0.05896555806079849
Biiso,Buliisa,Western,24795.310257911682,0.3833967277296837,0.5218452381923475,0.13844851046266382,4,0.11592799386264363,3432.873771667481,0.43388284760256396,0.5297582748757014,0.09587542727313741,1.0,1.0,0.19023074505369778,0.4321209226760336,-0.2454689380841784
Bileafe,Arua,Northern,28758.697313308716,0.0,0.035760041602993814,0.035760041602993814,10,0.1104973078924284,1028.4122123718262,0.029651805036672092,0.07720678286493945,0.04755497782826736,0.5962544198453867,0.6487861638837129,0.0,0.0,-0.14700472204635984
Binyiny,Kween,Eastern,6452.3073654174805,0.0,0.0,0.0,5,0.028122635094919912,0.0,0.05708823359103752,0.08432467982891545,0.02723644623787793,0.3084450453979421,0.3750393419164259,0.0,0.0,-0.401987094900326
Binyiny Town Council,Kween,Eastern,4534.4779052734375,0.0,0.0,0.0,5,0.0028160342764433355,0.0,0.0,0.0,0.0,0.28017985696482145,0.28017985696482145,0.0,0.0,-0.271575707033376
Birembo,Kakumiro,Western,40456.4807434082,1.0,1.0,0.0,4,0.3123748771592221,0.0,0.419231662100476,0.507224664497534,0.08799300239705798,0.6684880186785905,0.7685388748756758,0.0,1.0,-0.1975826663546682
Birere,Isingiro,Western,27980.503143310547,0.0,0.0,0.0,4,0.013440859909304909,0.0,0.007839258783369564,0.017281828628214365,0.009442569844844801,0.08664557173514922,0.1386240267527323,0.0,0.0,-0.06402934876920015
Bisheshe Division,Ibanda,Western,40198.98294067383,0.0,0.0,0.0,4,0.03606588163313584,0.0,0.0,0.00819312521884912,0.00819312521884912,0.2734870612825039,0.34782280824048145,0.0,0.0,0.018441694524473456
Bitereko,Mitooma,Western,32733.822509765625,0.0,0.0,0.0,4,0.03509709421267371,0.0,0.07809814279607061,0.128248041097233,0.0501498983011624,0.5913930758183076,0.6723860367146984,0.0,0.0,-0.1784896382429433
Bitooma,Bushenyi,Western,20498.300647735596,0.09011395980392896,0.12720523420226051,0.037091274398331556,10,0.07651578976369461,760.3080940246584,0.2020476450431034,0.25126265032310535,0.049215005280001944,0.34168951287068383,0.3933324672825137,0.061067482931920325,0.15060248521797412,-0.21664011639565675
Bitsya,Buhweju,Western,19918.768783569336,0.0,0.01189220043148716,0.01189220043148716,4,0.1556382319320475,236.87799072265625,0.0778988647319199,0.11778152394841349,0.03988265921649359,0.46936586953509435,0.5251690871905923,0.0,0.0,-0.22871459452228263
Bobi,Omoro,Northern,40359.92247390747,0.011053905321516093,0.03057710530557161,0.019523199984055516,8,0.04897370054519423,787.9548377990722,0.2054069861653236,0.27113073443420493,0.06572374826888133,1.0,1.0,0.0,0.011809268909807087,-0.05613987768773722
Bombo Town Council,Luwero,Central,31932.478393554688,0.0,0.0,0.0,4,0.007014865958617333,0.0,0.0,0.0,0.0,0.0,0.0,0.0,0.0,0.723624690129181
Bubaare,Mbarara,Western,28215.943565368652,0.0,0.0,0.0,4,0.02866341750212925,0.0,0.19808750629919436,0.24191844526775427,0.04383093896855991,0.7548112450158038,0.8012756749731946,0.0,0.0,-0.09649183356436587
Bubaare,Rubanda,Western,40860.58520531654,0.0,0.0,0.0,4,0.017227077853649547,0.0,0.0,0.0,0.0,0.0041342216986583755,0.010752940760666957,0.0,0.0,0.06731937681001456
Bubandi,Bundibugyo,Western,10372.780639648438,0.0,0.0,0.0,4,0.004351475162418461,0.0,0.0,0.0,0.0,0.0,0.0,0.0,0.0,-0.18009483903506798
Bubango,Kibaale,Western,23717.98134613037,0.9363570802838213,1.0,0.06364291971617875,10,0.19394165824241183,1509.4815826416004,0.7832762801145194,0.8526737978993177,0.0693975177847983,0.8988445398398762,0.9445675861272006,0.0,0.0,-0.29964144140032467
Bubeke,Kalangala,Central,6712.846569061279,1.0,1.0,0.0,1,,0.0,0.45629242888241767,0.45629242888241767,0.0,1.0,1.0,1.0,1.0,-0.09110111133323077
Bubiita,Bududa,Eastern,8613.599517822266,0.30082416544351825,0.3438681195060292,0.043043954062510936,5,0.15319929119699705,370.7633819580079,0.3620998110156991,0.41224103595605166,0.05014122494035256,0.525550580126993,0.5763395082450233,0.271702776579305,0.3521483903572738,-0.2272777058206039
Bubukwanga,Bundibugyo,Western,17124.067405700684,0.04162287751610924,0.05454132123180681,0.012918443715697565,4,0.025128259767301153,221.2163009643555,0.019132907059566856,0.031744700356114486,0.01261179329654763,0.21462471703328886,0.23595366096914222,0.04162287751610924,0.05454132123180681,-0.4264181976150311
Bubutu,Namisindwa,Eastern,27820.259185791016,0.0,0.0,0.0,5,0.08809381453869636,0.0,0.0,0.04426919595343361,0.04426919595343361,0.09933027017865559,0.16398729081275568,0.0,0.0,-0.03401725107735893
Bubyangu,Mbale,Eastern,28108.553802490234,0.0,0.0,0.0,5,0.08643583027406004,0.0,0.0,0.0,0.0,0.0,0.14886794374540693,0.0,0.0,-0.3221103534738284
Budadiri Town Council,Sironko,Eastern,16920.853515625,0.0,0.0,0.0,5,0.03912655088923944,0.0,0.0,0.0,0.0,0.0,0.0,0.0,0.0,0.584712972675405
Budaka,Budaka,Eastern,14736.063690185547,0.0,0.0,0.0,4,0.10758324006755321,0.0,0.0,0.0,0.0,0.0,0.0,0.0,0.0,0.1111199457905282
Budaka Town Council,Budaka,Eastern,34977.728759765625,0.0,0.0,0.0,4,0.13277765550552068,0.0,0.0,0.0,0.0,0.0,0.0,0.0,0.0,0.3623233098374255
Budde,Butambala,Central,15683.366813659668,0.0,0.0,0.0,4,0.0790225870249513,0.0,0.0,0.0,0.0,0.1695180091976439,0.33390832282589433,0.0,0.0,-0.048982259686485424
Budhaya,Bugiri,Eastern,36054.31817626953,0.017925806590356985,0.13798171287131736,0.12005590628096037,4,0.11874373154857387,4328.533843994141,0.0,0.07702237026402096,0.07702237026402096,0.3657267974971192,0.5041788119234826,0.0,0.6384876150943914,-0.3583692316409984
Budomero,Kaliro,Eastern,30031.238052368164,0.5599402363226401,0.7890440229606357,0.22910378663799558,4,0.13810697741033318,6880.270355224609,0.1801675511304105,0.3521445341609744,0.1719769830305639,0.05032465631387964,0.10872653000116997,0.0,0.7345321595641549,-0.057130442256873686
Budondo,Jinja,Eastern,62894.72702026367,0.0,0.0,0.0,4,0.051293476444660646,0.0,0.0,0.0,0.0,0.0,0.0,0.0,0.0,0.29317602652290126
Budongo,Masindi,Western,37579.754888534546,0.006244238286569968,0.020991094676763637,0.014746856390193668,4,0.06133059860251977,554.1832485198975,0.32643821559217,0.40066195101058694,0.07422373541841693,0.9653690310748622,0.969847941894247,0.0,0.017547973770486797,-0.028166411123071906
Bududa,Bududa,Eastern,16918.82208251953,0.0,0.0,0.0,5,0.03963903994312634,0.0,0.0,0.0,0.0,0.0,0.0,0.0,0.0,-0.3208811931173482
Bududa Town Council,Bududa,Eastern,6840.655029296875,0.0,0.0,0.0,5,0.005957467674972912,0.0,0.0,0.0,0.0,0.0,0.0,0.0,0.0,0.24518496820926045
Budumba,Butaleja,Eastern,29356.425567626953,0.0,0.015416653299306707,0.015416653299306707,4,0.08519230468466177,452.5778350830078,0.1348654233869558,0.21844351156081798,0.08357808817386217,0.8755782254049682,0.9069851594711196,0.0,0.1696836814990165,-0.21841262811810816
Budwale,Mbale,Eastern,9876.285583496094,0.0,0.0,0.0,5,0.02508452651672649,0.0,0.0,0.0,0.0,0.0,0.0,0.0,0.0,-0.10220106203662928
Bufumbo,Mbale,Eastern,20954.404907226562,0.0,0.0,0.0,5,0.04856095474342609,0.0,0.0,0.0,0.0,0.0,0.0,0.0,0.0,-0.10318179967043285
Bufumira,Kalangala,Central,13682.31707572937,1.0,1.0,0.0,1,,0.0,0.7711804587117482,0.7984307664637591,0.02725030775201087,1.0,1.0,1.0,1.0,-0.2731062933878747
Bufunda Division,Ibanda,Western,37949.23878479004,0.0,0.0,0.0,4,0.04033067736381185,0.0,0.010548005319765269,0.030920373376202136,0.020372368056436867,0.023378363105616737,0.03967311284157435,0.0,0.0,0.08627599258701986
Bufundi,Rubanda,Western,28016.45799922943,0.0,0.0,0.0,4,0.10904944884926704,0.0,0.0,0.023439360758201452,0.023439360758201452,0.803656471390905,0.8732566394578023,0.0,0.0,-0.14622267261993888
Bufunjo,Kyenjojo,Western,30002.88999938965,0.0,0.013043411046850147,0.013043411046850147,4,0.1061074039004336,391.34002685546875,0.23199446028707688,0.2991606812877018,0.06716622100062491,1.0,1.0,0.0,0.08900165846501078,-0.2895876072834107
Bugaaki,Kyenjojo,Western,41719.91068267822,0.0,0.0,0.0,10,0.02616867105605719,0.0,0.06391125277778652,0.11729358939284236,0.05338233661505584,0.827492071398419,0.8580755258041058,0.0,0.0,-0.09469041763030385
Bugamba,Rwampara,Western,43849.58260345459,0.0,0.017563151006131563,0.017563151006131563,4,0.06688029083598923,770.1368408203126,0.013578743821233615,0.01600411436963368,0.0024253705484000663,0.026040065515100474,0.08727965522881956,0.0,0.044802371903590564,-0.1642696306947167
Bugambe,Kikuube,Western,42435.24133682251,0.001518636053638862,0.006050488520716418,0.004531852467077556,10,0.04500986636920212,192.31025314331058,0.4532155180709162,0.5002224426905236,0.047006924619607426,0.5782354793973444,0.6180943271140065,0.0,0.007564318271914696,-0.40605855384518263
Bugangari,Rukungiri,Western,35417.464668273926,0.0,0.0,0.0,4,0.015839040591031084,0.0,0.01517311759485217,0.041828740570785165,0.026655622975932994,0.0,0.0,0.0,0.0,-0.2675753206397104
Buganikire Town Councili,Bundibugyo,Western,3147.8161010742188,0.0,0.0,0.0,4,0.015386769644737869,0.0,0.0,0.0,0.0,0.0,0.0,0.0,0.0,0.2113857808164255
Bugaya,Buvuma,Central,7657.361080408096,1.0,1.0,0.0,1,,0.0,0.009032225190544191,0.046350030554026755,0.037317805363482566,0.0,0.0,1.0,1.0,-0.27658011328716164
Bugaya,Buyende,Eastern,116536.97692871094,0.008876001003968997,0.0775254239048437,0.0686494229008747,4,0.10881115196155333,8000.196212768555,0.3547790233821044,0.44325969122040343,0.08848066783829905,0.9314297519126337,0.952919565919578,0.0,0.0775254239048437,-0.31691240966527195
Bugembe Town Council,Jinja,Eastern,44847.125,0.0,0.0,0.0,4,0.0032256112171163837,0.0,0.0,0.0,0.0,0.0,0.0,0.0,0.0,0.9860000000000001
Buginyanya,Bulambuli,Eastern,7314.27685546875,0.0,0.0,0.0,5,0.03471824673156043,0.0,0.0,0.0,0.0,0.0,0.0,0.0,0.0,0.26937942488133393
Bugitimwa,Sironko,Eastern,10169.611755371094,0.5280160517065892,0.656522686058238,0.12850663435164889,5,0.2884099766296828,1306.8625793457034,0.592788724670576,0.641286562122036,0.04849783745146008,0.8852042358893069,0.8852042358893069,0.4249676892934349,0.5644769127328212,-0.10389820298768097
Bugobero,Manafwa,Eastern,17963.63720703125,0.0,0.0,0.0,4,0.043639405903750816,0.0,0.0,0.07623069698717806,0.07623069698717806,0.0,0.0,0.0,0.0,-0.15350381568319346
Bugondo,Serere,Eastern,48210.363639354706,0.5962662403297312,0.8167223122757131,0.22045607194598194,5,0.13435584114892163,10628.267395019533,0.24275865067739041,0.3038331740348538,0.06107452335746341,0.06509438334628884,0.1299872680971476,0.00032380931394473093,0.6946273922330565,-0.3644853293813916
Bugongi Town Council,Sheema,Western,14134.360160827637,0.0,0.0,0.0,4,0.07209633686489314,0.0,0.0,0.0,0.0,0.06488214839822054,0.08526695176567288,0.0,0.0,-0.12678120382025368
Bugoye,Kasese,Western,44500.62691497803,0.4852693117866741,0.5115228291470999,0.026253517360425804,4,0.2372560229261409,1168.2979812622075,0.3988092316096667,0.4229173533335755,0.024108121723908804,0.8559133052676503,0.8851963493068936,0.4445800272762991,0.45102832486467986,-0.13496285105201827
Bugulumbya,Kamuli,Eastern,46489.1423034668,0.0,0.0,0.0,4,0.06691653736231196,0.0,0.01774043243063803,0.03688524486047408,0.01914481242983605,1.0,1.0,0.0,0.0,0.06569796777046007
Bugweri Town Council,Bugweri,Eastern,21837.946685791016,0.0,0.0,0.0,4,0.00621551707400636,0.0,0.0,0.0,0.0,0.0,0.0,0.0,0.0,0.3723249007791641
Buhanda,Kitagwenda,Western,33388.83949279785,0.0,0.0,0.0,4,0.059613398139668816,0.0,0.026512983399238337,0.036014761890282534,0.009501778491044197,0.45134553755128565,0.5229316611565541,0.0,0.0,-0.13060205850778156
Buhanika,Hoima,Western,20558.44383621216,0.0,0.0,0.0,10,0.016246379399221633,0.0,0.22517495000296145,0.29837673656811303,0.07320178656515158,1.0,1.0,0.0,0.0,-0.2605971134988962
Buhara,Kabale,Western,28787.006088256836,0.0,0.0,0.0,4,0.023307190445232884,0.0,0.0,0.0,0.0,0.08323437144508866,0.2032998767628281,0.0,0.0,-0.010269080165400698
Buheesi,Bunyangabu,Western,10618.002227783203,0.0,0.0,0.0,10,0.03474826190860861,0.0,0.25119106406411734,0.42137619722585157,0.17018513316173423,0.08270825677891103,0.19221060554027572,0.0,0.0,-0.029331710533146784
Buheesi Town Council,Bunyangabu,Western,22103.97119140625,0.0,0.0,0.0,4,0.017610007690250506,0.0,0.3059907152549851,0.37574374682080536,0.06975303156582024,0.6715222715416195,0.8056393216048788,0.0,0.0,-0.06121222613779079
Buhehe,Busia,Eastern,23660.631408691406,0.0,0.0,0.0,4,0.060525827325153186,0.0,0.0,0.0,0.0,0.12522056230567447,0.2807136848226557,0.0,1.0,-0.08077330823013515
Buhemba,Namayingo,Eastern,40631.964363098145,0.4846149775496166,0.8378100030764464,0.3531950255268298,4,0.26821104498093107,14351.007690429688,0.005304866012478071,0.007977715628363472,0.0026728496158854014,0.7267474806226948,0.7612821706126477,0.0,1.0,-0.14952639890581948
Buhimba,Kikuube,Western,40923.60939025879,0.0,0.004018390342233793,0.004018390342233793,10,0.0436373347439552,164.44703674316406,0.2037419944121553,0.2608652161992295,0.057123221787074185,0.6524582096205529,0.6705043163620306,0.0,0.0,-0.30751612391577904
Buhimba Town Council,Kikuube,Western,13374.050064086914,0.0,0.0,0.0,10,0.00983040888686823,0.0,0.0,0.0,0.0,0.4837235743633507,0.5966765063265322,0.0,0.0,-0.1529757479740779
Buhugu,Sironko,Eastern,15424.041717529297,0.0,0.0,0.0,5,0.040653638644016554,0.0,0.0,0.0,0.0,0.0,0.0,0.0,0.0,0.18137383348213612
Buhuhira,Kasese,Western,24367.196319580078,0.02977898614574108,0.05257465058653362,0.02279566444079254,10,0.1064631201012124,555.4664306640625,0.0,0.0,0.0,0.013397765076883436,0.029778986110640757,0.0,0.0,-0.2435652352023975
Buhunga,Rukungiri,Western,26681.253219604492,0.0,0.0,0.0,4,0.042710947693098855,0.0,0.0,0.0,0.0,0.0,0.0,0.0,0.0,-0.21085381082003674
Buikwe,Buikwe,Central,21293.386291503906,0.0,0.0,0.0,4,0.03685539940793603,0.0,0.0,0.0,0.0,0.0,0.0,0.0,0.0,0.003499506896307191
Buikwe Town Council,Buikwe,Central,20295.416107177734,0.0,0.0,0.0,4,0.03095508049961207,0.0,0.0,0.0,0.0,0.0,0.02932846194458395,0.0,0.0,0.4327031309160194
Bujumba,Kalangala,Central,15645.810626000166,1.0,1.0,0.0,1,,0.0,0.40236838832495225,0.47861475290039984,0.07624636457544759,0.6888235429935294,0.7385144273713046,0.03879835960493354,0.17129525466405704,-0.23732374442056814
Bujumbura Division,Hoima,Western,32147.048797607422,0.0,0.0,0.0,10,0.007694709889431481,0.0,0.0,0.012833203101180057,0.012833203101180057,0.006820692295784548,0.006820692295784548,0.0,0.0,0.428017882694555
Bukabooli,Mayuge,Eastern,66393.40028572083,0.09075954307199156,0.5458098216631394,0.4550502785911478,4,0.18642183560255987,30212.335296630856,0.015131966130927094,0.046402068645529745,0.03127010251460265,0.12177022588249643,0.20651523564866733,0.0,0.6156925357147339,-0.05976880016371873
Bukakata,Masaka,Central,21140.832230180502,0.14013349385485213,0.25098484225693685,0.11085134840208472,4,0.1500416261731794,2343.4897590577602,0.15519594714576834,0.25223988462284935,0.09704393747708101,0.6172788508415182,0.7439162310232048,0.10189919835989515,0.25315918891531514,-0.16887327546340838
Bukalasi,Bududa,Eastern,18386.23944091797,0.2945785028447752,0.3493128988547466,0.054734396009971376,10,0.17059488800278577,1006.3597106933588,0.45993737846635696,0.47523188036420655,0.015294501897849588,0.6300320284337887,0.687486749250673,0.25924142425146274,0.3493128988547466,-0.375590655710856
Bukamba,Kaliro,Eastern,36372.17957115173,0.7626688856640899,0.9861358811888717,0.2234669955247819,4,0.17363089420850342,8127.981689453128,0.3704236595842095,0.4365832709403365,0.06615961135612702,1.0,1.0,0.05114238516761638,0.9749117119921928,-0.1587685422114855
Bukana,Namayingo,Eastern,13245.957217216492,1.0,1.0,0.0,4,0.30865705632597673,0.0,0.0,0.03278140041173369,0.03278140041173369,1.0,1.0,0.0,1.0,-0.2239133406195434
Bukanga,Luuka,Eastern,50115.00735473633,0.0,0.0,0.0,4,0.0568338747421982,0.0,0.0,0.007752583566846156,0.007752583566846156,0.23656568735024497,0.31157220653150075,0.0,0.0,0.07873450838948316
Bukasakya,Mbale,Eastern,29584.464965820312,0.0,0.0,0.0,4,0.007478719645417881,0.0,0.0,0.0,0.0,0.0,0.0,0.0,0.0,0.450786042322124
Bukatube,Mayuge,Eastern,54176.01568841934,0.056595838349282376,0.13543204236324882,0.07883620401396645,4,0.19245080592603114,4271.031425476074,0.17184311633120633,0.26131509966591077,0.08947198333470444,0.6225016516523575,0.7714427778122637,0.048182786212842624,0.38876302555535874,-0.11890383853310042
Bukedea,Bukedea,Eastern,41781.29776763916,0.0,0.0,0.0,4,0.03847391364318703,0.0,0.1081865304940465,0.20652589952971304,0.09833936903566654,0.0,0.019488284725015924,0.0,0.0,-0.19488059852536366
Bukedea Town Council,Bukedea,Eastern,9931.665817260742,0.0,0.0,0.0,4,0.013493727904339475,0.0,0.1138418495684402,0.14519119544207276,0.031349345873632556,0.0,0.0,0.0,0.0,0.007615438793495791
Bukhabusi,Namisindwa,Eastern,12489.441284179688,0.0,0.0,0.0,5,0.04575388848483816,0.0,0.0,0.0,0.0,0.0,0.0,0.0,0.0,-0.30107826111671687
Bukhalu,Bulambuli,Eastern,35853.627853393555,0.0,0.0,0.0,5,0.03434327578125934,0.0,0.0,0.010089598310166264,0.010089598310166264,0.21756511420529756,0.30521435383523654,0.0,0.0,0.022677868588649983
Bukhaweka,Namisindwa,Eastern,11005.821411132812,0.0,0.0,0.0,5,0.05500154093645676,0.0,0.0,0.0,0.0,0.0,0.0,0.0,0.0,0.025489962293459113
Bukhofu,Manafwa,Eastern,8945.236083984375,0.0,0.0,0.0,5,0.0508489873857641,0.0,0.0,0.0,0.0,0.0,0.0,0.0,0.0,-0.099140191911301
Bukhulo,Sironko,Eastern,21715.346710205078,0.0,0.0,0.0,4,0.004247279595614828,0.0,0.0,0.0,0.0,0.24717570755231635,0.31257658294241597,0.0,0.0,0.22373625949994821
Bukiabi,Namisindwa,Eastern,10061.109130859375,0.0,0.0,0.0,5,0.13737161055399427,0.0,0.0,0.2078172174565181,0.2078172174565181,0.0,0.0,0.0,0.0,-0.14926777235780092
Bukibokolo,Bududa,Eastern,16033.520263671875,0.0,0.0,0.0,5,0.023281298768631192,0.0,0.0,0.0,0.0,0.0,0.0,0.0,0.0,-0.22481208761113097
Bukiende,Mbale,Eastern,30119.201171875,0.0,0.0,0.0,4,0.026050707010097207,0.0,0.0,0.0,0.0,0.0,0.0,0.0,0.0,0.0508393848340539
Bukigai,Bududa,Eastern,24537.0009765625,0.0,0.0,0.0,5,0.044713072558185574,0.0,0.0,0.0,0.0,0.0,0.0,0.0,0.0,0.3017221541196015
Bukiise,Sironko,Eastern,26014.812408447266,0.0,0.0,0.0,5,0.015804871460292524,0.0,0.0,0.0,0.0,0.0,0.14001606575716302,0.0,0.0,0.1000745508786907
Bukimbiri,Kisoro,Western,20767.871658325195,0.0,0.0,0.0,11,0.10091926340023888,0.0,0.0,0.0,0.0,0.0,0.0,0.0,0.0,-0.09995600837330343
Bukinda,Rukiga,Western,6713.665061950684,0.0,0.0,0.0,4,0.030697554836540297,0.0,0.0,0.0,0.0,0.0,0.039550594219190445,0.0,0.0,-0.004196474276355678
Bukiro,Mbarara,Western,18910.51954650879,0.0,0.030216936926245806,0.030216936926245806,4,0.0808865077312243,571.4179763793945,0.07528786946065832,0.147419917500891,0.07213204804023268,0.025992221120142312,0.07983304811965986,0.0,0.04600090798677777,-0.1403034288383589
Bukiyi,Sironko,Eastern,19443.296966552734,0.0,0.0,0.0,4,0.016223951014731536,0.0,0.0,0.0,0.0,0.0,0.0,0.0,0.0,0.2232768910727057
Bukokho,Namisindwa,Eastern,23292.731170654297,0.0,0.0,0.0,5,0.1629618747522006,0.0,0.0,0.0,0.0,0.17361294465860788,0.3552495209441856,0.0,0.2711855166485608,-0.15575725601526874
Bukomansimbi Town Council,Bukomansimbi,Central,11182.332061767578,0.0,0.0,0.0,4,0.17949895038593866,0.0,0.023774632473122424,0.1030585343962505,0.07928390192312808,0.18465328195459302,0.3174906441149421,0.0,0.0,0.5490393908433999
Bukomero,Kiboga,Central,19191.39510345459,0.0294325253556093,0.12226785844528434,0.09283533308967504,4,0.04130706742849899,1781.6395568847654,0.04854968022938299,0.07620844544310805,0.02765876521372506,0.30413699004273936,0.3296607935872842,0.0,0.06631556739097959,-0.19787478305446735
Bukomero Town Council,Kiboga,Central,17446.532585144043,0.0,0.0,0.0,4,0.006372408933542961,0.0,0.0,0.0,0.0,0.0,0.0,0.0,0.0,0.2044818446705324
Bukonde,Mbale,Eastern,26387.530334472656,0.0,0.0,0.0,4,0.033133427602550974,0.0,0.0,0.0,0.0,0.0,0.0,0.0,0.0,0.09151054094498766
Bukonzo,Bundibugyo,Western,16517.891593933105,0.0,0.0,0.0,4,0.06316491395005103,0.0,0.0,0.007803981427097701,0.007803981427097701,0.0,0.0,0.0,0.0,-0.3104481130943566
Bukooma,Luuka,Eastern,48007.011642456055,0.0,0.013175750269926298,0.013175750269926298,4,0.10328894977736136,632.5283966064453,0.0,0.0,0.0,0.5968899477820504,0.7012127314889627,0.0,0.013175750269926298,-0.15845599344608674
Bukulula,Kalungu,Central,51361.6648375988,0.018940271572758252,0.044247418756126845,0.025307147183368593,4,0.05953265063660235,1299.8172116279602,0.16826960107498534,0.2632215392293547,0.09495193815436936,0.20674390311986182,0.3358140908172876,0.0025368892901442954,0.010332397831427665,0.054421401686292524
Bukurungu Town Council,Rukungiri,Western,3805.3712463378906,0.0,0.0,0.0,4,0.006861846232978974,0.0,0.0,0.0,0.0,0.0,0.0,0.0,0.0,-0.1197341889036641
Bukusu,Manafwa,Eastern,14487.045501708984,0.0,0.0,0.0,5,0.07280847197761786,0.0,0.0,0.0,0.0,0.0,0.0,0.0,0.0,0.13756980829832713
Bukuuku,Kabarole,Western,15173.896514892578,0.0,0.0,0.0,4,0.015508767630269787,0.0,0.0,0.0,0.0,0.0,0.0,0.0,0.0,-0.08210590312594747
Bukuya,Kassanda,Central,44594.48984527588,0.017799172344608892,0.3699173632750107,0.3521181909304018,4,0.13475629348902807,15702.531089782717,0.309945862991742,0.4123781788667736,0.1024323158750316,0.8572152366806353,0.8863885946446708,0.0,0.03095552776626656,0.0686714564435424
Bukwo,Bukwo,Eastern,13589.083953857422,0.0,0.0,0.0,5,0.037218794225735846,0.0,0.04361279581007762,0.056520532102633116,0.012907736292555497,0.0,0.0,0.0,1.0,-0.16008463610274376
Bukwo Town Council,Bukwo,Eastern,10368.189880371094,0.0,0.0,0.0,5,0.009825274689139511,0.0,0.0,0.0,0.0,0.0,0.0,0.0,1.0,0.0604306826011424
Bukyabo,Sironko,Eastern,8902.933349609375,0.0,0.0,0.0,5,0.07176546300067965,0.0,0.0,0.0,0.0,0.0,0.0,0.0,0.0,-0.32372138985282756
Bukyambi,Sironko,Eastern,6676.4561767578125,0.0,0.0,0.0,5,0.06986602617829785,0.0,0.0,0.0,0.0,0.0,0.0,0.0,0.0,0.12960357061618755
Bulaago,Bulambuli,Eastern,13115.968765258789,0.710789642364695,0.8075557312804929,0.09676608891579785,5,0.2862416389109139,1269.1809997558594,0.5608168703984138,0.5975030386451194,0.036686168246705675,1.0,1.0,0.5774439654683846,0.6838260577248555,-0.3036549419080724
Bulambuli Town Council,Bulambuli,Eastern,8113.130859375,0.0,0.0,0.0,5,0.004679931713832908,0.0,0.0,0.0,0.0,0.0,0.0,0.0,0.0,0.3789059938565906
Bulamogi,Iganga,Eastern,40654.347412109375,0.0,0.0,0.0,4,0.011827838973947069,0.0,0.00870216309543742,0.034557576997246944,0.025855413901809524,0.0,0.0,0.0,0.0,0.35226284189416707
Bulange,Namutumba,Eastern,60228.856536865234,0.0,0.05381065885803271,0.05381065885803271,4,0.15168239248202164,3240.9544525146484,0.24601613663868568,0.34732850324553816,0.10131236660685247,1.0,1.0,0.0,0.12816534482973624,-0.2847309847657487
Bulangira,Kibuku,Eastern,18457.216827392578,0.0,0.0,0.0,4,0.10964650998794839,0.0,0.0,0.0,0.0,0.14690533633520744,0.38825060622458485,0.0,0.0,-0.11877109575391319
Bulegeni,Bulambuli,Eastern,7814.6966552734375,0.0,0.0,0.0,5,0.00522716377256538,0.0,0.0,0.0,0.0,0.0,0.0,0.0,0.0,0.1076539837431647
Bulegeni Town Council,Bulambuli,Eastern,15142.845947265625,0.0,0.0,0.0,5,0.01060293091299197,0.0,0.0,0.0,0.0,0.0,0.0,0.0,0.0,-0.11678465447623564
Bulembia Division,Kasese,Western,15725.641403198242,0.4089571027534965,0.43649599922864024,0.027538896475143737,4,0.1398573052388692,433.0668106079105,0.4410383889312708,0.45465514706939353,0.013616758138122742,0.39369639958427666,0.4164843913781433,0.42259155260249087,0.44475671440234654,0.08865941404161318
Bulera,Mityana,Central,37118.95916748047,0.0,0.0,0.0,4,0.051205448849055646,0.0,0.02098665403565254,0.05806523427706772,0.03707858024141518,0.10586002890116437,0.20470428234084814,0.0,0.8249670742520254,-0.15154297746258713
Bulesa,Bugiri,Eastern,52484.27752685547,0.0,0.0,0.0,4,0.03856039091873814,0.0,0.006088100791131293,0.05104621128730582,0.04495811049617453,0.932982822935246,0.9698354561991713,0.0,0.023753324131599154,-0.10990404856008985
Bulidha,Bugiri,Eastern,36349.74098157883,0.024979850213886667,0.2997669621998032,0.27478711198591654,4,0.15430835044530467,9988.44034576416,0.0,0.03199066583669724,0.03199066583669724,0.4879918376862917,0.5404299072372777,0.0,0.6295812930062246,-0.1491440579690426
Buliisa,Buliisa,Western,25183.80124938488,0.10257356337838651,0.1177454560789285,0.015171892700541992,10,0.06938318433050417,382.08593034744274,0.6615525487802467,0.7078931891874096,0.0463406404071629,0.7453992763435093,0.7597372761233568,0.09841729824278461,1.0,-0.3246932966924705
Buliisa Town Council,Buliisa,Western,10703.357995033264,0.0,0.0,0.0,10,0.007906108935990572,0.0,0.0,0.0008052381769863839,0.0008052381769863839,0.0,0.0,0.0,1.0,-0.029759790576642742
Bulo,Butambala,Central,22103.048225402832,0.0,0.0,0.0,4,0.07472669130758686,0.0,0.13141689182792068,0.19703992101784143,0.06562302918992075,0.6917837295456636,0.809571976376178,0.0,0.0,0.2548518230994572
Bulongo,Luuka,Eastern,36263.12615966797,0.0,0.0,0.0,4,0.07175763643852795,0.0,0.0,0.006412342938341903,0.006412342938341903,0.03008931513650512,0.03964815609054116,0.0,0.01682392302656558,-0.006026935111398634
Bulopa,Kamuli,Eastern,33833.56330871582,0.0,0.0,0.0,4,0.07706749370644145,0.0,0.0,0.0,0.0,0.5454575816190314,0.8489427153221994,0.0,0.0,-0.0036753749648102095
Bulucheke,Bududa,Eastern,21941.891967773438,0.0,0.0,0.0,5,0.10515715443890233,0.0,0.0,0.06315845420437244,0.06315845420437244,0.19332049676944377,0.2540645662904693,0.0,0.0,0.33979721928890233
Buluganya,Bulambuli,Eastern,13265.858978271484,0.08469630777341058,0.1430595879392559,0.05836328016584533,5,0.08024115320607705,774.2390441894532,0.0,0.01825943206376612,0.01825943206376612,0.37033707950862704,0.41893564014173623,0.01825943206376612,0.08469630777341058,-0.25081106493881383
Buluguyi,Bugiri,Eastern,42180.99956893921,0.0,0.07671267362510653,0.07671267362510653,4,0.09143151565175,3235.817253112793,0.07159619207714056,0.14579375178104462,0.07419755970390406,1.0,1.0,0.0,0.21621183363705307,-0.17501738222024693
Bululu,Kalaki,Eastern,29753.562110602856,0.10278478756230028,0.47724138873851807,0.3744566011762178,5,0.27159679841448237,11141.417740821838,0.18773316414318617,0.29658248444542445,0.10884932030223829,0.986653593504832,1.0,0.013396584521442403,0.11803762375654456,-0.45521587902392563
Bulumbi,Busia,Eastern,17553.279708862305,0.0,0.0,0.0,4,0.05589525772804593,0.0,0.0,0.017744368457577347,0.017744368457577347,0.29273297487059646,0.31250362565855383,0.0,0.0,-0.01951758401724783
Bumalimba,Sironko,Eastern,15983.755004882812,0.0,0.0,0.0,5,0.061327324189930144,0.0,0.0,0.0,0.0,0.0,0.0,0.0,0.0,0.007151815433090366
Bumanya,Kaliro,Eastern,35383.59526062012,0.17411648542656272,0.6730447025763666,0.4989282171498039,4,0.15112239805753946,17653.874099731445,0.030400650011149968,0.12038590210466918,0.08998525209351921,0.0,0.019512483702941865,0.0,0.4865625025142586,-0.10720260970504515
Bumasheti,Bududa,Eastern,17778.630859375,0.0,0.0,0.0,5,0.032267142532136694,0.0,0.0,0.0,0.0,0.0,0.0,0.0,0.0,-0.20843015493467348
Bumasifwa,Sironko,Eastern,12736.778442382812,0.0,0.0,0.0,5,0.06806378939456859,0.0,0.0,0.0,0.0,0.0,0.04240033407570392,0.0,0.0,-0.2725318968652475
Bumasikye,Mbale,Eastern,15536.211486816406,0.0,0.0,0.0,4,0.011466976620604363,0.0,0.0,0.0,0.0,0.0,0.0,0.0,0.0,0.1486080323902596
Bumasobo,Bulambuli,Eastern,11507.144729614258,0.6286494360537461,0.6937624495158665,0.0651130134621204,5,0.23223848998905194,749.264869689941,0.4901578819524725,0.5264379713819342,0.03628008942946165,0.8441510356097828,0.9117809923262346,0.38529420736061176,0.6230114049613291,-0.19374579552879312
Bumayoka,Bududa,Eastern,25578.428268432617,0.12475335713614064,0.1540906302787607,0.02933727314262005,10,0.10354678962810282,750.4013366699218,0.31158960164164357,0.34108542919062523,0.029495827548981668,0.5055049339642815,0.5416399773555763,0.11140571000419598,0.1540906302787607,0.00863940228179747
Bumbaire,Bushenyi,Western,17186.173263549805,0.0,0.0,0.0,4,0.014322067988550818,0.0,0.0,0.0,0.0,0.0,0.0,0.0,0.0,-0.09083463923033241
Bumbo,Namisindwa,Eastern,20659.120239257812,0.0,0.0,0.0,5,0.13822801397573248,0.0,0.0,0.0,0.0,0.0,0.0,0.0,0.0,0.11336408291957209
Bumbobi,Mbale,Eastern,21867.29327392578,0.0,0.0,0.0,4,0.01998225268214457,0.0,0.0,0.0,0.0,0.09390562299848022,0.24386379761177268,0.0,0.0,0.32034930503543224
Bumugibole,Bulambuli,Eastern,12157.583770751953,0.3099394270097168,0.33659764118757,0.026658214177853246,5,0.16949744897941832,324.09947204589827,0.28985141574920337,0.33659764118757,0.04674622543836665,0.48375558416221914,0.6315023417219733,0.26415231167461206,0.3099394270097168,0.29765391391805174
Bumwoni,Namisindwa,Eastern,23127.866638183594,0.0,0.0,0.0,5,0.11957573970726776,0.0,0.0,0.04937152968582466,0.04937152968582466,0.0,0.0,0.0,0.0,0.06605802773598851
Bunabwana,Manafwa,Eastern,13184.102081298828,0.0,0.0,0.0,4,0.1416328260845014,0.0,0.0,0.0,0.0,0.045006903097804335,0.15182541435769126,0.0,0.0,-0.03296232954739983
Bunambutye,Bulambuli,Eastern,12294.55734539032,0.3250632862309604,0.3991219733687555,0.07405868713779507,5,0.2581798110723873,910.518775939942,0.38995468052732984,0.4473693018159733,0.05741462128864344,0.6922104224435602,0.8100342776328644,0.335869428142577,0.4299199628546994,-0.46788353178333075
Bunamwaya Division,Wakiso,Central,102071.23291015625,0.0,0.0,0.0,4,0.0005494448433470689,0.0,0.0,0.0,0.0,0.0,0.0,0.0,0.0,1.2597711688066724
Bundibugyo Town Council,Bundibugyo,Western,22981.283325195312,0.0,0.0,0.0,4,0.005116919567073639,0.0,0.0,0.0,0.0,0.0,0.0,0.0,0.0,0.5549968184771285
Bundingoma,Bundibugyo,Western,4408.181701660156,0.0,0.0,0.0,4,0.011744458899132726,0.0,0.0,0.0,0.0,0.0,0.0,0.0,0.0,-0.1994083671125506
Bungatira,Gulu,Northern,48179.60131454468,0.0,0.0,0.0,8,0.06319321025369393,0.0,0.05292087821910927,0.08354953205400355,0.030628653834894277,0.2126242298699213,0.23757796558568156,0.0,0.0,0.08488185268876126
Bungokho,Mbale,Eastern,39345.933197021484,0.0,0.0,0.0,4,0.023521521477728402,0.0,0.0,0.020103894760437918,0.020103894760437918,0.0,0.03344212127522653,0.0,0.0,0.09162492525338832
Bungokho Mutoto,Mbale,Eastern,34794.840576171875,0.0,0.0,0.0,4,0.006402768479746607,0.0,0.0,0.0,0.0,0.0,0.0,0.0,0.0,0.2704905037527207
Bunyafa,Sironko,Eastern,13820.596008300781,0.0,0.0,0.0,5,0.06687028456098387,0.0,0.0,0.10631432469775376,0.10631432469775376,0.0,0.0,0.0,0.0,-0.18518663932686333
Bunyinza Town Council,Manafwa,Eastern,1576.8723754882812,0.0,0.0,0.0,4,0.18423355924732365,0.0,0.0,0.0,0.0,0.6638786256890518,1.0,0.0,0.0,-0.012
Bupoto,Namisindwa,Eastern,12157.500045776367,0.06372487230288792,0.18394425150511623,0.1202193792022283,5,0.1750495940174761,1461.567108154297,0.20934104016956312,0.2986671871084091,0.089326146938846,0.39576566790188883,0.45232512998937396,0.02575269277965011,0.4109984419869621,-0.2537195067104231
Buremba,Kazo,Western,28332.59897994995,0.4317920912411293,0.6599071670499558,0.22811507580882645,4,0.06856290905147455,6463.092964172362,0.16190455313090693,0.2294393342668819,0.06753478113597497,1.0,1.0,0.0,0.36732672375677566,-0.22243890765347235
Burere,Buhweju,Western,23464.772689819336,0.046395370481339696,0.15824682756541586,0.11185145708407616,10,0.11271648589942762,2624.5690155029297,0.12926997474968813,0.20245932827917676,0.07318935352948863,0.7465855981600282,0.811295059191995,0.01310121200548859,0.11201855268488836,-0.22555952169508073
Burondo,Bundibugyo,Western,3335.4355087280273,0.0,0.0,0.0,4,0.006396559206393648,0.0,0.0,0.02569820528581764,0.02569820528581764,0.6049588162872728,0.6927954777764727,0.0,0.0,-0.13905270190515964
Burora,Kagadi,Western,19591.225051879883,0.0,0.0,0.0,4,0.06000631473104634,0.0,0.10319385505691595,0.15567533375686352,0.05248147869994757,1.0,1.0,0.0,0.0,-0.2624118402399537
Burunga,Kazo,Western,32402.376712799072,1.0,1.0,0.0,4,0.179816251709074,0.0,0.4262617687462393,0.46343939360356856,0.03717762485732928,1.0,1.0,0.0,1.0,-0.16423319229604438
Busaana,Kayunga,Central,67822.95178222656,0.0,0.0,0.0,4,0.07651087248731608,0.0,0.042796097809816795,0.12384630779320355,0.08105020998338675,0.761277192490748,0.8397346294378628,0.0,0.0,-0.01516865383278764
Busaba,Butaleja,Eastern,32718.35612487793,0.0,0.0,0.0,4,0.0958263524413383,0.0,0.0,0.03448970378663921,0.03448970378663921,0.4480745634426996,0.5268311605375281,0.0,0.004908336364168536,-0.048751168353456276
Busabi,Butaleja,Eastern,24289.188232421875,0.0,0.00842594557271259,0.00842594557271259,4,0.167052049837495,204.65937805175784,0.0,0.018790878776309004,0.018790878776309004,0.829011860534869,0.8988753724392213,0.0,0.6301201111002611,-0.16238456637997353
Busakira,Mayuge,Eastern,39704.97183227539,0.0,0.0,0.0,4,0.12400652773925158,0.0,0.012077723838721877,0.07199518757012635,0.059917463731404476,0.08767822183646054,0.2035879526368074,0.0,0.10088353258994541,-0.004335023249488094
Busamuzi,Buvuma,Central,25435.242619514465,1.0,1.0,0.0,4,0.520774800475607,0.0,0.21449207342443136,0.2742322849739192,0.05974021154948786,1.0,1.0,0.0,1.0,-0.34734335772501695
Busano,Mbale,Eastern,20481.35772705078,0.0,0.0,0.0,5,0.06225321013310847,0.0,0.0,0.0,0.0,0.0,0.0,0.0,0.0,-0.319969943715936
Busanza,Kisoro,Western,18806.428457260132,0.0,0.0,0.0,10,0.0921025888172955,0.0,0.0,0.0,0.0,0.0,0.0,0.0,0.0,-0.1814076888059791
Busaru,Bundibugyo,Western,16020.762481689453,0.0,0.0,0.0,4,0.014605870091593365,0.0,0.0,0.0,0.0,0.0,0.0,0.0,0.0,0.08459727700724505
Busedde,Jinja,Eastern,43353.5167388916,0.0,0.0,0.0,4,0.052263055818057846,0.0,0.0,0.0,0.0,0.8692700944992231,0.9139922644007573,0.0,0.0,0.12947217785150117
Busembatia Town Council,Bugweri,Eastern,17035.16619873047,0.0,0.0,0.0,4,0.001813633508053969,0.0,0.0,0.0,0.0,0.0,0.0,0.0,0.0,0.47044072456561675
Buseruka,Hoima,Western,60901.67556476593,0.1683220301775443,0.21593604093563107,0.04761401075808677,4,0.029766694621243817,2899.773035526275,0.41050031309411883,0.4436030787390533,0.03310276564493447,1.0,1.0,0.0,0.06383679667510773,-0.24755677340193627
Buseta,Kibuku,Eastern,11896.770874023438,0.0,0.0,0.0,4,0.1071856086654448,0.0,0.0,0.0,0.0,0.0,0.0,0.0,0.0,-0.1837706913600741
Bushika,Bududa,Eastern,38343.24694824219,0.0,0.0,0.0,5,0.07676988544973187,0.0,0.0,0.0,0.0,0.0,0.0,0.0,0.0,-0.4225447000009828
Bushiribo,Bududa,Eastern,16800.742919921875,0.0,0.0,0.0,5,0.03019243387801815,0.0,0.0,0.0,0.0,0.0,0.0,0.0,0.0,0.12098101089163438
Bushiyi,Bududa,Eastern,21341.253875732422,0.1463831515332079,0.22277940953892011,0.0763962580057122,5,0.15738419339107068,1630.3919372558596,0.493054108961404,0.5649172856989345,0.07186317673753051,0.7445081875112017,0.7733279185155938,0.11188288146922472,0.17986297889114036,-0.16160181804313808
Busiisi Division,Hoima,Western,27872.45083618164,0.0,0.0,0.0,10,0.010211154163885905,0.0,0.0,0.007492008297436735,0.007492008297436735,0.0,0.0,0.0,0.0,0.03460337605331366
Busimbi Division,Mityana,Central,56181.38063764572,0.0,0.0,0.0,4,0.011833620354134822,0.0,0.0012433601721469094,0.0035180274671967175,0.002274667295049808,0.0,0.00080055709713536,0.0,0.4210263527288529,0.5873727059689526
Busime,Busia,Eastern,24336.406295776367,0.0,0.0,0.0,4,0.10263289135738407,0.0,0.0,0.0,0.0,0.9714442057460951,1.0,0.0,1.0,-0.20493693398920432
Busiriba,Kamwenge,Western,39783.071643829346,0.25217379189635647,0.5715367384986036,0.3193629466022472,10,0.15073514524184273,12705.238985061646,0.4340069252483757,0.5371817828298852,0.10317485758150946,0.9737992082437782,0.9919945294889368,0.06921177454885424,0.6162248414622875,-0.22072183565331013
Busitema,Busia,Eastern,24669.329666137695,0.0,0.0,0.0,4,0.06458861593083187,0.0,0.007068044591356728,0.04425868443945067,0.03719063984809394,0.637843528170288,0.8242983872800205,0.0,0.0,-0.0948499792385452
Busiu,Mbale,Eastern,19482.891326904297,0.0,0.0,0.0,4,0.04487459842367075,0.0,0.0,0.0,0.0,0.0,0.0,0.0,0.0,-0.026096893271445494
Busiu Town Council,Mbale,Eastern,11384.221405029297,0.0,0.0,0.0,4,0.0071326020409668844,0.0,0.0,0.0,0.0,0.0,0.0,0.0,0.0,0.32708337556516026
Busoba,Mbale,Eastern,26777.971282958984,0.0,0.0,0.0,4,0.022195786218917157,0.0,0.0,0.0,0.0,0.0,0.02591931416060442,0.0,0.0,0.16797961822359414
Busolwe,Butaleja,Eastern,19910.46762084961,0.0,0.0,0.0,4,0.04079295947822592,0.0,0.07709723914936016,0.29242064485261027,0.2153234057032501,0.0,0.0,0.0,0.0,-0.09774057109107252
Busolwe Town Council,Butaleja,Eastern,22651.93212890625,0.0,0.0,0.0,4,0.009326182225946097,0.0,0.0,0.0,0.0,0.0,0.0,0.0,0.0,0.36668984962209505
Busoro,Kabarole,Western,32664.159118652344,0.0,0.0,0.0,10,0.02135275079801302,0.0,0.02296077405243713,0.07136199900583662,0.04840122495339949,0.09033072113504223,0.11092440734197022,0.0,0.0,0.15728351187600784
Bussi,Wakiso,Central,26378.322303414345,0.5283117914199861,0.9530642048496313,0.4247524134296452,4,0.33406817132759814,11204.25606060028,0.5826892227295991,0.6208337088911645,0.038144486161565405,1.0,1.0,0.10548560981249626,0.840954552118332,-0.38508485627820643
Busukuma Division,Wakiso,Central,64853.25971984863,0.0,0.0,0.0,4,0.04542100550548345,0.0,0.0,0.0,0.0,0.1919323312024445,0.26595206832925744,0.0,0.0,0.24973515264602583
Busukuya,Manafwa,Eastern,15291.715087890625,0.0,0.0,0.0,4,0.0338959836658011,0.0,0.025851267101797058,0.10671333370000877,0.08086206659821171,0.0,0.0,0.0,0.0,-0.22995777496287412
Busulani,Sironko,Eastern,11819.760223388672,0.0,0.0,0.0,5,0.08785008310349152,0.0,0.0,0.0,0.0,0.0,0.0,0.0,0.0,0.20322845158183314
Busunga Town Council,Bundibugyo,Western,10236.605407714844,0.0,0.0,0.0,4,0.00393552281179077,0.0,0.0,0.0,0.0,0.0,0.0,0.0,0.0,-0.24952185367307503
Busunju Town Council,Mityana,Central,15180.185348510742,0.0,0.0,0.0,4,0.06132377483706963,0.0,0.0,0.00854996304880059,0.00854996304880059,0.023621117452987058,0.043866845789985336,0.0,0.0,0.6205642759408463
Buswale,Namayingo,Eastern,37529.19958496094,0.0,0.0,0.0,4,0.10889382097169675,0.0,0.0,0.06046658190822853,0.06046658190822853,0.272701037794072,0.3307417862247996,0.0,0.6051718166859806,-0.19364913671118572
Butagaya,Jinja,Eastern,62247.57116699219,0.0,0.0,0.0,4,0.05119744443829566,0.0,0.0,0.003976699031243381,0.003976699031243381,0.0,0.0,0.0,0.0,0.16695201745956764
Butalangu Town Council,Nakaseke,Central,5161.276152610779,0.0,0.0,0.0,4,0.043856391874912526,0.0,0.030744450319463185,0.05267084991670947,0.021926399597246286,0.8249971216458546,0.8650831309227809,0.0,0.023341139567448335,-0.2719225451707171
Butaleja,Butaleja,Eastern,21340.977767944336,0.0,0.0,0.0,4,0.06109964045984467,0.0,0.05265994843527783,0.11370282877387393,0.061042880338596096,0.0,0.03817991773138067,0.0,0.0,-0.16246389964193964
Butaleja Town Council,Butaleja,Eastern,23924.380432128906,0.0,0.0,0.0,4,0.08622833027371085,0.0,0.0,0.009683288880518105,0.009683288880518105,0.0,0.13107327709157068,0.0,0.0,0.007347104945549969
Butama-Mitunda Town Council,Bundibugyo,Western,9511.804100036621,0.4068734979034418,0.43698138514601864,0.030107887242576847,4,0.1286976246670829,286.38032531738276,0.10023150804520622,0.1739524648628205,0.07372095681761429,0.39031129311366075,0.43528520910806884,0.3636763367498883,0.4068734979034418,-0.2755673748719129
Butanda,Kabale,Western,17046.512283325195,0.0,0.0,0.0,4,0.1238617536803549,0.0,0.0,0.0,0.0,0.07653737859714871,0.1421037852304477,0.0,0.0,-0.20476697520351844
Butandiga,Sironko,Eastern,9119.5673828125,0.0,0.0,0.0,5,0.04281225015778656,0.0,0.0,0.0,0.0,0.0,0.0,0.0,0.0,-0.25460464096869206
Butansi,Kamuli,Eastern,37034.720153808594,0.0,0.0,0.0,4,0.05970510737354309,0.0,0.02618619821944263,0.10267731619394085,0.07649111797449823,0.396269194904206,0.4574025574543534,0.0,0.0,-0.18500637940079318
Butayunja,Mityana,Central,13320.283447265625,0.0,0.0,0.0,4,0.07334050449703783,0.0,0.0,0.0,0.0,0.04207328250980748,0.10730157651989228,0.0,0.013264467164068778,-0.06682471957852143
Buteba,Busia,Eastern,31964.787048339844,0.0,0.0,0.0,4,0.0689028048449119,0.0,0.0,0.037367149719850015,0.037367149719850015,0.7415582398588625,0.788190112457649,0.0,0.0,-0.1976142919155513
Butebo,Butebo,Eastern,25418.631240844727,0.0,0.0,0.0,4,0.08558395141819378,0.0,0.0,0.0,0.0,0.0,0.0,0.0,0.0,-0.16620911992472062
Butebo Town Council,Butebo,Eastern,12766.74917602539,0.0,0.0,0.0,4,0.09202872396307776,0.0,0.0,0.0,0.0,0.0,0.0,0.0,0.0,-0.11160879971180057
Butemba,Kyankwanzi,Central,26395.297080993652,0.027687015781389577,0.02996317673635974,0.0022761609549701647,4,0.03306725451285375,60.07994461059571,0.5782497320111755,0.6839660615758152,0.10571632956463972,0.9077846085064709,0.9392648432936721,0.01180279514740093,0.12805643635852598,-0.34640312147302466
Butemba Town Council,Kyankwanzi,Central,20678.786569595337,0.10784054547288688,0.1324432739841773,0.024602728511290417,4,0.027453013359917566,508.75457191467257,0.41810526184991625,0.44338132310732686,0.02527606125741061,1.0,1.0,0.018723099779822575,0.11003982425018899,-0.036087992876651646
Butenga,Bukomansimbi,Central,43789.42849731445,0.0,0.0,0.0,4,0.1147293158167561,0.0,0.044976773384225024,0.09911671623635578,0.05413994285213075,0.1069243296479208,0.1253152207789447,0.0,0.014025160498613222,-0.11779352323314551
Buteza,Sironko,Eastern,14962.5166015625,0.0,0.0,0.0,5,0.13460208247873695,0.0,0.0,0.0,0.0,0.0,0.0,0.0,0.0,-0.27712638167531534
Butiaba,Buliisa,Western,42066.3454914093,0.5647656981973592,0.6991252791956626,0.13435958099830336,4,0.0811398064852491,5652.016554355621,0.37399306592332426,0.415584991065024,0.04159192514169974,1.0,1.0,0.06032309181701064,0.9878036506101358,-0.1604305243264304
Butiiti,Kyenjojo,Western,25971.71002960205,0.0,0.0,0.0,10,0.017620657794413463,0.0,0.012687297759980967,0.02358747919974244,0.010900181439761472,0.3089315548111057,0.33790425740633373,0.0,0.0,-0.11347264320722232
Butiru,Manafwa,Eastern,24000.50131225586,0.0,0.0,0.0,4,0.08126269155154936,0.0,0.021800870103336097,0.08500918013788589,0.0632083100345498,0.0,0.0,0.0,0.0,-0.15162425353925976
Butogota Town Council,Kanungu,Western,11872.743148803711,0.0,0.0,0.0,10,0.06250193210201738,0.0,0.0,0.0,0.0,0.35661897066898635,0.4209851319431307,0.0,0.0,-0.20031323942829676
Butoloogo,Mubende,Central,60745.83967590332,0.26465258256355906,0.8350692790401756,0.5704166964766165,4,0.2466315491432045,34650.44119262695,0.11544645686947215,0.19391894674286977,0.07847248987339762,1.0,1.0,0.0,1.0,-0.2881888566610598
Butta,Manafwa,Eastern,4219.362976074219,0.0,0.0,0.0,5,0.04915140901336901,0.0,0.0,0.0,0.0,0.0,0.0,0.0,0.0,-0.08208636763035138
Butunduzi,Kyenjojo,Western,16805.912857055664,0.0,0.0,0.0,4,0.061608175226678275,0.0,0.6045878602720036,0.708211825576537,0.10362396530453333,1.0,1.0,0.0,0.3503348500332949,-0.2909570733454507
Butunduzi Town Council,Kyenjojo,Western,17048.769371032715,0.0,0.0,0.0,10,0.03134398753286605,0.0,0.0,0.0,0.0,1.0,1.0,0.0,0.0,-0.20237701114700404
Butungama,Ntoroko,Western,22121.768890619278,0.5050470362002871,0.5050470362002871,0.0,4,0.11530279961484291,0.0,0.38535549843761724,0.4259740062148487,0.04061850777723147,0.5089823663590516,0.5089823663590516,0.07983996611751423,0.45504680859179925,-0.3071421047803956
Butuntumula,Luwero,Central,42684.84334945679,0.05478542236844403,0.11879070203250314,0.06400527966405911,4,0.10163945191532464,2732.055335998535,0.37799547128935673,0.4749002082681764,0.09690473697881968,0.5550433607718771,0.6070244613229325,0.013184207346488206,0.04779094264261225,-0.2353773842941492
Buvuma Town Council,Buvuma,Central,16313.224328994751,1.0,1.0,0.0,4,0.531389402816316,0.0,0.15677377448675775,0.2253454176219768,0.06857164313521905,1.0,1.0,0.0,1.0,-0.2038092067136317
Buwaaya,Mayuge,Eastern,29203.569549560547,0.0,0.0,0.0,4,0.06633983510442304,0.0,0.0,0.0,0.0,0.6461513698470914,0.7657251866200361,0.0,0.0,-0.01348055596945767
Buwabwala,Namisindwa,Eastern,9374.730163574219,0.0,0.0,0.0,5,0.07843003902332657,0.0,0.0,0.0,0.0,0.0,0.0,0.0,0.0,-0.14656226500503639
Buwagogo,Manafwa,Eastern,9043.231811523438,0.0,0.0,0.0,5,0.02217109520345184,0.0,0.0,0.0,0.0,0.0,0.0,0.0,0.0,0.0811408126086505
Buwalasi,Sironko,Eastern,17079.52423095703,0.0,0.0,0.0,4,0.02171339125948793,0.0,0.0,0.0,0.0,0.0,0.0,0.0,0.0,0.19246087551617108
Buwali,Bududa,Eastern,10130.714050292969,0.0,0.0,0.0,5,0.04442548349348924,0.0,0.0,0.0,0.0,0.0,0.0,0.0,0.0,0.3872527658017362
Buwama,Mpigi,Central,63448.13804554939,0.001778521953182886,0.04776712382759813,0.045988601874415246,4,0.07684504966717043,2917.89116024971,0.24311080140460273,0.29421183611911894,0.051101034714516214,0.7054666664517917,0.7977724477192055,0.009287639471288092,0.08453612793740688,-0.07854637028337184
Buwangani Town Council,Manafwa,Eastern,9577.36962890625,0.0,0.0,0.0,5,0.008012035137423129,0.0,0.0,0.0,0.0,0.0,0.0,0.0,0.0,0.6251104626776999
Buwasa,Sironko,Eastern,10057.574584960938,0.0,0.0,0.0,5,0.03048063890371694,0.0,0.0,0.0,0.0,0.0,0.0,0.0,0.0,0.05911897281315555
Buwenge,Jinja,Eastern,60763.681701660156,0.0,0.0,0.0,4,0.020765780760094013,0.0,0.0,0.0,0.0,0.02305319769604557,0.044758472954918645,0.0,0.0,0.19180892853337897
Buwenge Town Council,Jinja,Eastern,23045.4404296875,0.0,0.0,0.0,4,0.0020669968205408173,0.0,0.0,0.0,0.0,0.0,0.0,0.0,0.0,1.12234653683528
Buwooya,Buvuma,Central,21615.49303817749,1.0,1.0,0.0,4,0.4200439539388683,0.0,0.0520008587569199,0.10397993179200497,0.051979073035085074,1.0,1.0,0.0,1.0,-0.26349084930732286
Buwunga,Masaka,Central,53234.06545186043,0.1113187195596117,0.14198743897930774,0.03066871941969604,4,0.12727526240685133,1632.6206169128418,0.21656632902678263,0.35778825082127746,0.14122192179449483,0.3801404621661624,0.47900734624754665,0.10232757973627593,0.14198743897930774,-0.11944429415699552
Buwunga,Bugiri,Eastern,60976.24951171875,0.0,0.0,0.0,4,0.04575861354997873,0.0,0.0,0.0,0.0,0.05612471106501795,0.166447972743593,0.0,0.0,-0.12607830310501913
Buyaga Town Council,Bulambuli,Eastern,983.1026611328125,0.0,0.0,0.0,1,-2.9802322387695312e-08,0.0,0.0,0.0,0.0,0.0,0.0,0.0,0.0,-0.111
Buyanga,Bugweri,Eastern,54392.11004638672,0.0,0.0,0.0,4,0.04904810328166198,0.0,0.0,0.01749028649256606,0.01749028649256606,0.13191456045842628,0.2106216376708507,0.0,0.0,-0.10429365313277171
Buyanga,Busia,Eastern,25144.9054107666,0.0,0.0,0.0,4,0.11905262138849076,0.0,0.03801570924003425,0.12901072142017103,0.09099501218013678,0.5977628282493307,0.6926993686168715,0.0,0.07400786059430002,-0.19575005140871954
Buyanja,Rukungiri,Western,36813.78160095215,0.0,0.0,0.0,4,0.021192110499392208,0.0,0.0,0.0,0.0,0.11153979609009386,0.1588907820043698,0.0,0.0,-0.22302730634778586
Buyanja Town Council,Rukungiri,Western,5017.874938964844,0.0,0.0,0.0,4,0.0013304957532567774,0.0,0.0,0.0,0.0,0.0,0.0,0.0,0.0,-0.0018699213528179904
Buyende,Buyende,Eastern,73160.08730363846,0.3275655940906212,0.6800428918479959,0.35247729775737474,4,0.15453234282422135,25787.269876480103,0.37892166215524703,0.4879511726593942,0.10902951050414716,1.0,1.0,0.013245236860218619,0.6860545179240646,-0.30881249186386966
Buyende Town Council,Buyende,Eastern,19831.395500183105,0.007078101075886255,0.15200258104221384,0.1449244799663276,4,0.11122057398522844,2874.054679870606,0.2823216768726503,0.36847225286231056,0.08615057598966025,1.0,1.0,0.0,0.13873831507482307,-0.33755322054167186
Buyengo,Jinja,Eastern,38883.04965209961,0.0,0.0,0.0,4,0.0558645739883441,0.0,0.0,0.0,0.0,0.48119286476749024,0.5399937744221096,0.0,0.0,0.14067387100141002
Buyinda,Kaliro,Eastern,25546.18531036377,0.17937123888469514,1.0,0.8206287611153049,4,0.3049278353851127,20963.93440246582,0.11123413293625266,0.26696634636932143,0.15573221343306876,0.29533016965573616,0.4573286031641375,0.0,0.8395628334768562,-0.20083124417486223
Buyinja,Namayingo,Eastern,32983.22888183594,0.0,0.07218284978526407,0.07218284978526407,4,0.11660667608040665,2380.823455810547,0.0,0.0,0.0,0.013193610873797881,0.10210624440032204,0.0,0.8098455787398552,-0.18713083216497364
Buyobo,Sironko,Eastern,16163.707611083984,0.0,0.0,0.0,5,0.04693853934584524,0.0,0.0,0.0,0.0,0.0,0.0,0.0,0.0,-0.21483187808291712
Bwambara,Rukungiri,Western,33465.016287982464,0.40002846400873077,0.4572117077617288,0.05718324375299805,4,0.11688488873021396,1913.6381835937511,0.27631127901155234,0.32955403178108017,0.053242752769527835,0.4352475637002368,0.5150667320183113,0.18986076009930697,0.18376836767858062,-0.29547062886011255
Bwamiramira,Kibaale,Western,14328.031288146973,1.0,1.0,0.0,4,0.31309311525678085,0.0,0.3433600914433121,0.4188907992454202,0.07553070780210813,0.09488898468618803,0.15733237940031344,0.0,0.2225006677130022,-0.26446763621235153
Bwanswa,Kakumiro,Western,26466.760231018066,0.13371746355347894,0.6477938748622049,0.514076411308726,4,0.23517861731983947,13605.937118530273,0.26053201312843005,0.2981663202014715,0.03763430707304144,0.2031717307282666,0.29252971580146614,0.0,1.0,-0.28617343829820674
Bweema,Buvuma,Central,13734.580974578857,0.9426715677615773,1.0,0.057328432238422655,4,0.9107064394245139,787.381994724273,0.6163995451614491,0.6626722485745793,0.04627270341313017,1.0,1.0,0.9193929602376057,1.0,-0.27897681451173695
Bwera,Kasese,Western,17996.797821044922,0.0,0.0,0.0,4,0.009258503443237642,0.0,0.0,0.0,0.0,0.0,0.0,0.0,0.0,-0.021198471980567825
Bweramule,Ntoroko,Western,6711.055184602737,0.1956993596075447,0.244097076006135,0.04839771639859031,4,0.04978995723323032,324.7997455596924,0.3000645683609643,0.3766812655054855,0.07661669714452118,1.0,1.0,0.03906420733990514,0.057156315026852665,-0.30414838048323883
Bwesumbu,Kasese,Western,27002.664909362793,0.3818636378367733,0.435040544725469,0.053176906888695696,10,0.1596440742344325,1435.918197631836,0.34398949324712574,0.4504337521991096,0.10644425895198384,0.47031046485537087,0.5624062349502402,0.2383555158290435,0.3161112051890574,-0.38372949430088166
Bweyale Town Council,Kiryandongo,Western,39527.89030456543,0.0,0.0,0.0,9,0.003279814192861691,0.0,0.018231289442139892,0.0351653442829289,0.016934054840789005,0.7916203735475278,0.7974859134033279,0.0,1.0,0.31744393773879653
Bweyogerere Division,Wakiso,Central,141789.44484329224,0.0,0.0,0.0,4,0.009529657883343992,0.0,0.0,0.00013955849765395076,0.00013955849765395076,0.0,0.0,0.0,0.0,1.1533206806228857
Bwijanga,Masindi,Western,66550.49136447906,0.08774927509972413,0.16338737680436166,0.07563810170463753,10,0.06565347409868871,5033.752834320069,0.3165934902679281,0.3664550469319941,0.049861556664066,0.46694152345724566,0.5203193525839606,0.021015599235313397,0.13697108922874948,-0.08286679289030187
Bwikara,Kagadi,Western,64355.48806762695,0.0,0.005924746419591956,0.005924746419591956,4,0.0920134127018129,381.2899475097656,0.4016472409698864,0.47495343719388955,0.07330619622400314,0.8534633935463277,0.8977704195583548,0.0,0.403475602522735,-0.293947810274818
Bwikhonge,Bulambuli,Eastern,11581.158603668213,0.22715420780506407,0.3541248607612981,0.12697065295623405,5,0.1929822496845397,1470.4672698974607,0.2479357002011891,0.3246884931673589,0.07675279296616982,0.44250968654214534,0.62659200235698,0.1640312228665524,0.25638148008372497,-0.25349263010159157
Bwizi,Kamwenge,Western,41183.91429901123,0.036586481184752516,0.24734772362390034,0.21076124243914782,10,0.08971933457664694,8679.972946166992,0.4403992340197181,0.5139444061717814,0.0735451721520633,1.0,1.0,0.0,1.0,-0.26061622522799077
Bwongyera,Ntungamo,Western,40956.733001708984,0.0,0.0,0.0,12,0.025057318042216004,0.0,0.0,0.008150810427001597,0.008150810427001597,0.06288453163659222,0.10360241506601862,0.0,0.0,-0.09275214575116271
Byakabanda,Rakai,Central,21963.868771791458,0.0,0.0,0.0,4,0.09325878687376901,0.0,0.006304200511678061,0.022319678030562697,0.016015477518884637,0.13122850858387947,0.21657641543484907,0.0,0.0,0.1542738016214905
Byerima,Kyankwanzi,Central,23512.670413970947,0.2576995235995437,0.46276886744422807,0.2050693438446844,4,0.08588322522055636,4821.727893829346,0.37430598997733777,0.44961695641358235,0.07531096643624458,1.0,1.0,0.0,0.21162492087168552,-0.31776697991588143
Central,Kisoro,Western,5578.041442871094,0.0,0.0,0.0,4,0.0042516778437989775,0.0,0.0,0.0,0.0,0.0,0.0,0.0,0.0,1.011112490622808
Central Division,Buikwe,Central,45238.28381347656,0.0,0.0,0.0,4,0.005190457287832365,0.0,0.0,0.0,0.0,0.0,0.0,0.0,0.0,0.9073386271024168
Central Division,Kampala,Central,106096.45703125,0.0,0.0,0.0,1,-8.701962241064454e-10,0.0,0.0,0.0,0.0,0.0,0.0,0.0,0.0,1.3164896458781445
Central Division,Mityana,Central,33229.10221850872,0.0,0.0024627227188490784,0.0024627227188490784,4,0.0221327649035387,81.83406496047974,0.0024627227188490784,0.0024627227188490784,0.0,0.009283794452773789,0.02086759909806999,0.0,0.607866795462348,0.4555041085818687
Central Division,Mukono,Central,88197.59791564941,0.0,0.0,0.0,4,0.003434965438103385,0.0,0.0,0.002925050777905628,0.002925050777905628,0.0,0.0,0.0,0.0,1.0270937638760853
Central Division,Iganga,Eastern,33064.68408203125,0.0,0.0,0.0,4,0.00030299114585651335,0.0,0.0,0.0,0.0,0.0,0.0,0.0,0.0,1.057
Central Division,Jinja,Eastern,29144.54083251953,0.0,0.0,0.0,4,0.005701786957952919,0.0,0.0,0.0,0.0,0.0,0.0,0.0,0.0,1.404554246963341
Central Division,Kapchorwa,Eastern,20021.40281677246,0.0,0.0,0.0,5,0.0017038689467634982,0.0,0.0,0.0,0.0,0.0,0.0,0.0,0.0,0.645116293198977
Central Division,Kitgum,Northern,10414.16552734375,0.0,0.0,0.0,7,0.0012386257703118596,0.0,0.0,0.0,0.0,0.0,0.0,0.0,0.0,0.6843776124964255
Central Division,Kotido,Northern,17583.080596923828,1.0,1.0,0.0,8,0.16447413264653754,0.0,0.0,0.0,0.0,0.0,0.0,0.0,1.0,0.22724157729855968
Central Division,Lira,Northern,25839.049865722656,0.0,0.0,0.0,9,0.0016593066422140243,0.0,0.0,0.0,0.0,0.0,0.0,0.0,0.0,1.2074095636838507
Central Division,Nebbi,Northern,15783.155014038086,0.0,0.0,0.0,9,0.011136361465927953,0.0,0.0,0.0,0.0,0.0,0.0,0.0,0.0,0.5651235791339688
Central Division,Kabale,Western,19390.518432617188,0.0,0.0,0.0,4,0.002332214857881626,0.0,0.0,0.0,0.0,0.0,0.0,0.0,0.0,0.9438098238503237
Central Division,Kasese,Western,41043.92558288574,0.0,0.0,0.0,10,0.003033895660685071,0.0,0.0,0.0,0.0,0.0,0.0,0.0,0.0,0.8480609734234241
Central Division,Masindi,Western,52258.96417236328,0.0,0.0,0.0,4,0.010221731127000304,0.0,0.0,0.0,0.0,0.0,0.0,0.0,0.0,0.7303529696940816
Central Division,Ntungamo,Western,7275.575134277344,0.0,0.0,0.0,4,0.023513772335119643,0.0,0.0,0.04649449620082202,0.04649449620082202,0.0,0.0,0.0,0.0,0.3435070669977891
Central Divison,Bushenyi,Western,20369.847595214844,0.0,0.0,0.0,4,0.0047043016957799,0.0,0.0,0.0,0.0,0.0,0.0,0.0,0.0,0.39443005249320395
Chahi,Kisoro,Western,21658.188842773438,0.0,0.0,0.0,4,0.0043482828671768115,0.0,0.0,0.0,0.0,0.0,0.0,0.0,0.0,0.21079123699767077
Chawente,Kwania,Northern,44409.67566752434,0.06806091322549503,0.3096723245110765,0.2416114112855815,9,0.14928063071444952,10729.884412765505,0.5318252925587458,0.6025794949808221,0.0707542024220763,0.9667971690926752,0.9888169126347107,0.04173879839408538,1.0,-0.33243892092139865
Chegere,Apac,Northern,48857.06460571289,0.0,0.026316445499342558,0.026316445499342558,10,0.13058143340510042,1285.7442779541016,0.3653311815611524,0.43557337254364403,0.07024219098249163,0.9532870783445958,0.9834699089148162,0.0022457144716790675,0.7347836470693561,-0.2904632612154731
Chelekura,Pallisa,Eastern,14415.935061454773,0.0,0.04965428798692419,0.04965428798692419,4,0.20519470987852695,715.812991142273,0.0,0.0,0.0,1.0,1.0,0.0,0.035268549751187414,-0.3090102562218592
Chema,Kapchorwa,Eastern,11688.856285095215,0.07499977819395386,0.1274265007882533,0.05242672259429944,5,0.04805705243818109,612.8084259033203,0.15878883138281266,0.20014243156215974,0.04135360017934708,0.1464772230048173,0.17740080348486406,0.10768080733205199,0.13765474075339024,-0.1284109206814354
Chepkwasta,Bukwo,Eastern,13260.302486419678,0.38075852307882424,0.43197506449693956,0.051216541418115324,5,0.27184267029746123,679.1468315124511,0.42722926099721104,0.49573841855093753,0.0685091575537265,0.5241015922482606,0.5867718619570461,0.38075852307882424,1.0,-0.3216998708903833
Chepterech,Kapchorwa,Eastern,4753.27734375,0.0,0.0,0.0,5,0.003642442184281447,0.0,0.0,0.0,0.0,0.0,0.0,0.0,0.0,-0.294
Chesower,Bukwo,Eastern,4364.9068031311035,0.4293592163951264,0.4573780419898662,0.028018825594739782,5,0.215415644978453,122.29956245422356,0.5024985625122881,0.5381134021392225,0.03561483962693446,0.807327685710494,0.8520860523116967,0.3923514564212059,0.5137727079629871,-0.3080592115136315
Ciforo,Adjumani,Northern,17901.128905296326,0.0,0.0,0.0,8,0.035006431465138044,0.0,0.05188448251196887,0.07395998194972027,0.022075499437751396,0.7253470447497998,0.7446232413743962,0.0,0.0,-0.2333551487006309
Dabani,Busia,Eastern,46442.927825927734,0.0,0.0,0.0,4,0.02106266061683995,0.0,0.0,0.0,0.0,0.0,0.0,0.0,0.05721929350610667,0.25090246927555443
Dadamu,Arua,Northern,53205.771408081055,0.0,0.0,0.0,10,0.0155938423703562,0.0,0.0,0.0,0.0,0.0,0.006819969708978528,0.0,0.0,0.6459154671275465
Ddwaniro,Kiboga,Central,15483.169225692749,0.27354859513650603,0.4190489719913019,0.1455003768547959,4,0.12061014347478205,2252.806957244873,0.4805267488002828,0.5439966440506624,0.0634698952503796,0.7562302164133806,0.8045824196680088,0.06887136463488724,0.24995436490680853,-0.2502229963502418
Ddwaniro,Rakai,Central,39852.750312805176,0.0,0.0,0.0,4,0.09445010815642774,0.0,0.004449148741607338,0.04150855599208989,0.037059407250482554,0.26756286994238554,0.3251082500432409,0.0,0.0028109899004548334,-0.020646102545931248
Difule,Moyo,Northern,9430.043462276459,0.25925810988867437,0.6936206397706629,0.43436252988198853,8,0.1676855720581938,4096.057535171509,0.07374746759721967,0.12109149973177954,0.04734403213455987,1.0,1.0,0.08845817151797997,0.1082902731175628,-0.35318814286661604
Division A,Wakiso,Central,66507.40141677856,0.0,0.0,0.0,4,0.0021321336651228054,0.0,0.0,0.0,0.0,0.0,0.0,0.0,0.0,0.9991513065038421
Division B,Wakiso,Central,46839.294496536255,0.0011456429605474947,0.0011456429605474947,0.0,4,0.006087915046422372,0.0,0.0011456429605474947,0.0011456429605474947,0.0,0.0009613177042780268,0.0009613177042780268,0.0011456429605474947,0.0011456429605474947,0.7669628712019094
Dokolo,Dokolo,Northern,20115.904251098633,0.0,0.0,0.0,9,0.07168867900337533,0.0,0.1872818926121714,0.26423978633327583,0.07695789372110443,0.7134051953280576,0.8264136583506372,0.0,0.0,-0.37496571211500546
Dokolo Tc,Dokolo,Northern,26592.999000549316,0.0,0.0,0.0,9,0.029397658934481707,0.0,0.1738353159539231,0.2605160662028406,0.08668075024891753,0.0,0.014696384843324943,0.0,0.0,-0.076132754255582
Drajini,Yumbe,Northern,45623.89469909668,0.0,0.0,0.0,10,0.06495344593369118,0.0,0.0,0.0,0.0,0.3777904312028777,0.42741923867922366,0.0,0.0,0.04825982658358916
Dranya,Koboko,Northern,21780.43360900879,0.0,0.0,0.0,10,0.008185240545420164,0.0,0.0,0.0,0.0,0.0,0.010847445186841284,0.0,0.0,-0.11921470091837737
Dzaipi,Adjumani,Northern,49386.05540084839,0.013015905144737433,0.10122363034701391,0.08820772520227647,8,0.11526058265445316,4356.2316036224365,0.25289000102892817,0.28386977840438016,0.03097977737545199,1.0,1.0,0.0,0.0,-0.26890266182716127
Eastern Division,Mubende,Central,35069.64717102051,0.0,0.0,0.0,10,0.041282824355206554,0.0,0.17971915258749263,0.2244896759019175,0.04477052331442488,0.06878753235841166,0.10388588198389809,0.0,1.0,0.6042453748668969
Eastern Division,Bugiri,Eastern,15272.839233398438,0.0,0.0,0.0,4,0.00017451071632154647,0.0,0.0,0.0,0.0,0.0,0.0,0.0,0.0,0.8429999999999999
Eastern Division,Busia,Eastern,31152.322265625,0.0,0.0,0.0,4,0.0012785525000195974,0.0,0.0,0.0,0.0,0.0,0.0,0.0,0.0,1.236
Eastern Division,Kapchorwa,Eastern,10064.98533821106,0.0033532947130532906,0.012947273827772887,0.009593979114719597,5,0.016111023159164656,96.56325912475587,0.01891025980267041,0.025138702855194754,0.006228443052524343,0.06456649464547716,0.06456649464547716,0.00966294507588242,0.016204888668710147,-0.12497031169103313
Eastern Division,Soroti,Eastern,23424.89129638672,0.0,0.0,0.0,5,0.012402442240759898,0.0,0.0,0.0,0.0,0.0,0.0,0.0,0.0,0.645672825618461
Eastern Division,Tororo,Eastern,21445.779724121094,0.0,0.0,0.0,4,0.007800151445054276,0.0,0.0,0.0,0.0,0.0,0.0,0.0,0.0,0.8480526863208282
Eastern Division,Kabarole,Western,23169.091033935547,0.0,0.0,0.0,10,0.0021395657873254093,0.0,0.0,0.0,0.0,0.0,0.0,0.0,0.0,0.798543472885823
Eastern Division,Ntungamo,Western,9553.404769897461,0.0,0.0,0.0,4,0.026382971925485305,0.0,0.0,0.0,0.0,0.0,0.0,0.0,0.0,0.6238565191667896
Eastern Divison,Rukungiri,Western,14944.833053588867,0.0,0.0,0.0,4,0.005227218273555462,0.0,0.0,0.0,0.0,0.0,0.0,0.0,0.0,0.373693084785245
Endiinzi,Isingiro,Western,23961.277797698975,0.7729527416673418,1.0,0.22704725833265815,4,0.3415457629184677,5440.342430114745,0.514210032876691,0.6153092162585628,0.10109918338187185,0.9681508454936165,0.9844665599335379,0.009647281576521553,0.6717413976792291,-0.2832067958577387
Endiinzi Town Council,Isingiro,Western,7713.977283477783,1.0,1.0,0.0,4,0.3933730749056501,0.0,0.09792356717816716,0.19255142797606756,0.09462786079790039,0.9648058258591379,1.0,0.004458848782858826,0.39312286913339206,-0.2649776911020468
Engaju,Buhweju,Western,23609.37197494507,0.43873485696635184,0.9342053579455168,0.495470500979165,4,0.19396441776098317,11697.747360229492,0.6710068180201321,0.7256795583145297,0.054672740294397615,0.9659882170212516,0.9659882170212516,0.13345232226492887,0.5873057682356525,-0.17955421341868208
Engari,Kazo,Western,33496.04196929932,0.0,0.0048733566589540004,0.0048733566589540004,4,0.06429856418300295,163.2381591796875,0.13375326912888064,0.19613577901182858,0.06238250988294794,0.9689591730295569,0.979834342751501,0.0,0.0,-0.1724099746798692
Erussi,Nebbi,Northern,41021.44314575195,0.0,0.0,0.0,9,0.07772873973422628,0.0,0.0,0.0,0.0,0.6319123644903578,0.6936626062877107,0.0,0.0,-0.10420788949670783
Etam,Amolatar,Northern,20108.921914458275,0.11272566329762716,0.26115543066901364,0.14842976737138647,9,0.08339123155422246,2984.762601852417,0.18875760881711764,0.21514844661712362,0.02639083780000598,0.991241650297011,1.0,0.0,1.0,-0.3838892482360061
Ewanga,Madi Okollo,Northern,4677.307205200195,0.9812407891958949,1.0,0.018759210804105142,10,0.1311316085744254,87.74259185791033,0.3064924884434172,0.40102167431097446,0.09452918586755726,1.0,1.0,0.0,0.0,-0.3853163864902403
Gadumire,Kaliro,Eastern,35153.03560554981,0.16021617267911747,0.9456145769294183,0.7853984042503008,4,0.3765541375354058,27609.13806915283,0.22126330393134183,0.28560313998860537,0.06433983605726354,0.8625021183598522,0.9114017641959409,0.025179029374104333,0.9900679634251432,-0.2157195496743554
Galiraya,Kayunga,Central,35490.31912481785,1.0,1.0,0.0,4,0.20756406990276233,0.0,0.4290661697398637,0.506297856215112,0.0772316864752483,0.9949394261999623,0.9979475462473466,0.0,1.0,-0.350688191543143
Gamogo,Kapchorwa,Eastern,4700.5570068359375,0.0,0.0,0.0,5,0.010519115137808066,0.0,0.0,0.0,0.0,0.0,0.0,0.0,0.0,-0.20172005990189357
Gayaza,Kyankwanzi,Central,29845.57159805298,0.6095240927741654,0.9318644040639709,0.32234031128980545,4,0.23419179472396423,9620.430839538574,0.34595296869790404,0.47140558774392777,0.12545261904602373,0.611265985577928,0.6627087271110936,0.0,1.0,-0.27195884147617655
Gimara,Obongi,Northern,9778.524472236633,0.4112339419956595,0.7298698082786375,0.31863586628297796,10,0.10773818486761955,3115.7886161804195,0.2754972765258224,0.35751096788281955,0.08201369135699715,0.4821567159387796,0.5172613803984174,0.017144454861661926,0.01658347798826201,-0.29255036119987
Gogonyo,Pallisa,Eastern,39860.83796787262,0.3551782616274911,0.547451364683424,0.19227310305593293,4,0.2920921983954182,7664.167006492617,0.47012441583857273,0.5505793224985245,0.08045490665995175,1.0,1.0,0.22098306578715687,0.5886136357912464,-0.26747485383373487
Goli Goli,Kibuku,Eastern,12891.233764648438,0.0,0.0,0.0,4,0.05736205865642163,0.0,0.0,0.20184606196675162,0.20184606196675162,0.31275878152780384,0.5956018434448457,0.0,0.0,-0.22434809618413187
Goma Division,Mukono,Central,134395.49374389648,0.0,0.0,0.0,4,0.011035244382937667,0.0,0.0,0.0013520792891593017,0.0013520792891593017,0.05340550057789555,0.06042858192730867,0.0,0.0,1.0058757852322313
Gombe Division,Wakiso,Central,122560.44062805176,0.0,0.0,0.0,4,0.008154235804874066,0.0,0.0013604035533908252,0.009807862660075599,0.008447459106684773,0.06530552523552484,0.08321514819827644,0.0,0.0,0.4595586069115907
Gombe Town Council,Butambala,Central,18070.875495910645,0.0,0.0,0.0,4,0.017727221910688262,0.0,0.018944153145142164,0.03367454040960719,0.014730387264465027,0.0,0.0,0.0,0.0,0.03635113923821463
Got Apwoyo,Nwoya,Northern,44906.72548954189,0.6612195424590092,0.7509668015619193,0.08974725910291015,10,0.16053180414214796,4030.2555279731755,0.9104732237115395,0.9295731437819172,0.01909992007037775,0.8118478418724734,0.8317124937701424,0.3755747855539923,0.924502487853116,-0.20247553622664707
Gweri,Soroti,Eastern,65969.35831451416,0.0,0.001154397255591482,0.001154397255591482,5,0.0556221910621747,76.15484619140625,0.29306760328395015,0.41679392007388416,0.12372631678993401,0.7318272094616691,0.7713630893561817,0.0,0.0,-0.3071463967015608
Hakibaale,Kabarole,Western,36248.38620376587,0.05906252812093106,0.07768660973775822,0.01862408161682716,10,0.08247840957824992,675.0929031372071,0.3299284633501392,0.405453854584458,0.07552539123431878,0.9178508505828851,0.9514768549617988,0.04070386264637714,0.07768660973775822,-0.10825139332025081
Hamurwa,Rubanda,Western,31898.763061523438,0.0,0.0,0.0,4,0.02770300048442015,0.0,0.0,0.0,0.0,0.015218884221975128,0.046342219219137615,0.0,0.0,0.0075536963841757905
Hamurwa Town Council,Rubanda,Western,6347.930465698242,0.0,0.0,0.0,4,0.012776310630191301,0.0,0.0,0.0,0.0,0.0,0.0,0.0,0.0,0.06303209407028236
Hapuuyo,Kyegegwa,Western,50194.42472076416,0.214315630838058,0.48345308412135635,0.26913745328329836,4,0.10294148006279313,13509.199638366701,0.5598968075559669,0.6058715745127106,0.04597476695674363,0.6733420954695496,0.7487322040674755,0.0,0.04717680502714059,-0.2929124296755008
Harugale,Bundibugyo,Western,14383.831405639648,0.11930032264325975,0.17928986711018524,0.05998954446692549,4,0.08373765170589509,862.879493713379,0.02864075815769073,0.08461257415229599,0.05597181599460526,0.2055773135911234,0.2671559417680408,0.12914203710669325,0.16175742436599075,-0.25557748468363534
Harugogo,Kabarole,Western,28292.943069458008,0.0,0.0,0.0,10,0.04728257454577822,0.0,0.09487075596021713,0.1678404259260217,0.07296966996580456,0.13592001557099115,0.16896141934938724,0.0,0.0,-0.15690735817507193
Hima Town Council,Kasese,Western,16243.863800048828,0.0,0.0,0.0,10,0.008081703124690032,0.0,0.0,0.0,0.0,0.9657769471562262,1.0,0.0,0.0,0.2210987886775807
Himutu,Butaleja,Eastern,22723.201400756836,0.0,0.0,0.0,4,0.05695703602289581,0.0,0.0,0.0557709840701635,0.0557709840701635,0.0,0.010454984753918376,0.0,0.0,-0.15612925859548127
Ibaare,Bushenyi,Western,13142.956359863281,0.0,0.0,0.0,4,0.005656121668989975,0.0,0.0,0.0,0.0,0.0,0.0,0.0,0.0,0.16921349968045252
Ibuje,Apac,Northern,53720.84181022644,0.0364739221045268,0.07080977202833384,0.03433584992380704,9,0.0725870030769955,1844.5507621765134,0.264981634053766,0.3031321065545398,0.0381504725007738,0.9782041331534058,0.9849653545309142,0.02512433318887367,1.0,-0.30187076993474354
Ibulanku,Bugweri,Eastern,34749.94812011719,0.0,0.0,0.0,4,0.033971940965979,0.0,0.02822446884624852,0.05823098776194989,0.03000651891570137,0.0,0.011039213178726753,0.0,0.0,-0.18235554041793597
Iceme,Oyam,Northern,62039.25791168213,0.36534771077185996,0.6465971079814552,0.28124939720959524,8,0.1462727584851653,17448.50389099121,0.32633197094923055,0.41370570035996634,0.08737372941073579,0.48795618288274495,0.5794168061963333,0.0,0.0,-0.16991331392472733
Igombe,Bugweri,Eastern,23027.113830566406,0.0,0.0,0.0,4,0.04818882071419456,0.0,0.0,0.0,0.0,0.23108687884486787,0.30941679391635607,0.0,0.0,-0.11056720641610096
Igorora Town Council,Ibanda,Western,7078.154861450195,0.0,0.0,0.0,4,0.04959643575333772,0.0,0.0,0.02466828289737335,0.02466828289737335,0.14224759976425644,0.23732119820258618,0.0,0.0,0.4537582756235656
Ihandiro,Kasese,Western,16937.803253173828,0.17163695828446712,0.19930280739737605,0.027665849112908925,4,0.06412899607101852,468.598709106445,0.2306678234436953,0.24938066461084482,0.018712841167149524,0.2587812302732286,0.2831273550809666,0.1849001296331077,0.19930280739737605,-0.3205672308284418
Ihunga,Ntungamo,Western,16619.254791259766,0.0,0.0,0.0,4,0.027583961156800674,0.0,0.0,0.0,0.0,0.06929732838730461,0.10465562071221582,0.0,0.0,-0.08783511039019722
Iki-Iki,Budaka,Eastern,25657.890411376953,0.0,0.0,0.0,4,0.07477987508119227,0.0,0.0,0.0,0.0,0.8179232689673221,1.0,0.0,0.0,0.1721414986820824
Ikumba,Rubanda,Western,22424.64719390869,0.05128285912121566,0.10552651220978843,0.05424365308857276,4,0.10064024335107913,1216.3947830200198,0.04098322097526136,0.08318806689404724,0.042204845918785885,0.39613469391228073,0.5756454409927865,0.0,0.023817928118566468,-0.05494353627056762
Ikumbya,Luuka,Eastern,42775.61827087402,0.053796996784751895,0.485531417785139,0.43173442100038706,4,0.2045498696896575,18467.706787109375,0.012798113907804798,0.03275759357786938,0.019959479670064582,0.7947523841061486,0.8598145155152112,0.0,0.4718295385966657,-0.16723128155981404
Imanyiro,Mayuge,Eastern,42677.53713226318,0.0,0.0,0.0,4,0.06251420344571676,0.0,0.0,0.008396277821411655,0.008396277821411655,0.09399500215441152,0.16102873821752806,0.0,0.0,-0.00019505410610029942
Inde Town Council,Madi Okollo,Northern,14760.12261390686,0.5563441942589034,0.7585855141991483,0.20224131994024497,8,0.16089481243426196,2985.1066799163823,0.6378663136402155,0.7062258241328955,0.06835951049267996,1.0,1.0,0.0,0.0,-0.339004811221487
Industrial Divison,Mbale,Eastern,61945.90478515625,0.0,0.0,0.0,4,0.0014942357429061429,0.0,0.0,0.0,0.0,0.0,0.0,0.0,0.0,1.0199125805235514
Inomo,Kwania,Northern,40241.987533569336,0.007661741730642935,0.3641796570047097,0.3565179152740668,10,0.21049208895270877,14346.989501953125,0.4081581198630123,0.5138098285215411,0.1056517086585288,0.8453416134242333,0.9073757168903435,0.0,0.692330683473782,-0.3484906545820244
Iriiri,Napak,Northern,37554.45788383484,0.7167693014455824,0.7497006858648656,0.03293138441928323,4,0.219348565300445,1236.7202892303467,0.6610676316067201,0.6916978631040613,0.03063023149734123,1.0,1.0,0.7360550432224073,0.7869519903944282,-0.4089059773722315
Irongo,Luuka,Eastern,34931.67419433594,0.0,0.0,0.0,4,0.04780989270624186,0.0,0.0,0.0,0.0,0.281725799512544,0.4273457837022804,0.0,0.0,0.18072450223873682
Isango,Kasese,Western,10354.558822631836,0.0,0.0,0.0,4,0.008399837365922952,0.0,0.0,0.0,0.0,0.0,0.0,0.0,0.0,-0.11258095972682977
Ishaka Divison,Bushenyi,Western,19071.525466918945,0.0,0.0,0.0,4,0.0032106612437602794,0.0,0.0,0.0,0.0,0.0,0.0,0.0,0.0,0.7871148287938432
Ishongororo,Ibanda,Western,18583.52109527588,0.0,0.0,0.0,4,0.04020782081501828,0.0,0.12259185913092076,0.1798686646762206,0.05727680554529983,0.1796826533923953,0.20194351134861965,0.0,0.0,-0.041335079138207144
Ishongororo Town Council,Ibanda,Western,27108.80249786377,0.0,0.0,0.0,4,0.030614887325060125,0.0,0.14116739718241095,0.14692165685063052,0.005754259668219575,0.0,0.0,0.0,0.0,-0.09255651520689183
Isingiro Town Council,Isingiro,Western,35298.323525846004,0.010505797768527045,0.011808945330809709,0.0013031475622826642,4,0.014802341730028257,45.99892425537104,0.01486212080069741,0.026998978871195158,0.012136858070497747,0.1898665321107622,0.20642290470621003,0.0,0.0,-0.11767219751321015
Itirikwa,Adjumani,Northern,18824.926056861877,0.3196538261200502,0.4036902681796487,0.08403644205959848,8,0.1475777593825548,1581.979807853699,0.5686044002873484,0.6087366297847039,0.04013222949735551,0.4530516062498204,0.488101546762439,0.14562471007347844,0.13252311464285343,-0.3037608713666171
Itojo,Ntungamo,Western,28869.56842803955,0.0,0.0,0.0,4,0.03289907610470236,0.0,0.005288365729618166,0.02589133753716508,0.020602971807546916,0.009823895816622812,0.026158303461148138,0.0,0.0074552487044811,-0.031135108116543894
Itula,Obongi,Northern,12538.664143264294,0.028943681510372368,0.16605820660284015,0.1371145250924678,8,0.10774070881103237,1719.2329792976382,0.10693138800582787,0.16036658671125464,0.053435198705426776,1.0,1.0,0.0,0.0,-0.11820723633540008
Ivukula,Namutumba,Eastern,35489.23762512207,0.46510769832002974,0.974897628448912,0.5097899301288823,4,0.24061584771807076,18092.05596923828,0.15073728984885978,0.23130159376290232,0.08056430391404254,1.0,1.0,0.00967559316646907,0.2934560909348293,-0.2610942665608897
Iwemba,Bugiri,Eastern,24095.55793762207,0.0,0.03465857898013787,0.03465857898013787,4,0.13245919652054333,835.1177978515625,0.0,0.0,0.0,0.44238413580699787,0.5750186323925776,0.00923358650399686,0.16853630252424018,-0.34133639604366445
Iyolwa,Tororo,Eastern,25798.6580657959,0.0,0.18849575146748318,0.18849575146748318,4,0.16633619901655683,4862.937438964844,0.012630647054423962,0.0765879978691353,0.06395735081471134,0.6019770142385015,0.8220853751311853,0.0,0.2743813616546221,-0.33184759070661957
Jaguzi,Mayuge,Eastern,17401.811547279358,1.0,1.0,0.0,1,,0.0,0.5114170569544029,0.512583830435951,0.0011667734815481445,1.0,1.0,0.9992794249394709,1.0,-0.13940321444456702
Jangokoro,Zombo,Northern,5707.384460449219,0.0,0.0,0.0,9,0.055020774850272625,0.0,0.04782889196400372,0.09754262941482264,0.04971373745081892,1.0,1.0,0.0,0.0,-0.21967159661587085
Kaabong East,Kaabong,Northern,7777.75297164917,0.0,0.0,0.0,4,0.047035225371091505,0.0,0.10284894028986416,0.12926859574697036,0.0264196554571062,0.15280949575951785,0.20420908730447082,1.0,1.0,-0.20232336830172562
Kaabong Town Council,Kaabong,Northern,10446.696655273438,0.0,0.0,0.0,4,0.00871579581090711,0.0,0.0,0.0,0.0,0.0,0.0,1.0,1.0,0.3459035866881375
Kaabong West,Kaabong,Northern,13719.10147857666,0.0,0.0,0.0,4,0.029054271745388632,0.0,0.009240255680669093,0.009240255680669093,0.0,0.0,0.004836325893917649,1.0,1.0,-0.13727096064893238
Kaato,Manafwa,Eastern,6966.0819091796875,0.0,0.0,0.0,5,0.028396055194824354,0.0,0.0,0.0,0.0,0.0,0.0,0.0,0.0,0.10925329963162222
Kabamba,Kagadi,Western,26529.416122436523,0.0,0.11753055260869018,0.11753055260869018,4,0.13045409957296106,3118.0169372558594,0.9192286510643428,0.9544985417168385,0.03526989065249564,1.0,1.0,0.0,1.0,-0.21359126151502064
Kabambiro,Kamwenge,Western,21715.952682495117,0.21793606686253483,0.4590952630670398,0.24115919620450496,4,0.0729581955813261,5237.001693725586,0.16079713152971678,0.20319318681919799,0.042396055289481205,0.8276911896875147,0.8748433744706685,0.0,0.1627480994234254,-0.28300994582348676
Kabasekende,Kibaale,Western,13643.719902038574,0.3317909688297243,0.95837065924693,0.6265796904172056,4,0.24659141342090485,8548.877792358397,0.48095448883543607,0.5068676906517066,0.025913201816270492,0.45492336750817,0.502399914974487,0.0,0.0539271611772403,-0.300346315769346
Kabei,Bukwo,Eastern,15676.886240005493,0.20099802195756192,0.21691009380945314,0.015912071851891224,5,0.16532483406831522,249.45174026489227,0.21027906890449963,0.2227368961234579,0.012457827218958273,0.28675886979288817,0.32677157717866756,0.19667689756617437,0.957638537228776,-0.24584388823416872
Kaberamaido,Kaberamaido,Eastern,24986.99102973938,0.0011129940885308944,0.024829632125086872,0.02371663803655598,9,0.13606317548768176,592.607421875,0.19848081725269995,0.2828395770526726,0.08435875979997265,0.001112994093380152,0.008119241462094648,0.0,0.039878790907272886,-0.22716243172912584
Kaberamaido Town Council,Kaberamaido,Eastern,5508.409820556641,0.0,0.0,0.0,9,0.09582680428073398,0.0,0.0,0.0,0.0,0.0,0.0,0.0,0.0,0.26141584346573493
Kaberebere Town Council,Isingiro,Western,9064.38900756836,0.0,0.0,0.0,4,0.0031095046152715966,0.0,0.0,0.0,0.0,0.579612997120915,0.7076169128529581,0.0,0.0,0.2146899984603492
Kabeywa,Kapchorwa,Eastern,1235.5126953125,0.0,0.0,0.0,5,0.02284197798670945,0.0,0.0,0.0,0.0,0.0,0.0,0.0,0.0,-0.32498579019337404
Kabingo,Isingiro,Western,35306.40502738953,0.012904388602995639,0.033837588242998776,0.020933199640003137,4,0.03387065506783704,739.0760250091554,0.03158762606311493,0.04808696547830023,0.016499339415185298,0.2987637835333922,0.36521992629495353,0.0,0.0,-0.20168045998536088
Kabira,Kyotera,Central,38022.15888595581,0.16929044687729491,0.24243338417773538,0.07314293730044047,4,0.18485268288393386,2781.052383422851,0.27515393915380365,0.41005719947299096,0.1349032603191873,0.9851995120115138,1.0,0.1401807819376941,0.19965725438441667,-0.032027485264636245
Kabira,Mitooma,Western,13614.257034301758,0.0,0.0,0.0,4,0.03095019714507291,0.0,0.022919998978866235,0.04542612877117469,0.022506129792308455,0.0,0.020569613786373342,0.0,0.0,-0.03901831064052732
Kabonera,Masaka,Central,41040.22381591797,0.0,0.0,0.0,4,0.01892193809707901,0.0,0.031005743821554806,0.04624881525853095,0.015243071436976147,0.57706327268658,0.5910152107577669,0.0,0.0,0.0854551925784608
Kabonero,Bunyangabu,Western,22812.85959625244,0.42205259604926637,0.4563629599357239,0.03431036388645753,10,0.17131559745262548,782.7175140380858,0.2729812391558938,0.3527752196080286,0.07979398045213482,0.6040567784823709,0.6369412029232596,0.34727473208076465,0.4563629599357239,-0.22940452520027016
Kabulasoke,Gomba,Central,59530.45239639282,0.3531687387216049,0.6832953144971743,0.33012657577556936,4,0.21711350897203352,19652.5844039917,0.3649564058168281,0.43308893833218304,0.06813253251535495,0.9441031834691069,0.9644388148616514,0.010141842917455483,0.18844262957421426,-0.15654775192331596
Kabuyanda,Isingiro,Western,29343.1075592041,0.11462675715228363,0.2397013778720259,0.12507462071974226,4,0.07482276618562633,3670.078048706055,0.04428555745953647,0.0626792018096222,0.01839364435008574,0.0,0.00639020295047335,0.0,0.2087510426261459,-0.05477572438802286
Kabuyanda Town Council,Isingiro,Western,21361.662399291992,0.0472594509229055,0.2581509259620904,0.21089147503918487,4,0.06769662146613176,4504.992492675781,0.0,0.0,0.0,0.0,0.0,0.0,0.06023338957433382,0.25461706629583686
Kabwangasi,Butebo,Eastern,38166.659606933594,0.0,0.0,0.0,4,0.03533842496007711,0.0,0.0,0.0,0.0,0.10089892681177266,0.15017875073961315,0.0,0.0,-0.034488727111330435
Kabweri,Kibuku,Eastern,22568.797241210938,0.0,0.0,0.0,4,0.14751728692907473,0.0,0.0,0.0,0.0,0.0,0.0,0.0,0.0,-0.06288356324458373
Kabweza Kyegegwa,Kyegegwa,Western,54720.64570617676,0.0559044387025073,0.15817084526718453,0.10226640656467723,4,0.06862661594452646,5596.083801269531,0.5281239705832902,0.6058087549686197,0.07768478438532955,0.7602048048391494,0.8154193024554431,0.0,0.22393102838579584,-0.2364262280347914
Kabwohe Division,Sheema,Western,23494.133712768555,0.0,0.0,0.0,4,0.005013497244791054,0.0,0.0,0.0,0.0,0.0,0.0,0.0,0.0,0.4825199428649866
Kabwoya,Kikuube,Western,89652.33725762367,0.5658996043961634,0.6018519475499816,0.035952343153818234,4,0.058331275689059936,3223.2115936279297,0.5833521648714979,0.6261226313379585,0.042770466466460655,0.9946327285286108,0.9946327285286108,0.02434654954595463,0.508428668531273,-0.30192998666848825
Kacheera,Rakai,Central,29159.217415332794,0.19422221853099947,0.41616992704610106,0.2219477085151016,4,0.18932131897420723,6471.821487426757,0.27715880610415344,0.3554780924809143,0.07831928637676083,0.9914131360363962,0.9977405829991705,0.011276461017091656,0.30157213322065607,-0.19438149962724172
Kacheri,Kotido,Northern,40289.65858745575,1.0,1.0,0.0,8,0.4822494474239676,0.0,0.6819770290048687,0.7078406292458213,0.025863600240952578,1.0,1.0,0.5996420505723264,0.9953244189680174,-0.331503005689509
Kachomo,Budaka,Eastern,20285.173431396484,0.0,0.0,0.0,4,0.11987363620945646,0.0,0.0,0.0,0.0,0.29390781993602405,0.5698928078727167,0.0,0.0,0.03476283087739237
Kachonga,Butaleja,Eastern,36261.012634277344,0.0,0.0,0.0,4,0.053221146016461524,0.0,0.0,0.0,0.0,0.0,0.0,0.0,0.0,-0.01763677287796818
Kachumbala,Bukedea,Eastern,70390.44876098633,0.0,0.0,0.0,4,0.02670905835253312,0.0,0.08553588329361735,0.13333239109087064,0.04779650779725329,0.44276707588592373,0.5454763047232256,0.0,0.0,-0.040679338061085486
Kadama,Kibuku,Eastern,7381.277862548828,0.0,0.0,0.0,4,0.11488149845132745,0.0,0.0,0.0,0.0,0.0,0.0,0.0,0.0,-0.10379148585668516
Kaderuna,Budaka,Eastern,21909.799865722656,0.0,0.0,0.0,4,0.16845131981434347,0.0,0.0,0.0,0.0,0.02787270711053162,0.0820380690011018,0.0,0.0,-0.051189301842834795
Kadungulu,Serere,Eastern,31069.73443007469,1.0,1.0,0.0,5,0.19224229094023837,0.0,0.4200159830936809,0.504555146989553,0.08453916389587207,0.9690570585630441,0.9690570585630441,0.0031134638636545918,1.0,-0.37761382047649716
Kadungulu Town Council,Serere,Eastern,14084.764799118042,1.0,1.0,0.0,5,0.15133960576917938,0.0,0.01583615524836533,0.029142312746384715,0.013306157498019385,0.08187318109626514,0.10100889216369159,0.0,1.0,-0.3347397230454991
Kafunjo-Mirama Town Council,Ntungamo,Western,28040.804496765137,0.003707564689545402,0.10998239059743696,0.10627482590789156,4,0.09572277383871475,2980.0316162109375,0.07699867844965347,0.08277005296188152,0.005771374512228047,1.0,1.0,0.0,1.0,-0.07744428460656384
Kagadi,Kagadi,Western,20057.30421447754,0.0,0.0,0.0,4,0.07671979459561767,0.0,0.6227212944249887,0.7134459340230421,0.09072463959805344,0.5680088914396116,0.6494190415553188,0.0,1.0,-0.3463011825852312
Kagadi Town Council,Kagadi,Western,35263.65838623047,0.0,0.0,0.0,4,0.013315431653244045,0.0,0.08502519262421693,0.11860461041196847,0.033579417787751545,0.0,0.0,0.0,0.08454327607322074,0.027729107285694225
Kagamba,Rakai,Central,41104.191581726074,0.0,0.0,0.0,4,0.14824806590367123,0.0,0.0,0.0,0.0,0.8683437561495051,0.9289064057822981,0.0,0.011063399355154232,-0.09024057101373154
Kagango Division,Ibanda,Western,45827.45686340332,0.0,0.0,0.0,4,0.03948414333389949,0.0,0.0,0.010944052660203474,0.010944052660203474,0.20975559018119566,0.233863563198172,0.0,0.0,-0.013305903540596197
Kagango Division,Sheema,Western,31203.884071350098,0.0,0.0,0.0,4,0.01528522833499285,0.0,0.09034950028978225,0.09034950028978225,0.0,0.10812437045066586,0.15531259233787972,0.0,0.0,-0.031956838513450284
Kagarama Town Council,Ntungamo,Western,16718.205673217773,0.0,0.0,0.0,4,0.021593441120769385,0.0,0.0,0.0,0.0,0.0,0.0,0.0,0.0,-0.05134794567324953
Kagongi,Mbarara,Western,25845.90672302246,0.0,0.0,0.0,4,0.06867963227864843,0.0,0.3238866212669158,0.41682002638431614,0.09293340511740034,1.0,1.0,0.0,0.0,-0.2107928601878746
Kagugu,Bundibugyo,Western,3393.9133224487305,0.5168679745663659,0.5687688295495265,0.05190085498316055,4,0.17194884645982977,176.14700317382818,0.4945778437034645,0.7670306782574351,0.27245283455397057,0.566989801724673,0.5988583011282785,0.47045687889724297,0.5168679745663659,-0.31151418577416506
Kagulu,Buyende,Eastern,108216.27952647209,0.3331274642176211,0.6574340343555689,0.3243065701379478,4,0.14866562006496542,35095.25044631959,0.25742475380195584,0.3282272307369708,0.07080247693501496,1.0,1.0,0.06665550666350314,0.6436005316753655,-0.26060020606000256
Kagumba,Kamuli,Eastern,41929.411662817,0.11158709353525638,0.23178864667008373,0.12020155313482735,4,0.12387099518839939,5039.980403900147,0.5895379265373514,0.6829909655173918,0.09345303898004043,0.9902093208308105,1.0,0.001839985225794523,0.24271902163634587,-0.40276401524513017
Kagumu,Kibuku,Eastern,23143.24285888672,0.0,0.0,0.0,4,0.09763744052950452,0.0,0.0,0.0,0.0,0.12195943075233841,0.18053271771240134,0.0,0.0,-0.1273335349079335
Kaharo,Kabale,Western,21537.79232788086,0.0,0.0,0.0,4,0.014943581952254703,0.0,0.0,0.0,0.0,0.30336959660803475,0.4233847102700478,0.0,0.0,-0.03824691079620377
Kahoora Divison,Hoima,Western,55182.82540893555,0.0,0.0,0.0,10,0.002525005107448179,0.0,0.0,0.0,0.0,0.0,0.0,0.0,0.0,0.8705758522732582
Kahunge,Kamwenge,Western,29154.55347442627,0.9774128698920546,1.0,0.02258713010794544,10,0.13417661214100196,658.517692565919,0.22589012010471549,0.30028193395820996,0.07439181385349447,0.21505704662934458,0.2590972359675056,0.0,0.9640843584482953,-0.2404176787161613
Kahunge Town Council,Kamwenge,Western,21720.85509109497,0.3223468827393052,0.7509083882446739,0.4285615055053687,10,0.097937034383628,9308.722358703613,0.1386116347886854,0.16377736879428548,0.02516573400560007,0.15343175258093833,0.19351298253326793,0.0,0.7639644322517845,-0.08268237652568311
Kajjansi Town Council,Wakiso,Central,150640.93717956543,0.0,0.0,0.0,4,0.015683809466805032,0.0,0.009982798153103909,0.02069433204934701,0.0107115338962431,0.02198840371107345,0.02198840371107345,0.0,0.0,0.8561968707148369
Kakabara,Kyegegwa,Western,84913.34777832031,0.0,0.017443442314229042,0.017443442314229042,10,0.03345554832736475,1481.1810836791992,0.3541019424932338,0.4238161486632717,0.06971420617003793,0.7304187188103386,0.7722092753594169,0.0,0.0,-0.22812668686917664
Kakamar,Kaabong,Northern,4570.5700051784515,0.03302829692209451,0.082546067260081,0.04951777033798649,8,0.07362187920008134,226.32443583011627,0.19161623759079677,0.2588548369338387,0.06723859934304194,0.11527706492194244,0.13923000689750237,1.0,1.0,-0.3244553166365418
Kakamba,Isingiro,Western,14192.41120147705,0.8484556918394617,0.8907156625476392,0.04225997070817755,4,0.0967411437648884,599.7708816528311,0.2670577415828113,0.3033869013072298,0.03632915972441847,0.9855818008965752,1.0,0.0,0.0,-0.2184060071573356
Kakanju,Bushenyi,Western,26305.363220214844,0.0,0.0,0.0,10,0.0275994665465234,0.0,0.062020202689560495,0.1123820916196347,0.0503618889300742,0.03600854082262917,0.04688025322542112,0.0,0.0,-0.07996100096817059
Kakiika Division,Mbarara,Western,30730.31708908081,0.0,0.0,0.0,4,0.007433206328199549,0.0,0.09810248162075881,0.11337837242197833,0.015275890801219522,0.060343267342874055,0.07105830736496951,0.0,0.0,0.32578624094685255
Kakindo,Kakumiro,Western,54719.76358795166,0.9578207926433548,1.0,0.042179207356645154,4,0.18635424885170737,2308.0362548828143,0.5933796340338278,0.6306398551557764,0.0372602211219486,0.595242370889456,0.6556813878632703,0.0,1.0,-0.2785619532486494
Kakindo Town Council,Sheema,Western,9417.160690307617,0.0,0.0,0.0,4,0.048747244332379314,0.0,0.0,0.0,0.0,0.0,0.0,0.0,0.0,-0.017269624965213618
Kakindu,Mityana,Central,22238.29510498047,0.0,0.0,0.0,4,0.07391233830715743,0.0,0.0,0.0,0.0,0.0,0.014183082584269447,0.0,0.0,-0.13936269210795854
Kakira Town Council,Jinja,Eastern,41702.508056640625,0.0,0.0,0.0,4,0.02894574052323398,0.0,0.03860304208848912,0.09491275792103354,0.05630971583254442,0.3495229631130388,0.41385159989663073,0.0,0.0,0.265382602879853
Kakiri,Wakiso,Central,63663.190338134766,0.0,0.0,0.0,4,0.03182534701336631,0.0,0.021117757223079365,0.05917504743856644,0.03805729021548708,0.5837550186379844,0.6260104420453315,0.0,0.0,0.10348700021641796
Kakiri Town Council,Wakiso,Central,31098.629943847656,0.0,0.0,0.0,4,0.010372480491052744,0.0,0.0,0.0,0.0,0.2792094764165435,0.3246984702489406,0.0,0.0,0.531409144415783
Kakoba Division,Mbarara,Western,61910.029541015625,0.0,0.0,0.0,4,0.0019270836689000218,0.0,0.0,0.0,0.0,0.0,0.0,0.0,0.0,1.2120940320872082
Kakomongole,Nakapiripirit,Northern,31750.78133583069,0.9965634159946866,1.0,0.0034365840053134367,4,0.3451830966097169,109.11422729492014,0.5030624931494642,0.583038405484921,0.07997591233545687,0.3589927322582218,0.4056723600865963,0.22839684856582818,0.2599252095823225,-0.3102212179795755
Kakooge,Nakasongola,Central,26282.245255470276,0.4300688092193651,0.6279138189222142,0.19784500970284913,4,0.09613815103050483,5199.811067581177,0.5643950639376603,0.6246856397863884,0.0602905758487281,0.4783663160410439,0.5389518981613217,0.014888178429424739,0.13428275103617288,-0.24916995577487583
Kakooge Town Council,Nakasongola,Central,11258.728874206543,0.023946378367173907,0.07749584157660451,0.0535494632094306,4,0.055284210643673504,602.8988876342773,0.014050524997148293,0.031110494751477993,0.0170599697543297,0.03669932336678981,0.045167095161985776,0.0,0.0,-0.12279334072072665
Kakoro,Butebo,Eastern,23025.554626464844,0.0,0.0,0.0,4,0.11199586696882674,0.0,0.01939829336878053,0.07261580679374614,0.05321751342496561,0.20811037159515375,0.4072065579330572,0.0,0.0,-0.014104591935441583
Kakule,Budaka,Eastern,16647.608306884766,0.0,0.0,0.0,4,0.08450725448286217,0.0,0.0,0.0,0.0,0.06458842506931499,0.17085383286369427,0.0,0.0,-0.18814956754806256
Kakumiro Town Council,Kakumiro,Western,14900.337265014648,0.0,0.5265844684611005,0.5265844684611005,4,0.21863408705833587,7846.286178588867,0.055652758099946624,0.10490624422140848,0.04925348612146186,0.0,0.0,0.0,1.0,0.016882543727834792
Kakure,Kalaki,Eastern,17456.009910583496,0.0,0.0,0.0,8,0.09258692913924621,0.0,0.09158810600113379,0.16243125100918365,0.07084314500804986,0.45424317914357387,0.6541603536814068,0.0,0.0,-0.22156645772794603
Kakutu,Kibuku,Eastern,14502.613830566406,0.0,0.0,0.0,4,0.147738506117005,0.0,0.0,0.034834665045247834,0.034834665045247834,0.5188222610774957,0.8318180396423445,0.0,0.0,-0.12808741218124217
Kakuuto,Kyotera,Central,45097.08751869202,0.0443083187903562,0.06727042760786739,0.022962108817511186,4,0.03456674338795673,1035.5242309570315,0.18804660848808638,0.2352579749074486,0.047211366419362216,0.32451853170996353,0.35324778978589,0.0074912317768108475,0.03298186040435158,0.02144961061759613
Kalagala,Luwero,Central,55411.90586853027,0.0,0.0,0.0,4,0.11365089166975884,0.0,0.0,0.0,0.0,0.08157218077404134,0.12849269878954256,0.0,0.0,0.022339539413716115
Kalaki,Kalaki,Eastern,14748.245956420898,0.0,0.04062750425538834,0.04062750425538834,8,0.16427978060298926,599.1844253540039,0.39003640887276253,0.603106428650205,0.2130700197774425,0.6781698291790442,0.7050225056105036,0.0,0.0,-0.3398336775696191
Kalaki Town Council,Kalaki,Eastern,8020.71403503418,0.0,0.0,0.0,8,0.12366400341562112,0.0,0.13696265628747922,0.24842364725588878,0.11146099096840956,0.24749449002412696,0.43853279573362647,0.0,0.0,-0.26178947725255486
Kalamba,Butambala,Central,23205.85562133789,0.0,0.0,0.0,4,0.050734005225476386,0.0,0.0,0.0,0.0,0.6056166125325922,0.6870024507016181,0.0,0.0,-0.14816973776025155
Kalangaalo,Mityana,Central,37036.72993469238,0.0,0.0,0.0,4,0.10989326877375782,0.0,0.05559874825073529,0.08451669664968277,0.028917948398947478,0.46763128040760227,0.5045922421545516,0.0,0.10505705166545698,-0.11289923542506593
Kalangala Town Council,Kalangala,Central,6584.320819020271,1.0,1.0,0.0,1,,0.0,0.0,0.0009268764441195422,0.0009268764441195422,0.0,0.0,0.0,0.0,0.7754178044977507
Kalapata,Kaabong,Northern,17621.6699924469,0.025872256116082452,0.13011000064695746,0.104237744530875,4,0.1360902791851467,1836.843134880066,0.11421052751131563,0.1713909882200727,0.05718046070875707,1.0,1.0,1.0,1.0,-0.35472929519765845
Kaliiro,Lyantonde,Central,23661.047470092773,0.0,0.0,0.0,4,0.05007013683224165,0.0,0.010545905077107428,0.022368063970720643,0.011822158893613216,0.7839357091123779,0.8339342521007519,0.0,0.0,-0.1918429652077602
Kaliro Town Council,Kaliro,Eastern,23945.066497802734,0.0,0.0,0.0,4,0.009051086492059546,0.0,0.0,0.0,0.0,0.9407211374502892,1.0,0.0,0.0,0.16303809148597506
Kalisizo,Kyotera,Central,20560.470024108887,0.0,0.0,0.0,4,0.026358606190839892,0.0,0.0,0.0,0.0,0.011875869186038664,0.03366846773882103,0.0,0.0,0.03373213475719932
Kalisizo Town Council,Kyotera,Central,16683.56069946289,0.0,0.0,0.0,4,0.003783132582016943,0.0,0.0,0.0,0.0,0.0,0.0,0.0,0.0,0.5182975245207854
Kalongo,Nakasongola,Central,25197.32391166687,1.0,1.0,0.0,4,0.3204655395180793,0.0,0.29197682959412546,0.3721864374729503,0.08020960787882486,1.0,1.0,0.022729367243611385,1.0,-0.35484573781072665
Kalongo Town Council,Agago,Northern,13793.999740600586,0.0,0.0,0.0,8,0.02062718031385577,0.0,0.0,0.004728772823525817,0.004728772823525817,0.0,0.0,0.0,1.0,0.3401491917182888
Kalungi,Nakasongola,Central,30986.366912722588,1.0,1.0,0.0,4,0.10608063858484118,0.0,0.1379308153472081,0.18655974650125048,0.048628931154042376,1.0,1.0,0.002470574338076807,1.0,-0.32887054864433946
Kalungu,Kalungu,Central,45428.952407836914,0.0,0.0,0.0,4,0.06631611189741368,0.0,0.02196766219237899,0.04257249181460701,0.02060482962222802,0.008178881449093208,0.03548695199759752,0.0,0.02515519764739852,0.03496750936988256
Kalungu Town Council,Kalungu,Central,9517.13949584961,0.0,0.0,0.0,4,0.10084897658993336,0.0,0.0,0.0,0.0,0.0,0.02251267991326182,0.0,0.0,0.3501096133925883
Kalwana,Kassanda,Central,47122.50668334961,0.20025704750512774,0.5779696732661972,0.37771262576106945,4,0.10093571601597162,17798.765731811523,0.48107862953901587,0.5439908091695204,0.0629121796305045,1.0,1.0,0.0,1.0,-0.25734295134152213
Kambuga,Kanungu,Western,28699.016708374023,0.0,0.0,0.0,4,0.015841646263169445,0.0,0.0,0.0,0.0,0.0,0.0,0.0,0.0,-0.1565741211894197
Kambuga Town Council,Kanungu,Western,5617.361083984375,0.0,0.0,0.0,4,0.01238233581934009,0.0,0.0,0.0,0.0,0.0,0.0,0.0,0.0,0.144
Kamdini,Oyam,Northern,64620.69287109375,0.0,0.0,0.0,8,0.028410844242556854,0.0,0.12827429145876115,0.18838228586095093,0.06010799440218978,0.6588441452627861,0.7108192511983493,0.0,0.31273181989039267,-0.13088744268721442
Kameke,Pallisa,Eastern,21928.287994384766,0.0,0.0,0.0,4,0.10285150442622365,0.0,0.03717961864330714,0.10717787572113618,0.06999825707782904,1.0,1.0,0.0,0.0,-0.24412369574537868
Kameruka,Budaka,Eastern,20245.160034179688,0.0,0.0,0.0,4,0.08537688576707467,0.0,0.0,0.0,0.0,0.0,0.12310734945056764,0.0,0.0,-0.06286622988189977
Kamet,Bukwo,Eastern,7596.548406600952,0.0,0.011755326617379259,0.011755326617379259,5,0.12446264419478559,89.29990768432617,0.0,0.007990564034211677,0.007990564034211677,0.09644166404618709,0.29524134131421803,0.0029718760422833396,0.3625903352902716,-0.3804769223056178
Kamion,Kaabong,Northern,8583.84070611,0.7604541505802451,0.9066959310953446,0.1462417805150995,4,0.5181181333282732,1255.3161485195155,0.7634387251000114,0.8084900044495329,0.04505127934952147,1.0,1.0,1.0,1.0,-0.4532324694369447
Kamira,Luwero,Central,33028.779121398926,0.8565066196994404,0.9928519385290788,0.1363453188296384,4,0.3265054263797278,4503.319419860841,0.7913207436749813,0.8360913265625218,0.044770582887540544,1.0,1.0,0.0,0.8157507667772377,-0.36027806196574014
Kammengo,Mpigi,Central,47851.36061668396,0.03463010700030594,0.10906411060629732,0.07443400360599138,4,0.13119359772521555,3561.7683486938477,0.2521042394361138,0.3002466986053816,0.04814245916926779,0.8467545667499228,0.8868643293153651,0.012494938517489134,0.1215881023793326,-0.2360806426380191
Kamonkoli,Budaka,Eastern,34578.32391357422,0.0,0.0,0.0,4,0.01564328638200374,0.0,0.0,0.031445645261385304,0.031445645261385304,0.445614097053026,0.5570484036041042,0.0,0.0,0.14459739231088037
Kamu,Bulambuli,Eastern,7248.27880859375,0.0,0.0,0.0,5,0.01836219704303793,0.0,0.0,0.0,0.0,0.0,0.0,0.0,0.0,-0.04100000000000001
Kamuda,Soroti,Eastern,58331.05244910717,0.00023441358117863147,0.006844065024238162,0.00660965144305953,5,0.046573555074674255,385.54792499542236,0.21178270885098874,0.2977842977757174,0.08600158892472867,0.5321684054139993,0.5553641301246629,0.00023441358117863147,0.003660049339051613,-0.1663113344838432
Kamuganguzi,Kabale,Western,27196.656648397446,0.0,0.0,0.0,4,0.019142949443150037,0.0,0.0,0.0,0.0,0.0,0.037941484886822995,0.0,0.0,0.0376305996356861
Kamuge,Pallisa,Eastern,27906.287658691406,0.0,0.0,0.0,4,0.054308434336998224,0.0,0.0,0.012604153667494547,0.012604153667494547,0.38609279633133664,0.5185444131689715,0.0,0.0,0.030957205048389575
Kamukuzi Division,Mbarara,Western,38877.878845214844,0.0,0.0,0.0,4,0.001053083807685283,0.0,0.0,0.0,0.0,0.0,0.0,0.0,0.0,1.160614634322157
Kamwenge,Kamwenge,Western,31845.84626197815,0.9540610664797552,0.9896902925729738,0.03562922609321861,4,0.10448609145751897,1134.6428565979004,0.666740271956712,0.7407119117431017,0.07397163978638965,0.6676327408801701,0.6936944946189658,0.0404272071414683,0.8233018715687678,-0.17917879050299604
Kamwenge Town Council,Kamwenge,Western,26235.111709594727,0.1903476555664886,0.3855345661861657,0.1951869106196771,4,0.036458419793935715,5120.75040435791,0.0402613195419702,0.06688113181911355,0.02661981227714335,0.714185507040661,0.7990567885524653,0.0,0.024664655862486916,0.37566183135633435
Kamwezi,Rukiga,Western,30213.66152191162,0.0,0.0,0.0,4,0.077159833776345,0.0,0.050118920763373855,0.05897363858933492,0.008854717825961068,0.027230909048601776,0.04336055847174434,0.0,0.0,-0.07088423072320925
Kanaba,Kisoro,Western,19043.893173217773,0.0,0.0,0.0,4,0.034975820949675857,0.0,0.0,0.0,0.0,0.0,0.0,0.0,0.0,0.017719005006826667
Kanara,Kitagwenda,Western,19056.24958229065,0.5621242020093918,0.8591341320474861,0.2970099300380943,4,0.11598423418135151,5659.895355224609,0.46353960312006487,0.5242741736668637,0.060734570546798816,0.7803424454181059,0.8734499612820776,0.08436027504083893,0.4608268037581271,-0.2536277239405939
Kanara,Ntoroko,Western,10156.69713318348,1.0,1.0,0.0,4,0.3878422948449869,0.0,0.6583119394287085,0.6919548286852287,0.03364288925652026,1.0,1.0,0.7012798866960847,1.0,-0.35474693827368203
Kanara Town Council,Ntoroko,Western,11748.86448764801,1.0,1.0,0.0,4,0.30189581177838787,0.0,0.07979622772332533,0.10727106488378778,0.02747483716046245,1.0,1.0,0.010701012419449703,1.0,0.00955131845050403
Kangai,Dokolo,Northern,21816.532592773438,0.0,0.024364620118723014,0.024364620118723014,9,0.11316720755930476,531.5515289306641,0.44325578267829524,0.4739727076614121,0.030716924983116844,0.5063530229858069,0.6809985491601813,0.0,0.2544800560269808,-0.35423969713539877
Kanginima,Butebo,Eastern,12858.980560302734,0.0,0.0,0.0,4,0.0384227704952399,0.0,0.0,0.0,0.0,0.0,0.0,0.0,0.0,-0.20069941887053108
Kango,Zombo,Northern,16987.644485473633,0.0,0.0,0.0,8,0.12213387922992491,0.0,0.0,0.05525963407517316,0.05525963407517316,1.0,1.0,0.0,0.0,-0.14598256018914127
Kangulumira,Kayunga,Central,63780.957931518555,0.0,0.0,0.0,4,0.02377748003729785,0.0,0.22816201708940573,0.3036869025961449,0.07552488550673916,0.0022627579580551524,0.0022627579580551524,0.0,0.0,0.2970828983970112
Kanoni,Kazo,Western,22405.91404724121,0.0,0.0,0.0,4,0.06286402681894776,0.0,0.33897185888972686,0.3875396035315952,0.04856774464186836,0.7452715439306836,0.8163683447293223,0.0,0.0,-0.14649064586367214
Kanoni Town Council,Gomba,Central,14922.710968017578,0.0,0.0,0.0,4,0.08237791431116315,0.0,0.0,0.0,0.0,1.0,1.0,0.0,0.0,0.15507148817791716
Kanungu Town Council,Kanungu,Western,18106.816986083984,0.0,0.0,0.0,4,0.02175349053169051,0.0,0.0,0.0,0.0,0.0,0.0,0.0,0.005721307373182241,0.08166001921101552
Kanyabwanga,Mitooma,Western,21079.801879882812,0.0,0.0,0.0,4,0.05136914599597053,0.0,0.2707081585724709,0.35559482034697515,0.08488666177450427,0.46032422560059955,0.5088898920520797,0.0,0.0,-0.36533860241957916
Kanyantorogo,Kanungu,Western,21898.962631225586,0.0,0.0,0.0,10,0.058908931566053424,0.0,0.0,0.0,0.0,0.5248978724322096,0.5673723273976199,0.0,0.0,-0.1332872848197613
Kanyaryeru,Kiruhura,Western,11037.008750915527,0.010579561353103078,0.02907005092599876,0.01849048957289568,4,0.0385692114838912,204.07969522476193,0.4808935105370665,0.5381921285820429,0.05729861804497638,1.0,1.0,0.003347029645592315,0.02907005092599876,-0.2933334751057131
Kanyegaramire,Kyenjojo,Western,25852.071983337402,0.12367862413149953,0.32352498079495184,0.1998463566634523,10,0.12373536380861005,5166.442398071289,0.8268519460579499,0.8817451395995423,0.05489319354159239,1.0,1.0,0.003581971280840321,0.0,-0.2980484199249932
Kanyum,Kumi,Eastern,53851.467544555664,0.0,0.0,0.0,5,0.047333825365705184,0.0,0.007756748034193152,0.052173007736740155,0.044416259702547006,0.4029924008504012,0.5155902036760351,0.0,0.0,-0.2468967156040494
Kapedo,Karenga,Northern,10664.35126543045,0.8612456576749763,1.0,0.1387543423250237,8,0.25778998445933676,1479.7250461578365,0.3039279225693704,0.3388586057026629,0.034930683133292506,1.0,1.0,0.8303790646236724,0.84961271634093,-0.26526360621105566
Kapeeka,Nakaseke,Central,35000.16584777832,0.0,0.011377093001175438,0.011377093001175438,4,0.07352168904625866,398.20014190673834,0.0,0.012685639351887679,0.012685639351887679,0.6586319004726913,0.6806814062278888,0.0,0.006023948462657017,-0.12049587935084201
Kapeke,Kiboga,Central,20592.526410102844,0.019291381945407308,0.05081594812666884,0.03152456618126154,4,0.0372303861319917,649.1704616546632,0.34781212106995923,0.368006345946433,0.020194224876473765,0.4283068481700064,0.44717400448403427,0.032590220757082636,0.08153101245794783,-0.24485394989986659
Kapelebyong,Kapelebyong,Eastern,16541.43451309204,0.9881269779777431,1.0,0.01187302202225693,8,0.25869242075734933,196.39681625366262,0.19593328143502659,0.24312545631419727,0.047192174879170684,0.7316371912817207,0.8058297688216617,0.012230000137430194,1.0,-0.3824722153731167
Kapelebyong Town Council,Kapelebyong,Eastern,9686.81489944458,1.0,1.0,0.0,8,0.31033178696626895,0.0,0.2489489785438987,0.3143100528895022,0.06536107434560351,0.04689365347229621,0.0922814129016884,0.0,1.0,-0.35991736415937514
Kapir,Ngora,Eastern,41072.89375305176,0.008658656857193664,0.03834014810195273,0.029681491244759065,5,0.05320398845146451,1219.104736328125,0.3471839365330513,0.43183451592598016,0.08465057939292886,0.8868804603061519,0.9282179746871793,0.002333844938564417,0.0045154435622257365,-0.2863039884121393
Kaproron,Kween,Eastern,5813.014427185059,0.0,0.009475541431278238,0.009475541431278238,5,0.04538980724931768,55.081459045410156,0.17342662046799093,0.22762627431325852,0.05419965384526759,0.0,0.0,0.0,0.08312245135888176,-0.3874396710592812
Kaproron Town Council,Kween,Eastern,1119.8869934082031,0.0,0.06977161310150459,0.06977161310150459,5,0.06243919610898607,78.13632202148438,0.0,0.11158381720611339,0.11158381720611339,0.0,0.0,0.0,0.20621954729853076,-0.4495903290868607
Kapsinda,Kapchorwa,Eastern,10272.454093933105,0.0,0.0,0.0,5,0.026811042880246577,0.0,0.0,0.0,0.0,0.0,0.016071513409965883,0.0,0.0,0.009403783711464074
Kaptanya,Kapchorwa,Eastern,10108.512386322021,0.0,0.0,0.0,5,0.03074091628033171,0.0,0.0,0.0,0.0,0.0,0.0,0.0,0.0,-0.21215840560440502
Kaptererwo,Bukwo,Eastern,10934.399917602539,0.0,0.0,0.0,7,0.07799050855033693,0.0,0.2629502438786246,0.30923727791579564,0.04628703403717105,0.0,0.025001951667986362,0.0,1.0,-0.22239098971010932
Kaptoyoy,Kween,Eastern,11488.622394561768,0.0,0.0,0.0,5,0.0230661340856059,0.0,0.0,0.03068276497385135,0.03068276497385135,0.028303911525094906,0.060500073911987015,0.0,0.0,-0.2740907635749507
Kaptum,Kween,Eastern,12367.214546203613,0.011913124659451177,0.048864047926794274,0.036950923267343096,5,0.04160806938319206,456.97999572753906,0.03504277521009473,0.09814874167343872,0.06310596646334399,0.011991958687239733,0.030842211723251006,0.0,0.11806169121828154,-0.3397712625313387
Kapujan,Katakwi,Eastern,18895.87553358078,0.021528515229295,0.0698386842734768,0.0483101690441818,5,0.07762414713439914,912.8629412651064,0.03615207319323501,0.08641308298701927,0.05026100979378426,1.0,1.0,0.0,0.034850116752945436,-0.31776008566586683
Kapyanga,Bugiri,Eastern,84637.22543334961,0.0,0.0,0.0,4,0.02175796463111887,0.0,0.0,0.0,0.0,0.24553847290384181,0.2580404482045927,0.0,0.0,-0.044589817193292615
Karago Town Council,Kabarole,Western,15623.973510742188,0.0,0.0,0.0,4,0.0035351305626253327,0.0,0.0,0.0,0.0,0.0,0.0,0.0,0.0,0.21341581032264845
Karama,Kibaale,Western,11728.107704162598,0.7871319347049027,1.0,0.21286806529509728,4,0.2345632326269198,2496.539596557617,0.9789957775858921,1.0,0.02100422241410793,1.0,1.0,0.0,0.05933867783428378,-0.3170880470282645
Karambi,Kabarole,Western,35061.601989746094,0.0,0.0,0.0,10,0.0073911426988585716,0.0,0.0,0.0,0.0,0.0,0.0,0.0,0.0,0.3728722197091001
Karambi,Kasese,Western,39882.20245361328,0.0,0.0,0.0,11,0.003710932914274101,0.0,0.0,0.0,0.0,0.0,0.0,0.0,0.0,0.12881006964012925
Karangura,Kabarole,Western,15141.58219909668,0.0,0.0,0.0,4,0.05670691439076103,0.0,0.0,0.023529100349109502,0.023529100349109502,0.10776158069185902,0.16232723062799795,0.0,0.0,-0.44235664423581894
Karenga Town Council,Karenga,Northern,9705.764507293701,1.0,1.0,0.0,8,0.4255569990451038,0.0,0.20449224665801666,0.22964401807699275,0.025151771418976093,0.07285991039035142,0.08456170915114955,0.010940915370671773,0.011430383885793894,-0.08474576992294863
Karita,Amudat,Northern,47630.44357299805,0.6142869804545639,0.865042301339056,0.25075532088449215,5,0.4737512974630409,11943.587162017822,0.5001114642478577,0.5723808069975777,0.07226934274971997,0.9939577322370003,1.0,0.8452347509037096,1.0,-0.48114019533300983
Karugutu,Ntoroko,Western,12076.561714172363,0.007804399036497776,0.009881572381742284,0.0020771733452445073,4,0.02152444496536876,25.08511209487915,0.14312316309635245,0.16022671706028524,0.017103553963932788,0.08777533877853831,0.0984035081049878,0.004948412900951955,0.008636749549235481,-0.13349800966383069
Karugutu Town Council,Ntoroko,Western,11520.974746704102,0.0,0.0,0.0,4,0.003451797605569462,0.0,0.0,0.0,0.0,0.0,0.0,0.0,0.0,0.2675803018261844
Karujubu Division,Masindi,Western,39823.81978416443,0.02387975052870669,0.03557368137977674,0.01169393085107005,4,0.03734322517143046,465.6969947814942,0.06314815582897174,0.09098829663816194,0.0278401408091902,0.2766136106816528,0.28634973417606335,0.023114732011797253,0.034158653094153446,0.09078610844045978
Karungu,Buhweju,Western,19867.891403198242,0.0,0.16746737180086224,0.16746737180086224,4,0.1372646018138015,3327.2235565185547,0.01888743356748465,0.08159763614229558,0.06271020257481093,0.0,0.013641288522200925,0.0,0.277887171729749,-0.10090648044275238
Karusandara,Kasese,Western,14506.31660079956,0.2653294182862291,0.2986425849619655,0.033313166675736416,10,0.08134650550027189,483.2513427734379,0.3216000141859673,0.37096473515073003,0.04936472096476274,1.0,1.0,0.17440716469249842,0.23683890616730596,-0.11047425326325006
Kasaali Town Council,Kyotera,Central,36175.70790100098,0.0,0.0,0.0,4,0.021751908434773704,0.0,0.002846640010780479,0.005316696047840871,0.002470056037060392,0.8894799158834565,0.9086499542097812,0.0,0.0,0.20564725609615436
Kasaana,Sheema,Western,20397.850158691406,0.0,0.0,0.0,4,0.026371270404975417,0.0,0.0,0.0,0.0,0.11142206400683272,0.15264982821824424,0.0,0.0,-0.05439959388177998
Kasagama,Lyantonde,Central,14172.69356918335,0.3718845285911555,0.5491587059086365,0.17727417731748096,4,0.09443019215266679,2512.4525928497314,0.38142456358123694,0.4678664220557653,0.08644185847452834,1.0,1.0,0.0,0.5359960427041975,-0.3199381894999564
Kasambya,Mubende,Central,38763.12875366211,0.5811205235299709,0.7148534545105447,0.13373293098057382,4,0.18869895562581784,5183.906822204592,0.45400785824278633,0.5120327049948125,0.05802484675202613,1.0,1.0,0.0,1.0,-0.3576140397065768
Kasambya,Kakumiro,Western,48711.61031341553,0.9271197823350659,1.0,0.07288021766493413,4,0.33668013570386734,3550.112762451174,0.5733724795761614,0.663077174940666,0.08970469536450454,0.7323299682519276,0.814574126304531,0.0,1.0,-0.3062091680441023
Kasambya Town Council,Mubende,Central,16437.164588928223,0.0,0.0814562682232503,0.0814562682232503,4,0.13785187352604644,1338.9100875854492,0.03950534546061004,0.07691343838442573,0.03740809292381569,1.0,1.0,0.0,1.0,0.029982101939454758
Kasangati Town Council,Wakiso,Central,235378.41506958008,0.0,0.0,0.0,4,0.013399113915384259,0.0,0.0,0.0,0.0,0.010351876490443918,0.01332495728916151,0.0,0.0,0.9876096875387554
Kasangombe,Nakaseke,Central,28565.841751098633,0.0,0.0,0.0,4,0.09001792524073976,0.0,0.040336482467101004,0.10600303535991831,0.06566655289281731,0.39843983527757537,0.483721903229718,0.0,0.0,-0.042918347092319876
Kasanje,Wakiso,Central,49754.65843176842,0.006391077192661405,0.07935198782490237,0.07296091063224096,4,0.10184577218450475,3630.1451873779297,0.2457780708380706,0.3393363333440545,0.0935582625059839,0.7152425185784268,0.7939389755688171,0.0,0.007772147542625669,-0.05491422371236766
Kasasa,Kyotera,Central,21673.351818084717,0.0,0.0026936549455318292,0.0026936549455318292,4,0.029751084123625204,58.38053131103516,0.013477709495015063,0.062287053620876234,0.04880934412586117,0.6508181121038217,0.6684422189023503,0.0,0.0,0.12095896049410279
Kasasira,Kibuku,Eastern,15643.22494506836,0.0,0.0,0.0,4,0.14051861947823036,0.0,0.042573325045214105,0.1045019062189757,0.0619285811737616,0.40965274863323486,0.6628851853922809,0.0,0.0,0.06846945527862285
Kasawo,Mukono,Central,45536.13284301758,0.0,0.0,0.0,4,0.023508645100416503,0.0,0.044182767467547845,0.0751346028456442,0.030951835378096357,0.6225227782280913,0.6796399824083289,0.0,0.0,-0.01364572605105209
Kasenda,Kabarole,Western,31088.652433395386,0.19027218466041254,0.2595646140597141,0.06929242939930155,10,0.08193171245783415,2154.208253860474,0.3343152137334633,0.36398268641669274,0.029667472683229446,0.9193472338418596,0.9626429936347989,0.020442958549333475,0.22632827181285756,-0.13570451929012814
Kaserem,Kapchorwa,Eastern,8323.212036132812,0.0,0.0,0.0,5,0.0023250789135985106,0.0,0.0,0.0,0.0,0.0,0.0,0.0,0.0,0.17211705775421304
Kashambya,Rukiga,Western,30657.842529296875,0.0,0.0,0.0,4,0.046301839776323794,0.0,0.0,0.0,0.0,0.21469194468566727,0.32860098835059764,0.0,0.0,-0.19498546095935596
Kashare,Mbarara,Western,29197.3984375,0.0,0.0,0.0,4,0.05039401428170254,0.0,0.07804860962945984,0.13627279123061384,0.058224181601154,0.7579629213001096,0.7824741658968646,0.0,0.0,-0.22178455881727047
Kashenshero,Mitooma,Western,13939.509552001953,0.0,0.0,0.0,4,0.053976383470063616,0.0,0.0,0.0,0.0,0.0,0.0,0.0,0.0,-0.13934968631434339
Kashenshero Town Council,Mitooma,Western,6513.463470458984,0.0,0.0,0.0,4,0.037805360668737964,0.0,0.0,0.0,0.0,0.0,0.0,0.0,0.0,0.2822815410496806
Kashongi,Kiruhura,Western,42977.19529724121,0.0018061194478917102,0.13270316491356965,0.13089704546567793,4,0.11925322439582409,5625.587886810303,0.4934721668914483,0.5321495009529681,0.0386773340615198,1.0,1.0,0.0,0.17421022325764324,-0.30100073753943296
Kashozi Division,Sheema,Western,16361.623947143555,0.0,0.0,0.0,4,0.053906030881259226,0.0,0.0,0.01321630914204692,0.01321630914204692,0.0,0.023339317784845187,0.0,0.0,-0.05603820880297793
Kashumba,Isingiro,Western,95878.65458402038,0.390576939386644,0.46276598535563074,0.07218904596898673,4,0.036892042426102556,6921.388603210447,0.13799510233244675,0.22307903097510084,0.0850839286426541,0.6674080410726818,0.7271566393121628,0.0,0.0,-0.14125784980528897
Kasilo Town Council,Serere,Eastern,5630.78239440918,0.0,0.07045276576646313,0.07045276576646313,5,0.09883981654302454,396.7041931152343,0.0,0.0,0.0,0.0,0.0,0.0,0.0,-0.07018853803051932
Kasimbi,Kibaale,Western,21371.812049865723,0.5792405960394593,0.9911518400448857,0.41191124400542634,4,0.24408990654427876,8803.28968811035,0.45975866578513946,0.573645521859493,0.11388685607435356,0.9144236021197486,0.9412105218098626,0.0,1.0,-0.274959860160436
Kasitu,Bundibugyo,Western,5434.453750610352,0.0,0.0,0.0,4,0.02504961791003929,0.0,0.0,0.0,0.0,0.0,0.0,0.0,0.0,-0.2233886779119232
Kasodo,Pallisa,Eastern,19254.082410812378,0.0,0.007070598887657603,0.007070598887657603,4,0.10428499858390944,136.1378936767578,0.004165172729003007,0.12537455615158774,0.12120938342258473,0.15523810556225184,0.23629189670735679,0.0,0.007070598887657603,-0.07098662341820727
Kasokwe,Kaliro,Eastern,19795.01629638672,0.0,0.057583596195660725,0.057583596195660725,4,0.028886460790269908,1139.8682250976562,0.01789563953948456,0.06133159724968875,0.04343595771020419,0.2563593056547473,0.4810345410138933,0.0,0.0,-0.038071759248546
Kassanda,Kassanda,Central,32108.107223510742,0.05846974222481977,0.22208299344468063,0.16361325121986087,4,0.10017476423581151,5253.311813354492,0.06840235477952349,0.09336707577910731,0.024964720999583828,0.2358451845838004,0.2879123603257742,0.0,0.8461363424944952,-0.13676471842287782
Kassanda Town Council,Kassanda,Central,29410.791160583496,0.0,0.10904740243563864,0.10904740243563864,4,0.09708274097997727,3207.170379638672,0.0,0.0,0.0,0.0,0.0,0.0,1.0,0.2428111251408556
Kasule,Kyegegwa,Western,40685.506118774414,0.0,0.0,0.0,4,0.09282197185795249,0.0,0.15968308744836668,0.21331190696711913,0.05362881951875245,1.0,1.0,0.0,0.7429672916362767,-0.40445504549950595
Katabi Town Council,Wakiso,Central,165169.6874730587,0.0,0.0,0.0,4,0.008670991310503848,0.0,0.0075531193538088005,0.010621190938067307,0.0030680715842585065,1.6628440376767327e-05,3.3328140450634735e-05,0.0,0.0,0.7314586120471787
Katakwi,Katakwi,Eastern,47414.34436225891,0.0,0.0,0.0,8,0.023544631353680595,0.0,0.2610730756619553,0.32505915744704494,0.06398608178508963,0.1490145312544735,0.16973952346697335,0.0,0.0,-0.3512942618202389
Katakwi Town Council,Katakwi,Eastern,8960.306182861328,0.0,0.0,0.0,8,0.003067063099228294,0.0,0.0,0.0,0.0,0.0,0.0,0.0,0.0,0.4085447855614473
Katanda,Rubirizi,Western,22983.13638305664,0.02529454762093746,0.07828521847138704,0.05299067085044958,10,0.07028349344941365,1217.8918151855469,0.06314102824517945,0.12485537183062183,0.06171434358544238,1.0,1.0,0.0,0.03307082865838869,-0.22825291046991178
Katebwa,Bunyangabu,Western,11085.578674316406,0.18628959487605862,0.2357971337724049,0.04950753889634629,4,0.09099869369666669,548.8197174072264,0.0,0.013763471830133949,0.013763471830133949,0.663608354116319,0.7137756710349726,0.13456459960404044,0.2357971337724049,-0.5360891907417319
Katenga,Mitooma,Western,20058.912231445312,0.0,0.0,0.0,4,0.02483125211306167,0.0,0.0,0.0,0.0,0.0,0.0,0.0,0.0,-0.15995684743920416
Katerera,Rubirizi,Western,8694.304481506348,0.0,0.0,0.0,10,0.08543677425716834,0.0,0.0,0.0,0.0,1.0,1.0,0.0,0.0,-0.21842231749674887
Katerera Town Council,Rubirizi,Western,11420.372383117676,0.0,0.0,0.0,10,0.06643501049445821,0.0,0.0,0.0,0.0,1.0,1.0,0.0,0.0,0.01992773239102989
Kateta,Serere,Eastern,73847.4792752266,0.3805533999195873,0.5328044795036354,0.1522510795840481,5,0.15134316790265656,11243.358444213867,0.34648657109732367,0.4180706766059761,0.07158410550865241,1.0,1.0,0.031205065466244748,0.448299662841098,-0.3269061401021717
Katete,Kanungu,Western,8258.695556640625,0.0,0.0,0.0,4,0.022189186317532195,0.0,0.0,0.0,0.0,0.0,0.0,0.0,0.0,-0.2505166298700555
Kathile,Kaabong,Northern,12742.064900636673,0.07821730856041063,0.1773837622515791,0.09916645369116846,4,0.13807064672743874,1263.5853888988497,0.07457368378873888,0.11221550861307886,0.037641824824339976,1.0,1.0,1.0,1.0,-0.18819736746248325
Kathile South,Kaabong,Northern,7863.9232177734375,0.0,0.0,0.0,4,0.09849327491421789,0.0,0.0635540556767138,0.15434496407855053,0.09079090840183673,0.8831926378288687,0.9241552717099131,1.0,1.0,-0.3373983272548684
Katiira,Budaka,Eastern,21863.305755615234,0.0,0.0,0.0,4,0.062484818245606866,0.0,0.0,0.0,0.0,0.8117565792492073,0.8779515998506263,0.0,0.0,-0.0569903523759199
Katikamu,Luwero,Central,56861.92760467529,0.0,0.0,0.0,4,0.10843033359957904,0.0,0.0,0.0,0.0,0.5368388067653145,0.5737656474282665,0.0,0.0,0.2172361772745382
Katikara,Kakumiro,Western,34990.04666137695,0.33953428296414884,0.8995773346359417,0.5600430516717929,4,0.16484394022304627,19595.932510375977,0.32558548150667804,0.368967193184138,0.043381711677459966,1.0,1.0,0.0,0.36627303799666544,-0.35061175524081295
Katikekile,Moroto,Northern,13040.986283302307,0.07012434026932891,0.10693284783606864,0.03680850756673973,4,0.06826243025688666,480.01924228668196,0.3742975681892247,0.42668362722656533,0.052386059037340615,0.3851867560682224,0.4302036994417905,0.1611256686428112,0.10693284783606864,-0.1482984059322544
Katine,Soroti,Eastern,49267.48077464104,0.0,0.0018883398681460118,0.0018883398681460118,5,0.04788219644239622,93.03374814987183,0.5376710909202279,0.603205681203805,0.06553459028357711,0.3072869542754654,0.35894154783797794,0.0,0.0010439031927661783,-0.4120644033642335
Katooke,Kyenjojo,Western,48629.04903411865,0.0,0.0,0.0,10,0.040804634809927076,0.0,0.5005397076947964,0.5619000092316224,0.061360301536826034,0.730950077340074,0.7727267004885662,0.0,0.24755908715868302,-0.2665986059902667
Katooke Town Council,Kyenjojo,Western,20458.905654907227,0.0,0.0,0.0,10,0.017048591992839757,0.0,0.10362075818876156,0.12879092290600483,0.025170164717243274,1.0,1.0,0.0,0.1216621253392785,-0.16443141682180748
Katrini,Arua,Northern,41472.445861816406,0.0,0.0,0.0,10,0.015732518083380997,0.0,0.0,0.005936937024085667,0.005936937024085667,0.017105263059015906,0.026558056634263787,0.0,0.0,-0.1561633969712922
Katuna Town Council,Kabale,Western,10951.343688964844,0.0,0.0,0.0,4,0.008426613382037484,0.0,0.0,0.0,0.0,0.0,0.0,0.0,0.0,0.29171498870444756
Katunguru,Rubirizi,Western,5313.751313120127,0.4323988048817531,0.5616552420314657,0.12925643714971258,10,0.10473610110989673,686.8365626335143,0.48909162306294274,0.5645263403249158,0.07543471726197304,1.0,1.0,0.14156682108477908,0.03930949294342448,-0.05832035130542305
Katwe-Butego Division,Masaka,Central,33171.63171386719,0.0,0.0,0.0,4,0.004946379105769297,0.0,0.0,0.0,0.0,0.0,0.0,0.0,0.0,0.9632629227637225
Katwe Kabatoro Town Council,Kasese,Western,7875.20588684082,0.0,0.0,0.0,4,0.024615797238746684,0.0,0.9836359345942122,1.0,0.01636406540578783,1.0,1.0,0.0,0.0,0.04748934295178719
Kawalakol,Karenga,Northern,6560.730468869209,1.0,1.0,0.0,8,0.4413832478797448,0.0,0.822901304847131,0.8511032619887569,0.028201957141625877,1.0,1.0,0.7670027892340545,0.7795267693792174,-0.2704465423739248
Kawempe Division,Kampala,Central,374249.9169921875,0.0,0.0,0.0,4,0.00041990749006760864,0.0,0.0,0.0,0.0,0.0,0.0,0.0,0.0,1.3876874580343868
Kawolo Division,Buikwe,Central,51806.61408996582,0.0,0.0,0.0,4,0.014404499794156103,0.0,0.05321997365384489,0.08913119286025695,0.035911219206412055,0.0,0.0,0.0,0.0,0.41946385727605107
Kawowo,Kapchorwa,Eastern,10555.234420776367,0.0,0.0,0.0,5,0.02197906638589381,0.0,0.0,0.0,0.0,0.0,0.0,0.0,0.0,0.0742859937837204
Kayonza,Kayunga,Central,67315.78547668457,0.042544409273859225,0.1294526895105338,0.08690828023667457,4,0.12259658843651866,5850.299148559571,0.29237746303475,0.37260399830142,0.08022653526667001,0.9580150782587292,0.9720780965915594,0.001121790686340001,0.11975231333809123,-0.20828109575085493
Kayonza,Kanungu,Western,38174.030462265015,0.05056056238327521,0.06635496025132065,0.015794397868045443,10,0.05371665709439649,602.9358253479004,0.11397268470175441,0.14924130847055042,0.03526862376879601,0.052272135941927825,0.07649821185236291,0.030894870040466586,0.056479345016190736,-0.20615238690390247
Kayonza,Ntungamo,Western,34319.55812072754,0.0,0.0,0.0,4,0.030654683251213816,0.0,0.03877218722353217,0.053878864998829226,0.015106677775297055,0.10491125793419612,0.13816754202199807,0.0,0.0,-0.04634634759715332
Kayunga,Kayunga,Central,50035.29441833496,0.0,0.0,0.0,4,0.027583367312278312,0.0,0.0849183328935269,0.13343747399401573,0.04851914110048883,0.08789072087194946,0.13302429730841825,0.0,0.0,0.022891567562619456
Kayunga Town Council,Kayunga,Central,33383.205726623535,0.0,0.0,0.0,4,0.00827238509862361,0.0,0.0,0.0,0.0,0.0,0.0,0.0,0.0,0.5541960895864902
Kazo,Kazo,Western,30558.69271850586,0.07796380231308032,0.2926347940721299,0.21467099175904958,4,0.10011079611439078,6560.0648727417,0.23235921592286243,0.3190495967890731,0.08669038086621064,0.3581118139818159,0.44301110068869515,0.0,0.28654788149748767,-0.262104382155871
Kazo Town Council,Kazo,Western,17400.552757263184,0.0,0.0,0.0,4,0.053809524157025,0.0,0.12678439385595244,0.1660208479008943,0.03923645404494186,0.0,0.0,0.0,0.0,-0.10321910198993979
Kebisoni,Rukungiri,Western,24256.19538116455,0.0,0.0,0.0,4,0.01647681535774559,0.0,0.0,0.026138372541548893,0.026138372541548893,0.18700835876647862,0.27872490447067,0.0,0.0,-0.15855712786152135
Kebisoni Town Council,Rukungiri,Western,5691.0517578125,0.0,0.0,0.0,12,0.000935264186299134,0.0,0.0,0.0,0.0,0.0,0.12987083849326522,0.0,0.0,0.1619223986282948
Kei,Yumbe,Northern,69414.812084198,0.12074872074143587,0.18514049921067402,0.06439177846923815,10,0.10238502848844222,4469.743202209473,0.33324432048529545,0.4013839343355576,0.06813961385026213,0.6169577296162849,0.6725834251612195,0.02364480975543225,0.009021373601328868,-0.16558727056716058
Keihangara,Ibanda,Western,13847.141708374023,0.0,0.0,0.0,4,0.08319297816000665,0.0,0.0,0.0,0.0,0.3459975845648487,0.4984206536186846,0.0,0.0,-0.23525998806754408
Kenshunga,Kiruhura,Western,34455.54885101318,0.005146133793145916,0.013905940610511883,0.008759806817365967,4,0.0650092020922543,301.8239517211914,0.4464551734312677,0.5283906786577428,0.08193550522647508,0.48645816057132546,0.5139859173153412,0.0052799306599235745,0.42198724751617667,-0.22842935272796816
Kerwa,Yumbe,Northern,35882.39270019531,0.268205315351076,0.804173220208416,0.53596790485734,10,0.22432381576996685,19231.810836791992,0.6518291860255101,0.6763020860646431,0.02447290003913305,0.9763622588030649,0.9840565743505377,0.004983449723368436,0.004983449723368436,-0.23545004961198793
Khabutoola,Manafwa,Eastern,16639.64633178711,0.0,0.0,0.0,5,0.0279809315581937,0.0,0.0,0.0,0.0,0.0,0.0,0.0,0.0,0.12741884471268172
Kibaale,Namutumba,Eastern,22998.5760345459,0.07410843417835133,0.1860708633549162,0.11196242917656488,4,0.07115612140829863,2574.9764404296875,0.0,0.0,0.0,0.11638576299120557,0.21139204300838016,0.0,0.0,-0.28253506577458476
Kibaale Town Council,Kibaale,Western,9836.241241455078,1.0,1.0,0.0,4,0.33764745910549676,0.0,0.05331670360544397,0.07750259573776504,0.024185892132321064,0.0,0.0,0.0,0.0,0.22747962174321384
Kibale,Pallisa,Eastern,22366.973175048828,0.0,0.0,0.0,4,0.024809113999560234,0.0,0.0,0.01693095216184541,0.01693095216184541,0.5790924898601317,0.6170631049860313,0.0,0.0,-0.18475974909502416
Kibalinga,Mubende,Central,49252.64404296875,0.0,0.0,0.0,4,0.06239312911567396,0.0,0.037694925600093944,0.06571660900630781,0.028021683406213867,0.8256301993486801,0.8556314780144691,0.0,0.9114345729823059,-0.22981046396069357
Kibanda,Rakai,Central,31652.27509689331,0.06320398989984012,0.37714430846721986,0.31394031856737975,4,0.20564452420198154,9936.925327301027,0.42108314354460424,0.527615979241,0.10653283569639577,0.8890287659041802,0.9210838627478051,0.0,0.36740200691655467,-0.00025102260503606253
Kibatsi,Ntungamo,Western,22841.858627319336,0.0,0.0,0.0,12,0.014026812357593399,0.0,0.0,0.0,0.0,0.07794244768882871,0.12529225032666502,0.0,0.0,0.007261769935480635
Kibibi,Butambala,Central,16722.36450958252,0.0,0.0,0.0,4,0.030178034463751224,0.0,0.0,0.0,0.0,0.0,0.015857885472280876,0.0,0.0,0.10633385000223108
Kibiga,Kiboga,Central,32494.69327545166,0.0,0.01354027031790939,0.01354027031790939,4,0.07740236079322727,439.98693084716797,0.11921259269564424,0.198419966145891,0.07920737345024675,0.47958546833209337,0.5362493539812576,0.0,0.04633116766028097,-0.1533738598793107
Kibiito,Bunyangabu,Western,22401.53448486328,0.0,0.0,0.0,10,0.023249122992197058,0.0,0.0,0.0,0.0,0.0,0.0,0.0,0.0,-0.06299941655068671
Kibiito Town Council,Bunyangabu,Western,17861.209869384766,0.0,0.0,0.0,10,0.00861222101695125,0.0,0.0,0.0,0.0,0.0,0.0,0.0,0.0,0.1995271379539017
Kibinge,Bukomansimbi,Central,36636.23008728027,0.0,0.0,0.0,4,0.06290674013266179,0.0,0.015373160087301,0.07818411096521886,0.06281095087791787,0.6405315039275432,0.7225310110215052,0.0,0.0,-0.008222897651709145
Kiboga Town Council,Kiboga,Central,23830.588500976562,0.0,0.0,0.0,4,0.0019400615275283577,0.0,0.0,0.0,0.0,0.0,0.0,0.0,0.0,0.6959795997410225
Kibuku,Kibuku,Eastern,16671.129791259766,0.0,0.0,0.0,4,0.13192141790188372,0.0,0.0,0.0,0.0,0.0,0.0,0.0,0.0,-0.16032925019578936
Kibuku Town Council,Kibuku,Eastern,12113.16976928711,0.0,0.0,0.0,4,0.11835310081964046,0.0,0.0,0.0,0.0,0.0,0.0,0.0,0.0,0.3490664724857506
Kibuuku Town Council,Ntoroko,Western,3165.9907331466675,0.07035428925928969,0.1332131555489272,0.06285886628963752,4,0.0333087168383317,199.01058816909784,0.819729727522079,0.9228007601712633,0.10307103264918438,0.9906455554171028,1.0,0.02010931998879484,0.043681239886174825,-0.4156516696581497
Kicheche,Kitagwenda,Western,36477.952545166016,0.0,0.0,0.0,4,0.05214055474039431,0.0,0.044697794010512,0.09299719900422213,0.048299404993710125,0.6045457174060934,0.6389531940523497,0.0,0.0,0.013155019188255472
Kichwamba,Rubirizi,Western,21230.99140319228,0.2815251032124147,0.30599939186128355,0.024474288648868858,10,0.08294223312449844,519.6134119033811,0.37318384520752,0.3982885442780657,0.02510469907054569,0.6141958848381999,0.6704634971135247,0.22056814234993039,0.10334377519877071,0.11807161023349166
Kicuzi,Ibanda,Western,20381.76683807373,0.04958412861426024,0.16336939680680837,0.11378526819254814,4,0.12302226059169785,2319.144805908203,0.17915427211360954,0.19961605065138632,0.02046177853777678,0.9827156291031816,1.0,0.0,0.059268053343589464,-0.06727639743617747
Kicwamba,Kabarole,Western,8195.771102905273,0.0,0.0,0.0,4,0.013084370104476772,0.0,0.0,0.0,0.0,0.0,0.0,0.0,0.0,-0.04285743230508235
Kidera,Buyende,Eastern,88675.75422239304,1.0,1.0,0.0,4,0.183662529833732,0.0,0.3340798616827943,0.37071798909809744,0.036638127415303146,0.41034134127754346,0.42887912709711895,0.0,1.0,-0.2520631674783146
Kidetok Town Council,Serere,Eastern,8198.428009033203,0.0,0.1362042683599239,0.1362042683599239,5,0.10960199878913346,1116.660888671875,0.0,0.0,0.0,0.8671313929864699,1.0,0.0,0.04236452145037555,-0.29305460376160547
Kidongole,Bukedea,Eastern,37442.60664367676,0.0,0.0,0.0,4,0.10591738031499487,0.0,0.18385298825853658,0.28787657107379294,0.10402358281525637,0.0,0.0569188679941795,0.0,0.0,-0.2751500344809342
Kifamba,Rakai,Central,17865.84295654297,0.0,0.0,0.0,4,0.13188987447559264,0.0,0.025838971656053956,0.08978434702045704,0.06394537536440309,0.22009729248936924,0.5460358547622723,0.0,0.0,0.1573024663084838
Kigambo,Kyegegwa,Western,27911.405334472656,0.24264825042327476,0.7269935096173584,0.48434525919408367,10,0.09427969115495671,13518.756851196289,0.3530737181734552,0.4442157974844832,0.09114207931102802,1.0,1.0,0.0,0.0,-0.2825201652998538
Kiganda,Kassanda,Central,52696.85908508301,0.06927777121158708,0.11293001941600898,0.0436522482044219,4,0.038500660765026784,2300.3363723754887,0.21569945615103286,0.28213694242434406,0.0664374862733112,0.12324163359343329,0.1497060786558484,0.0,1.0,-0.06655264536897217
Kigandalo,Mayuge,Eastern,32238.547912597656,0.0,0.012402085444854695,0.012402085444854695,4,0.1423253618790138,399.8252258300781,0.0,0.0,0.0,0.0,0.0,0.0,0.04281042397699633,-0.14121194051884894
Kigando,Mubende,Central,56207.0691986084,0.44392764036383003,0.5805204069584806,0.13659276659465058,4,0.1642852692673913,7677.479084014891,0.4840159534850634,0.5242810112008102,0.04026505771574679,1.0,1.0,0.03748025239457341,1.0,-0.37901424469618944
Kigaraale,Kyenjojo,Western,32570.5330657959,0.016439943332024285,0.20789660751910413,0.19145666418707985,10,0.13564553050741557,6235.845611572266,0.5634034079214414,0.6337355709797771,0.07033216305833567,1.0,1.0,0.0,0.94688139430799,-0.2276024203751431
Kigarama,Sheema,Western,24754.822784423828,0.0,0.0,0.0,4,0.040257940745159426,0.0,0.1826356257202895,0.24825747357199804,0.06562184785170855,0.026079523609805564,0.03409195571493406,0.0,0.0,-0.06851241016831384
Kigorobya,Hoima,Western,92070.85977375507,0.03466689229127986,0.07461763992340449,0.03995074763212463,4,0.06254097411937964,3678.2996830940247,0.14442262105346187,0.21851335539811376,0.07409073434465188,0.29500955416340535,0.33509747936133005,0.0,0.05436637155464396,-0.31582261500637937
Kigorobya Town Council,Hoima,Western,11489.255432128906,0.0,0.0,0.0,4,0.03690890258581553,0.0,0.0,0.0,0.0,0.0,0.0,0.0,0.0,-0.0902946902172382
Kigulya Division,Masindi,Western,16850.658275604248,0.0,0.0,0.0,4,0.01924112165740946,0.0,0.1217310995936772,0.18124642201175822,0.059515322418081024,0.0,0.0028891032848081433,0.0,0.0,-0.018495911426495863
Kigumba,Kiryandongo,Western,57823.981842041016,0.019804109724012756,0.023387309150109423,0.003583199426096667,4,0.026828099057014387,207.19485855102548,0.19953571125823655,0.26075438835577924,0.061218677097542695,0.919179082468477,0.9395823214110063,0.021245013969953014,0.342413452222327,-0.3868023358288906
Kigumba Town Council,Kiryandongo,Western,24563.026763916016,0.0,0.0,0.0,4,0.0019705218545435776,0.0,0.0,0.0,0.0,0.8031710286730038,0.8031710286730038,0.0,0.08819268063441721,0.5090081470085311
Kigwera,Buliisa,Western,19721.938551664352,0.025229387399448203,0.033386257641605604,0.008156870242157402,10,0.027198853648683463,160.8692936897278,0.05613438086101076,0.10078562265598734,0.04465124179497658,0.0,0.0,0.025229387399448203,1.0,-0.15103711514905246
Kihihi,Kanungu,Western,21548.8174610734,0.15870859371158877,0.1712211659874282,0.012512572275839434,10,0.07242507709206392,269.6311359405517,0.31802627178002546,0.34582740278290236,0.0278011310028769,1.0,1.0,0.10062391895836252,0.24958293270416265,-0.24403723178976477
Kihiihi Town Council,Kanungu,Western,23542.057342529297,0.0,0.0,0.0,10,0.05238639123648947,0.0,0.0,0.0,0.0,0.9231585039960254,0.9443029250411574,0.0,0.0,0.17221816650663513
Kihungya,Buliisa,Western,17313.819984436035,0.11334090692939375,0.18406086420391712,0.07071995727452338,4,0.07670760466087134,1224.4326095581055,0.14724675539626078,0.16496734046490905,0.017720585068648265,1.0,1.0,0.0,0.14813602534737005,-0.2583245258158064
Kihuura,Kyenjojo,Western,43654.30553436279,0.0,0.0,0.0,10,0.028120520874715504,0.0,0.5672214315081812,0.6536148753388964,0.08639344383071523,0.987649005540361,1.0,0.0,0.021209997058061814,-0.2515074854178439
Kijangi,Kakumiro,Western,16003.566284179688,1.0,1.0,0.0,4,0.2788046584400967,0.0,0.2102435463698792,0.34780885993314403,0.13756531356326485,0.0,0.0,0.0,1.0,-0.3030380998814542
Kijomoro,Maracha,Northern,37019.11895751953,0.0,0.0,0.0,10,0.021435354862244987,0.0,0.0,0.02062048791052653,0.02062048791052653,0.14397126086572593,0.20660954658938807,0.0,0.0,-0.15800137984202023
Kijongo,Ibanda,Western,9869.09439086914,0.0,0.0,0.0,4,0.08766931884252538,0.0,0.0,0.0,0.0,0.14891532802692312,0.27441755441633664,0.0,0.0,-0.08548843212563907
Kijura Town Council,Kabarole,Western,11068.85842514038,0.2033281163857882,0.34147192236119644,0.13814380597540823,4,0.1496238671312804,1529.0942306518555,0.19058508486889633,0.23537297374101718,0.044787888872120846,1.0,1.0,0.1930833861515178,0.34147192236119644,-0.13303419339812078
Kikaatsi,Kiruhura,Western,24533.955911636353,0.07379475417057013,0.2161012459827712,0.14230649181220106,4,0.120251262784288,3491.3411960601807,0.909157825383764,0.9443875710708782,0.03522974568711423,0.955352877154418,0.9664781019518995,0.024669402577468743,0.5492716917300233,-0.39087700725608254
Kikagate,Isingiro,Western,66781.29647064209,0.43400008071441104,0.6467733223990276,0.2127732416846166,4,0.06551166103806572,14209.272933959963,0.0687116745461738,0.08650710773504296,0.017795433188869156,0.34928052887397765,0.3982796814987738,0.0,0.12908776949450848,-0.08906008862601726
Kikamulo,Nakaseke,Central,23988.273471832275,0.0,0.0,0.0,4,0.03503094766459944,0.0,0.08845553084239566,0.1807699136359761,0.09231438279358045,0.0012791256634864926,0.004200007918928528,0.0,0.0,-0.12637463016967013
Kikandwa,Mityana,Central,35717.35859680176,0.0,0.033345975554100044,0.033345975554100044,4,0.07920582764452455,1191.0301666259766,0.03449665578459536,0.07431583472513614,0.03981917894054078,0.5506614944142477,0.6016070387009418,0.0,0.0,-0.0533353767566165
Kiko Town Council,Kabarole,Western,15092.615600585938,0.0,0.0,0.0,10,0.022987278828762503,0.0,0.0,0.0,0.0,0.051839003848067854,0.0714879144520719,0.0,0.0,0.03544277643569986
Kikuube Town Council,Kikuube,Western,25110.394874572754,0.0,0.0,0.0,10,0.05020174140830008,0.0,0.2522474626742657,0.2730925306063882,0.02084506793212254,0.09349783164784423,0.1274899183360623,0.0,0.0,-0.30512656514867537
Kikwaya,Kakumiro,Western,18402.511932373047,1.0,1.0,0.0,4,0.21637897322382083,0.0,0.5968228728460447,0.6556797074817118,0.058856834635667044,0.0,0.014305164052656775,0.0,1.0,-0.25043142873957924
Kikyenkye,Ibanda,Western,14310.723724365234,0.0,0.0,0.0,4,0.04090128500190168,0.0,0.08364088367740696,0.20715835590395015,0.12351747222654319,0.0,0.0,0.0,0.0,-0.16837669776071482
Kikyusa,Luwero,Central,43320.7251701355,0.2411414805317799,0.8443113045472577,0.6031698240154778,4,0.2705029722006238,26129.75417709351,0.32409911169640054,0.3543699098654405,0.030270798169039936,1.0,1.0,0.0,0.22746211557214757,-0.22542733986733207
Kilembe,Kasese,Western,18937.030403137207,0.22565865938440455,0.24609064350199109,0.020431984117586538,4,0.09375851763743986,386.9211044311528,0.3190248271263337,0.3416419767999183,0.022617149673584636,0.23489438134508595,0.24629815870974708,0.2398091261423538,0.26263490600227357,0.06423519737604429
Kimaanya-Kyabakuza Division,Masaka,Central,44994.53909301758,0.0,0.0,0.0,4,0.001249460214742447,0.0,0.0,0.0,0.0,0.0,0.0,0.0,0.0,0.8512185649757705
Kimengo,Masindi,Western,18462.64506673813,0.3376427358722466,0.44018193863548727,0.10253920276324069,10,0.1302925251372531,1893.1449060440063,0.7346881509270253,0.7745143510931478,0.03982620016612248,0.9941482031544046,0.9976888656597451,0.07746778954876643,0.4840909360361791,-0.3111304586948767
Kimenyedde,Mukono,Central,45014.810455322266,0.0,0.0,0.0,4,0.03535570074761826,0.0,0.0828785639695899,0.11490886175890344,0.032030297789313544,0.09627658464830745,0.1381897548262909,0.0,0.0,0.14086418675970316
Kinaaba,Kanungu,Western,9726.85205078125,0.0,0.0,0.0,4,0.097340168263369,0.0,0.0,0.0,0.0,0.0,0.019813982122096858,0.0,0.2949760597613736,-0.23403497720926272
Kinoni,Nakaseke,Central,8117.299370288849,1.0,1.0,0.0,4,0.20092308205510245,0.0,0.986933802964148,0.9959160345485449,0.008982231584396927,1.0,1.0,0.48380446275191824,1.0,-0.3307151631564108
Kinoni,Kiruhura,Western,27419.99320793152,0.22607596966102317,0.4430161996851647,0.21694023002414153,4,0.15215911564245888,5948.4996337890625,0.5031023069716519,0.548207176325758,0.04510486935410607,0.9575945764544714,0.9751574594219656,0.0024327944988012285,0.9329648308150713,-0.23657304971999824
Kinoni Town Council,Rwampara,Western,18175.98583984375,0.0,0.0,0.0,4,0.01494643008130564,0.0,0.15983442380927423,0.24858945330348878,0.08875502949421454,0.04419530436695691,0.09449916714865458,0.0,0.0,0.00022591750021674187
Kinuuka,Lyantonde,Central,11409.292097091675,0.0,0.016104256534541565,0.016104256534541565,4,0.05812812089874608,183.73816680908203,0.11704136388195248,0.19474743978290376,0.07770607590095129,1.0,1.0,0.0,0.0197865621855336,-0.27613993758722916
Kinyamasrke Town Council,Kasese,Western,12223.386611938477,0.0,0.0,0.0,4,0.010721946715179703,0.0,0.0,0.0,0.0,0.0,0.0,0.0,0.0,-0.056379858152926135
Kinyogoga,Nakaseke,Central,15195.532357215881,0.8918971109010825,0.9578698463143703,0.06597273541328785,4,0.18691944948407424,1002.4908356666576,0.6220141711218062,0.660102413161877,0.038088242040070774,0.9976597470624274,1.0,0.028417595459159832,0.9663724216428488,-0.4064367895266966
Kira Division,Wakiso,Central,191983.50708007812,0.0,0.0,0.0,4,0.006777965549957382,0.0,0.0,0.0,0.0,0.044504274106568355,0.05666463966303545,0.0,0.0,1.06867898847652
Kirewa,Tororo,Eastern,36770.25491333008,0.0,0.0,0.0,4,0.11060783476275782,0.0,0.04442978164887303,0.18215289825932518,0.13772311661045214,0.10805254712458749,0.17618756359367652,0.0,0.17089525337370587,-0.15436822815704157
Kirika,Kibuku,Eastern,14919.624206542969,0.0,0.18970848179680636,0.18970848179680636,4,0.1761945022947211,2830.3792572021484,0.03178785684226428,0.1111635098034646,0.0793756529612003,0.2049096258814461,0.33064364609510205,0.0,0.06965284824151097,-0.2383772090297259
Kiriki,Kween,Eastern,4218.087749481201,0.0,0.3236597511131836,0.3236597511131836,5,0.39993179030041215,1365.2252311706545,0.12179902065156631,0.1667548199422346,0.044955799290668286,0.8509187605933953,0.9645680425345083,0.04508107756480635,0.9925369338418689,-0.38554607848438877
Kirima,Kanungu,Western,18959.505767822266,0.0,0.0,0.0,4,0.030358358523945222,0.0,0.0,0.0,0.0,0.04828433055379146,0.06605506136108556,0.0,0.0,-0.08337592366710901
Kiringente,Mpigi,Central,27984.811752319336,0.0,0.0,0.0,4,0.01628013790626104,0.0,0.0,0.0,0.0,0.47648264482080344,0.5431199889539263,0.0,0.0,0.34439531787017585
Kirugu,Rubirizi,Western,13172.30103111267,0.06266716978647614,0.08431902174767984,0.0216518519612037,10,0.044183401652155174,285.2047119140624,0.0058404472175771025,0.06727880807297348,0.06143836085539638,1.0,1.0,0.0,0.0,0.08033230797780942
Kiruhura Town Council,Kiruhura,Western,7432.763557434082,0.0,0.0,0.0,4,0.051339799628279226,0.0,0.06413953537952238,0.08206189093358136,0.01792235555405898,1.0,1.0,0.0,0.7337313647226955,-0.1208526857593283
Kirumba,Kyotera,Central,29666.605125427246,0.0,0.0,0.0,4,0.05444193130963643,0.0,0.0,0.0,0.0,0.12343690642795527,0.1822511721933717,0.0,0.0,-0.08578003318478213
Kirumya,Bundibugyo,Western,14923.815460205078,0.0,0.0,0.0,4,0.03420548026170414,0.0,0.0,0.0,0.0,0.0,0.0,0.0,0.0,-0.21643622141455615
Kirundo,Kisoro,Western,5505.859222412109,0.0,0.0,0.0,11,0.0966212118758189,0.0,0.0,0.0,0.0,0.0,0.0,0.0,0.0,-0.10370595988800772
Kiryandongo,Kiryandongo,Western,106483.96399116516,0.46290160121281004,0.49602384040707,0.03312223919425994,10,0.15227109130353678,3526.9873256683345,0.6218553236849389,0.6534547625603709,0.03159943887543204,0.7530095092256883,0.7608324180663179,0.44040597173273627,0.9970501321967181,-0.31365726069161226
Kiryandongo Town Council,Kiryandongo,Western,6891.797180175781,0.0,0.0,0.0,9,0.0015232898535166885,0.0,0.0,0.0,0.0,0.0,0.0,0.0,1.0,0.3757842339944385
Kiryanga,Kagadi,Western,37347.86525726318,0.17864931792853442,0.5279695743273274,0.34932025639879294,4,0.11488814857764384,13046.365867614746,0.6231536085944226,0.6895469877342424,0.0663933791398198,0.9779675704015085,0.9942330423423751,0.0,1.0,-0.2086798373780559
Kisekka,Lwengo,Central,57826.395362854004,0.0,0.0,0.0,4,0.06432292787704158,0.0,0.0,0.003104649958135003,0.003104649958135003,0.4050829629241099,0.437097719074667,0.0,0.0,0.2418183965585511
Kisiita,Kakumiro,Western,34289.3037109375,0.961150969631764,0.9932949031822145,0.03214393355045042,4,0.15777502704264323,1102.193099975588,0.440886122654013,0.5051974791552076,0.06431135650119463,1.0,1.0,0.0,0.610586205327446,-0.3107634304839207
Kisiita Town Council,Kakumiro,Western,19285.297561645508,0.45588349616333146,0.8290096675466099,0.3731261713832784,4,0.09659248216231298,7195.849243164063,0.5781610919856814,0.694227939819103,0.11606684783342158,1.0,1.0,0.0,0.11551169916427774,-0.32535778606579097
Kisinda,Kaliro,Eastern,12760.999038696289,0.0,0.49915415112757094,0.49915415112757094,4,0.29423341294059613,6369.705642700195,0.3822646125973064,0.5441496055541748,0.16188499295686842,1.0,1.0,0.0,0.7035682131469878,-0.1487422967098888
Kisinga,Kasese,Western,20295.490234375,0.0,0.030720515140996437,0.030720515140996437,4,0.06597518051834023,623.4879150390625,0.04937355037862957,0.07847867808244423,0.02910512770381466,0.16840829580517053,0.20134492276897376,0.01895543765928603,0.052874814682554845,-0.2208391502252881
Kisinga Town Council,Kasese,Western,29259.031661987305,0.03461148801355933,0.0443380739069973,0.009726585893437972,4,0.04525965965439818,284.5904846191407,0.03461148801355933,0.05342201197151696,0.018810523957957632,0.14276715732011175,0.18638744724175707,0.02548602234870471,0.08738675415435676,0.1633092871404923
Kisojo,Kyenjojo,Western,29151.419120788574,0.0,0.052062442843977055,0.052062442843977055,10,0.058972188026219285,1517.694091796875,0.27435958344002176,0.30696095255309597,0.03260136911307421,0.9943568953238349,0.9943568953238349,0.0,0.44789477534783806,-0.33299538510472165
Kisoko,Tororo,Eastern,22579.177703857422,0.0,0.0,0.0,4,0.13974301743986006,0.0,0.0,0.0,0.0,0.10253818863705158,0.4154078428338697,0.0,0.0,-0.07215110640622907
Kisomoro,Bunyangabu,Western,28472.744049072266,0.0,0.0,0.0,4,0.017353396584247005,0.0,0.0,0.0,0.0,0.0,0.0,0.0,0.0,-0.0672803261480288
Kisozi,Kamuli,Eastern,35451.99105834961,0.0,0.0,0.0,4,0.06615715605390338,0.0,0.0,0.0,0.0,0.2980828128898547,0.38748782426858114,0.0,0.0,0.08338323238982437
Kisubba,Bundibugyo,Western,21625.003005981445,0.06466323641656771,0.07765995282369752,0.012996716407129807,4,0.0695284673220804,281.0540313720705,0.08618302927848911,0.10748426833002107,0.02130123905153196,0.10915719632023058,0.1361621001813212,0.07765995282369752,0.07765995282369752,-0.39788129494627456
Kitagata,Sheema,Western,7972.655426025391,0.0,0.0,0.0,4,0.03243051221125037,0.0,0.0,0.0,0.0,0.0,0.0,0.0,0.0,-0.01606364491486409
Kitagata Town Council,Sheema,Western,13055.143524169922,0.0,0.0,0.0,4,0.006617703221273474,0.0,0.0,0.0,0.0,0.0,0.0,0.0,0.0,0.17953575527427656
Kitaihuka,Kakumiro,Western,20085.324577331543,1.0,1.0,0.0,4,0.3061662234470921,0.0,0.31080044690762926,0.369130046826598,0.058329599918968744,0.4851893616400862,0.5510107909724793,0.0,1.0,-0.3677875612109469
Kitanda,Bukomansimbi,Central,33109.0287399292,0.13467337490393833,0.7479366476634288,0.6132632727594904,4,0.27157865634121636,20304.551322937008,0.012429649276180631,0.02835398336238324,0.01592433408620261,0.9939353088021151,1.0,0.0,0.061325969391314634,-0.11951213175530997
Kitawoi,Kween,Eastern,11248.689037322998,0.04968897473237627,0.052789769756762826,0.0031007950243865587,5,0.04270391969426629,34.879878997802784,0.052789769756762826,0.056309293724294225,0.003519523967531399,0.5107102142722033,0.5599170173476636,0.047287358371604186,0.05946047269880783,-0.25772106513253884
Kitayunjwa,Kamuli,Eastern,49418.7227935791,0.0,0.0,0.0,4,0.048953273146917886,0.0,0.04842136959318273,0.11197978182774627,0.06355841223456354,0.3256960377836339,0.4384601622489707,0.0,0.0,0.04666565370060636
Kitenga,Mubende,Central,85907.32238769531,0.051518073033274034,0.15025809444931718,0.09874002141604314,4,0.07714205960654008,8482.490852355957,0.334341249534096,0.38072936773529076,0.04638811820119476,0.9610626802213589,0.9682256400111308,0.005740616447436155,1.0,-0.26701499721334127
Kitgum Matidi,Kitgum,Northern,21564.948579788208,0.0,0.0,0.0,7,0.051132964543070314,0.0,1.0,1.0,0.0,0.9388379291718506,0.945778717033077,0.0,0.0,-0.12778040009693012
Kitholhu,Kasese,Western,19781.072784423828,0.14172734932044442,0.1835674676273149,0.04184011830687048,4,0.0608716856647703,827.6424255371089,0.3264517268111572,0.3623190883055419,0.035867361494384686,0.5115680468037123,0.5856589341364214,0.1421598161070364,0.1835674676273149,-0.34701093139605765
Kitimbwa,Kayunga,Central,59293.31859207153,0.0,0.0,0.0,4,0.10456938248506836,0.0,0.12382173860886224,0.2092686639423259,0.08544692533346367,0.99660578721156,1.0,0.0,0.0,-0.08322152232707979
Kito,Nakaseke,Central,13072.402034759521,0.0,0.0,0.0,4,0.08894898402588919,0.0,0.010155047386746326,0.07594367842627184,0.06578863103952551,0.8769241325901876,0.9376208548417966,0.0,0.0046959498489353825,-0.3048670901375282
Kitoba,Hoima,Western,49083.31131744385,0.0,0.0,0.0,4,0.029184183298598343,0.0,0.11047394852554877,0.1505272967101744,0.04005334818462562,0.5864748771612347,0.6332087290762848,0.0,0.0,-0.2231413917193339
Kitswamba,Kasese,Western,25872.848083496094,0.06246742353551383,0.0806663975934574,0.018198974057943566,10,0.04654555294623497,470.8592910766603,0.10163217619083059,0.12716233284592285,0.025530156655092257,0.3918139332926308,0.4494552428919675,0.03754194557993497,0.06246742353551383,-0.13315008028304343
Kitumba,Kabale,Western,24831.228788375854,0.0,0.0,0.0,4,0.013185360606830579,0.0,0.0,0.0,0.0,0.0,0.0,0.0,0.0,0.18290587844401385
Kitumbi,Kassanda,Central,80562.95777130127,0.21917411472354933,0.5689219248239676,0.34974781010041833,4,0.18926635655277235,28176.718055725098,0.23862636334068216,0.33504638547643834,0.09642002213575618,0.9352245778794435,0.9456124273641582,0.0,0.5231349305365026,-0.24521376502221343
Kituntu,Mpigi,Central,28044.747619628906,0.0,0.008496607654203923,0.008496607654203923,4,0.07934114620458987,238.28521728515622,0.3496475741615107,0.4169811735698224,0.06733359940831168,0.1536791685602274,0.18638990833038413,0.0,0.018591899200571544,-0.10302743234740476
Kitura,Kiruhura,Western,21626.18263244629,0.0,0.0,0.0,4,0.13692132527280332,0.0,0.0,0.0,0.0,1.0,1.0,0.0,0.0,-0.19420014630914426
Kituti,Kibuku,Eastern,11474.453216552734,0.0,0.0,0.0,4,0.11337289055643729,0.0,0.0,0.0,0.0,0.0,0.0,0.0,0.0,-0.16583309530305498
Kitwe Town Council,Ntungamo,Western,22359.30361175537,0.12464292148595017,0.8309761613805161,0.706333239894566,4,0.1650948796868974,15793.119361877441,0.5392467832577712,0.6674013671447088,0.12815458388693757,0.23029916174710333,0.28959321853617864,0.0,1.0,-0.0020991287334399204
Kityerera,Mayuge,Eastern,63168.89307022095,0.04941280853900229,0.15497082854201472,0.10555802000301243,4,0.1579217397815933,6667.983278274536,0.0816458016879429,0.15406183055243497,0.07241602886449207,0.0,0.0,0.0008797164291202375,0.9168546111277187,-0.04771232675805797
Kiwoko Town Council,Nakaseke,Central,14165.168502807617,0.0,0.0,0.0,4,0.007277543098396129,0.0,0.0,0.0,0.0,0.0,0.0,0.0,0.0,0.3026194916180332
Kiyanga,Mitooma,Western,23288.806640625,0.0,0.0,0.0,10,0.06219539498149751,0.0,0.01713361333787716,0.03320991138132262,0.016076298043445462,1.0,1.0,0.0,0.0,-0.36788446106568384
Kiyombya,Bunyangabu,Western,12478.683135986328,0.0,0.0,0.0,10,0.0638577983544007,0.0,0.47211205313072363,0.5998016395093146,0.127689586378591,0.047675932624233745,0.07004623351577709,0.0,0.0,-0.19747270464696198
Kiyuni,Mubende,Central,27923.364707946777,0.0,0.0,0.0,10,0.11069453456602518,0.0,0.07330445815394311,0.1101435261298045,0.036839067975861395,0.4559441936508713,0.6451942404564441,0.0,1.0,-0.23058692160893823
Kiziba,Rakai,Central,25726.553466796875,0.00671910170348811,0.5559705647126565,0.5492514630091684,4,0.26213002227190185,14130.347129821776,0.18067610477021215,0.2838953672836186,0.10321926251340643,1.0,1.0,0.0,1.0,-0.16262180285928918
Kiziranfumbi,Kikuube,Western,24388.302444458008,0.0,0.0,0.0,10,0.038475060719420084,0.0,0.17838798284681864,0.28050229628882506,0.10211431344200642,0.4503128340320797,0.4802037740592118,0.0,0.0,-0.23810099945555752
Kkingo,Lwengo,Central,39458.64988708496,0.0,0.0,0.0,4,0.017437293741983412,0.0,0.011499095923130897,0.03408010299751963,0.02258100707438873,0.4745320878305201,0.5074411671322261,0.0,0.0,0.21114757209090537
Kobulubulu,Kaberamaido,Eastern,25862.242906332016,0.05277359912500221,0.1712837505316186,0.11851015140661639,9,0.10375289143039856,3064.938322544098,0.35026875366346333,0.4324969809965631,0.08222822733309976,0.5983226342916824,0.6240840322059042,0.0,0.5010883476317873,-0.30565727168068096
Kobwin,Ngora,Eastern,48502.42559850216,0.13691837265513318,0.21196871680768856,0.07505034415255538,5,0.19214837575728883,3640.1237334012985,0.1293818869336136,0.2039714647569309,0.0745895778233173,0.29978995725867597,0.3906191272179203,0.08380601792937656,0.1843155981381407,-0.3183697316526481
Koch-Goma,Nwoya,Northern,23263.043170928955,0.0032346577131912545,0.03887953826091368,0.03564488054772243,8,0.07674248864569388,829.2083950042726,0.8979800051033808,0.9234280241373661,0.025448019033985303,0.8919276252144345,0.9138909709727703,0.01045576497779786,0.19908785764421186,-0.2725222321464112
Kochi,Yumbe,Northern,62356.11643028259,0.04076370521099629,0.09936326855938378,0.05859956334838749,10,0.09061868907557946,3654.041194915771,0.3104385224474326,0.3879166074712349,0.07747808502380232,0.8193941601575283,0.8445655206580059,0.0,0.0,-0.03617414329006501
Kole Town Council,Kole,Northern,12241.50072479248,0.0,0.0,0.0,8,0.0393406130309073,0.0,0.0,0.02535580182400486,0.02535580182400486,0.543071622310034,0.7425671359360732,0.0,0.0,-0.19335920761194741
Kolir,Bukedea,Eastern,43300.32772064209,0.05990897420658754,0.250514290553465,0.1906053163468775,5,0.104365295171028,8253.272663116455,0.18888381676013605,0.28851037006282215,0.0996265533026861,0.9540450667844379,0.9889093949587886,0.015314541112161777,0.13460459465742863,-0.32289064020800606
Koome Island,Mukono,Central,21016.372079730034,1.0,1.0,0.0,1,,0.0,0.3282049201439038,0.39060525202357854,0.06240033187967475,1.0,1.0,0.09599083511393361,1.0,-0.1991024666053061
Koro,Omoro,Northern,40558.3331451416,0.0,0.0,0.0,8,0.05023896433549868,0.0,0.28101071025877655,0.3584965346797032,0.07748582442092666,0.6422507978574078,0.6744251496146864,0.0,0.0,0.00981103152204451
Kortek,Bukwo,Eastern,7774.04020690918,0.0,0.0,0.0,5,0.05279348774104611,0.0,0.0,0.0,0.0,0.023148925413555482,0.023148925413555482,0.0,1.0,-0.20410925215854467
Kotido,Kotido,Northern,17705.43284034729,0.9208545354858436,0.9756096151226652,0.05475507963682158,8,0.17078491814204,969.462385177612,0.45339693224846583,0.5146628990921327,0.061265966843666864,0.9608499426491179,0.979364598141594,0.11494035279036931,1.0,-0.3821545036874846
Kotomol,Agago,Northern,14503.837968826294,1.0,1.0,0.0,7,0.5061055867307944,0.0,0.09978456975857271,0.19399978577673818,0.09421521601816547,1.0,1.0,0.0,1.0,-0.39985397050643035
Kucwiny,Nebbi,Northern,40536.45157814026,0.0,0.0213572367999165,0.0213572367999165,8,0.049884517174791254,865.7465953826904,0.5134300808163282,0.595713136356822,0.08228305554049375,0.7092155098012086,0.7423270036622455,0.0,0.001263761548410963,-0.31952321752649215
Kuju,Amuria,Eastern,23744.74599456787,0.6950953550644888,0.932819016503319,0.23772366143883017,8,0.18550582927882187,5644.687957763671,0.09180212556832693,0.1818446256447189,0.09004250007639197,0.3332766998065631,0.4252735631391523,0.0,0.9299207685697979,-0.37570172653168726
Kuluba,Koboko,Northern,51236.81588745117,0.0,0.039781570547567674,0.039781570547567674,10,0.09064676080235862,2038.281005859375,0.1850736423159611,0.2360133789312153,0.050939736615254194,0.9813346922064157,0.9813346922064157,0.0,0.0,-0.2722371720837832
Kululu,Yumbe,Northern,54780.86754608154,0.0016420881469150982,0.00351842438285148,0.001876336235936382,10,0.04176609173946705,102.78732681274414,0.15590472476145073,0.16856807556313338,0.012663350801682655,0.4122474404783517,0.43481506278183174,0.0,0.0,0.1569856906487159
Kumi,Kumi,Eastern,27284.303811073303,0.0,0.0,0.0,5,0.026207199073272375,0.0,0.3083543883672665,0.36097359460683814,0.05261920623957167,0.09555031108978242,0.13580929049007362,0.0,0.0,-0.19604822572541122
Kuru,Yumbe,Northern,60524.696868896484,0.0,0.0,0.0,10,0.05098801221977767,0.0,0.16126557006629585,0.2735392842866368,0.11227371422034096,0.0,0.0,0.0,0.0,0.14084313989999445
Kwanyiy,Kween,Eastern,13879.410926818848,0.0,0.06749712068419506,0.06749712068419506,5,0.12482626417037146,936.8202743530273,0.018332353014387296,0.1590803287908825,0.1407479757764952,0.011225101395492055,0.01576057768426553,0.0,0.20195335367317666,-0.4066801975248766
Kwapa,Tororo,Eastern,23860.010803222656,0.0,0.0,0.0,4,0.12983497736196453,0.0,0.0,0.0,0.0,0.2743063978862898,0.35125287749510214,0.0,0.0,-0.025359919899400403
Kwera,Dokolo,Northern,17822.11088705063,0.07163160434771766,0.4070542534184697,0.33542264907075203,9,0.1244888173783042,5977.939645767212,0.2795404022467999,0.31965099541483494,0.04011059316803506,1.0,1.0,0.0,0.648213817268237,-0.3254306603731583
Kwosir,Kween,Eastern,18911.15717315674,0.0014105519163551072,0.0014105519163551072,0.0,5,0.029899422961787714,0.0,0.009875624502618675,0.017950461401117005,0.00807483689849833,0.06504085540835239,0.12468041453356328,0.0,0.0048618783993441255,-0.32356420837678435
Kyabakara,Rubirizi,Western,19222.22201538086,0.3904459398421275,0.7919228613188276,0.4014769214767001,10,0.1437538243680746,7717.278518676758,0.18330315781636192,0.23810536317760086,0.05480220536123895,1.0,1.0,0.0,0.2231400964305275,-0.20243189855909144
Kyabarungira,Kasese,Western,18495.71795654297,0.0,0.0,0.0,10,0.06311322190252278,0.0,0.0,0.0,0.0,0.0,0.0,0.0,0.0,-0.10572304332358018
Kyabigambire,Hoima,Western,57827.21684265137,0.0020074225018800462,0.00823962647021303,0.006232203968332984,10,0.034492876574599485,360.39101028442377,0.26013442917687507,0.29342602514964783,0.03329159597277276,0.8463332294635788,0.8779010635254081,0.0,0.003607100074772641,-0.23352040109867186
Kyabugimbi,Bushenyi,Western,21923.53353881836,0.0,0.0,0.0,4,0.02825245685642358,0.0,0.15281210063364062,0.21374310030922505,0.060930999675584435,0.0,0.0,0.0,0.0,-0.10750951080360216
Kyakabadiima,Kagadi,Western,14085.73876953125,0.0,0.0,0.0,4,0.053367664882592925,0.0,0.0,0.0,0.0,0.948289319162147,1.0,0.0,0.0,-0.5155170315877827
Kyalulangira,Rakai,Central,34641.88535499573,0.03843948702111276,0.15720777803342034,0.11876829101230758,4,0.17562930922163156,4114.357521057129,0.2875744318350324,0.33456674333234226,0.04699231149730987,0.9772644096601694,1.0,0.0,0.6631620659209212,-0.0919333266993038
Kyampisi,Mukono,Central,59896.09503173828,0.0,0.0,0.0,4,0.019931942238219758,0.0,0.0,0.018091684879978732,0.018091684879978732,0.25604763983683265,0.2749375445963829,0.0,0.0,0.2808867393974596
Kyamuhunga,Bushenyi,Western,26604.49137878418,0.08943750164330493,0.11959930000009343,0.030161798356788505,10,0.05469344351953909,802.4393043518066,0.23685848976887408,0.31778456369100655,0.08092607392213247,0.18747053835915178,0.2355094322638125,0.08041956800671107,0.14781755323863602,-0.040461715182746015
Kyamuhunga Town Council,Bushenyi,Western,16035.00464630127,0.0,0.0,0.0,10,0.010362551649978194,0.0,0.0,0.0,0.0,0.0,0.0,0.0,0.0,0.30083428536801754
Kyamukube Town Council,Bunyangabu,Western,14770.940994262695,0.05233845161538956,0.10798656133213878,0.055648109716749224,4,0.05947884061645359,821.9749450683594,0.038305513992524035,0.1411368535804377,0.10283133958791367,0.9690914833287073,0.9690914833287073,0.026078218662655358,0.10798656133213878,-0.33581166773800836
Kyamulibwa,Kalungu,Central,31027.30436706543,0.0,0.20345629264795423,0.20345629264795423,4,0.23002291362910998,6312.7003173828125,0.035249020844672,0.071381533482576,0.036132512637904006,0.0,0.0,0.0,0.09943784702778939,-0.16578070830104347
Kyamulibwa Town Council,Kalungu,Central,7700.393310546875,0.0,0.0,0.0,4,0.23190316079909867,0.0,0.0,0.0,0.0,0.0,0.0,0.0,0.0,0.056984801076453
Kyamuswa,Kalangala,Central,6384.384218335152,1.0,1.0,0.0,1,,0.0,0.38215959775778974,0.44292245149261855,0.060762853734828814,0.047290988742565924,0.15516027929447238,0.11007714413629385,1.0,-0.20332861788135265
Kyamutunzi Town Council,Kyenjojo,Western,8211.545425415039,0.0,0.0,0.0,4,0.015257282727039079,0.0,0.44005349783798287,0.5389958779310392,0.09894238009305634,1.0,1.0,0.0,1.0,-0.16939845553924252
Kyanaisoke,Kagadi,Western,23372.761993408203,0.0,0.0,0.0,4,0.06491768937915143,0.0,0.3250153103559818,0.4019980580083139,0.0769827476523321,0.8144905778874312,0.8581373835324699,0.0,0.7931394648524385,-0.12447696575018183
Kyanamira,Kabale,Western,23286.744018554688,0.0,0.0,0.0,4,0.010458423857147486,0.0,0.0,0.0,0.0,0.0,0.0,0.0,0.0,0.2090524996861715
Kyanamukaaka,Masaka,Central,39890.512998104095,0.0,0.025383104611801665,0.025383104611801665,4,0.107462257009455,1012.5450644493103,0.1912102788250699,0.30465467087745135,0.11344439205238144,0.21301981088735558,0.3152321022960652,0.0,0.04165722651059321,-0.17367281730112966
Kyangwali,Kikuube,Western,135665.06194591522,0.5362730492476965,0.7740298687501104,0.2377568195024139,4,0.21139822475066272,32255.293645858765,0.46894598625889067,0.52296391552658,0.05401792926768928,1.0,1.0,0.0,0.02864590246717313,-0.23077741583899644
Kyangyenyi,Sheema,Western,13676.06071472168,0.0,0.0,0.0,4,0.04598351205978268,0.0,0.020003072385266333,0.04028318941617779,0.020280117030911458,0.0,0.0,0.0,0.0,-0.1411726281813621
Kyankwanzi,Kyankwanzi,Central,7482.097409248352,0.7757649089775035,0.8440951847607849,0.06833027578328144,4,0.16857157657797273,511.25377941131546,0.6020702524119345,0.6413454957621096,0.03927524335017518,1.0,1.0,0.11054047353896598,0.9536736308902724,-0.34808235346070643
Kyankwanzi Town Council,Kyankwanzi,Central,9270.121963500977,0.9465146372501978,0.9765349772776164,0.0300203400274186,4,0.24973993161676078,278.29221343994067,0.5832541059186315,0.6335513718184438,0.050297265899812316,1.0,1.0,0.34912963726337415,1.0,-0.25507544932231996
Kyarumba,Kasese,Western,50368.6003036499,0.4231914845361828,0.4401684933154738,0.01697700877929098,4,0.21078015115356996,855.1081695556627,0.3834184886059678,0.4363242764480469,0.05290578784207911,0.4844888698688053,0.5132078276215143,0.42381250542646676,0.4676136670230513,-0.29465093199877423
Kyarusozi,Kyenjojo,Western,55198.02194213867,0.21704017301525963,0.5274478423556994,0.3104076693404398,4,0.13514340402999336,17133.889343261722,0.48279805419561345,0.5647979927126532,0.08199993851703974,0.4015767405129326,0.49080945411825966,0.004163511589343686,0.6166357025070905,-0.2586716086640222
Kyarusozi Town Council,Kyenjojo,Western,17537.857986450195,0.0,0.008198388060755783,0.008198388060755783,10,0.09422988722363723,143.78216552734375,0.07342458942064334,0.09308579229830025,0.019661202877656908,0.0,0.0,0.0,0.0838620388932769,-0.2200021255874964
Kyaterekera,Kagadi,Western,35585.67253112793,0.10276265542394666,0.5104029218178587,0.40764026639391204,4,0.17764065096359172,14506.153030395508,0.13017800945952862,0.2106697290408226,0.08049171958129397,1.0,1.0,0.0,0.7533786032774106,-0.2699038937513355
Kyazanga,Lwengo,Central,40892.922775268555,0.0,0.0,0.0,4,0.05467421796915922,0.0,0.14272852959574484,0.28320546469698116,0.14047693510123632,0.215637370959449,0.2731853761567038,0.0,0.0,-0.08149366976673364
Kyazanga Town Council,Lwengo,Central,16226.855010986328,0.0,0.0,0.0,4,0.0038965693764972387,0.0,0.0,0.0,0.0,0.0,0.0,0.0,0.0,0.6272134276587625
Kyebando,Kibaale,Western,14072.469627380371,1.0,1.0,0.0,4,0.32637343658079776,0.0,0.605335277118768,0.7444940563049903,0.13915877918622233,0.43789782371755404,0.5097941657157712,0.0,1.0,-0.43354270139101947
Kyebe,Kyotera,Central,20961.067823946476,0.7549211439041034,0.8579429717683644,0.10302182786426106,4,0.17979638216648408,2159.447521209715,0.5450972068029509,0.6262957093216197,0.08119850251866878,1.0,1.0,0.1416398921777454,0.7038479720279185,-0.1617272207501408
Kyegegwa Town Council,Kyegegwa,Western,31992.420616149902,0.00954994472142071,0.04535230279408676,0.035802358072666046,4,0.05515891726863431,1145.4040985107422,0.1634619151168497,0.21231670045005765,0.048854785333207945,0.0,0.0,0.0,0.0,0.0743766084060044
Kyegonza,Gomba,Central,36084.57013940811,0.009683322237196075,0.08048113734503293,0.07079781510783685,4,0.10245039859536498,2554.708724975586,0.016016008890049994,0.048172368861527835,0.03215635997147784,1.0,1.0,0.0,0.0,-0.11730475999199917
Kyeizooba,Bushenyi,Western,23719.611373901367,0.0,0.0,0.0,4,0.01901947131689735,0.0,0.031134292421964093,0.059775124697919034,0.02864083227595494,0.0,0.0,0.0,0.0,0.013495530931416377
Kyembogo,Kyenjojo,Western,25338.522857666016,0.005635932249180502,0.022030632842465363,0.01639470059328486,4,0.12503627615553703,415.417495727539,0.48257165310050526,0.5305675907789518,0.04799593767844651,0.4648722672708029,0.5441726602431546,0.0,0.9029787641748037,-0.32959421950343326
Kyengera Town Council,Wakiso,Central,324653.2867279053,0.0,0.0,0.0,4,0.004687387609919547,0.0,0.0,0.0,0.0,0.2810199594981783,0.29558751603893824,0.0,0.0,0.9172083295253031
Kyenjojo Town Council,Kyenjojo,Western,32206.013481140137,0.0,0.0,0.0,10,0.013058047792779276,0.0,0.2426344403040126,0.29457244121869103,0.05193800091467843,0.027529926178998715,0.0344060912246109,0.0,0.0,0.012290929972082759
Kyenzige,Kagadi,Western,24076.21336364746,0.0,0.0,0.0,4,0.019613891921258397,0.0,0.22220440320677406,0.3066949779297699,0.08449057472299584,0.3235483922180767,0.3875475215143728,0.0,0.0,-0.1773683774256851
Kyere,Serere,Eastern,67230.14206695557,0.024463371614754596,0.14858622146553904,0.12412284985078445,5,0.1272056045383847,8344.796829223633,0.450971587501317,0.5302369937169809,0.07926540621566386,0.8141978523735105,0.8819438560679574,0.0014695366430908922,0.10105596655974833,-0.29533883586638976
Kyesiiga,Masaka,Central,31201.597490906715,0.021663009952127013,0.20170903944675878,0.18004602949463178,4,0.19702776016935275,5617.723742127419,0.25426085993318137,0.38626604795041214,0.13200518801723077,0.47306704881992445,0.588538768655227,0.0011279518964459594,0.26423293885531507,-0.20171021953559176
Kyondo,Kasese,Western,30954.107627868652,0.5304710210833089,0.5522842177823529,0.021813196699044024,4,0.23523393346508303,675.2080383300779,0.36597962569559955,0.4282726378194439,0.06229301212384436,0.7170206999214667,0.7402336757030086,0.5216882229730591,0.5740718624822709,-0.12042017427893432
Kyotera Town Council,Kyotera,Central,12066.96142578125,0.0,0.0,0.0,4,0.0014303419213384516,0.0,0.0,0.0,0.0,1.0,1.0,0.0,0.0,1.0618421778263116
Labongo Akwang,Kitgum,Northern,18983.764944076538,0.0038773395953577996,0.007976462556229334,0.0040991229608715336,7,0.03059698410506201,77.81678676605225,0.7034209918928386,0.737850461936266,0.034429470043427446,0.3683066128797917,0.41855258621581537,0.0038773395953577996,0.00604332666496041,-0.40091768178899934
Labongo Amida,Kitgum,Northern,18639.148882865906,0.0,0.0,0.0,7,0.053840806483674286,0.0,0.6570548925208654,0.7322052473994949,0.07515035487862953,0.23021787948980826,0.26505009051299955,0.0,0.0,-0.2787282856500014
Labongo Layamo,Kitgum,Northern,14166.674690246582,0.0,0.0,0.0,7,0.014074156054191767,0.0,0.7850935500254642,0.8154102902366251,0.03031674021116093,0.20820892113406111,0.23929023526371418,0.0,0.0,-0.07020814451775119
Labori,Serere,Eastern,26725.162882328033,1.0,1.0,0.0,5,0.16071126234498934,0.0,0.4923458104555034,0.5855607092530468,0.09321489879754341,0.685024335612371,0.7457534352323296,0.004278365128190354,1.0,-0.43310317936871495
Lagoro,Kitgum,Northern,20763.482530593872,0.07142549340520903,0.282487390558654,0.21106189715344498,8,0.1372243937168256,4382.380014419556,0.9659488336463917,0.9822270338937168,0.01627820024732507,1.0,1.0,0.0,0.1560078026756379,-0.45624629105184566
Laguti,Pader,Northern,15296.322913646698,0.4012838031585304,0.5778586141149238,0.17657481095639338,8,0.16897872722186336,2700.9453268051143,0.24264509096763628,0.3237871841482376,0.08114209318060131,1.0,1.0,0.06126478129074709,0.5109829827156491,-0.3330475870296812
Lake Katwe,Kasese,Western,31462.2121219337,0.0413339205090551,0.06862315044751158,0.027289229938456477,10,0.04591483359671922,858.5795409679414,0.5557217029280788,0.587839536288893,0.032117833360814196,0.681119513223685,0.6962049501221154,0.018690141384980836,0.026041129076343334,-0.18122477129976575
Lakwana,Omoro,Northern,15261.200939178467,0.0,0.013682508277749705,0.013682508277749705,8,0.07731118987022068,208.81150817871094,0.06583495631408895,0.11353864829194239,0.047703691977853444,1.0,1.0,0.0,0.0,-0.13801557456945954
Lalogi,Omoro,Northern,22387.094228744507,0.24730992524001075,0.46005520014788626,0.2127452749078755,8,0.17740190117780186,4762.748516082764,0.6367273306202034,0.6792196545257247,0.04249232390552138,0.6842676552520749,0.7212604278973477,0.0,0.006296147608902469,-0.21239090910420236
Lamiyo,Agago,Northern,10468.913122177124,1.0,1.0,0.0,8,0.5724373386949184,0.0,0.029452736399841285,0.08996291050278486,0.06051017410294358,1.0,1.0,0.0,1.0,-0.35577044410825065
Lamogi,Amuru,Northern,58777.33320426941,0.0,0.01362421211480943,0.01362421211480943,8,0.041083151214131475,800.7948551177979,0.050105373022362204,0.0887771236664414,0.0386717506440792,0.7239459363146312,0.7479903056340022,0.0,0.015033940207488392,-0.22005721319665436
Lamwo Town Council,Lamwo,Northern,8454.890438079834,0.15655974554604513,0.538221959666384,0.38166221412033885,7,0.08723752321174005,3226.912204742431,0.45849914485538396,0.514939997943935,0.05644085308855101,1.0,1.0,0.0,0.3968719178141009,-0.3227328706655603
Lapono,Agago,Northern,26585.621218681335,0.19850037635024598,0.4894908677989941,0.2909904914487481,8,0.2689243490860036,7736.162983894347,0.38782466624948625,0.4301214435901772,0.04229677734069093,0.9071562283387866,0.9392977180810389,0.09863337475756583,1.0,-0.32218993589410005
Lapul,Pader,Northern,24172.18411064148,0.9259923453078399,1.0,0.07400765469216009,8,0.32420871421096664,1788.9266548156734,0.19766584902541884,0.23817450678897997,0.040508657763561134,0.5873963039472044,0.7186457734068632,0.11799356006977296,0.9900129287638629,-0.19508785738842926
Laroo Division,Gulu,Northern,37517.43884277344,0.0,0.0,0.0,8,0.003676338402523141,0.0,0.0,0.0,0.0,0.0,0.0,0.0,0.0,1.0485700964700144
Laropi,Moyo,Northern,8859.96650505066,0.0,0.013271100591869978,0.013271100591869978,8,0.10929183484978466,117.58150672912598,0.0,0.004964701302728497,0.004964701302728497,0.9912523586835804,1.0,0.0,0.002167453521024838,-0.09052065571512015
Latanya,Pader,Northern,19356.80962562561,0.08111468450145273,0.18437770732982178,0.10326302282836905,8,0.1641962091760547,1998.842674255371,0.42009914565071105,0.4441945501712933,0.02409540452058223,0.5377382286717279,0.5686232245291128,0.0,0.13491512449870138,-0.2799161451590558
Layibi Division,Gulu,Northern,51124.70129394531,0.0,0.0,0.0,8,0.00077949510080072,0.0,0.0,0.0,0.0,0.0,0.0,0.0,0.0,0.7848365373863629
Lefori,Moyo,Northern,12832.509712219238,0.0,0.007608118621609163,0.007608118621609163,8,0.10521809574452212,97.63125610351562,0.2549702495069579,0.27325048554170245,0.018280236034744546,1.0,1.0,0.0,0.0,-0.29253157646458
Lii,Nwoya,Northern,49062.01354408264,0.26412286764501225,0.3861519117354676,0.12202904409045534,8,0.09995949411903249,5986.990613937378,0.8293975465048413,0.8449889011068864,0.015591354602045082,1.0,1.0,0.1590621344765424,0.7268567674665724,-0.1015974940546769
Lira,Lira,Northern,45409.471618652344,0.0,0.0,0.0,8,0.016510411021562865,0.0,0.008734676716221405,0.01949620052268987,0.010761523806468463,0.06664245361164592,0.0713778296570714,0.0,0.0,0.23523669737941466
Lira Palwo,Agago,Northern,18902.872484207153,0.9305330064478368,0.9987300999435459,0.06819709349570913,8,0.49705900414605564,1289.1209621429427,0.20510379577693494,0.3001032147945011,0.09499941901756614,1.0,1.0,0.0,1.0,-0.37851041944924874
Lobalangit,Karenga,Northern,6913.970975399017,1.0,1.0,0.0,8,0.38190830835153133,0.0,0.4226782188134488,0.4462318787788724,0.02355365996542358,0.6005964861349802,0.670461443166495,0.05386066115689298,0.036316709540625686,-0.3679628828546134
Lobule,Koboko,Northern,45170.918395996094,0.0,0.0,0.0,10,0.03522731570301871,0.0,0.006897168204283317,0.01713212882093,0.010234960616646683,0.3769314461467586,0.43361837318037755,0.0,0.0,-0.2032443367204922
Lodiko,Kaabong,Northern,7226.9960787296295,0.4328759826864723,0.46340052552513,0.030524542838657687,4,0.20142884171534692,220.6007513999937,0.6588642097842256,0.6979801762257424,0.039115966441516825,0.5852032913960109,0.5922096237122059,1.0,1.0,-0.10535670111162775
Lodonga,Yumbe,Northern,50785.37648010254,0.0,0.0,0.0,10,0.07425003036887057,0.0,0.21106345416974115,0.29428454830130685,0.0832210941315657,0.4476887787538269,0.5149700382407144,0.0,0.0,0.12199406817432738
Logiri,Arua,Northern,47717.435649871826,0.0013544100606907694,0.016732585530408052,0.015378175469717283,10,0.08658102645198307,733.8070983886719,0.1470081794720766,0.21519615273220283,0.06818797326012624,1.0,1.0,0.0,0.0,-0.1819014067632869
Lokole,Agago,Northern,20121.814447402954,0.20343040396922785,0.6968137316367062,0.4933833276674784,8,0.2945631373128629,9927.767770767212,0.25952574547669127,0.36204578505633567,0.1025200395796444,0.9832572711140556,0.9959420991204325,0.0,1.0,-0.39615670406192965
Lokopo,Napak,Northern,27560.048692703247,0.6914874923603495,0.7122186872034623,0.02073119484311281,4,0.22562163431663929,571.3527393341075,0.9141990683360428,0.927738050263943,0.013538981927900151,0.8372809795517683,0.8502754011613372,0.6492997965394322,0.8531866886790173,-0.43915209258010024
Lokori,Karenga,Northern,6348.285773277283,1.0,1.0,0.0,8,0.4763897728042972,0.0,0.9984212968910244,1.0,0.0015787031089755654,0.8722282173961454,0.8912542559996816,0.15186059838693253,0.14808946284574928,-0.34047055843168816
Lokung,Lamwo,Northern,18702.72011566162,0.8022666664177208,0.8816989031739066,0.07943223675618583,8,0.19748609117522054,1485.598892211913,0.5227794311346526,0.5646368400401492,0.04185740890549661,1.0,1.0,0.08685745642114516,0.8522011406536905,-0.31339085587589166
Lolachat,Nabilatuk,Northern,48989.2135181427,1.0,1.0,0.0,4,0.5012011033210544,0.0,0.8091465211991702,0.8517542951342599,0.04260777393508974,0.9554312641857138,0.9731631859095352,0.7031813566395211,0.8302643440407927,-0.3171919700499204
Lolelia,Kaabong,Northern,6503.145287156105,0.49473911389526154,0.49932306310206953,0.004583949206807991,8,0.32194894396527407,29.810087680816356,0.43061417477728475,0.4593613840314929,0.02874720925420815,0.7839967915847686,0.8100224021138162,0.9912359396872009,0.9959173714279075,-0.33993274987794037
Lolwe,Namayingo,Eastern,18941.22131919861,1.0,1.0,0.0,1,,0.0,0.1109318438441302,0.1514251275961877,0.040493283752057505,1.0,1.0,0.07275560910851386,1.0,-0.16100948497249404
Lopeei,Napak,Northern,15433.682595729828,0.35923569726238647,0.4238670757432493,0.06463137848086281,4,0.10785819779873318,997.5001811981197,0.8389715358140435,0.8773510007581115,0.038379464944067965,0.8822182052153301,0.893715640244226,0.42221807498489844,0.608642032036943,-0.2838321381808143
Loregae,Nakapiripirit,Northern,27009.0094165802,1.0,1.0,0.0,5,0.5151087215935695,0.0,0.4385327289678271,0.5205655380238247,0.08203280905599758,0.782371456568651,0.7980417736524205,0.5409613562934076,0.586769823054877,-0.32541591731679126
Lorengecora,Napak,Northern,16348.354845046997,0.5232305541509255,0.6082761118753132,0.08504555772438771,4,0.09832460001172194,1390.354955673218,0.46179192974103633,0.5507030463323177,0.08891111659128137,1.0,1.0,0.6404613406589595,0.8853745374214843,-0.3597797076613587
Lorengedwat,Nabilatuk,Northern,11843.317299842834,0.35865942081612484,0.4028051700931414,0.04414574927701653,4,0.06701478664784177,522.8321161270142,0.6216202492358417,0.6596340489451268,0.03801379970928509,1.0,1.0,0.30743980550890726,0.4028051700931414,-0.16568495860222973
Loro,Oyam,Northern,72454.9116973877,0.0,0.004283827011723745,0.004283827011723745,8,0.0496910879270655,310.3843078613281,0.39451216393933725,0.4576759748665361,0.06316381092719886,0.7584433717483141,0.8146882833453,0.0,0.13482026816619794,-0.28272844844590034
Loroo,Amudat,Northern,45211.66734313965,0.7870849010956993,0.8788699356187999,0.0917850345231006,4,0.2375916672057543,4149.754447937013,0.665616580888238,0.6972339954284538,0.031617414540215716,0.972024250996656,0.9867074177712355,0.9050301772499216,1.0,-0.44332410777549347
Lotim,Kaabong,Northern,5933.07596206665,0.0,0.17350856545291654,0.17350856545291654,4,0.13066570379681486,1029.4394989013672,0.0,0.044056490191748385,0.044056490191748385,1.0,1.0,1.0,1.0,-0.39642073060753197
Lotome,Napak,Northern,25460.117345809937,0.4798503722279669,0.5030259752935005,0.023175603065533568,4,0.1891311903372841,590.0535736083971,0.5270414520099418,0.5766755361168189,0.049634084106877085,1.0,1.0,0.4590016294512896,0.5145345817686476,-0.4041034302332999
Lotukei,Abim,Northern,22199.19548034668,0.0,0.004157953848704207,0.004157953848704207,8,0.08097955913621413,92.30323028564452,0.0,0.006331573920883989,0.006331573920883989,1.0,1.0,0.0,1.0,0.0021017104598614164
Loyoro,Kaabong,Northern,4125.7807467877865,0.6690365426767066,0.8116038951858016,0.1425673525090949,4,0.32650247256455955,588.2016381025312,0.8699126915080296,0.8803278444975713,0.010415152989541654,0.9294935403605727,0.9330273508909176,0.9934822308609326,1.0,-0.4470606697635382
Lubya,Buvuma,Central,10022.076751708984,1.0,1.0,0.0,1,,0.0,1.0,1.0,0.0,1.0,1.0,1.0,1.0,-0.334487000629083
Ludara,Koboko,Northern,45142.482288360596,0.03674154967391461,0.0928718275107389,0.05613027783682429,10,0.08736933003997593,2533.8600730895996,0.23688034197347266,0.31416915195449435,0.0772888099810217,0.9752256499992992,0.9904998481893267,0.0,0.0,-0.2637764402511328
Lugusulu,Ssembabule,Central,41311.28746986389,1.0,1.0,0.0,4,0.22285218950898145,0.0,0.6077173599977945,0.6624524731876525,0.05473511318985802,0.713769690659441,0.7325794593711925,0.01808485146256059,0.673387092175981,-0.33539576518001846
Lukaya Town Council,Kalungu,Central,28403.794967651367,0.0,0.0,0.0,4,0.020266047755526928,0.0,0.07893801353399142,0.09131292334369819,0.012374909809706763,0.015436722497216879,0.04655796596229796,0.0,0.0,0.29045401470056226
Lukhonge,Mbale,Eastern,13257.602783203125,0.0,0.0,0.0,4,0.026261461307982625,0.0,0.044936806694110015,0.09641707465872001,0.05148026796461,0.0,0.0,0.0,0.0,-0.19422365453040738
Lumino,Busia,Eastern,11148.760009765625,0.0,0.0,0.0,4,0.029792191709530236,0.0,0.0,0.0,0.0,0.8961790685681162,0.9195463907651186,0.0,1.0,-0.09763327336377424
Lungulu,Nwoya,Northern,47646.99034905434,0.5507612143091033,0.6591748569992746,0.10841364269017129,8,0.23577805967750853,5165.5837869644165,0.7714252615010161,0.8032560402152108,0.03183077871419471,0.9127323051241611,0.9207306625127397,0.46251880550548014,0.964210212861244,-0.38617837362981844
Lunyo,Busia,Eastern,19909.094680786133,0.0,0.0,0.0,4,0.07674017579794246,0.0,0.0,0.0,0.0,0.2067902083671443,0.30559864618390914,0.0,1.0,-0.09773285461302934
Lusha,Bulambuli,Eastern,18635.20068359375,0.0,0.0,0.0,5,0.06717768730382784,0.0,0.0,0.0,0.0,0.3437574143287062,0.3437574143287062,0.0,0.0,0.4416497000803697
Luuka Town Council,Luuka,Eastern,13688.729431152344,0.0,0.0,0.0,4,0.06527592327167153,0.0,0.0,0.0,0.0,0.0,0.0,0.0,0.0,0.18556209593813106
Luwero,Luwero,Central,46721.331687927246,0.0,0.0,0.0,4,0.10745621377083447,0.0,0.010331653346901603,0.04212618519194376,0.03179453184504216,0.18779269465785906,0.22125364171009376,0.0,0.0,-0.02106694053684688
Luwero Town Council,Luwero,Central,50664.201416015625,0.0,0.0,0.0,4,0.07508633112076224,0.0,0.0,0.0,0.0,0.0,0.0,0.0,0.0,0.8460507195734897
Lwabenge,Kalungu,Central,39599.38869857788,0.4311992708121356,0.978498576618773,0.5472993058066374,4,0.3213155170370958,21672.717945098877,0.2695179893983285,0.354676464596062,0.08515847519773351,0.48445272281505075,0.5735751276911121,0.001079307802565994,0.5347074246002048,-0.23534193322455826
Lwabiyata,Nakasongola,Central,20534.703984975815,1.0,1.0,0.0,4,0.15245166923689601,0.0,0.09656855767215147,0.15203427087954643,0.05546571320739496,1.0,1.0,0.0072337664828509285,0.010979985372234715,-0.2943057898245517
Lwajje,Buvuma,Central,6911.535118103027,1.0,1.0,0.0,1,,0.0,0.2669829914687068,0.3014948961232608,0.034511904654554004,1.0,1.0,1.0,1.0,-0.27161136283638226
Lwakhakha Town Council,Namisindwa,Eastern,6904.506774902344,0.0,0.0,0.0,5,0.09329816322774676,0.0,0.692035087441074,1.0,0.307964912558926,0.0,0.4273551409589873,0.0,0.0,0.3402142514426211
Lwamaggwa,Rakai,Central,54652.322023153305,0.0037486779552780014,0.07428533626924057,0.07053665831396257,4,0.18741844104920635,3854.992164611816,0.005702902792506628,0.01865685406168463,0.012953951269178001,0.9799814869735395,0.9912370271689015,0.0,0.18013458989856448,-0.10409177686801317
Lwamata,Kiboga,Central,27040.96476173401,0.0,0.0007424064275906383,0.0007424064275906383,4,0.02158609348181656,20.07538604736328,0.11965147903871487,0.14339167250881205,0.023740193470097176,1.0,1.0,0.0,0.0,-0.23002891713432558
Lwamata,Kibuku,Eastern,15006.391357421875,0.0,0.04795469920132826,0.04795469920132826,4,0.15521413071400292,719.6269836425781,0.3472271556037345,0.45607029578819275,0.10884314018445823,0.28571329047281124,0.3754908042394808,0.0,0.016023556832774656,-0.0560160910777047
Lwamata Town Council,Kiboga,Central,8709.338088989258,0.0,0.0,0.0,4,0.0023875608363909118,0.0,0.0,0.0,0.0,1.0,1.0,0.0,0.0,-0.03448323869218834
Lwampanga,Nakasongola,Central,38310.56385111809,1.0,1.0,0.0,4,0.1134331170360301,0.0,0.42450417032408505,0.48403308853132765,0.0595289182072426,0.79544888476845,0.8033367934214866,0.0008687757156099814,0.13870060509348922,-0.21829090096053624
Lwanda,Rakai,Central,35360.02001953125,0.0,0.0,0.0,4,0.04068474824593987,0.0,0.0,0.004128757141540765,0.004128757141540765,0.5498195630257372,0.6218598383656447,0.0,0.0,0.10426356914882627
Lwankoni,Kyotera,Central,18557.131233215332,0.0,0.0,0.0,4,0.053758683177810046,0.0,0.0,0.03839596611022823,0.03839596611022823,0.018704471614087618,0.050168002939868284,0.0,0.0,0.011363734532899046
Lwasso,Mbale,Eastern,13643.369018554688,0.0,0.0,0.0,4,0.009723400755434763,0.0,0.0,0.0,0.0,0.0,0.0,0.0,0.0,0.28201803521966545
Lwebitakuli,Ssembabule,Central,79519.6490020752,0.03237586064442732,0.1774802467143013,0.14510438606987397,4,0.09763894511186966,11538.649848937988,0.16866699912360608,0.22245790573657506,0.05379090661296898,0.9365240300323282,0.9713853034074754,0.0,0.0015699487554775105,-0.12369858008043863
Lwemiyaga,Ssembabule,Central,46804.212646484375,0.9868158336817544,1.0,0.013184166318245594,4,0.2040756243642632,617.0745239257838,0.9505629380818079,0.9647086313821672,0.014145693300359308,0.9985688426900798,1.0,0.0,1.0,-0.14705739626290734
Lwengo,Lwengo,Central,57686.081771850586,0.0,0.0,0.0,4,0.026555540725273163,0.0,0.15265215138787486,0.2224096080209896,0.06975745663311475,0.15091184175117128,0.20906187497743683,0.0,0.0,-0.05170243310682963
Lwengo Town Council,Lwengo,Central,18501.54150390625,0.0,0.0,0.0,4,0.003915290358489032,0.0,0.0,0.0,0.0,0.0,0.0,0.0,0.0,0.39767222209821945
Lyabaana,Buvuma,Central,10899.809926986694,1.0,1.0,0.0,1,,0.0,1.0,1.0,0.0,1.0,1.0,1.0,1.0,-0.5868561307774115
Lyakajura,Lyantonde,Central,13371.754159927368,0.2670493331678109,0.558270333310573,0.2912210001427621,4,0.11347779398321967,3894.1356201171875,0.1415603072921519,0.1990527717447128,0.0574924644525609,1.0,1.0,0.0,0.39156254770487414,-0.38921605080114785
Lyama,Budaka,Eastern,24507.555694580078,0.0,0.0,0.0,4,0.16394019955235933,0.0,0.08059844538960137,0.20279539633215968,0.12219695094255831,0.13191058532911037,0.23193155500581772,0.0,0.0,-0.23361889622227108
Lyantonde,Lyantonde,Central,24912.553115844727,0.0,0.0,0.0,4,0.026596310321727407,0.0,0.01592577994070557,0.038664245397074436,0.022738465456368866,0.06392922709002444,0.10050559225555422,0.0,0.0,0.009089907856839009
Lyantonde Town Council,Lyantonde,Central,16861.14190673828,0.0,0.0,0.0,4,0.002270247859417013,0.0,0.0,0.0,0.0,0.0,0.0,0.0,0.0,1.1313063189272958
Maanyi,Mityana,Central,25696.730026483536,0.0037926185155230186,0.025347745502004523,0.021555126986481505,4,0.14135596950123874,553.8962788581848,0.05335125997893998,0.10630104205718753,0.05294978207824755,1.0,1.0,0.00013025455878894838,0.0020120917903596316,-0.17003821271380953
Mabaale,Kagadi,Western,19706.250259399414,0.0,0.0,0.0,4,0.03438120563580038,0.0,0.26827106658665845,0.29300579930301174,0.02473473271635329,1.0,1.0,0.0,0.22839921964604432,-0.10889844218669971
Mabaale Town Council,Kagadi,Western,13407.520278930664,0.0,0.0,0.0,4,0.015268839311757265,0.0,0.07422795631745398,0.10501530241692286,0.030787346099468885,1.0,1.0,0.0,0.0,-0.02579146579671097
Mabende,Kabarole,Western,17496.21982574463,0.6629147084547519,0.9364391223031717,0.27352441384841986,4,0.1954913832608307,4785.643272399902,0.4767500223289766,0.5970801508386827,0.12033012850970609,1.0,1.0,0.02737925665160673,0.9364391223031717,-0.36024757866301554
Mabere,Bundibugyo,Western,4167.213348388672,0.0,0.0,0.0,4,0.039259578831161546,0.0,0.0,0.0,0.0,0.0,0.0,0.0,0.0,-0.3219138479160136
Maddu,Gomba,Central,42457.12720489502,0.9784631789249741,1.0,0.021536821075025858,4,0.273715318525781,914.3915519714368,0.4919502601815473,0.5338782611227153,0.041928000941168,0.6339349238627705,0.6540795352874564,0.11598905739762044,0.9749403743723031,-0.33009939450237946
Madi Opei,Lamwo,Northern,14003.815343379974,0.6038584097281193,0.7037591342358074,0.09990072450768805,7,0.11929700738117344,1398.9912986755378,0.6551253021065971,0.6726249899752936,0.01749968786869649,0.47545628944581403,0.4979164853925265,0.24840050882430473,0.6699838115378663,-0.36915800471798826
Madudu,Mubende,Central,50595.70581817627,0.0,0.04650522018306934,0.04650522018306934,4,0.14217442371369593,2352.96443939209,0.31115634457057795,0.3672091012194779,0.05605275664889997,1.0,1.0,0.0,1.0,-0.2636161574343903
Mafubira,Jinja,Eastern,91804.63638305664,0.0,0.0,0.0,4,0.014367115079144496,0.0,0.0,0.0,0.0,0.0,0.0,0.0,0.0,0.7214996738774737
Magada,Namutumba,Eastern,34756.51708984375,0.0,0.0892933680891147,0.0892933680891147,4,0.085872185374122,3103.5264739990234,0.1633399192171792,0.24804192294225622,0.08470200372507702,0.6607138433094483,0.732243342140446,0.0,0.0,-0.21259845936271055
Magale,Namisindwa,Eastern,18340.11083984375,0.0,0.0,0.0,5,0.11401499478005617,0.0,0.0,0.0,0.0,0.0,0.0,0.0,0.0,0.0685273217732958
Magale Town Council,Namisindwa,Eastern,7668.395263671875,0.0,0.0,0.0,5,0.11675195484994971,0.0,0.0,0.0,0.0,0.0,0.0,0.0,0.0,0.2274973773905279
Magamaga,Abim,Northern,7635.890959739685,0.3516047172522103,0.4491487116781496,0.0975439944259393,8,0.20121479863722302,744.8353052139282,0.566768332710543,0.7061311346770889,0.13936280196654582,0.5623645627958916,0.6310558757542757,0.306716301857308,1.0,-0.2708124543399376
Magamaga Town Council,Mayuge,Eastern,20934.96255493164,0.0,0.0,0.0,4,0.00832775063896607,0.0,0.0,0.0,0.0,0.0,0.11835663185916352,0.0,0.0,0.2664921921412955
Magambo,Rubirizi,Western,15207.46908569336,0.009575098987876519,0.01647096389168268,0.006895864903806162,10,0.01923563176402815,104.86865234375001,0.01647096389168268,0.024597261115894654,0.008126297224211973,0.2538748365785614,0.33549254095013187,0.0,0.01647096389168268,0.18473911010645572
Magogo,Kamuli,Eastern,24051.414779663086,0.0,0.0,0.0,4,0.055584166370250154,0.0,0.0,0.03271321246404734,0.03271321246404734,0.0,0.0,0.0,0.0,0.10935673940708779
Magola,Tororo,Eastern,23461.79278564453,0.0,0.0,0.0,4,0.04341995174354657,0.0,0.0,0.026950685616577316,0.026950685616577316,0.49315778904494034,0.6955018099245669,0.0,0.0,-0.20373276364594528
Magoro,Katakwi,Eastern,23721.053129196167,0.30090767729602697,0.5003493327208661,0.19944165542483916,5,0.17588726583108205,4730.9661045074445,0.34641843424972824,0.39589644761332576,0.04947801336359753,1.0,1.0,0.1000721583163992,0.49487997850189963,-0.36811628652321055
Mahango,Kasese,Western,23968.29100036621,0.0,0.0,0.0,4,0.03215280820688746,0.0,0.0,0.0,0.0,0.0,0.0,0.0,0.0,-0.2455734576947147
Mahyoro,Kitagwenda,Western,39400.97274231911,0.019476025856463765,0.42562777447500555,0.4061517486185418,4,0.13357616670456685,16002.773976564407,0.21483960144633213,0.29493195929133664,0.08009235784500451,0.6464655750076501,0.7110436884975707,0.0,0.007211145378567312,0.0857159519665777
Majanji,Busia,Eastern,21070.156188964844,0.0,0.0,0.0,4,0.04814045318975624,0.0,0.0,0.0,0.0,1.0,1.0,0.0,1.0,-0.1891220016292587
Makindye Division,Kampala,Central,486409.8373031616,0.0,0.0,0.0,4,0.0017021462682301064,0.0,0.0,0.0,0.0,0.0,0.0,0.0,0.0,1.3741788825657768
Makokoto,Kassanda,Central,11004.07783126831,0.0,0.0,0.0,4,0.09724190924891274,0.0,0.27520019419292513,0.33031375868660423,0.0551135644936791,1.0,1.0,0.0,0.0,-0.3321598021000639
Makulubita,Luwero,Central,42734.726806640625,0.0,0.0,0.0,4,0.05187769088049454,0.0,0.031025182345248176,0.05219228485441913,0.021167102509170956,0.3093366521109433,0.3613980462698767,0.0,0.0,-0.12040935341973533
Makuutu,Bugweri,Eastern,35786.159240722656,0.0,0.0,0.0,4,0.09600697229591026,0.0,0.0,0.0,0.0,0.644747979726493,0.7318257335602203,0.0,0.0,-0.08164391955021633
Malaba Town Council,Tororo,Eastern,14151.834838867188,0.0,0.0,0.0,4,0.013469534899076568,0.0,0.0,0.0,0.0,0.05280638864824467,0.6688207529915857,0.0,0.0,0.5007835227539882
Malangala,Mityana,Central,29355.912284851074,0.0,0.0,0.0,4,0.032189148782531596,0.0,0.010039292343890237,0.024078913571908136,0.014039621228017898,0.6426105750681633,0.7962950140514319,0.0,0.0,0.05772585399811776
Malera,Bukedea,Eastern,60906.32338142395,0.1130106233472058,0.18242946573134852,0.06941884238414273,4,0.12344196620908632,4228.046463012696,0.21333236368535258,0.3597037858368201,0.14637142215146753,0.7425037657284247,0.7866159249533333,0.08791084735981047,0.26598894564092157,-0.33715557269561536
Maliba,Kasese,Western,58348.92305755615,0.45305281332007424,0.47536078648408336,0.02230797316400912,4,0.1794893493939218,1301.6462097167957,0.4286567653865905,0.44347271109762976,0.01481594571103928,0.7586442435455748,0.8127277397463932,0.3982390849102198,0.3982390849102198,-0.1984807346357192
Malongo,Lwengo,Central,44008.46912384033,0.0,0.0,0.0,4,0.024013326139644298,0.0,0.0696740296620912,0.11891773511442189,0.049243705452330686,0.06690056933124224,0.10748518737731064,0.0,0.0,-0.024258817331996984
Malongo,Mayuge,Eastern,132847.59964179993,0.5911909923395373,0.9279598399895077,0.3367688476499704,4,0.20338783018010598,44738.93304443358,0.12686599919805222,0.2022047311958412,0.07533873199778898,0.733618820597029,0.8090964644101094,0.0003030412358958641,1.0,-0.17038098279795577
Manafwa Town Council,Manafwa,Eastern,17930.708618164062,0.0,0.0,0.0,5,0.02873327375415502,0.0,0.0,0.0,0.0,0.0,0.0,0.0,0.0,0.2973654048126958
Manibe,Arua,Northern,37919.89994812012,0.0,0.0,0.0,10,0.02876351705548541,0.0,0.0,0.0,0.0,0.0,0.0,0.0,0.0,-0.09023499527696376
Manyogaseka,Kassanda,Central,15028.05796790123,0.6244651472575877,0.8649443722854824,0.24047922502789465,4,0.1498236056975073,3613.935733795165,0.4957696321902593,0.5479893948950993,0.05221976270484002,0.5655678804196844,0.6491418114215435,0.07798011271067835,0.9971275372170793,-0.3937498504501883
Maracha Town Council,Maracha,Northern,10475.745239257812,0.0,0.0,0.0,10,0.0024408534947867877,0.0,0.0,0.0,0.0,0.0,0.0,0.0,0.0,0.37853425017541625
Masaba,Busia,Eastern,29977.665771484375,0.0,0.0,0.0,4,0.05107694497537113,0.0,0.023279059583738444,0.14343121220478275,0.12015215262104431,0.3606728993095392,0.4739587346043412,0.0,1.0,-0.18573727642748905
Masaba,Sironko,Eastern,12925.13330078125,0.07756852508056747,0.18390473817949396,0.10633621309892649,5,0.15668996929630696,1374.4097290039062,0.15468601327212195,0.26334263866279484,0.10865662539067289,0.7396620741835331,0.8338862287638957,0.021965768966282044,0.12677535625935918,-0.33339744299367724
Masafu,Busia,Eastern,19029.23486328125,0.0,0.0,0.0,4,0.06911182699505025,0.0,0.0,0.00789582832598269,0.00789582832598269,0.045662417647810524,0.07914396089047072,0.0,0.46545374291479397,-0.03740737733226857
Masajja Division,Wakiso,Central,173317.64516448975,0.0,0.0,0.0,4,0.008865216863618047,0.0,0.001245699802127569,0.009048299033824678,0.00780259923169711,0.0,0.0,0.0,0.0,1.1298193469943958
Masese Walukuba,Jinja,Eastern,25670.923828125,0.0,0.0,0.0,4,0.002654298309732739,0.0,0.0,0.0,0.0,0.0,0.0,0.0,0.0,1.0078315515608345
Masha,Isingiro,Western,37301.74655532837,0.0,0.0,0.0,4,0.03928192686428067,0.0,0.04968100904200772,0.10324052861059932,0.0535595195685916,0.6091629948793845,0.6388691142988522,0.0,0.0,-0.23167296926367453
Masheruka,Sheema,Western,16919.129455566406,0.0,0.04834907153986712,0.04834907153986712,4,0.07567644028030596,818.0242004394531,0.0,0.027400343914727305,0.027400343914727305,0.0,0.0,0.0,0.04806861463560478,-0.03412180820483278
Masheruka Town Council,Sheema,Western,4350.983184814453,0.0,0.0,0.0,4,0.049868164448341634,0.0,0.0,0.0,0.0,0.0,0.0,0.0,0.0,0.3632174723917078
Masiira,Bulambuli,Eastern,15739.456115722656,0.3294733978133745,0.3390581621891134,0.009584764375738908,5,0.1546599229191209,150.8589782714844,0.3834226467387725,0.39373660769591734,0.010313960957144819,0.5146533248436025,0.5397002024372263,0.3202252109119631,0.3294733978133745,-0.10984254547161992
Masindi Port,Kiryandongo,Western,12203.342650413513,0.0,0.0,0.0,9,0.025007960181004152,0.0,0.5331313374316327,0.5914206500927933,0.058289312661160664,1.0,1.0,0.0,0.28507454552894396,-0.1662287552288705
Masinya,Busia,Eastern,32816.439453125,0.0,0.0,0.0,4,0.06861413044350506,0.0,0.0,0.019461149366769476,0.019461149366769476,0.0,0.08619571091952472,0.0,0.7008562721963678,-0.09475676279204304
Masuliita,Wakiso,Central,17309.858558654785,0.0,0.0,0.0,4,0.022884959652096692,0.0,0.013013713561745383,0.032256792271743294,0.01924307870999791,0.7266849244473117,0.7266849244473117,0.0,0.0,-0.05703676287996369
Masulita Town Council,Wakiso,Central,23460.49530029297,0.0,0.0,0.0,4,0.039766607227977646,0.0,0.0,0.0,0.0,0.747218558906842,0.8242461882782162,0.0,0.0,-0.08261318266826514
Matale,Kibaale,Western,20117.987106323242,0.7694199079100166,1.0,0.23058009208998342,4,0.30055494449325826,4638.807319641112,0.14273289962671484,0.2240446506281653,0.08131175100145047,0.6140243523699029,0.7107545606131329,0.0,0.7538369555385459,-0.37152929109038163
Matany,Napak,Northern,31200.95289993286,0.16987889345022994,0.19315122239456414,0.023272328944334203,4,0.05542930986992001,726.1188392639157,0.4929704398941414,0.5235585654871301,0.03058812559298868,0.4007116873916619,0.45444965832866385,0.19546339182745026,0.3123586892148177,-0.3120497064123482
Mateete,Ssembabule,Central,67138.81088256836,0.0,0.056398729933538706,0.056398729933538706,4,0.058715891436205925,3786.5436630249023,0.16509716953745127,0.22870100387133063,0.06360383433387937,0.9223780410103872,0.9361909936634416,0.0,0.0,0.004992172850864863
Mateete Town Council,Ssembabule,Central,12823.607482910156,0.0,0.0,0.0,4,0.0443017229045809,0.0,0.0,0.0,0.0,1.0,1.0,0.0,0.0,0.40953848812518356
Mayanga,Mitooma,Western,12062.90249633789,0.0,0.0,0.0,4,0.06474457227507396,0.0,0.021543168280322902,0.0653761264731115,0.043832958192788596,0.0,0.0,0.0,0.0,-0.09211154499988108
Mayuge Town Council,Mayuge,Eastern,23001.04718017578,0.0,0.0,0.0,4,0.07493999335461143,0.0,0.0,0.0,0.0,0.5477666810834894,0.8174107364807253,0.0,0.0,0.49946658900977714
Maziba,Kabale,Western,24350.722442626953,0.0,0.0,0.0,4,0.053538634800861906,0.0,0.0,0.0,0.0,0.0,0.05050375889690937,0.0,0.0,-0.14681427346257123
Mazimasa,Butaleja,Eastern,42080.28927612305,0.0,0.0,0.0,4,0.052915604595444976,0.0,0.0,0.0,0.0,0.0,0.0,0.0,0.0,-0.06596912066652216
Mazinga,Kalangala,Central,6761.3032376766205,1.0,1.0,0.0,1,,0.0,0.8596294829764624,0.8596294829764624,0.0,1.0,1.0,0.7987470372863585,0.9988857542502901,0.16000000000000003
Mazuba,Namutumba,Eastern,30994.23405456543,0.01538210052588699,0.1744212832500092,0.1590391827241222,4,0.10040605418636117,4929.297653198242,0.0,0.0,0.0,0.9688868434383653,1.0,0.0,0.0,-0.25935708095116333
Mbaare,Isingiro,Western,46942.29997634888,0.9039837332635418,0.9198413526775129,0.015857619413971125,4,0.12257819921157753,744.3931274414062,0.08990093522777873,0.17730910719383064,0.08740817196605191,0.42536292051237784,0.49685579182106854,0.0021244209277776842,0.16462646646810114,-0.20857139705455047
Mbulamuti,Kamuli,Eastern,39612.06684875488,0.0,0.0,0.0,4,0.05895734686700682,0.0,0.0,0.04925279299457187,0.04925279299457187,0.9130056512375647,0.9525665541240302,0.0,0.0,-0.12419366850513051
Mella,Tororo,Eastern,23487.197662353516,0.0,0.0,0.0,4,0.10156025276466424,0.0,0.0,0.0,0.0,0.1593998700741253,0.3008333936695516,0.0,0.0,-0.1850759691494426
Mende,Wakiso,Central,41654.971603393555,0.0,0.0,0.0,4,0.029880725201963054,0.0,0.029909933129317792,0.04400432336827473,0.014094390238956936,0.07868637220018314,0.11340676040493612,0.0,0.0,0.17227930583531703
Merikit,Tororo,Eastern,32042.320831298828,0.0,0.0,0.0,4,0.07359544002207247,0.0,0.0,0.010248220525236548,0.010248220525236548,0.25991617747281026,0.3925104019211687,0.0,0.0,-0.24060816261095452
Metu,Moyo,Northern,26458.993967056274,0.0814733668670328,0.11161074351459062,0.03013737664755782,8,0.0789892508138118,797.404666900635,0.08519994848875811,0.10819058088344981,0.022990632394691693,0.5235154079853773,0.5756145359212188,0.04794331416874708,0.34116052405973507,-0.10733344470432185
Midia,Koboko,Northern,37911.99481201172,0.0,0.0,0.0,10,0.016646618295023577,0.0,0.0,0.0,0.0,0.0,0.01341059476950481,0.0,0.0,0.018428513441669264
Midigo,Yumbe,Northern,65036.23221206665,0.04468022670217718,0.15362475664020364,0.10894452993802646,10,0.153538023779069,7085.3417472839365,0.42326309872919365,0.4839170083659991,0.06065390963680545,0.29793013284420256,0.3269958563068893,0.0,0.0,-0.33858769758758167
Migeera Town Council,Nakasongola,Central,7559.172156333923,1.0,1.0,0.0,4,0.012635000805441665,0.0,0.018913193951258803,0.047217107089149696,0.028303913137890893,0.0,0.0,0.0,0.08509621990665096,0.009859659953313596
Miirya,Masindi,Western,26222.341811180115,0.0014355858375348428,0.012564044655108011,0.011128458817573168,10,0.042813610405673,291.8142509460449,0.3503448885566689,0.4168172102466777,0.06647232169000883,0.8757472184953216,0.9066154118998061,0.0,0.01104118249824141,-0.36014979099862376
Mijwala,Ssembabule,Central,37362.961963653564,0.6068018261878073,0.9931062057914106,0.3863043796036033,4,0.16285164042176659,14433.475841522219,0.30907883688389964,0.3834770338477947,0.07439819696389505,0.35427893124545584,0.4299862732933544,0.0,0.034745008670372196,-0.12815873595486071
Minakulu,Oyam,Northern,49146.20373916626,0.04554449866341245,0.1323878159225641,0.08684331725915165,8,0.0507313091264503,4268.01936340332,0.4765037030396131,0.562023672017468,0.08551996897785485,1.0,1.0,0.0,0.13225155620900444,-0.12357043915192438
Mirambi,Bundibugyo,Western,13535.658111572266,0.0,0.0,0.0,4,0.037320270235923186,0.0,0.0,0.0,0.0,0.0,0.0,0.0,0.0,0.05663163478933508
Mitooma,Mitooma,Western,21560.154357910156,0.0,0.0,0.0,4,0.05140072173424476,0.0,0.014491907094886671,0.014491907094886671,0.0,0.0,0.0,0.0,0.0,-0.08866570236528419
Mitooma Town Council,Mitooma,Western,7011.981109619141,0.0,0.0,0.0,4,0.033363825504027056,0.0,0.0,0.0,0.0,0.0,0.0,0.0,0.0,0.1807246527165764
Molo,Tororo,Eastern,24622.695922851562,0.0,0.0,0.0,4,0.03137825649940912,0.0,0.0,0.0,0.0,0.0,0.0514489254822527,0.0,0.0,0.012901193837908932
Moruita,Nakapiripirit,Northern,35729.96141242981,0.9033038910045041,0.9686083430595509,0.06530445205504676,5,0.38218327048658285,2333.3255519866934,0.7378717736844941,0.7829618973710453,0.04509012368655119,0.9487714693263127,0.9692595635993118,0.7174120101994039,0.7750951609463482,-0.3566325240967018
Morulem,Abim,Northern,35469.737199783325,0.11494331285841138,0.17375440086161556,0.058811088003204184,8,0.12002596485644534,2086.0138359069824,0.3639515307756227,0.4339480239388817,0.06999649316325901,0.9653536628052386,0.9885534052645288,0.1104922441662082,1.0,-0.26975682655915145
Morungatuny,Amuria,Eastern,22972.217742919922,0.9350180105607488,1.0,0.06498198943925115,8,0.29051090217022324,1492.7804107666004,0.16143624752571933,0.2517096340648538,0.09027338653913447,1.0,1.0,0.0,0.9128498883321893,-0.3003916695306848
Moyo,Moyo,Northern,22620.062229156494,0.004042326855094028,0.011222689756645048,0.00718036290155102,8,0.05377999056409802,162.42025566101074,0.0816136676603227,0.10965229328572733,0.02803862562540463,0.16398304695732627,0.19981734472827292,0.0,0.032803822975468286,0.0496255031615137
Moyo Town Council,Moyo,Northern,9483.440979003906,0.0,0.0,0.0,8,0.006506174881178585,0.0,0.0,0.0,0.0,0.0,0.0,0.0,0.0,0.9194629523113109
Moyok,Kween,Eastern,7046.332733154297,0.0,0.0,0.0,5,0.020507467152784287,0.0,0.0,0.028974101999109714,0.028974101999109714,0.0,0.0,0.0,0.06390549445992871,-0.3879555474038673
Mpara,Kyegegwa,Western,75092.72758483887,0.3270344623225176,0.6661084359467151,0.3390739736241975,4,0.08478592764331094,25461.989532470703,0.46878416218878166,0.5093957488162074,0.040611586627425755,1.0,1.0,0.0,0.6713699784338191,-0.2649331691511504
Mparo Divison,Hoima,Western,26142.855880737305,0.0,0.0,0.0,10,0.008406104152921534,0.0,0.0,0.0,0.0,0.19923105119234358,0.21701265372061787,0.0,0.0,0.06858082135862721
Mparo Town Council,Rukiga,Western,6045.972244262695,0.0,0.0,0.0,4,0.02480483309020276,0.0,0.0,0.0,0.0,0.0,0.0,0.0,0.0,0.05130702896821211
Mpasaana,Kakumiro,Western,35288.6365814209,0.9962979147628468,1.0,0.0037020852371532076,4,0.18692823308704276,130.64154052734295,0.5509618282311577,0.6324393516332493,0.08147752340209158,1.0,1.0,0.0,1.0,-0.35826780623991467
Mpatta,Mukono,Central,22599.047216415405,0.00010992445024898885,0.009233516692802472,0.009123592242553484,4,0.11867178128211875,206.1844918727875,0.5050150714569337,0.6521679798102977,0.14715290835336403,0.3594139555917731,0.47180840466678076,0.0,0.0011514317717735536,-0.024212731122999362
Mpeefu,Kagadi,Western,58312.06946563721,0.0,0.018833790843137042,0.018833790843137042,4,0.13898615389196134,1098.237319946289,0.9055337925659636,0.9562044842032443,0.050670691637280774,0.9867092223180318,0.993759402604816,0.0,0.0,-0.29767414003040066
Mpenja,Gomba,Central,37790.40612030029,0.0,0.0,0.0,4,0.06134178340479629,0.0,0.050268308012699874,0.07932108649879341,0.029052778486093535,0.478271353262435,0.5401519500586328,0.0,0.0,-0.22477771363098628
Mpigi Town Council,Mpigi,Central,56034.96708679199,0.0,0.0014886869758769497,0.0014886869758769497,4,0.03430816521653912,83.41852569580078,0.0459771173204741,0.07253088801232428,0.026553770691850186,0.06592582864369202,0.08230960392206005,0.0,0.0,0.22927594202816012
Mpondwe-Lhubiriha,Kasese,Western,52821.70715332031,0.0,0.0,0.0,11,0.001180393693360815,0.0,0.0,0.0,0.0,0.0,0.0,0.0,0.0,0.44365031750601447
Mpumudde,Lyantonde,Central,17991.20601272583,0.0,0.01699993001846148,0.01699993001846148,4,0.09799541276759882,305.8492431640625,0.040710080164042886,0.06926527544998749,0.028555195285944607,1.0,1.0,0.0,0.008950655166795543,-0.21729118428198596
Mpumudde Division,Jinja,Eastern,39015.09193253517,0.0,0.0,0.0,4,0.003872413737007002,0.0,0.0020264790765102438,0.005615246546784767,0.003588767470274523,0.0,0.0,0.0,0.0,1.1352769268296952
Mpunge,Mukono,Central,20825.91028904915,0.06262468822433732,0.3738637488385195,0.3112390606141822,4,0.17241012083933338,6481.836754798889,0.35793662169226614,0.43723894538314517,0.07930232369087903,0.9817284574709852,0.9943667613555309,0.0007107316163244815,0.3791307478169724,-0.08528201578854133
Mpungu,Kanungu,Western,9674.742853164673,0.0,0.0,0.0,10,0.08324729136093528,0.0,0.047436236261951654,0.0714757587699637,0.02403952250801205,0.1973135419370568,0.3404381416350837,0.0,0.007659295571215256,-0.2784416830703123
Mpungwe,Mayuge,Eastern,32743.775177001953,0.0,0.0,0.0,4,0.10077376556761558,0.0,0.0,0.0,0.0,0.8508600193316818,0.9084333928041499,0.0,0.0,-0.1762949343468897
Mucwini,Kitgum,Northern,25669.1114654541,0.09558741898367337,0.1146211587393609,0.019033739755687534,7,0.0726616755311027,488.5791873931884,0.9969085221419669,0.9996271532658408,0.002718631123873938,1.0,1.0,0.06259928368211432,0.10416266772143759,-0.2568721712204224
Muduuma,Mpigi,Central,40365.278244018555,0.0,0.0,0.0,4,0.020297917856268055,0.0,0.02781273381870489,0.054872329393648764,0.027059595574943873,0.8190894328786473,0.8717897400281852,0.0,0.0,0.07602476743770774
Mugarama,Kibaale,Western,17511.192672729492,0.03876068651031398,0.623662181262045,0.584901494751731,4,0.2033452139199191,10242.32276916504,0.15395759936509568,0.2619583966857804,0.10800079732068474,0.7384828653854413,0.8225619635679832,0.0,0.8790901494980031,-0.28766365746632977
Mugiti,Budaka,Eastern,15148.941589355469,0.0,0.0,0.0,4,0.015829477170068995,0.0,0.0,0.0,0.0,0.0,0.0,0.0,0.0,0.02638370463183119
Mugoye,Kalangala,Central,16728.05373388529,1.0,1.0,0.0,1,,0.0,0.3202273005637903,0.40600401428325866,0.08577671371946838,0.769065288144427,0.7956902558400004,0.04516687490689688,0.5220887772128097,-0.08340234858640866
Mugusu,Kabarole,Western,13638.811218261719,0.0,0.0,0.0,4,0.03628773769078167,0.0,0.0,0.03803016333030716,0.03803016333030716,0.2318965911170414,0.3932131556794204,0.0,0.0,-0.10472228055650103
Mugusu Town Council,Kabarole,Western,15961.96353149414,0.0,0.0,0.0,4,0.0071159676190502286,0.0,0.0,0.0,0.0,0.0,0.0,0.0,0.0,0.10394074231809552
Muhanga Town Council,Rukiga,Western,18714.39273071289,0.0,0.0,0.0,4,0.017558824763414083,0.0,0.0,0.0,0.0,0.16057836949399357,0.24851730777556386,0.0,0.0,0.20668278831554035
Muhokya,Kasese,Western,26873.939007878304,0.42221098186149014,0.4372415465810165,0.015030564719526351,4,0.08663341057754548,403.93047952651864,0.31398541500512034,0.33960699106750236,0.025621576062382023,0.3566872536851774,0.388924076803193,0.3602708966142822,0.40949699749358176,-0.1480075648287115
Muhorro,Kagadi,Western,28552.531829833984,0.0,0.0,0.0,4,0.04619613443494766,0.0,0.3024646473102899,0.3726441544813826,0.07017950717109273,0.23058702942818707,0.3034854674993174,0.0,0.49730442896390725,-0.3565120293003095
Muhorro Town Council,Kagadi,Western,34570.93762207031,0.0,0.0,0.0,4,0.01529193423346778,0.0,0.06991130908964037,0.06991130908964037,0.0,0.21858557766476752,0.21858557766476752,0.0,0.8082442531115106,-0.12826130890567483
Muko,Rubanda,Western,44650.926250457764,0.0,0.0,0.0,4,0.05923573337216975,0.0,0.0,0.0,0.0,0.0038361720115589223,0.020034056255935864,0.0,0.0,-0.16087389633685825
Mukongoro,Kumi,Eastern,70149.27807235718,0.0,0.05588447070948721,0.05588447070948721,5,0.1012236771219428,3920.2552757263184,0.15512880038306107,0.215074102169739,0.059945301786677924,0.844085825205504,0.935003919623106,0.0,0.0,-0.2763586002356781
Mukoto,Namisindwa,Eastern,10138.633224487305,0.13099334606492244,0.19035254100093063,0.05935919493600819,5,0.18231802600267188,601.8211059570312,0.338342916259221,0.402202576844429,0.06385966058520798,0.4976233563760441,0.6914107699106768,0.08060267495210409,0.24062455677796052,-0.3308959030136862
Mukuju,Tororo,Eastern,48686.720275878906,0.0,0.0,0.0,4,0.03818265127083559,0.0,0.0,0.0,0.0,0.010323722977986049,0.045343346342782816,0.0,0.0,-0.07667883474357887
Mukungwe,Masaka,Central,55422.16539764404,0.0,0.0,0.0,4,0.029507534444710437,0.0,0.03156320311533622,0.05126993383940603,0.01970673072406981,0.0,0.008265596396999263,0.0,0.0,0.3425758004882133
Mukura,Ngora,Eastern,41939.652769327164,0.0,0.0,0.0,5,0.03600919914471307,0.0,0.1397806600570183,0.1872957628960456,0.047515102839027296,0.7138889510655934,0.7714962938758131,0.0,0.0,-0.25570680424049647
Mulagi,Kyankwanzi,Central,19110.42805480957,0.0,0.0,0.0,4,0.03858309890151851,0.0,0.24019658435737215,0.2952728588561297,0.055076274498757544,0.18711184110932352,0.21608464833030028,0.0,0.04288911671270402,-0.1894564701766147
Mulanda,Tororo,Eastern,50717.251052856445,0.0,0.06274929184979014,0.06274929184979014,4,0.22216987868901417,3182.471588134765,0.0,0.005531022959760707,0.005531022959760707,0.005533699350777465,0.07066299797064045,0.0,0.04866204929998369,-0.20814644645006805
Munarya,Kapchorwa,Eastern,7461.800506591797,0.22782807591558077,0.27287355063343277,0.045045474717852,5,0.09912647780384787,336.12034606933605,0.3650447496708281,0.3828540505166289,0.01780930084580079,0.38383685646328164,0.42689872742092605,0.22782807591558077,0.24365467804875432,-0.0794286185853129
Munkunyu,Kasese,Western,27763.981506347656,0.0,0.0,0.0,4,0.03482467416484061,0.0,0.0,0.027913941902419824,0.027913941902419824,0.007160462497798866,0.01916201356705206,0.0,0.0,-0.25089430037862437
Muntu,Amolatar,Northern,18702.474116802216,0.004072069450228548,0.004072069450228548,0.0,9,0.07003377768928942,0.0,0.5272484983089498,0.5849260371342994,0.05767753882534954,0.4086633859491818,0.4355930817822284,0.0,1.0,-0.41153610057022805
Muramba,Kisoro,Western,46328.775314331055,0.0,0.0,0.0,4,0.02715339859703844,0.0,0.0,0.008927908773403243,0.008927908773403243,0.25349256911985846,0.3415239788097026,0.0,0.0,-0.19861374549983551
Murora,Kisoro,Western,19279.372756958008,0.0,0.0,0.0,4,0.05673503143109343,0.0,0.0,0.0,0.0,0.0,0.0,0.0,0.0,-0.13909255245616628
Mutara,Mitooma,Western,27457.49821472168,0.0,0.0,0.0,4,0.03271942996920518,0.0,0.05693024143493772,0.11769987342103568,0.06076963198609796,0.11635007327337953,0.1998522546340398,0.0,0.0,-0.2762368455565867
Muterere,Bugiri,Eastern,35867.147521972656,0.0,0.0,0.0,4,0.0576048398942931,0.0,0.0,0.0,0.0,0.5657456040890176,0.6547638769832802,0.0,0.0,-0.17313296251427798
Mutumba,Namayingo,Eastern,57791.79338645935,0.6155483567660481,0.9778508390399486,0.3623024822739005,4,0.31613062788244317,20938.11019897461,0.03864550284485536,0.0672656061227794,0.028620103277924046,0.9267768306178914,0.9773633771177058,0.0,1.0,-0.15635687340831672
Mutunda,Kiryandongo,Western,99767.84467697144,0.01927226000245139,0.044878630210387134,0.025606370207935745,8,0.04678755124924394,2554.6923656463623,0.3295691661456848,0.3807774308197788,0.05120826467409395,1.0,1.0,0.0022836321858604857,0.9975982382692096,-0.16385768799469852
Muwanga,Kiboga,Central,22940.71282196045,0.0,0.01581272554314098,0.01581272554314098,4,0.031937833851160224,362.7551956176758,0.015133112945864063,0.02790589161289708,0.012772778667033016,0.5890393684801499,0.6107340729980454,0.0,0.0,-0.17969409169654174
Muyembe,Bulambuli,Eastern,8935.436645507812,0.0,0.0,0.0,5,0.004946934284680071,0.0,0.0,0.0,0.0,0.0,0.0,0.0,0.0,0.20953335444834792
Mwizi,Rwampara,Western,41732.03300476074,0.013041332486412465,0.026489727730960425,0.01344839524454796,4,0.04910691474511908,561.2288742065429,0.0195551426640712,0.02204352278746806,0.0024883801233968605,0.07884349444393933,0.17182530917851543,0.0,0.02865843333183672,-0.18979308527086824
Myanzi,Kassanda,Central,30323.287378191948,0.01146577600485427,0.014660485889772578,0.0031947098849183075,4,0.037090224448201925,96.87410593032837,0.18107535233070407,0.2685980108911118,0.08752265856040772,0.8793674383556438,0.9008671776710767,0.0052428406455876184,0.9721822834738754,-0.16545905937032246
Myene,Oyam,Northern,34939.269287109375,0.006649187834272732,0.19085635810475468,0.18420717027048195,8,0.11437305695440869,6436.063926696777,0.6110064594975544,0.6469920507889921,0.035985591291437746,0.9758532996412469,0.9930326077547579,0.0,0.7963894383856497,-0.3186635484768625
Nabbaale,Mukono,Central,48922.44584655762,0.0,0.0,0.0,4,0.027230407543067492,0.0,0.028430452714642104,0.08600326608281243,0.05757281336817033,0.15777111240143255,0.19615484371747613,0.0,0.0,0.0986890700437038
Nabbongo,Bulambuli,Eastern,14622.457702636719,0.0,0.0,0.0,5,0.05335298570434549,0.0,0.0,0.0,0.0,0.0,0.036662762369744556,0.0,0.0,-0.24659987071362027
Nabigasa,Kyotera,Central,24993.504669189453,0.0,0.0,0.0,4,0.13600603365443809,0.0,0.0,0.0,0.0,0.5202494876873553,0.6165038760919148,0.0,0.0,0.10212770453736089
Nabilatuk,Nabilatuk,Northern,38188.76112365723,0.979274951303555,0.9810578947610282,0.0017829434574732073,4,0.2229425604857318,68.08840179443182,0.3921063090794983,0.46877704548526355,0.07667073640576527,0.254616054719874,0.31318746534807895,0.1535634763656059,0.9667861545758228,-0.3719046309700279
Nabilatuk Town Council,Nabilatuk,Northern,4467.963914871216,1.0,1.0,0.0,4,0.17617233755189288,0.0,0.15764537600090747,0.22244755220081944,0.06480217619991196,0.051093588870701055,0.0715167829082018,0.06561936087881055,1.0,-0.3471788115005042
Nabingoola,Mubende,Central,50918.28428649902,0.0,0.042948488405077756,0.042948488405077756,4,0.07247092003378375,2186.8633422851562,0.13548995618862555,0.17580657409613967,0.04031661790751412,1.0,1.0,0.0,0.48781335751929294,-0.3438529232964733
Nabiswa,Kibuku,Eastern,17767.950744628906,0.0,0.0,0.0,4,0.1263188823524255,0.0,0.0,0.0,0.0,0.0,0.0,0.0,0.0,0.04766502083807775
Nabisweera,Nakasongola,Central,21378.845115482807,0.9974473123905331,0.9974473123905331,0.0,4,0.09318380193705278,0.0,0.50044183588173,0.5723341877361818,0.07189235185445186,0.626333696069812,0.6698800700699796,0.08411752137436505,0.3340817897347539,-0.29167106182281044
Nabitende,Iganga,Eastern,36778.095153808594,0.0,0.0,0.0,4,0.040443932085804435,0.0,0.0,0.0,0.0,0.0,0.010930699024357577,0.0,0.0,-0.18326514134375815
Naboa,Budaka,Eastern,18825.64370727539,0.0,0.0,0.0,4,0.05748579286589689,0.0,0.0,0.0,0.0,0.02134760300309976,0.13411873519216647,0.0,0.0,0.07587435910677495
Nabukalu,Bugiri,Eastern,47806.94073486328,0.0,0.013106275861576158,0.013106275861576158,4,0.09515990410350772,626.5709533691406,0.27344160396447853,0.41056363532423945,0.13712203135976092,0.644803873506277,0.7507915651757163,0.0,0.029970590866686977,-0.2835361657422313
Nabumali Town Council,Mbale,Eastern,9868.91616821289,0.0,0.0,0.0,4,0.006077425326186492,0.0,0.0,0.0,0.0,0.10208008069177157,0.10208008069177157,0.0,0.0,0.3169297683691815
Nabuyoga,Tororo,Eastern,39784.77114868164,0.0,0.17464796260020868,0.17464796260020868,4,0.2602907708869854,6948.3292236328125,0.0,0.010936556523385162,0.010936556523385162,0.3989686109894964,0.5121198334012615,0.0,0.7092934267410347,-0.21966588160803274
Nabweru Division,Wakiso,Central,179650.64208984375,0.0,0.0,0.0,4,0.002961450743800359,0.0,0.0,0.0,0.0,0.0,0.0,0.0,0.0,1.1543320618863901
Nabweya,Bududa,Eastern,12874.250854492188,0.0,0.0,0.0,5,0.06840081726674874,0.0,0.0,0.0,0.0,0.0,0.0,0.0,0.0,0.32229272001500614
Nabweyo,Namutumba,Eastern,19822.319244384766,0.017701477513954587,0.13223868062222593,0.11453720310827134,4,0.07026127350723677,2270.3930053710938,0.0,0.07232520125846972,0.07232520125846972,0.2753939138727722,0.365638242240439,0.0,0.0,-0.12988963953330276
Nabwigulu,Kamuli,Eastern,25359.66958618164,0.0,0.0,0.0,4,0.041209410007992914,0.0,0.011819433903030334,0.1123575974662465,0.10053816356321617,0.2274931806893926,0.28624667590237896,0.0,0.0,-0.21001341910051008
Nadunget,Moroto,Northern,65480.30608725548,0.4484857023990806,0.46943380641544874,0.020948104016368152,4,0.1897589083331228,1371.6882629394524,0.4992549125933412,0.5241982309472166,0.02494331835387542,0.598609778608677,0.6139058093070687,0.4622247665928042,0.46943380641544874,-0.20537022994656157
Nagojje,Mukono,Central,45456.87772369385,0.0,0.0011149184939982745,0.0011149184939982745,4,0.02197532481436662,50.68071365356445,0.2035282847476788,0.3029796914710909,0.09945140672341207,0.02786128650669974,0.06703962461322732,0.0,0.0011149184939982745,0.14101700124039193
Nagongera,Tororo,Eastern,34129.33688354492,0.0,0.0,0.0,4,0.16896522917607337,0.0,0.0,0.0,0.0,0.0,0.0473483762463592,0.0,0.026291677097173373,-0.06014460374922784
Nagongera Town Council,Tororo,Eastern,15564.633819580078,0.0,0.0,0.0,4,0.18301053482120022,0.0,0.0,0.0,0.0,0.0,0.0,0.0,0.0,-0.043019654329720464
Nairambi,Buvuma,Central,29430.801488876343,1.0,1.0,0.0,4,0.5502825461965843,0.0,0.49634914202991026,0.5844510041332538,0.08810186210334353,1.0,1.0,0.0,1.0,-0.2299458580832901
Najja,Buikwe,Central,57196.61795377731,0.0,0.0,0.0,4,0.08399589156413195,0.0,0.05932423853332594,0.112703083597,0.05337884506367406,0.3673941919097593,0.45759453155171226,0.0,0.020615205062381153,-0.03604040377922384
Najjembe Division,Buikwe,Central,42738.090854644775,0.0019743027355731734,0.00848044779845718,0.006506145062884006,4,0.030302727686921216,278.0602188110352,0.0826859073789533,0.1085772661855289,0.0258913588065756,0.15149768752346915,0.2451379675378178,0.0,0.0074958036752397475,0.22068600924400703
Nakalama,Iganga,Eastern,56837.74247741699,0.0,0.0,0.0,4,0.00739171901940279,0.0,0.08216605253851997,0.08216605253851997,0.0,0.0948181228892417,0.11752292969132823,0.0,0.0,0.42585981193406003
Nakaloke,Mbale,Eastern,9046.2607421875,0.0,0.0,0.0,4,0.0038888089357536487,0.0,0.0,0.0,0.0,0.0,0.0,0.0,0.0,0.5102746374942772
Nakaloke Town Council,Mbale,Eastern,34744.55480957031,0.0,0.0,0.0,4,0.001885703673176517,0.0,0.0,0.0,0.0,0.0,0.0,0.0,0.0,0.45197679173487004
Nakapelimoru,Kotido,Northern,35735.6135995388,1.0,1.0,0.0,7,0.35269486402845573,0.0,0.45734822707781203,0.49403417859541937,0.03668595151760734,0.7258862639910215,0.7773774728934337,0.2333931640158574,1.0,-0.3852521511741166
Nakapiripirit Town Council,Nakapiripirit,Northern,4830.417556762695,1.0,1.0,0.0,4,0.23059188307439005,0.0,0.0,0.0,0.0,0.0,0.0,0.0,0.0,0.3665204030676107
Nakaseke,Nakaseke,Central,23564.803298950195,0.0,0.0,0.0,4,0.09255265720897538,0.0,0.07003365578224297,0.11913815977153142,0.04910450398928845,0.446232223101741,0.5545105098172357,0.0,0.0,-0.13781564439836103
Nakaseke Town Council,Nakaseke,Central,9705.512893676758,0.0,0.0,0.0,4,0.06073868793960713,0.0,0.1677604082855685,0.1677604082855685,0.0,0.28369894886563335,0.41774427318072704,0.0,0.0,0.2300659918238312
Nakasongola Town Council,Nakasongola,Central,13452.167434692383,1.0,1.0,0.0,4,0.04513374404037318,0.0,0.0,0.0,0.0,0.0,0.0,0.0,0.003775834050688075,0.19583348349145083
Nakatsi,Bududa,Eastern,16041.15966796875,0.0,0.0,0.0,5,0.09066620082196528,0.0,0.0,0.0,0.0,0.0,0.0,0.0,0.0,-0.1364337352078447
Nakawa Division,Kampala,Central,378179.35763549805,0.0,0.0,0.0,4,0.0038040114250655135,0.0,0.0,0.00037300140538269505,0.00037300140538269505,0.0,0.0,0.0,0.0,1.3421064299368823
Nakigo,Iganga,Eastern,49306.014556884766,0.0,0.0,0.0,4,0.018272053482516648,0.0,0.0,0.0,0.0,0.0080748825039916,0.02683361966130486,0.0,0.0,0.20598623871725041
Nakisunga,Mukono,Central,63623.301933288574,0.0,0.0,0.0,4,0.020038099197635134,0.0,0.03737973251129154,0.058311459323388735,0.020931726812097193,0.04582378922733335,0.08500103368284756,0.0,0.0,0.27459350247189396
Nakitoma,Nakasongola,Central,17231.608241558075,0.3601778286252709,0.4155773279387516,0.05539949931348065,9,0.045597474322819354,954.622468948364,0.4160003560090931,0.4690203230391511,0.05301996703005801,0.9716067303802652,0.9784443866683922,0.029131777439230143,0.6625955325163013,-0.22071556425580446
Nalondo,Manafwa,Eastern,7869.782196044922,0.0,0.0,0.0,5,0.04178783987791096,0.0,0.0,0.07979086992950124,0.07979086992950124,0.0,0.0,0.0,0.0,0.02823106828715019
Nalusala,Sironko,Eastern,12919.209335327148,0.0,0.0,0.0,5,0.050646462252289526,0.0,0.0,0.0,0.0,0.0,0.0,0.0,0.0,-0.07565549723610461
Nalutuntu,Kassanda,Central,36926.99167251587,0.028728601501249257,0.04315765506612683,0.014429053564877573,4,0.04778592655044278,532.8215408325195,0.23349055961462936,0.2883959139681308,0.05490535435350144,0.7639656632859003,0.8115417763404255,0.007829206703721586,0.9930862891322351,-0.16689717209192528
Nalwanza,Bududa,Eastern,14006.890197753906,0.09110512807877161,0.11645880653071618,0.02535367845194457,5,0.08969596277017067,355.1261901855468,0.1317344507689869,0.14338525012424458,0.011650799355257674,0.14902864840048333,0.14902864840048333,0.08557813391566857,0.12385923126326173,-0.1638444441635231
Nalweyo,Kakumiro,Western,29871.706161499023,0.7755914682312215,0.9917799979310632,0.2161885296998417,4,0.21901431055459564,6457.920234680176,0.612411335414957,0.6385196336770661,0.026108298262109142,0.9786432588944315,1.0,0.0,0.9773730855090298,-0.2943665087668012
Nama,Mukono,Central,67459.01271057129,0.0,0.0,0.0,4,0.008385285736475873,0.0,0.04662436607407392,0.09212201830028464,0.04549765222621072,0.0,0.010733563902546305,0.0,0.0,0.6452466044876479
Namabya,Namisindwa,Eastern,14776.602478027344,0.0,0.0,0.0,5,0.0737711080966294,0.0,0.0,0.0,0.0,0.0,0.0,0.0,0.0,-0.06446226524588378
Namalemba,Bugweri,Eastern,30977.066848754883,0.0,0.0,0.0,4,0.021664144960442167,0.0,0.0,0.018775335661072666,0.018775335661072666,0.4296152088187953,0.5418811800277826,0.0,0.0,-0.12922749721268847
Namalu,Nakapiripirit,Northern,39362.75489425659,0.9848710342462818,1.0,0.015128965753718249,5,0.5060428162745472,595.5177707672134,0.6091463496819098,0.6665593338542679,0.05741298417235807,0.8137737912768385,0.893169352151258,0.36636557050629914,0.5433095831433501,-0.37187504463383797
Namambasa,Mbale,Eastern,25203.514190673828,0.0,0.0,0.0,4,0.014394615463439453,0.0,0.0,0.0,0.0,0.0,0.0,0.0,0.0,0.31133036556354615
Namanyonyi,Mbale,Eastern,36894.195556640625,0.0,0.0,0.0,4,0.010987066820729516,0.0,0.0,0.0,0.0,0.0,0.0,0.0,0.0,0.4293036809857157
Namasagali,Kamuli,Eastern,44886.71659851074,0.08140378814735925,0.12815164893632194,0.04674786078896269,4,0.10537663174665035,2098.3579788208012,0.1972869917787106,0.26331199489239926,0.06602500311368867,0.9322336299615104,0.965565598962771,0.013194172293934619,0.13079138172047172,-0.36164124555032723
Namasale,Amolatar,Northern,31126.630904734135,0.619408947167132,0.8426908599576596,0.22328191279052756,9,0.12419600647273632,6950.013687133787,0.21863758578628628,0.26060726698579717,0.04196968119951089,1.0,1.0,0.09888410702864182,1.0,-0.4449896658657937
Namasale Town Council,Amolatar,Northern,10126.458161354065,1.0,1.0,0.0,9,0.10531408932706543,0.0,0.1481893135896703,0.17029887872451238,0.02210956513484208,1.0,1.0,0.0,1.0,-0.3321032766733702
Namayingo Town Council,Namayingo,Eastern,19521.723205566406,0.0,0.0,0.0,4,0.09216721606828748,0.0,0.0,0.0,0.0,0.0,0.0,0.0,1.0,0.14543812796743769
Namayumba,Wakiso,Central,30607.005783081055,0.0,0.0,0.0,4,0.07626774047961005,0.0,0.2739864266279412,0.3962571552032642,0.122270728575323,0.3318117025143056,0.41946047938269215,0.0,0.007295950697785508,-0.1141502494776144
Namayumba Town Council,Wakiso,Central,23769.58155822754,0.0,0.0,0.0,4,0.0241917618475761,0.0,0.006777488608399277,0.023797139829518015,0.017019651221118738,0.0,0.0,0.0,0.0,0.1458475639832718
Nambale,Iganga,Eastern,60795.088928222656,0.0,0.0,0.0,4,0.020123182611786528,0.0,0.03832971133539619,0.058399535733116244,0.02006982439772005,0.26790326913065166,0.3417785591916645,0.0,0.0,-0.14556281767995635
Nambieso,Kwania,Northern,64079.74275279045,0.651215843282657,0.9176142339104526,0.2663983906277956,9,0.23290279623252808,17070.740341186523,0.35574665605737893,0.45888837940598914,0.10314172334861021,0.9541338187191796,0.981040334483041,0.010695751479900812,0.8923555308012039,-0.4755911312886676
Namboko,Namisindwa,Eastern,10729.071380615234,0.0,0.0,0.0,4,0.2031020778714835,0.0,0.0,0.0,0.0,0.87741063951977,0.87741063951977,0.0,0.0,-0.07166673215666729
Namisindwa Town Council,Namisindwa,Eastern,6211.546325683594,0.0,0.0,0.0,5,0.09202350010593102,0.0,0.0,0.0,0.0,0.0,0.0,0.0,0.0,-0.12833314591066766
Namisuni,Bulambuli,Eastern,10369.232788085938,0.0,0.0,0.0,5,0.014631614660141123,0.0,0.0,0.0,0.0,0.0,0.0,0.0,0.0,0.06460526897746659
Namokora,Kitgum,Northern,17554.537889957428,0.6101167708797126,0.9227492204824986,0.312632449602786,8,0.13756985988966486,5488.118182182313,1.0,1.0,0.0,1.0,1.0,0.002168021397984686,0.9637818382509867,-0.29848003925423466
Namugongo,Kaliro,Eastern,26394.06640625,0.0,0.05443894492980563,0.05443894492980563,4,0.05269292992169872,1436.8651275634766,0.0,0.0,0.0,0.8953997341006901,0.9722333786482736,0.0,0.046784693910548375,-0.213679469800628
Namugongo Division,Wakiso,Central,172145.81396484375,0.0,0.0,0.0,4,0.0029455040125764,0.0,0.0,0.0,0.0,0.0,0.0,0.0,0.0,1.5508962589590405
Namungalwe,Iganga,Eastern,49474.22277832031,0.0,0.0,0.0,4,0.024552111633456275,0.0,0.047009672263313866,0.10699550539547784,0.05998583313216397,0.5159388190248536,0.5959078199165727,0.0,0.0,-0.11368439005248832
Namungo,Mityana,Central,20558.817741394043,0.0,0.0,0.0,4,0.053169659391923696,0.0,0.005540200064596855,0.04535635917261834,0.039816159108021484,0.7104789359649732,0.7484308826280769,0.0,0.11782640483036817,-0.10757752816661965
Namutumba,Namutumba,Eastern,49721.36668395996,0.0,0.0,0.0,4,0.07262252814933601,0.0,0.0033107323213481133,0.010759514850095785,0.007448782528747672,0.735123598434647,0.8445350902426069,0.0,0.0,-0.262146500829867
Namutumba Town Council,Namutumba,Eastern,24579.835388183594,0.0,0.0,0.0,4,0.007513141308525206,0.0,0.0,0.0,0.0,0.0,0.06284508633030468,0.0,0.0,0.3165462632945698
Namwendwa,Kamuli,Eastern,73770.74320983887,0.0,0.0,0.0,4,0.06777225432691858,0.0,0.004837159906775401,0.02861137093854259,0.02377421103176719,0.0072114262159011485,0.01966538077896806,0.0,0.0,0.07053599278625168
Namwiwa,Kaliro,Eastern,23631.863845825195,0.019287835836803855,0.2356365952755455,0.21634875943874166,4,0.2661118476591451,5112.724426269531,0.07461896315570658,0.2528572064730008,0.1782382433172942,0.9880583465282031,1.0,0.0,0.4266208260868922,-0.19405519360823978
Nandere,Kibuku,Eastern,18851.573196411133,0.0,0.04834220086520054,0.04834220086520054,4,0.15566820531084968,911.3265380859375,0.07789300581890647,0.2006846681063896,0.12279166228748313,0.32521732942049275,0.38003495970170037,0.0,0.007511661066299077,-0.06881933792676079
Nangako Town Council,Bududa,Eastern,5811.042724609375,0.0,0.0,0.0,5,0.046975996547386545,0.0,0.0,0.0,0.0,0.0,0.0,0.0,0.0,-0.02757263567130049
Nangoma,Kyotera,Central,2587.7971229553223,1.0,1.0,0.0,4,0.3321808312776571,0.0,0.09933967263372041,0.1673791784066066,0.06803950577288619,1.0,1.0,0.5385098075086849,1.0,0.07733005193858394
Nangonde,Namutumba,Eastern,24961.772958755493,0.09770001912930978,0.33651927285764377,0.23881925372833399,4,0.07838420117524181,5961.351989746095,0.0,0.0,0.0,0.9633418459721317,1.0,0.0,0.026817624150088957,-0.27254942050569436
Nankoma,Bugiri,Eastern,53860.91598510742,0.0,0.0,0.0,4,0.09862114757616719,0.0,0.0,0.0,0.0,0.0,0.0,0.0,0.0,0.021499393485348448
Nankondo,Kibuku,Eastern,13688.355934143066,0.0,0.013172095861279865,0.013172095861279865,4,0.14492269540165476,180.30433654785156,0.18561348648897036,0.2764040162302364,0.09079052974126606,0.46243843927630235,0.6832395291054504,0.0,0.025466330308815028,0.03504116000201809
Nansana Division,Wakiso,Central,241726.380859375,0.0,0.0,0.0,4,0.0006541314592937997,0.0,0.0,0.0,0.0,0.0,0.0,0.0,0.0,1.1963291985118085
Nansanga,Budaka,Eastern,13192.459167480469,0.0,0.052699978127208544,0.052699978127208544,4,0.17947719588480915,695.2423095703125,0.21490876521733063,0.32920263536116273,0.1142938701438321,0.2646963138238335,0.34272469980435777,0.0,0.014668051855555225,-0.29000571585539947
Nansololo,Kaliro,Eastern,19995.769638061523,0.5830023995729523,1.0,0.4169976004270477,4,0.22671861167787744,8338.187957763672,0.0,0.04104876281742269,0.04104876281742269,0.7513132466465368,0.8553048849018109,0.0,1.0,-0.2898530954887744
Napak Town Council,Napak,Northern,2969.396198272705,0.05091721805100459,0.06068220872210257,0.009764990671097977,4,0.03669139577224134,28.996126174926765,0.21767585110486531,0.24067651768083678,0.023000666575971468,1.0,1.0,0.08628633307724573,0.6876344595310686,-0.30810769001512733
Napore Karenga,Karenga,Northern,5756.107758760452,1.0,1.0,0.0,8,0.43402267017163676,0.0,0.5045228736479813,0.5430141911996645,0.038491317551683224,0.2942838619195565,0.33991411696735396,0.02158749803698791,0.019057377026764244,-0.22872171386266582
Nawaikoke,Kaliro,Eastern,29779.111087799072,0.16242961061619265,0.811081767508993,0.6486521568928003,4,0.1465907031838598,19316.284637451172,0.30182057555988107,0.4057795559784449,0.10395898041856383,1.0,1.0,0.0,0.7836879520554157,-0.22836072425695608
Nawampiti,Luuka,Eastern,26174.995361328125,0.0,0.0,0.0,4,0.06653735083005147,0.0,0.0,0.0,0.0,0.1921249735047093,0.2875207369612758,0.0,0.0,0.07920521429016937
Nawandala,Iganga,Eastern,40069.70146179199,0.0,0.004676899388905317,0.004676899388905317,4,0.070469312644317,187.40196228027344,0.0,0.0,0.0,0.22302892416258224,0.31717149357304614,0.0,0.018026732139126363,-0.14450846653090207
Nawanjofu,Butaleja,Eastern,27376.086669921875,0.0,0.05245543727569105,0.05245543727569105,4,0.1509479052092627,1436.0245971679688,0.06896128969391742,0.09138546454317671,0.022424174849259293,0.585270526578039,0.6676905994583306,0.0,0.0821381130561393,-0.247063048107947
Nawanyago,Kamuli,Eastern,30194.13136291504,0.0,0.0,0.0,4,0.04477286139560882,0.0,0.0,0.0,0.0,0.45848947793413014,0.5500751098720394,0.0,0.0,0.10344682264321252
Nawanyingi,Iganga,Eastern,32201.208892822266,0.0,0.0,0.0,4,0.03440129398114658,0.0,0.0,0.0,0.0,0.12599512009262007,0.21532352714208614,0.0,0.0,0.07715533322995088
Naweyo,Butaleja,Eastern,28491.393188476562,0.0,0.0,0.0,4,0.10116939241830192,0.0,0.0,0.0827210839649599,0.0827210839649599,0.0,0.0,0.0,0.0,-0.11319733860057188
Nawuyo Town Council,Mbale,Eastern,13505.819213867188,0.0,0.0,0.0,4,0.00624327783936042,0.0,0.0,0.0,0.0,0.0,0.0,0.0,0.0,0.9409999999999998
Nazigo,Kayunga,Central,55161.14535522461,0.0,0.0,0.0,4,0.05058542247591152,0.0,0.09572822992591921,0.23881600582379262,0.14308777589787341,0.10658913579036214,0.21964184380893906,0.0,0.0,0.12093499960537932
Ndagwe,Lwengo,Central,44314.845359802246,0.0,0.0,0.0,4,0.14992902035607425,0.0,0.09335495957708258,0.1868246039105349,0.09346964433345233,0.6877430572147016,0.7378524200794734,0.0,0.0,-0.006268812692664716
Ndaiga,Kagadi,Western,13326.203134775162,0.4270776165479407,0.9858584646724816,0.5587808481245409,4,0.24132625832346133,7446.42708992958,0.14976615616079486,0.24281902263507932,0.09305286647428446,1.0,1.0,0.0,0.7718432306835582,-0.319765556825431
Ndeija,Rwampara,Western,38763.092655181885,0.0,0.0013204451057488627,0.0013204451057488627,4,0.03427887360820964,51.18453598022461,0.008774011346675985,0.02553771809632537,0.016763706749649384,0.4126723916850788,0.5321574251476805,0.0,0.016362422084985978,-0.016798341453266703
Ndejje Division,Wakiso,Central,185163.69696044922,0.0,0.0,0.0,4,0.003180550765857243,0.0,0.0,0.0,0.0,0.0,0.0,0.0,0.0,1.2336980780343656
Ndhew,Nebbi,Northern,26183.451919555664,0.0,0.0,0.0,9,0.056591565756977213,0.0,0.0,0.0,0.0,0.06226811303103486,0.08460011753473203,0.0,0.0,-0.23141630275537442
Nduguto,Bundibugyo,Western,5101.860061645508,0.12147053623622002,0.18248596125236174,0.061015425016141725,4,0.10670045519815241,311.2921600341797,0.0,0.052102591247631364,0.052102591247631364,0.12147053720059968,0.18340363457704686,0.1530952379934075,0.12147053623622002,-0.5441447596279647
Nebbi,Nebbi,Northern,31599.943283081055,0.0,0.0,0.0,9,0.03952171570652946,0.0,0.03469579755289561,0.05199584370313767,0.01730004615024206,0.09541198904032837,0.1232150155724586,0.0,0.0,-0.19181174710636564
Ngai,Oyam,Northern,36579.29219818115,0.24155574876827626,0.7276111844038112,0.486055435635535,8,0.13450510795707127,17779.563804626465,0.2320924190377311,0.3699116005141808,0.13781918147644973,0.8455113858898305,0.9021653397514533,0.0,0.01222906358298938,-0.23819553220760564
Ngamba,Bundibugyo,Western,13799.991912841797,0.0,0.0,0.0,4,0.09531447197104609,0.0,0.0,0.0,0.0,0.0,0.0,0.0,0.0,-0.3345185107430839
Ngando,Butambala,Central,21480.059997558594,0.010109569506350542,0.06520508467008784,0.0550955151637373,4,0.17091754290445016,1183.4549713134766,0.05255711258576271,0.10542521518874488,0.05286810260298217,0.9853647131012148,1.0,0.0,0.024018018826355018,-0.07039549346648183
Ngarama,Isingiro,Western,33347.4780960083,0.1045292520019848,0.2970939418214087,0.19256468981942387,4,0.05463236828010809,6421.54677581787,0.1364814271191314,0.18712656661637786,0.05064513949724647,0.21273038646682485,0.26915633732268024,0.0,0.0,-0.19056493997107113
Ngariam,Katakwi,Eastern,11482.671779632568,0.34528641916720065,0.3820322914061695,0.03674587223896886,8,0.13311274348131585,421.94079017639154,0.5180947300827553,0.566644355193554,0.048549625110798744,1.0,1.0,0.18694474890850718,0.3820322914061695,-0.46146161087930454
Ngenge,Kween,Eastern,13977.132230758667,0.09308201789282068,0.4720253890692973,0.37894337117647664,5,0.2590826017548524,5296.541606903076,0.167769052232282,0.22634261947204157,0.058573567239759566,0.898178739852265,0.9528087135063319,0.031991110041433936,0.6308198062366013,-0.37937863301194547
Ngetta,Lira,Northern,40651.92562866211,0.0,0.0,0.0,8,0.015356887685073206,0.0,0.04003082057319643,0.06008904071474341,0.020058220141546977,0.3064627307440268,0.3342692714308013,0.0,0.0,-0.029736349869100683
Ngogwe,Buikwe,Central,43922.75812506676,0.0,0.0,0.0,4,0.048862861062918816,0.0,0.03468340997878184,0.07174966110636091,0.037066251127579074,0.11226207729909933,0.14805399403613892,0.0,0.058275887198311366,-0.043983427985313524
Ngoleriet,Napak,Northern,20637.330951690674,0.0,0.0,0.0,4,0.02699630721316726,0.0,0.23701828575302172,0.3044634080552373,0.06744512230221558,0.7308066005558903,0.7858659531352518,0.0,0.0,-0.2762885534701782
Ngoma,Nakaseke,Central,10785.244376659393,0.9587704390994836,0.9874235317837303,0.02865309268424676,4,0.2122367333514925,309.0306067466728,0.9286503635883956,0.9466588726875366,0.01800850909914098,0.674273008693706,0.7185046441559418,0.5091518305375992,0.9982236501568343,-0.37371473446041226
Ngoma,Ntungamo,Western,32257.20962524414,0.016514527337588885,0.028371941519496926,0.01185741418190804,4,0.05700969620379559,382.48709487915045,0.3288634519627686,0.37866403282514727,0.04980058086237865,0.5422596566497385,0.5631504988899617,0.0,0.07380010368359495,-0.21115004491313571
Ngoma Town Council,Nakaseke,Central,8198.083688735962,1.0,1.0,0.0,4,0.10634742666805086,0.0,0.0779590135302043,0.1100621128767863,0.032103099346581995,0.002213112554516399,0.0037945302885610283,0.0,1.0,0.10029716780178564
Ngora,Ngora,Eastern,33352.39194869995,0.0,0.014736864752820624,0.014736864752820624,5,0.09208426643351936,491.5096893310547,0.02943626077062646,0.07216954371898762,0.042733282948361165,0.0025455027237819296,0.015655462596586497,0.0,0.07105921908383597,-0.34987349479576263
Ngora Town Council,Ngora,Eastern,17592.893768310547,0.0,0.0,0.0,5,0.060989832151522205,0.0,0.0,0.0,0.0,0.0,0.0,0.0,0.0,0.010489391308163476
Ngwedo,Buliisa,Western,21869.79653453827,0.0,0.0,0.0,10,0.03504692642861362,0.0,0.3956934530680516,0.4915089444561114,0.09581549138805978,0.7267800004245267,0.761582155087543,0.0,1.0,-0.312833452644413
Njeru Division,Buikwe,Central,98037.43713378906,0.0,0.0,0.0,4,0.015492982069058123,0.0,0.0,0.0,0.0,0.0,0.0,0.0,0.0,0.8038320137676102
Nkandwa,Kyankwanzi,Central,18943.615234375,0.0,0.0,0.0,4,0.10705436264047219,0.0,0.35456491620873043,0.42251063200919753,0.0679457158004671,0.018236139342126822,0.06116307927596446,0.0,0.5297523992581139,-0.03158297149823546
Nkokonjeru Town Council,Buikwe,Central,11529.112930297852,0.0,0.0,0.0,4,0.0029762218060378973,0.0,0.0,0.0,0.0,0.0,0.0,0.0,0.0,0.731732354277659
Nkoma,Kamwenge,Western,50730.04586029053,0.992284367650435,1.0,0.00771563234956496,4,0.18501647035639568,391.4143829345716,0.7551071768637186,0.7737509007262485,0.018643723862529882,0.9488776340968337,0.9780938047182016,0.03865793028160636,0.975531812725112,-0.28613034924796127
Nkoma Town Council,Kamwenge,Western,45771.41719055176,0.620763449508437,0.9890193756175029,0.3682559261090659,10,0.19516330470942078,16855.595626831055,0.8458758492210383,0.8996210762586672,0.05374522703762885,1.0,1.0,0.0,1.0,-0.3126555320055163
Nkondo,Buyende,Eastern,42064.48063707352,0.746423233928397,0.9940741832676153,0.24765094933921827,4,0.16529685156908358,10417.308563232422,0.32380495758191663,0.41217206171207266,0.08836710413015603,0.2667145415324186,0.3587988681420639,0.0,1.0,-0.3027923824474497
Nkooko,Kakumiro,Western,52944.00360107422,0.8783798111720371,1.0,0.12162018882796288,4,0.307662331063149,6439.059715270993,0.3349596308305933,0.414084497705997,0.07912486687540365,1.0,1.0,0.0,1.0,-0.3217701040230062
Nkozi,Mpigi,Central,53823.5986199379,0.005604441305956818,0.01241757481117032,0.006813133505213503,4,0.04355542207759816,366.7073631286621,0.20350213683690874,0.2612473077640411,0.057745170927132355,0.35508025711612634,0.4005052768799687,0.003077733519329421,0.011522925809720457,0.06807288872293694
Nkungu,Kazo,Western,33299.571632385254,0.987778463689535,1.0,0.012221536310464964,4,0.08883207294493878,406.97192382812545,0.17914408833343407,0.22914724147903565,0.05000315314560158,1.0,1.0,0.0,0.9003054233238525,-0.30656744068846664
Nombe,Ntoroko,Western,339.9867732524872,1.0,1.0,0.0,4,0.30715799759084317,0.0,1.0,1.0,0.0,1.0,1.0,0.3520754295858265,1.0,-0.7277231355271657
North Division,Kotido,Northern,13642.723728179932,1.0,1.0,0.0,8,0.20027526469425783,0.0,0.31919932905355486,0.46247287543419424,0.14327354638063938,0.04391591060787842,0.10770561816676187,0.008449508710266989,1.0,-0.4008431097513734
Northern,Kisoro,Western,5307.6256103515625,0.0,0.0,0.0,4,0.0034603013319716436,0.0,0.0,0.0,0.0,0.0,0.0,0.0,0.0,0.8941004134561057
Northern Division,Iganga,Eastern,36581.01708984375,0.0,0.0,0.0,4,0.0019263609535053218,0.0,0.0,0.0,0.0,0.0,0.0,0.0,0.0,0.9297681231632651
Northern Division,Kamuli,Eastern,43179.94174194336,0.0,0.0,0.0,4,0.01163356591816471,0.0,0.0,0.0,0.0,0.0,0.0,0.0,0.0,0.5205271745310726
Northern Division,Mbale,Eastern,49300.377685546875,0.0,0.0,0.0,4,0.0007302584289255523,0.0,0.0,0.0,0.0,0.0,0.0,0.0,0.0,1.3084352974187201
Northern Division,Soroti,Eastern,22283.208251953125,0.0,0.0,0.0,5,0.010666340331214781,0.0,0.0,0.0,0.0,0.0,0.0,0.0,0.0,0.9113087184625833
Northern Division,Moroto,Northern,11410.489868164062,0.0,0.0,0.0,4,0.0005130074158575283,0.0,0.0,0.0,0.0,0.0,0.0,0.0,0.0,1.084
Northern Division,Kabale,Western,13775.705780029297,0.0,0.0,0.0,4,0.002848733491202779,0.0,0.0,0.0,0.0,0.0,0.0,0.0,0.0,0.6247651759247577
Northern Divison,Kumi,Eastern,23810.971069335938,0.0,0.0,0.0,5,0.010552840103061747,0.0,0.08162689225939934,0.1544705646828999,0.07284367242350057,0.0,0.0,0.0,0.0,0.09749691924219521
Northern Divison,Koboko,Northern,17478.35498046875,0.0,0.0,0.0,10,0.004563914879343638,0.0,0.0,0.0,0.0,0.0,0.0,0.0,0.0,0.8063237465781826
Nsambya,Kyankwanzi,Central,39020.55854225159,0.13594300935633638,0.19604497534027746,0.060101965983941075,10,0.0446127360060703,2345.212282180786,0.4909407568922084,0.5178615884847368,0.02692083159252845,1.0,1.0,0.07219979000385303,0.08981587785810648,-0.3236108604329532
Nsiika Town Council,Buhweju,Western,3931.9961853027344,0.0,0.7973434989047307,0.7973434989047307,4,0.18537021667310905,3135.151596069336,0.0,0.0,0.0,0.0,0.0,0.0,0.2106274565286884,-0.27764713612081665
Nsinze,Namutumba,Eastern,36710.85806274414,0.0,0.0,0.0,4,0.022683206297752112,0.0,0.0,0.03253657584451722,0.03253657584451722,0.0,0.0,0.0,0.0,-0.08696271326008745
Ntandi Town Council,Bundibugyo,Western,3926.9510803222656,0.0,0.0,0.0,4,0.006092479795768213,0.0,0.0,0.0,0.0,0.0,0.0,0.0,0.0,-0.11570523548047516
Ntara,Kitagwenda,Western,23440.351760864258,0.0,0.021674435025921028,0.021674435025921028,4,0.05470935466017812,508.05638122558594,0.2401202065196894,0.36249991165625706,0.12237970513656765,0.0,0.0,0.0,0.0,-0.07520656592986573
Ntara Kichwamba Town Council,Kitagwenda,Western,16693.558700561523,0.0,0.0,0.0,4,0.03372548825100974,0.0,0.0,0.0,0.0,0.0,0.0,0.0,0.0,-0.02303497446301388
Ntenjeru,Mukono,Central,54706.09110850096,0.0,0.0034449724086682955,0.0034449724086682955,4,0.05102051537643015,188.46097445487976,0.45465995506269824,0.49527346902117186,0.040613513958473624,0.10237402166952383,0.18203208234494486,0.0,0.0038657194332477112,0.048127196626862455
Ntotoro,Bundibugyo,Western,22565.700689315796,0.11396708689926147,0.12822835696521526,0.01426127006595379,4,0.02853782076591055,321.81555175781216,0.08182029033136679,0.11122873710544845,0.029408446774081665,0.24981664727107036,0.3063031733027766,0.09409160645501431,0.0956717059221948,-0.19652012902180577
Ntunda,Mukono,Central,20054.996166229248,0.01048013739585412,0.04011748421479444,0.02963734681894032,4,0.08064600753236628,594.3768768310547,0.3857195839965223,0.43104145868847127,0.04532187469194898,0.6561536878810893,0.7475896199937814,0.00789432909554434,0.05681561358038687,-0.18146281920685559
Ntungamo,Ntungamo,Western,38400.347816467285,0.0,0.0,0.0,4,0.040621777893300404,0.0,0.0625972396640859,0.08563885228045054,0.023041612616364643,0.09127827800799238,0.13291696905450617,0.0,0.11618587338968477,-0.052155922579893585
Ntuusi,Ssembabule,Central,31807.20078086853,0.9897145278839511,1.0,0.01028547211604891,4,0.218296639744205,327.1520767211924,0.33725139849012326,0.39377110736969617,0.056519708879572916,0.4235195178462293,0.4655670634818886,0.0,1.0,-0.34538164148536954
Ntwetwe,Kyankwanzi,Central,25598.085815429688,0.02504538410505367,0.3755403860153823,0.3504950019103286,4,0.17723638437101952,8972.001136779783,0.40020133552380727,0.5046785845870252,0.10447724906321793,0.40353234607184,0.4945329304095855,0.0,0.8705700405063876,-0.3370529876844282
Ntwetwe Town Council,Kyankwanzi,Central,13589.630950927734,0.0,0.10017146741080918,0.10017146741080918,4,0.1523820441022241,1361.2932739257812,0.0,0.0,0.0,0.0,0.0,0.0,0.9110707681276636,0.14153115588340295
Nyabbani,Kitagwenda,Western,28235.303421020508,0.0,0.0,0.0,4,0.054965883787252645,0.0,0.006367454783164061,0.026900986835838046,0.020533532052673983,0.5750542477072534,0.6452874628701745,0.0,0.0,-0.17841204807850902
Nyabihoko,Ntungamo,Western,26311.539142608643,0.0,0.0,0.0,11,0.03688763525590466,0.0,0.0,0.0,0.0,0.01419139869561831,0.036524642003243166,0.0,0.0,-0.2230437652329424
Nyabiringo,Kyenjojo,Western,13202.58869934082,0.0,0.0,0.0,10,0.04459701000016647,0.0,0.7167426860151458,0.7775679111725383,0.060825225157392526,1.0,1.0,0.0,0.1611209191440287,-0.2433036096419287
Nyabubare,Bushenyi,Western,42225.82139587402,0.0,0.0,0.0,4,0.011920541779186583,0.0,0.05980687614194299,0.08094048305906051,0.021133606917117527,0.08571222307755466,0.11195168629713709,0.0,0.0,-0.025545919379032108
Nyabuharwa,Kyenjojo,Western,33374.45195770264,0.0,0.0,0.0,10,0.0751240850777119,0.0,0.5165812223807796,0.5938570381839192,0.07727581580313958,0.9439974178339194,0.9519003776296121,0.0,0.05199845793768586,-0.24615555508136824
Nyabuhikye,Ibanda,Western,3267.409538269043,0.0,0.0,0.0,4,0.08908497711710434,0.0,0.0,0.10661237721743166,0.10661237721743166,0.4267779877937415,0.655068652678158,0.0,0.0,-0.2159485240411492
Nyabwishenya,Kisoro,Western,18049.305694580078,0.0,0.3516976568982104,0.3516976568982104,10,0.1768668837920414,6347.89852142334,0.2806180580395955,0.40221548327410156,0.12159742523450606,0.36254602794234403,0.4898697537751537,0.0,0.0,-0.2343210044572105
Nyadri,Maracha,Northern,24234.3251953125,0.0,0.0,0.0,10,0.010428605614529962,0.0,0.0,0.0,0.0,0.0,0.0,0.0,0.0,-0.02875586413827052
Nyahuka Town Council,Bundibugyo,Western,16771.36993408203,0.0,0.0,0.0,4,0.0025366159625414275,0.0,0.0,0.0,0.0,0.0,0.0,0.0,0.0,0.32321213329651627
Nyakabande,Kisoro,Western,35456.326736450195,0.0,0.0,0.0,4,0.01677716131576122,0.0,0.0,0.0,0.0,0.0,0.0,0.0,0.0,0.3898588769844152
Nyakabirizi Division,Bushenyi,Western,9626.295677185059,0.0,0.0,0.0,4,0.00994672885733952,0.0,0.0,0.0,0.0,0.0,0.0,0.0,0.0,0.12902230197145387
Nyakagyeme,Rukungiri,Western,33828.81172180176,0.0,0.0,0.0,4,0.012847666468695701,0.0,0.0,0.0,0.0,0.023710563095382924,0.023710563095382924,0.0,0.0,-0.2345247303056945
Nyakashashara,Kiruhura,Western,26475.787166133523,0.01451048288161324,0.02234497273012246,0.00783448984850922,4,0.03504646371338932,207.42428578436378,0.5032510999120694,0.5711344976882048,0.06788339777613539,0.6889597925467527,0.7187009362129372,0.011962118157381145,0.01697452797517995,-0.036042577030187505
Nyakatonzi,Kasese,Western,36412.944343566895,0.0,0.0038183027227737367,0.0038183027227737367,4,0.023578933729426654,139.03564453125,0.42701109235852625,0.4710790680139072,0.04406797565538095,0.8004657166419705,0.8149736285516032,0.0,0.0038183027227737367,-0.24258410442358133
Nyakayojo Division,Mbarara,Western,49547.91059112549,0.0,0.0,0.0,4,0.009903109593144915,0.0,0.004064108410158211,0.008534252919849722,0.004470144509691511,0.09326650192403883,0.13578109442386366,0.0,0.0,0.00449563125703703
Nyakinama,Kisoro,Western,22416.995730400085,0.0,0.0,0.0,4,0.012452467250794949,0.0,0.0,0.0,0.0,0.0,0.0,0.0,0.0,0.046159614622445395
Nyakinoni,Kanungu,Western,12226.726936340332,0.0,0.0,0.0,4,0.03754531704240327,0.0,0.0,0.0,0.0,0.5640941364113854,0.6567351284750532,0.0,0.0,-0.1707619742569195
Nyakishana,Buhweju,Western,24718.292861938477,0.0,0.18465945451551996,0.18465945451551996,4,0.09420378483580516,4564.46647644043,0.050358181569488805,0.12466196662394448,0.07430378505445567,0.11154073336051001,0.14188214094658985,0.0,0.009481841040363592,-0.18062231617104174
Nyakishenyi,Rukungiri,Western,39965.83213806152,0.0,0.0,0.0,4,0.05356278233297146,0.0,0.0,0.0,0.0,0.14660497391813454,0.20251413085920938,0.0,0.0,-0.11260104227214125
Nyakitunda,Isingiro,Western,55352.287101745605,0.0,0.0,0.0,4,0.043312477518616554,0.0,0.02253559341947322,0.03484402824635251,0.012308434826879287,0.0,0.020028825382754727,0.0,0.0,-0.18887424170340814
Nyakiyumbu,Kasese,Western,9050.173832535744,0.002788069622301026,0.005452895026412259,0.0026648254041112328,4,0.021527188860610086,24.11713314056397,0.02572302303727039,0.03439418973113173,0.008671166693861341,0.21307547762502485,0.22112439202535095,0.002788069622301026,0.005452895026412259,-0.25857431174309864
Nyakwae,Abim,Northern,23727.832263946533,0.7300771240071067,0.8409792949200926,0.11090217091298593,7,0.169397076967158,2631.4681091308603,0.7080249901031435,0.7712856198273537,0.0632606297242102,1.0,1.0,0.20500092132551503,1.0,-0.4444308535510462
Nyakyera,Ntungamo,Western,47693.0672416687,0.0,0.038452175008607405,0.038452175008607405,4,0.11794669704044303,1833.9021682739258,0.11865768082453847,0.18194781069438842,0.06329012986984996,0.3410948210766161,0.4059207637493243,0.0,0.9109915963913413,-0.10535811759845733
Nyamarebe,Ibanda,Western,28075.785285949707,0.00697981594409068,0.010288609058181953,0.003308793114091273,4,0.041913206665838865,92.89696502685547,0.810798760049992,0.8688445796803524,0.058045819630360485,0.5173919397643657,0.5542951956016866,0.0,0.003408400192132102,-0.145985143356304
Nyamarunda,Kibaale,Western,35960.3106842041,0.02036821294613381,0.15587574264560483,0.13550752969947102,4,0.15430958327722533,4872.892868041992,0.7020632258153876,0.7681919137551364,0.0661286879397488,1.0,1.0,0.008425249625256861,0.7559876561129144,-0.258495489090291
Nyamarwa,Kibaale,Western,30312.967407226562,0.0,0.4424294821198976,0.4424294821198976,4,0.20278765286136868,13411.350471496582,0.6019224387442899,0.6675952665521278,0.0656728278078379,0.8076403363180736,0.8519703877191234,0.0,0.9030554167034852,-0.3604091731723215
Nyamirama,Kanungu,Western,21368.484344482422,0.0,0.0,0.0,4,0.036959355434879826,0.0,0.0,0.02259836563421557,0.02259836563421557,0.13928156265658706,0.1890955491773295,0.0,0.0,-0.39956830752581085
Nyamitanga Division,Mbarara,Western,34181.029388427734,0.0,0.0,0.0,4,0.004655906164829159,0.0,0.0,0.0,0.0,0.0,0.0,0.0,0.0,0.709973467108641
Nyamunuka Town Council,Ntungamo,Western,2955.5015563964844,0.0,0.0,0.0,12,0.004184775548624398,0.0,0.0,0.0,0.0,0.0,0.0,0.0,0.0,-0.1067219437895522
Nyamuyanja,Isingiro,Western,21841.294326782227,0.0,0.0,0.0,4,0.027595923132273326,0.0,0.0,0.0,0.0,0.0,0.011123077115666378,0.0,0.0,-0.18545884888417968
Nyamwamba Division,Kasese,Western,68536.845703125,0.006747520419488092,0.04298933862488143,0.03624181820539334,10,0.01269035332977786,2483.89990234375,0.09539649154416684,0.10240520440647445,0.0070087128623076145,0.13220595218068748,0.1464446302910135,0.006747520419488092,0.006747520419488092,0.49286728009752284
Nyamweru,Rubanda,Western,21486.708236694336,0.0,0.0,0.0,4,0.026769915665039473,0.0,0.0,0.0,0.0,0.0,0.0,0.0,0.0,-0.023166131653155387
Nyanga,Kanungu,Western,7546.0041580200195,0.0,0.0,0.0,10,0.07381228339752766,0.0,0.0,0.0,0.0,1.0,1.0,0.0,0.0,-0.3280478400758704
Nyangahya Division,Masindi,Western,17686.357906341553,0.0,0.0,0.0,4,0.02412955134073394,0.0,0.0,0.0,0.0,0.03680364957209084,0.06607679796149972,0.0,0.0,0.06665391268190608
Nyankwanzi,Kyenjojo,Western,28095.88011932373,0.0,0.0,0.0,4,0.02921056732989047,0.0,0.2481642194121138,0.2916149601974003,0.04345074078528649,1.0,1.0,0.0,0.8620691073217488,-0.16893315587952862
Nyantungo,Kyenjojo,Western,30697.775966644287,0.0,0.0,0.0,10,0.052423060873609484,0.0,0.7935316636834118,0.8525064014502727,0.05897473776686091,0.5422541214507692,0.5956708778556927,0.0,0.10339758280260575,-0.27505882932861775
Nyapea,Zombo,Northern,24129.937385559082,0.0,0.0,0.0,9,0.026285829368927552,0.0,0.07937837212860957,0.09028594122607855,0.010907569097468983,0.0,0.0032217198576754004,0.0,0.0,0.052385959149574245
Nyaravur,Nebbi,Northern,29446.185062408447,0.0,0.0,0.0,9,0.03589072137491078,0.0,0.10101535139299016,0.12104146249354748,0.020026111100557326,0.08799883977955149,0.1029785728156359,0.0,0.0,-0.27866146871173453
Nyarubuye,Kisoro,Western,23123.096405029297,0.0,0.0,0.0,4,0.030707391537615536,0.0,0.0,0.0,0.0,0.0,0.0,0.0,0.0,-0.09218289534742274
Nyarushanje,Rukungiri,Western,53117.460357666016,0.0,0.0,0.0,4,0.046542936131971135,0.0,0.0,0.003960918014960856,0.003960918014960856,0.08632077263488608,0.11391414187358836,0.0,0.0,-0.08971571596813044
Nyarusiza,Kisoro,Western,33044.73182678223,0.0,0.0,0.0,4,0.031655425832712386,0.0,0.044661952845461594,0.09368727691271368,0.04902532406725209,0.09814788105292546,0.14338065006650824,0.0,0.0,-0.09967410285355548
Nyendo-Ssenyange Division,Masaka,Central,48902.24560546875,0.0,0.0,0.0,4,0.01323456946631208,0.0,0.0,0.0,0.0,0.0,0.0,0.0,0.0,0.9577614171763406
Nyenga Division,Buikwe,Central,60086.06400489807,0.0,0.0,0.0,4,0.053986478892826845,0.0,0.17611862247080232,0.2180201918299258,0.04190156935912348,0.026896619451899004,0.10141011970940578,0.0,0.0,0.03453241201429544
Nyero,Kumi,Eastern,48137.52919006348,0.0,0.0,0.0,5,0.07856025486036422,0.0,0.006736607930338276,0.05342208788718442,0.046685479956846146,0.19976902944632777,0.28847606537637915,0.0,0.0,-0.16074398582068372
Nyimbwa,Luwero,Central,46952.399826049805,0.0,0.0,0.0,4,0.020554680283182192,0.0,0.0,0.0068301192678277755,0.0068301192678277755,0.0,0.0,0.0,0.0,0.3654990657728982
Nyondo,Mbale,Eastern,8820.998901367188,0.0,0.0,0.0,4,0.01740659301033215,0.0,0.0,0.0,0.0,0.0,0.0,0.0,0.0,0.09422031116710455
Nyundo,Kisoro,Western,13223.883595466614,0.0,0.0,0.0,11,0.0738635039105584,0.0,0.0,0.0,0.0,0.0,0.0,0.0,0.0,-0.021419861800146437
Obalanga,Kapelebyong,Eastern,23553.007932662964,0.9863256690747675,1.0,0.013674330925232514,7,0.16917584649665174,322.0716247558599,0.24998422757316638,0.3275508384780763,0.07756661090490993,1.0,1.0,0.0,1.0,-0.33869861859505124
Obongi Town Council,Obongi,Northern,2864.94402885437,0.008919640151178807,0.023073093274449147,0.01415345312327034,8,0.06839824460750776,40.548851013183594,0.0,0.0,0.0,0.0,0.0,0.0,0.0,-0.10983923196061078
Ochero,Kaberamaido,Eastern,35480.360781908035,0.024248669678421885,0.06148373692943016,0.03723506725100828,9,0.07111295546414742,1321.1136198043823,0.36377340527998486,0.42088483792992015,0.05711143264993529,1.0,1.0,0.0,1.0,-0.31685829578126645
Odek,Omoro,Northern,42940.51627922058,0.9920901871536066,1.0,0.00790981284639336,8,0.2525862043283953,339.6514472961422,0.2890112042587523,0.3453792775052636,0.056368073246511274,0.8803849761010081,0.913436085836522,0.043557868063803226,0.16131556858117876,-0.31710554394299884
Odravu,Yumbe,Northern,68595.61209869385,0.0,0.0,0.0,10,0.06372999879462549,0.0,0.06673510976078621,0.11854175000818813,0.05180664024740192,0.8864917401050041,0.9300075908222118,0.0,0.0,-0.07072444987945822
Odupi,Arua,Northern,50878.805223464966,0.09049870919225085,0.19970285278689584,0.10920414359464499,10,0.12089497708199948,5556.176351547242,0.10690845398047932,0.18596822412498978,0.07905977014451046,0.6434784930356584,0.6860515480527433,0.0,0.0,-0.12687301361620199
Offaka,Madi Okollo,Northern,24615.67914581299,0.0018737553390329312,0.012521201100289692,0.010647445761256761,8,0.06850008709548283,262.09410858154297,0.3344422601574153,0.4192267572507949,0.0847844970933796,1.0,1.0,0.0,0.0,-0.3919771567596109
Ofua,Adjumani,Northern,17765.452434539795,0.0,0.0,0.0,8,0.03433593284558453,0.0,0.00833687522658153,0.026125576498835356,0.017788701272253828,0.16082648091005472,0.2670414290642598,0.0,0.0,-0.08625060999723529
Ogoko,Madi Okollo,Northern,9823.342734336853,0.8488977515918922,0.9856818599924332,0.136784108400541,10,0.29737705850619167,1343.677177429199,0.43736143419320456,0.5290260319832152,0.09166459779001063,0.7456838501018488,0.7717451560814568,0.03785079732241761,0.0030056880331148744,-0.3628036422577903
Ogolai,Amuria,Eastern,19782.72100830078,0.4426920277616475,1.0,0.5573079722383525,8,0.2581787913083248,11025.068130493164,0.42773106194978017,0.5273248487911585,0.09959378684137832,0.9645713093644432,1.0,0.0,0.4758605684255294,-0.1842683310884813
Ogom,Pader,Northern,13233.6372756958,0.8888495954308118,1.0,0.11115040456918823,8,0.4758376652784335,1470.9241371154783,0.566726855153563,0.6258334137788387,0.059106558625275696,1.0,1.0,0.0,1.0,-0.3250625360430668
Ogor,Otuke,Northern,16597.008533477783,0.9873853412645852,1.0,0.012614658735414785,7,0.32185868567437526,209.36559867858927,0.46017639723854353,0.5387149989136324,0.07853860167508886,0.865478153222585,0.9121823876678029,0.003879993202317316,1.0,-0.3841274154616134
Ogur,Lira,Northern,47159.0358581543,0.0,0.007007367137329755,0.007007367137329755,8,0.1081631735935843,330.46067810058594,0.08508645762957565,0.16868865124299384,0.0836021936134182,0.11344529259606213,0.1972949420317644,0.0,0.0,-0.21646168219874562
Ogwette,Otuke,Northern,21643.19460105896,0.2991458277909765,0.45624346661911,0.15709763882813355,7,0.16335672784006483,3400.0947685241704,0.6057329504267721,0.7370024925378484,0.13126954211107633,1.0,1.0,0.1543302011344518,1.0,-0.41457985719456997
Ojwina Division,Lira,Northern,54131.200927734375,0.0,0.0,0.0,8,0.0018133258833136975,0.0,0.0,0.0,0.0,0.0,0.0,0.0,0.0,1.0672891312218356
Okollo,Madi Okollo,Northern,23398.967326164246,0.06904744140609961,0.12083764546848795,0.05179020406238834,8,0.03997158703466963,1211.8372926712034,0.38539475667994816,0.45596828616912916,0.070573529489181,1.0,1.0,0.0,0.0,-0.3689587001459005
Okungur,Kapelebyong,Eastern,17285.087781906128,0.995495112584752,1.0,0.004504887415248016,7,0.2963321430711865,77.86737442016616,0.41454780974385663,0.531999729452936,0.11745191970907942,0.6750416105435834,0.7102215390897618,0.13870405875481076,1.0,-0.3473021710715025
Okwalongwen,Dokolo,Northern,18621.803649902344,0.0,0.008993229493614169,0.008993229493614169,8,0.1278307318070211,167.47015380859372,0.5374431672124834,0.6056243706174788,0.06818120340499534,1.0,1.0,0.0,0.0,-0.3230677648377752
Okwang,Otuke,Northern,30246.982482910156,0.7155612434976217,0.9599561947138722,0.24439495121625043,8,0.22265728392907658,7392.209808349609,0.36851647411698546,0.46725625823651973,0.09873978411953427,1.0,1.0,0.0,0.9339125597297918,-0.39238440338491687
Okwerodot,Kole,Northern,43558.90965270996,0.0,0.0,0.0,8,0.08816717604110835,0.0,0.41013197073055735,0.5147566319701737,0.10462466123961639,0.639859728197463,0.732499663515504,0.0,0.0,-0.3280533979290334
Okwongodul,Dokolo,Northern,17184.2354888916,0.0,0.011278087595787025,0.011278087595787025,9,0.10672319327914459,193.80531311035156,0.19276439505768095,0.2753228596844544,0.08255846462677346,1.0,1.0,0.0,0.0593272981713003,-0.28495323216805724
Oleba,Maracha,Northern,38050.11767578125,0.0,0.0,0.0,10,0.017809155273698335,0.0,0.017261096240501372,0.027817954452829554,0.010556858212328182,0.021520625446347103,0.07452946337792533,0.0,0.0,-0.09787247793729492
Olilim,Otuke,Northern,24630.023447990417,0.24136544271151844,0.5780235606147742,0.3366581179032558,7,0.14928213170857862,8291.897337913513,0.8439807266147796,0.9021197731624088,0.058139046547629136,0.9431733922908069,0.9824522926557685,0.0,1.0,-0.3891055372746228
Olio,Serere,Eastern,39144.69779968262,0.0,0.008661042461113513,0.008661042461113513,5,0.09851254389303987,339.0338897705078,0.05598995151965215,0.14615787770945265,0.0901679261898005,0.5505601501731997,0.5825136886789672,0.0,0.004092556931124754,-0.3030013456213876
Olok,Pallisa,Eastern,20983.87047958374,0.012211981527487885,0.11392089095426716,0.10170890942677928,4,0.13970907236745495,2134.24658203125,0.21188918593882064,0.2617485212629899,0.04985933532416928,0.35986765910327995,0.43484622185842176,0.0,0.16410379773666867,-0.22397253989757662
Oluffe,Maracha,Northern,27968.459716796875,0.0,0.0,0.0,10,0.020145377307568338,0.0,0.0,0.0,0.0,0.0,0.0,0.0,0.0,-0.0468891023951881
Oluko,Arua,Northern,49300.8561630249,0.0,0.0,0.0,10,0.05378014060736383,0.0,0.0,0.019848711520218904,0.019848711520218904,0.22304280516012978,0.25574282409472376,0.0,0.0,0.31425485340321224
Oluvu,Maracha,Northern,35018.39874267578,0.0,0.0,0.0,10,0.060765441674631104,0.0,0.009516491352651018,0.04231684970919261,0.03280035835654159,0.5606439301817252,0.6785576683316983,0.0,0.0,-0.15796083156237742
Omiya Anyima,Kitgum,Northern,23983.201637268066,0.22051207180886218,0.520107043771248,0.29959497196238577,8,0.1355178769722888,7185.246622085571,0.9840515272561566,0.9956521292940836,0.01160060203792701,1.0,1.0,0.0,0.4385776212258425,-0.25418391029946896
Omiya Pacwa,Agago,Northern,13804.715677261353,0.1344100130209546,0.23976437914511636,0.10535436612416177,8,0.16972443774008183,1454.3870697021484,0.7196271220958077,0.7379373082870399,0.018310186191232147,1.0,1.0,0.07287771198888819,1.0,-0.3447013973285144
Omodoi,Katakwi,Eastern,21478.414124965668,0.01173180860947944,0.027508875080425398,0.015777066470945955,8,0.06347228074807515,338.86636734008783,0.38334774549185585,0.41942169780594496,0.03607395231408911,1.0,1.0,0.002968646986934964,0.027508875080425398,-0.22677114193079934
Omoro,Alebtong,Northern,55167.380350112915,0.9658544070119951,1.0,0.0341455929880049,8,0.2092340557275265,1883.722915649415,0.44502988717273173,0.522965986241002,0.07793609906827026,0.8332791462668419,0.8801047159874281,0.0,0.6035184644857979,-0.3638002949734516
Omoro Town Council,Omoro,Northern,27760.54274368286,0.19184144668338488,0.37594886872167954,0.18410742203829467,8,0.13801110320362486,5110.921958923339,0.18445099559444514,0.26982916487272046,0.08537816927827532,0.5737570106102039,0.6158201103584962,0.0,0.0,-0.2146020712165549
Omot,Agago,Northern,16805.342247009277,1.0,1.0,0.0,8,0.5090395943288759,0.0,0.07354533452506483,0.17296111008982615,0.09941577556476132,1.0,1.0,0.0,1.0,-0.3664731152592187
Omugo,Arua,Northern,58665.605350494385,0.0,0.005932949563679959,0.005932949563679959,10,0.05107170009651302,348.0600776672363,0.031534558196796125,0.12506775914929946,0.09353320095250334,0.07636432765885161,0.08871432199567006,0.0,0.0,-0.2362486774170908
Ongako,Omoro,Northern,31417.097423553467,0.0,0.0,0.0,8,0.03191531012606952,0.0,0.16802039040662226,0.21636659388195775,0.0483462034753355,0.351447375870631,0.38029966941270865,0.0,0.0,0.04563380698295917
Ongino,Kumi,Eastern,55309.397435605526,0.09667200942543451,0.13974340653685252,0.04307139711141801,5,0.15918413295341682,2382.2530209422107,0.26799129329521826,0.3200620474287099,0.05207075413349166,0.32191294006308707,0.3706069644402783,0.08749821507887984,0.14384860954861908,-0.32573472052387004
Ongongoja,Katakwi,Eastern,21457.315212249756,0.5002400894156455,0.657089764884532,0.1568496754688865,8,0.23774740807176697,3365.5729274749756,0.47053565800652425,0.5949134220790547,0.12437776407253048,1.0,1.0,0.280481771672007,0.6582405574479636,-0.44195913725143665
Opwateta,Pallisa,Eastern,22240.93473815918,0.0,0.0,0.0,4,0.03745854118920294,0.0,0.0,0.0,0.0,0.4129295249020836,0.5114729588855759,0.0,0.0,-0.17105768969281088
Orom,Kitgum,Northern,32593.79083919525,0.9958060833382126,1.0,0.004193916661787367,8,0.31277469575055017,136.69564247131342,0.9785806348511057,0.9833530535564532,0.004772418705347503,0.9953363085793911,0.9971276754919316,0.2852857835195625,0.6292379596346029,-0.3299494344256197
Orum,Otuke,Northern,17475.75905227661,0.9900612415808352,1.0,0.009938758419164806,8,0.17871237466383905,173.68734741210974,0.44695657539284106,0.5511501345207602,0.10419355912791917,0.04267294178905948,0.08277185490419575,0.0,1.0,-0.36622300264431357
Orungo,Amuria,Eastern,19676.933654785156,0.03158534504696548,0.5182651950095947,0.4866798499626292,8,0.21043230532536228,9576.36711883545,0.255817933701837,0.3536792169436944,0.09786128324185744,0.8892989071725937,0.913410522797325,0.0,0.0511865745709423,-0.2829862670947211
Osukuru,Tororo,Eastern,57640.14288330078,0.0,0.0,0.0,4,0.033297966176712684,0.0,0.0060317308898099695,0.03189541324489744,0.025863682355087472,0.19773416497174306,0.25096321130630767,0.0,0.0,0.03160354211727353
Otuboi,Kalaki,Eastern,37084.18453979492,0.0,0.0,0.0,8,0.026643716284111912,0.0,0.13100277965908272,0.16759993080138208,0.03659715114229936,0.07529967647478357,0.1230263558064149,0.0,0.0,-0.24984327477061666
Otuke Town Council,Otuke,Northern,5265.343782424927,1.0,1.0,0.0,7,0.174322884249424,0.0,0.018078658378193613,0.06509331869472969,0.047014660316536075,0.0,0.005591346004775239,0.0,1.0,-0.09850691662173122
Otwal,Oyam,Northern,34411.06074523926,1.0,1.0,0.0,8,0.2795101856736275,0.0,0.29097948525170136,0.39348006618857334,0.10250058093687198,0.9390058866815463,0.9521640502154457,0.0,0.0,-0.3156763431502082
Oyam Town Council,Oyam,Northern,15579.420753479004,0.0,0.0,0.0,8,0.05986971027557941,0.0,0.0,0.0,0.0,0.0,0.0,0.0,0.0,-0.12311041460588529
Paacwa,Kagadi,Western,24089.602172851562,0.0,0.0,0.0,4,0.03134855331783648,0.0,0.1759421983420348,0.24683990010419524,0.07089770176216043,1.0,1.0,0.0,0.660129126781366,-0.13857328468134525
Pabo,Amuru,Northern,66769.8394241333,0.28487557969530536,0.359057827214675,0.07418224751936964,8,0.11251579305334802,4953.136754989621,0.32962725228305245,0.3748974852491104,0.04527023296605792,0.9875415991616067,0.9924782888642804,0.05210886422766347,0.20957231932883086,-0.17519865672236334
Pacara,Adjumani,Northern,18316.24676132202,0.002207581344129965,0.003755046743323239,0.001547465399193274,8,0.0910204491785821,28.343758106231693,0.09672096531856451,0.11773173737970685,0.021010772061142338,0.6250417656293782,0.6514296736087141,0.0,0.0,-0.13422073321461803
Pader,Pader,Northern,12186.30586051941,1.0,1.0,0.0,8,0.5171542505943687,0.0,0.3251440872480556,0.41914877268153405,0.09400468543347845,1.0,1.0,0.07888809731629218,1.0,-0.3362901229222139
Pader Town Council,Pader,Northern,16822.70979309082,1.0,1.0,0.0,8,0.5144010414723683,0.0,0.8665244641451995,0.9283023387133026,0.06177787456810313,1.0,1.0,0.0,1.0,0.09457738013172472
Padibe East,Lamwo,Northern,10823.216095924377,0.061102419730413186,0.12178507174185846,0.06068265201144527,7,0.06981337759873718,656.7814559936522,0.3020436338849987,0.39308347995759696,0.09103984607259824,0.33299024234968055,0.3584754258264316,0.0,0.09234615616069572,-0.2970029634983599
Padibe Town Council,Lamwo,Northern,11041.646183013916,0.0,0.0,0.0,7,0.03948716910904604,0.0,0.005751542076438047,0.015069767647093233,0.009318225570655186,0.044625412498150496,0.054520315206437936,0.0,0.0,-0.24502350840853682
Padibe West,Lamwo,Northern,14975.72437286377,0.004785294399470738,0.026873065158457318,0.02208777075898658,7,0.06378541641817637,330.780366897583,0.27364529337308025,0.3244354980273314,0.05079020465425116,0.4651477022045312,0.5038087613154105,0.0,0.011933363715110138,-0.44071945258894096
Pager Division,Kitgum,Northern,21681.88555908203,0.0,0.0,0.0,7,0.002759114161139768,0.0,0.0,0.0,0.0,0.0,0.0,0.0,0.0,0.4521587237004036
Paicho,Gulu,Northern,32308.110906600952,0.03106984826390177,0.07919596533512639,0.04812611707122462,8,0.04186429678646075,1554.8639278411863,0.467851595451371,0.5242880342220498,0.05643643877067883,0.8901198431607578,0.9477936803634096,0.0,0.043677532292541704,-0.11766494150715774
Paidha,Zombo,Northern,18377.282257080078,0.0,0.0,0.0,9,0.05113164891516589,0.0,0.021513433742987236,0.061060762899338615,0.03954732915635138,0.0,0.0,0.0,0.0,-0.08107582188763907
Paidha Town Council,Zombo,Northern,38637.20867919922,0.0,0.0,0.0,9,0.02223986616482254,0.0,0.0,0.0,0.0,0.0,0.0,0.0,0.0,0.4372218466491585
Paimol,Agago,Northern,25141.976912498474,0.07157881399132617,0.1389967634885428,0.06741794949721665,8,0.17582665487336102,1695.020529747009,0.23748163555216403,0.3145940703034732,0.07711243475130916,0.7674323287060492,0.8429165245278811,0.05009371407697992,1.0,-0.32548547639133174
Pajule,Pader,Northern,24732.685819625854,0.8699851103216,0.984148369758054,0.114163259436454,8,0.3472902671964,2823.5640277862535,0.19833868744520017,0.25127729173256813,0.05293860428736796,0.575019937554471,0.6761930306948607,0.002161416295316017,0.9479873204715688,-0.08645273590741084
Pajulu,Arua,Northern,82993.73950195312,0.0,0.0,0.0,10,0.018982836753138027,0.0,0.0,0.0,0.0,0.0,0.0,0.0,0.0,0.6910439374994537
Pakanyi,Masindi,Western,103210.16857147217,0.2428021189921605,0.2797596280646007,0.03695750907244019,4,0.06904757460319222,3814.3907413482643,0.588699094880707,0.6446349542908629,0.055935859410155886,0.9563735548284177,0.9618160001304366,0.2340011089392957,0.2970150956682654,-0.25703716711136887
Pakele,Adjumani,Northern,59688.187870025635,0.12432627901317606,0.21350420904237574,0.08917793002919969,8,0.10115136762248389,5322.869041442871,0.36122915843045206,0.3745064358296809,0.013277277399228848,0.5165480560819641,0.5536887316776726,0.009903639591288479,0.009075115683418943,-0.10443322740608144
Pakwach,Pakwach,Northern,31794.11586201191,0.2617140005992706,0.3963350279142961,0.1346210273150255,10,0.07211930979135539,4280.156539916991,0.08648423911052791,0.14984641918724817,0.06336218007672026,0.4532823786553453,0.481458791426497,0.0,0.5599777024179039,-0.18857608719350247
Pakwach Town Council,Pakwach,Northern,28172.79815196991,0.0019779006154731576,0.009969740114857722,0.007991839499384564,10,0.043606604907148516,225.15248107910156,0.004131645844554618,0.004131645844554618,0.0,0.0,0.0,0.0,0.02551013167751308,0.43423912296786993
Palabek Gem,Lamwo,Northern,16773.91311597824,0.34651417639570686,0.4082804590772547,0.061766282681547824,8,0.14451126176538442,1036.0622591972347,0.612072749351184,0.6555873453344083,0.04351459598322427,1.0,1.0,0.1280138096954437,0.3872152689034834,-0.3719534510360895
Palabek Kal,Lamwo,Northern,17655.6967086792,0.40087795829102135,0.6229368866262596,0.22205892833523821,8,0.15634568696201034,3920.6050901412955,0.4180660849816998,0.4438879134220605,0.02582182844036074,1.0,1.0,0.11332343569762869,0.5300244976349009,-0.29079734093719095
Palabek Ogili,Lamwo,Northern,11274.560351133347,0.9903443307885723,1.0,0.009655669211427687,8,0.21248499368164908,108.86342525482158,0.8796300947981671,0.9038798406099282,0.024249745811761092,1.0,1.0,0.25296732832884844,0.9875710895231309,-0.3644008287881785
Palam,Katakwi,Eastern,17244.84257221222,0.126357721183338,0.1725011793283244,0.04614345814498641,8,0.06394593172077445,795.7366714477544,0.5091383506824253,0.6076671272763952,0.09852877659396986,0.9545427652032997,0.9604607874562053,0.10974165581613508,0.18556952676359031,-0.3335696025327976
Palaro,Gulu,Northern,16526.567263126373,0.9236132461369624,1.0,0.07638675386303762,8,0.4155481805435022,1262.4108257293694,0.4738088471963202,0.5478851615593465,0.07407631436302631,0.9117734512426696,0.939012171101571,0.1563487418422944,0.9931503109342623,-0.36436443641666616
Pallisa,Pallisa,Eastern,19151.069190979004,0.0,0.0,0.0,4,0.04697117493668801,0.0,0.0,0.0,0.0,0.0,0.0,0.0,0.0,0.03119463565540148
Pallisa Town Council,Pallisa,Eastern,44374.16330718994,0.0,0.0,0.0,4,0.01666516400691794,0.0,0.0,0.0,0.0,0.0,0.0,0.0,0.0,0.4594101535897807
Paloga,Lamwo,Northern,11768.521068572998,0.36848609100383267,0.6007833544848791,0.2322972634810464,7,0.10106363716727773,2733.7952394485474,0.4375210917965126,0.4893537342351192,0.05183264243860658,0.9788766460374776,0.9847996746016224,0.0,0.5057701758420462,-0.4251372867216713
Pandwong Division,Kitgum,Northern,20183.788177490234,0.0,0.0,0.0,7,0.008904942029101665,0.0,0.0,0.0,0.0,0.0,0.0,0.0,0.0,0.4985874147347058
Panyangara,Kotido,Northern,40365.13148498535,0.9958850764515406,1.0,0.004114923548459437,7,0.2915515824395536,166.09943008422766,0.6831613971160624,0.7264605240987724,0.04329912698270999,0.9243215738492534,0.9440580040762236,0.5769053182600739,1.0,-0.4493958373643337
Panyango,Pakwach,Northern,38396.37498521805,0.3185694948738306,0.6295426544866802,0.3109731596128496,10,0.11323694564702813,11940.242046833038,0.09400257293157228,0.12873365625618308,0.03473108332461079,0.4626832253264176,0.48526189319642915,0.0,0.6557181169820198,-0.22228855965880392
Panyimur,Pakwach,Northern,37256.31884098053,0.014652944110197255,0.09793809858016198,0.08328515446996472,10,0.11870113680865768,3102.8982696533203,0.0870865012704268,0.12569351090862158,0.03860700963819477,1.0,1.0,0.0,0.8769295810503818,-0.29102146950205077
Parabongo,Agago,Northern,15011.823719978333,0.0,0.013894565151375342,0.013894565151375342,8,0.09227121530569915,208.58276271820068,0.12712908336973033,0.20450676066527718,0.07737767729554684,0.18513029350651533,0.22828757237765218,0.0010546512833034937,1.0,-0.33601049742398614
Parombo,Nebbi,Northern,45334.89055633545,0.0,0.0,0.0,9,0.048058661281053405,0.0,0.012515514762958233,0.06495882542482385,0.052443310661865625,0.4241549527520506,0.49546130326649834,0.0,0.001270958045545172,-0.08924841698848886
Patiko,Gulu,Northern,24620.096529006958,0.19657021210142392,0.7559754618651571,0.5594052497637332,8,0.2548865032854346,13772.611248016357,0.2391987065697692,0.3318155067243212,0.09261680015455201,0.8234122168440444,0.87249841968891,0.0,0.507040138942307,-0.31085915754355636
Patongo,Agago,Northern,13424.164337158203,0.9809183841484838,1.0,0.019081615851516243,8,0.47487704646451356,256.154747009277,0.4795867238493547,0.6244806468625271,0.14489392301317244,1.0,1.0,0.0,1.0,-0.3281193274671253
Patongo Town Council,Agago,Northern,13303.69702911377,1.0,1.0,0.0,8,0.3968285398082394,0.0,0.0,0.0071259519692170635,0.0071259519692170635,1.0,1.0,0.0,1.0,-0.1474814852069727
Pawor,Madi Okollo,Northern,12246.663210988045,1.0,1.0,0.0,8,0.18681972691872528,0.0,0.38887231650492976,0.43719305471841186,0.048320738213482095,1.0,1.0,0.001754827065280084,0.001754827065280084,-0.28448997641140483
Paya,Tororo,Eastern,39824.074935913086,0.0,0.0,0.0,4,0.12321483269232181,0.0,0.021326763274255096,0.08817536976338738,0.0668486064891323,0.08050355614810736,0.216327401727057,0.0,0.0,-0.2477910374511587
Pece Division,Gulu,Northern,62050.045837402344,0.0,0.0,0.0,8,0.007083858930408582,0.0,0.0,0.0,0.0,0.0,0.0,0.0,0.0,0.9525559242940782
Petete,Butebo,Eastern,36117.2431640625,0.0,0.0,0.0,4,0.09409437844730018,0.0,0.0,0.01985108914633135,0.01985108914633135,0.0,0.0,0.0,0.0,-0.09761542660970104
Petta,Tororo,Eastern,20804.96240234375,0.0,0.0,0.0,4,0.08332140796010346,0.0,0.0,0.0,0.0,0.5700628116941099,0.7171680744393536,0.0,0.0,-0.16442747812364616
Pingire,Serere,Eastern,39775.642735004425,0.4366143850952851,0.8428192494723512,0.4062048643770661,5,0.1421999905358966,16157.059562683107,0.39530969158112295,0.4780299676933763,0.08272027611225335,0.7745499010864667,0.8176176303235707,0.04448860479232875,0.5618630533858098,-0.35415963874620626
Puranga,Pader,Northern,23134.692176818848,0.9935733742253039,1.0,0.006426625774696104,8,0.316504166634912,148.67800903320432,0.29670890858044763,0.39028919830826303,0.0935802897278154,1.0,1.0,0.0,1.0,-0.3475208479555928
Purongo,Nwoya,Northern,10702.611783027649,0.008220796058531068,0.04064094049385941,0.03242014443532834,8,0.13869823377908064,346.98021984100336,0.16632290869268435,0.22001651069809808,0.05369360200541373,0.8645580597371431,0.9006757891803419,0.014402765721690811,1.0,-0.3560614267668992
Puti-Puti,Pallisa,Eastern,33104.44241333008,0.0,0.0,0.0,4,0.05860389614311756,0.0,0.02437430008488768,0.10341823198613563,0.07904393190124795,0.140526151106722,0.2838636959572567,0.0,0.0,-0.18522823143957562
Railway Division,Lira,Northern,8780.6484375,0.0,0.0,0.0,8,0.0009335898142212307,0.0,0.0,0.0,0.0,0.0,0.0,0.0,0.0,0.9630873057195644
Rakai Town Council,Rakai,Central,9308.507232666016,0.0,0.0,0.0,4,0.016285977279369854,0.0,0.0,0.0,0.0,0.0,0.0,0.0,0.0,0.49869627685672246
Rengen,Kotido,Northern,43195.87450313568,0.998584632901521,1.0,0.0014153670984790034,8,0.27860017611093646,61.13801956176631,0.5602396812738424,0.6302391333177377,0.06999945204389535,0.7870892508428783,0.8281036546360313,0.233132111419161,1.0,-0.41268892539328905
Rhino Camp,Madi Okollo,Northern,30256.15308380127,0.8568706828635684,1.0,0.14312931713643162,10,0.3354526372176623,4330.542530059815,0.46828696661485053,0.5260408631939739,0.05775389657912339,0.7670844139787741,0.775187654472477,0.0,0.0,-0.3146255862006888
Rigbo,Madi Okollo,Northern,34653.30417180061,0.9948451141535058,1.0,0.0051548858464941505,10,0.29259039916960305,178.6338272094717,0.2808113336816948,0.3724674619108612,0.09165612822916641,0.6382944388506199,0.6982453075380166,0.00164905819332491,0.0,-0.13421581661011447
River Oli Division,Arua,Northern,39480.974609375,0.0,0.0,0.0,1,-1.956302869698945e-09,0.0,0.0,0.0,0.0,0.0,0.0,0.0,0.0,1.3496107628778278
Riwo,Bukwo,Eastern,11218.497495651245,0.0,0.0,0.0,7,0.043018545285982285,0.0,0.13970768260929242,0.18396892999876194,0.044261247389469516,0.047031601405308605,0.07668890165062124,0.0,1.0,-0.3633243537542525
Romogi,Yumbe,Northern,63009.06529998779,0.0,0.0,0.0,10,0.05188156644761249,0.0,0.22557548954364787,0.2772706394601609,0.05169514991651303,0.898556343962826,0.898556343962826,0.0,0.0,0.16878167122877502
Rubaare,Ntungamo,Western,32005.89360809326,0.0,0.0,0.0,4,0.03018663960577872,0.0,0.23413324454124548,0.30157462704684174,0.06744138250559625,0.9249995960790527,0.9394696365904947,0.0,0.0,-0.109746196770357
Rubaare Town Council,Ntungamo,Western,16665.827178955078,0.0,0.0,0.0,4,0.02136504140333384,0.0,0.5475193489283876,0.6961581855494766,0.148638836621089,1.0,1.0,0.0,0.0,0.23638318827262092
Rubaga Division,Kampala,Central,461634.62890625,0.0,0.0,0.0,4,0.00026662522666915517,0.0,0.0,0.0,0.0,0.0,0.0,0.0,0.0,1.4967186080401784
Rubanda Town Council,Rubanda,Western,25149.410034179688,0.0,0.0,0.0,4,0.0220751265962692,0.0,0.0,0.030863128293224254,0.030863128293224254,0.0,0.0,0.0,0.0,-0.0790332052405097
Rubaya,Kabale,Western,16818.697465658188,0.0,0.0,0.0,4,0.06602131597610922,0.0,0.0,0.0,0.0,0.016313150390595218,0.04706682502567532,0.0,0.0,-0.009376210289299957
Rubaya,Mbarara,Western,22789.78870010376,0.0,0.0,0.0,4,0.031722515485563485,0.0,0.2072420248862682,0.2544510251416794,0.04720900025541119,0.7178948719346857,0.755203159960739,0.0,0.0,-0.29227216859538657
Rubindi,Mbarara,Western,30041.86410522461,0.0,0.0,0.0,4,0.052029214621378106,0.0,0.08291739671471615,0.11414047013412333,0.03122307341940718,0.7522675943506278,0.7883352584474396,0.0,0.0,0.01711893671799057
Rubiriziri Town Council,Rubirizi,Western,11568.940979003906,0.0,0.0,0.0,10,0.0015094149160699288,0.0,0.0,0.0,0.0,0.0,0.0,0.0,0.0,0.6014936102238528
Rubona Town Council,Bunyangabu,Western,7754.203582763672,0.0,0.0,0.0,4,0.003984190715039443,0.0,0.0,0.0,0.0,0.3860949354453871,0.5397364425318795,0.0,0.0,-0.05836278815867038
Rubongi,Tororo,Eastern,48177.509674072266,0.0,0.0,0.0,4,0.05977175614498759,0.0,0.0,0.0,0.0,0.029898861389472203,0.14780451435615008,0.0,0.0,0.07351620138734871
Ruborogota,Isingiro,Western,23260.936290740967,0.9313556668307084,1.0,0.06864433316929164,4,0.12961509236823465,1596.7314605712897,0.2565859606460055,0.29174016613331377,0.0351542054873083,0.47712967783920446,0.5764758448596788,0.0,0.9786197651904873,-0.23082739181083486
Rubuguri Town Council,Kisoro,Western,19130.177238464355,0.21837905582129033,0.354302494429446,0.13592343860815567,11,0.19116894348581315,2600.239471435547,0.1345884628716329,0.1987477794156018,0.06415931654396889,0.02859848109411509,0.0546483183300388,0.041420090898141235,0.1010267546025963,-0.1908751877850136
Rugaaga,Isingiro,Western,45375.08568286896,0.9556998159056532,0.9862773370435447,0.030577521137891472,4,0.08344210665236473,1387.4576416015623,0.17435219791142864,0.23027653734200854,0.055924339430579895,0.27387683642114846,0.2976099576455011,0.0,0.0,-0.05358969059707701
Rugando,Rwampara,Western,15396.896202087402,0.0,0.0,0.0,4,0.019233775230231898,0.0,0.0,0.0,0.0,0.10906391289376392,0.18435339998066053,0.0,0.0,-0.02582048734664067
Rugarama,Ntungamo,Western,40417.10940551758,0.0,0.0,0.0,4,0.0700538744883773,0.0,0.2718063035282729,0.3174501025942294,0.0456437990659565,0.628156930428964,0.6575330728432518,0.0,0.01645552010923362,-0.2226290653787044
Rugarama,Sheema,Western,9073.168045043945,0.0,0.0,0.0,4,0.09585514770110615,0.0,0.0,0.0,0.0,0.0,0.022289174675547946,0.0,0.0,-0.20369628339125392
Rugashari,Kagadi,Western,24349.865951538086,0.0,0.0,0.0,4,0.11466931250783807,0.0,0.18194570327101015,0.23259214762161967,0.050646444350609526,1.0,1.0,0.0,0.0,-0.4129800476460974
Rugendabara,Kasese,Western,12431.0514793396,0.09487280852667838,0.12242530915135588,0.027552500624677498,10,0.05319246247854681,342.50655364990246,0.4800249265176,0.5696213950491803,0.08959646853158032,0.504617868165478,0.5638439203867678,0.0218824938488783,0.08638582504210199,-0.04294688589470654
Rugyeyo,Kanungu,Western,25542.645706176758,0.0,0.0,0.0,4,0.04394872388445209,0.0,0.0,0.0,0.0,0.19501136944248262,0.24027090901249684,0.0,0.0,-0.2283064250012687
Ruhaama,Ntungamo,Western,30118.271224975586,0.0,0.015844439891549926,0.015844439891549926,4,0.10078046190238688,477.20713806152344,0.0,0.00776632387543541,0.00776632387543541,0.9112199516672299,0.955516597231869,0.0,1.0,-0.012462143858501917
Ruhija,Rubanda,Western,12015.98212814331,0.007474794851134804,0.02891918520361786,0.021444390352483054,4,0.1337935061599842,257.6754112243652,0.04348462231957819,0.10431573893171077,0.06083111661213258,0.5281367621795937,0.6336726821426528,0.0,0.02193410887422958,-0.1352332247792544
Ruhinda,Rukungiri,Western,29557.099884033203,0.0,0.0,0.0,4,0.02447289992614693,0.0,0.01121398830441957,0.032975160614228755,0.021761172309809184,0.2489819349044185,0.3289898832095338,0.0,0.0,-0.24907161351205587
Ruhumuro,Bushenyi,Western,15384.855987548828,0.0,0.0,0.0,10,0.06555452008402479,0.0,0.09771144268205341,0.19398083943509273,0.09626939675303932,0.07504264611450681,0.1371747428193082,0.0,0.0,-0.27060881605127207
Rukiri,Ibanda,Western,29473.547637939453,0.0,0.0,0.0,4,0.12717385660189756,0.0,0.007396717558479161,0.007396717558479161,0.0,0.6585843090516867,0.7578536542098502,0.0,0.0,-0.19469651686333975
Rukoki,Kasese,Western,18085.81739807129,0.0,0.0,0.0,10,0.029437311650940018,0.0,0.0,0.0,0.0,0.0,0.04814119174947125,0.0,0.0,-0.07225501216944587
Rukoni East,Ntungamo,Western,29881.61823272705,0.3411108404272381,0.7827646992627142,0.4416538588354761,4,0.1821073873186042,13197.332000732422,0.149234600806331,0.2679849854548862,0.1187503846485552,0.25354604581609796,0.37770469589048283,0.0,0.820039285602934,-0.18552436120733296
Rukoni West,Ntungamo,Western,19972.716232299805,0.03830322327127949,0.7561266216829727,0.7178233984116933,4,0.2034327016060995,14336.883041381836,0.12652913576145314,0.17334752833682687,0.046818392575373735,0.0,0.0,0.0,1.0,-0.09383022926422903
Rupa,Moroto,Northern,18449.74299621582,0.5450747363341492,0.5687830420602338,0.023708305726084622,4,0.17280691259288217,437.41214752197317,0.718482346670189,0.7276584579096903,0.00917611123950135,0.7560867399000948,0.7617545811004733,0.5890936140592758,0.5687830420602338,-0.018791108464443814
Rurehe,Mitooma,Western,14950.110595703125,0.0,0.0,0.0,4,0.04691038453316543,0.0,0.0,0.0,0.0,0.0,0.0,0.0,0.0,-0.3009241635669338
Rushango Town Council,Ibanda,Western,5148.366394042969,0.0,0.0,0.0,4,0.04956074693217105,0.0,1.0,1.0,0.0,0.9695949571808274,0.9695949571808274,0.0,0.0,-0.33120151188189195
Rushasha,Isingiro,Western,19064.55479478836,0.8450784777646245,1.0,0.15492152223537548,4,0.18295258709510476,2953.509849548339,0.3970248626887157,0.5004791089646513,0.10345424627593564,0.8556349053423837,0.9230991450342199,0.0,0.08550400412367179,-0.2776365683745272
Ruteete,Kabarole,Western,22778.671184539795,0.14852484321969545,0.20334691441488462,0.05482207119518917,10,0.07437565171976002,1248.7739334106448,0.18120611767190895,0.22173320207023828,0.04052708439832933,0.8667162497993836,0.9389235391937685,0.1397885656798495,0.18960611019888632,-0.014156601532004223
Ruteete,Kagadi,Western,17241.73747253418,0.0,0.0,0.0,4,0.06002093997353314,0.0,0.18621096928816444,0.2827667990353881,0.09655582974722365,0.17024320483975444,0.24269064797903314,0.0,0.0,-0.4832670132798541
Rutenga,Kanungu,Western,17124.085334777832,0.0,0.0,0.0,4,0.08853548306771375,0.0,0.0,0.0,0.0,0.3264571627153294,0.4387928050238003,0.0,0.018298332596248416,-0.054338965812558086
Rutoto,Rubirizi,Western,15634.208045959473,0.18431046902424641,0.19922537134399101,0.0149149023197446,10,0.07197575978193627,233.1826858520506,0.2573147943849147,0.3096948662115023,0.05238007182658755,0.2812445352295141,0.3998336474292479,0.16266602275967235,0.22760990538858308,-0.09833944836765914
Ruyonza,Kyegegwa,Western,52951.37643814087,1.0,1.0,0.0,4,0.12376241754053319,0.0,0.4705775079102707,0.5398780581768535,0.06930055026658283,1.0,1.0,0.0,1.0,-0.28445613642524004
Rwamucucu,Rukiga,Western,25895.703163146973,0.0,0.0,0.0,4,0.03662715521309251,0.0,0.006938251388871169,0.013334124270440912,0.006395872881569743,0.04841198120363808,0.061059535081655354,0.0,0.00733492965277176,-0.057939762258464866
Rwanyamahembe,Mbarara,Western,33308.78739929199,0.0,0.0,0.0,4,0.01930896464854509,0.0,0.070602042358776,0.07702517622033714,0.006423133861561139,0.009290500066183862,0.015267041309453073,0.0,0.0,0.02457998755739028
Rwashamaire Town Council,Ntungamo,Western,8899.612579345703,0.0,0.0,0.0,12,0.004028639381004118,0.0,0.0,0.0,0.0,0.0,0.0,0.0,0.0,0.17093666547442898
Rwebisengo,Ntoroko,Western,3853.2440371513367,0.9818397901272532,1.0,0.018160209872746802,4,0.16265204166716996,69.97572040557844,0.5035190900937649,0.5212534780018759,0.017734387908110993,1.0,1.0,0.1882515862658741,0.29899978322039067,-0.17787113484516648
Rwebisengo Town Council,Ntoroko,Western,2781.8712940216064,1.0,1.0,0.0,4,0.1446440021896196,0.0,0.9233284149321517,0.9233284149321517,0.0,1.0,1.0,0.0,0.0,0.09540747114173648
Rweikiniro,Ntungamo,Western,35959.56935119629,0.0034528865754030196,0.025155575984925564,0.021702689409522545,4,0.07200000729837996,780.4193649291992,0.03027309417620095,0.05855339421682601,0.02828030004062506,0.9738472205927896,0.9738472205927896,0.0,0.41595936208564843,-0.05917335249463866
Rwemikoma,Kazo,Western,32090.141450881958,0.7388168069041697,0.9477456653765979,0.20892885847242815,4,0.15804203471192602,6704.556621551516,0.23774529754998794,0.286365118997134,0.04861982144714608,0.9243136367729511,0.938771917438689,0.0,0.9918206014061021,-0.27188554638202544
Rwengwe,Buhweju,Western,21929.829956054688,0.019314761142198895,0.3828734222575048,0.36355866111530594,4,0.1366568536276418,7972.77961730957,0.0,0.010117043153336747,0.010117043153336747,0.019233260833404837,0.042872707384736405,0.0,0.10301241057243533,-0.16348239676293638
Rwenkoba Town Council,Ibanda,Western,2904.3899841308594,0.0,0.0,0.0,4,0.09631977167482508,0.0,0.0,0.0,0.0,0.3458566300959093,0.5302450525473954,0.0,0.0,0.1571820899928908
Rwentuha,Kyegegwa,Western,60224.0380897522,0.6057597405401851,0.707038050201131,0.10127830966094586,4,0.12323229712642791,6099.388778686522,0.6926925856593649,0.7422084219935158,0.04951583633415091,1.0,1.0,0.0040893849333016345,0.7027623334117258,-0.25144802394474686
Rwentuha Town Council,Bushenyi,Western,6268.023742675781,0.0,0.0,0.0,4,0.004490744109888922,0.0,0.20229675844662065,0.20229675844662065,0.0,0.0,0.0,0.0,0.0,0.2923473135786418
Rwerere Town Council,Rukungiri,Western,4218.240509033203,0.0,0.0,0.0,4,0.017289128045522822,0.0,0.0,0.0,0.0,0.0,0.0,0.0,0.0,-0.18808587195191148
Rwimi,Bunyangabu,Western,21733.87857055664,0.0,0.0,0.0,10,0.026324611986413005,0.0,0.5969382559683482,0.6505048607153258,0.05356660474697761,0.57801470969124,0.6303098287195964,0.0,0.0,-0.018885770956197406
Rwimi Town Council,Bunyangabu,Western,20639.248275756836,0.0,0.0,0.0,10,0.010187790504423755,0.0,0.1193574189350541,0.1193574189350541,0.0,0.1713667052237382,0.20967012289894854,0.0,0.0,0.12821674093183028
Ryakirimira Town Council,Kabale,Western,9658.29963684082,0.0,0.0,0.0,4,0.07379695267465503,0.0,0.0,0.0,0.0,0.0,0.0,0.0,0.0,0.061952621214090654
Ryeru,Rubirizi,Western,13219.030479431152,0.0,0.0075180736860600205,0.0075180736860600205,10,0.024032296776831108,99.38164520263672,0.024389567845881633,0.056835099786695285,0.03244553194081365,0.07975848098670568,0.11458150049055496,0.0,0.0075180736860600205,-0.00916426806295089
Sanga,Kiruhura,Western,6184.831432532519,0.1635574940525036,0.3435789705036385,0.1800214764511349,4,0.12083252296995217,1113.4024860858917,0.5355633858060638,0.5828569908810329,0.04729360507496916,1.0,1.0,0.038707874793267094,0.3164110678464899,-0.35406994759207727
Sanga Town Council,Kiruhura,Western,12506.486243963242,0.0,0.014058404296661654,0.014058404296661654,4,0.02829785780550953,175.8212399482727,0.14237628731499885,0.18668437371307744,0.044308086398078594,1.0,1.0,0.0,0.0109052147405706,0.1522866845800976
Sangar,Karenga,Northern,3284.1213340759277,0.38697831552962925,0.7991899854246894,0.4122116698950602,8,0.21581765154286137,1353.753139257431,0.6696403711910381,0.7165547299108677,0.04691435871982952,1.0,1.0,0.9272577434747179,0.9219395797729332,-0.2262803481237526
Seeta Namuganga,Mukono,Central,50675.617820739746,0.0,0.003609520030714118,0.003609520030714118,4,0.06104235662593588,182.91465759277344,0.2915799862778231,0.3663536184016894,0.07477363212386628,0.7373158994889031,0.788375446394751,0.0,0.005863185286763258,-0.2405091781756619
Sembabule Town Council,Ssembabule,Central,8633.850456237793,0.9856535375363924,1.0,0.014346462463607601,4,0.08673321469450479,123.86521148681686,0.0,0.0,0.0,0.0,0.0,0.0,0.0,0.2593566533922299
Semuto,Nakaseke,Central,33184.557273864746,0.0,0.0,0.0,4,0.058770311480362825,0.0,0.08743409654128202,0.13093632695710994,0.04350223041582792,0.04490999371978306,0.06457368298334856,0.0,0.0,0.09175327910159214
Semuto Town Council,Nakaseke,Central,11157.75473022461,0.0,0.0,0.0,4,0.05674940300496378,0.0,0.0,0.0,0.0,0.0,0.0,0.0,0.0,0.4642403064168951
Senendet,Bukwo,Eastern,12900.278778076172,0.0,0.0,0.0,5,0.05355483340741976,0.0,0.0,0.0,0.0,0.0,0.0,0.0,1.0,-0.21493581102088233
Serere Town Council,Serere,Eastern,10014.711791992188,0.0,0.0,0.0,5,0.07860819452782453,0.0,0.3201321623769835,0.43958124978463387,0.11944908740765037,0.2770691671169678,0.47106567811290256,0.0,0.0,0.020641570150537438
Sheema Central Division,Sheema,Western,24534.37240600586,0.0,0.0,0.0,4,0.015079300906963966,0.0,0.0,0.0,0.0,0.0,0.0,0.0,0.0,0.1446029972467614
Shuuku Town Council,Sheema,Western,17368.14825439453,0.0,0.0,0.0,4,0.054266074458941105,0.0,0.0,0.0,0.0,0.0,0.0,0.0,0.0,0.0008537433990003504
Sibanga,Manafwa,Eastern,10242.667114257812,0.0,0.0,0.0,4,0.044247252924973,0.0,0.12116786364730799,0.17827088188531026,0.057103018238002276,0.0,0.0,0.0,0.0,-0.05220106787524215
Sidok,Kaabong,Northern,10349.00753325224,0.08923542235069404,0.17649717969801193,0.08726175734731789,8,0.13397126420225203,903.0725841522218,0.24089221015643814,0.32828611478114644,0.08739390462470831,0.7325722741742997,0.7772145963520415,1.0,1.0,-0.28885053009705247
Sigulu Island,Namayingo,Eastern,14162.776211738586,1.0,1.0,0.0,4,0.4717497087044096,0.0,0.1061540644851548,0.1547827553425258,0.04862869085737101,1.0,1.0,0.0021716862796655172,1.0,-0.1957037037670242
Sikuda,Busia,Eastern,25375.919311523438,0.0,0.0,0.0,4,0.0646022597604794,0.0,0.0,0.0,0.0,0.18531483587455286,0.25487345919734017,0.0,0.0,0.007384037676128841
Simu,Bulambuli,Eastern,8579.820343017578,0.0,0.0,0.0,5,0.0624878850593934,0.0,0.0,0.0,0.0,0.1519942584575411,0.5469098508129053,0.0,0.0,0.03941385701275531
Sindila,Bundibugyo,Western,10838.899085998535,0.8665976377765426,0.8770304652556148,0.010432827479072149,4,0.33263286915411694,113.08036422729552,0.6255378392241799,0.6939102159128829,0.068372376688703,0.8814561560899662,0.8975497649595473,0.8188200376395274,0.8620573659776168,-0.43950397125055435
Sipi,Kapchorwa,Eastern,9903.427791595459,0.2398323142613161,0.2737222656154342,0.033889951354118125,5,0.09999564452953713,335.6266860961916,0.3479318099258484,0.3675321920994014,0.019600382173553033,0.4377463027676742,0.4836474145287833,0.22829774581179269,0.2398323142613161,-0.06775184353354699
Sironko Town Council,Sironko,Eastern,23153.11085510254,0.0,0.0,0.0,5,0.01337291385691397,0.0,0.0,0.010734190041378471,0.010734190041378471,0.24650986691766755,0.3191382357941659,0.0,0.0,0.5546681740610273
Sisiyi,Bulambuli,Eastern,20985.55972290039,0.0,0.0,0.0,5,0.022480365647968847,0.0,0.0,0.0,0.0,0.0,0.0,0.0,0.0,0.04191205455098526
Sisuni,Manafwa,Eastern,5582.402740478516,0.0,0.0,0.0,5,0.06252744093461682,0.0,0.0,0.0,0.0,0.0,0.0,0.0,0.0,-0.0563845929646488
Sop-Sop,Tororo,Eastern,17871.119659423828,0.0,0.0,0.0,4,0.15324634151707694,0.0,0.0,0.03191054629089173,0.03191054629089173,0.41866159912439316,0.5716536759270866,0.0,0.0,-0.26276109317594243
Soroti,Soroti,Eastern,25820.25813293457,0.0,0.0,0.0,5,0.026628086132040457,0.0,0.07276087027644006,0.1220983016004684,0.04933743132402835,0.0,0.0,0.0,0.0,0.170149131353037
South Division,Kotido,Northern,11292.16519165039,1.0,1.0,0.0,8,0.22334362731548585,0.0,0.13676028220660774,0.1481574843256004,0.011397202118992672,0.21087026863095795,0.22495477911678732,0.0,1.0,-0.4253611983060638
Southern,Kisoro,Western,6043.172668457031,0.0,0.0,0.0,4,0.003163270102131282,0.0,0.0,0.0,0.0,0.0,0.0,0.0,0.0,1.0241082299248931
Southern Division,Mubende,Central,40452.34677886963,0.0,0.0,0.0,10,0.03181784429859902,0.0,0.135904656095092,0.14736457081574028,0.011459914720648279,0.17600419700913375,0.21132678223702547,0.0,1.0,0.025650125954458328
Southern Division,Kamuli,Eastern,36518.95869445801,0.0,0.0,0.0,4,0.014434256037239732,0.0,0.0,0.0,0.0,0.0,0.0,0.0,0.0,0.19817626870985988
Southern Division,Kumi,Eastern,28665.318969726562,0.0,0.0,0.0,5,0.009114091050405365,0.0,0.1420254098206967,0.2120337414686353,0.0700083316479386,0.0,0.0,0.0,0.0,0.09497457273449346
Southern Division,Koboko,Northern,26037.343383789062,0.0,0.0,0.0,10,0.001531401237686584,0.0,0.0,0.0,0.0,0.0,0.0,0.0,0.0,0.5677957441539385
Southern Division,Kabale,Western,23009.381958007812,0.0,0.0,0.0,4,0.006086671837774879,0.0,0.0,0.0,0.0,0.0,0.0,0.0,0.0,0.8641258178313884
Southern Division,Kabarole,Western,21869.703002929688,0.0,0.0,0.0,10,0.0019216846423344217,0.0,0.0,0.0,0.0,0.0,0.0,0.0,0.0,1.263445096574083
Southern Division,Rukungiri,Western,11630.917861938477,0.0,0.0,0.0,4,0.003777990275571755,0.0,0.0,0.0,0.0,0.0,0.0,0.0,0.0,0.19690514404069964
Southern Divison,Moroto,Northern,3524.74853515625,0.0,0.0,0.0,1,0.0,0.0,0.0,0.0,0.0,0.0,0.0,0.0,0.0,0.093
Ssekanyonyi,Mityana,Central,31136.24334716797,0.0,0.0,0.0,4,0.05876209174984626,0.0,0.0,0.028346877389184198,0.028346877389184198,0.012932129901362048,0.02925121825776674,0.0,0.13778613335880208,-0.19930963141356967
Ssi-Bukunja,Buikwe,Central,31595.703545570374,0.0,0.0009481384486930393,0.0009481384486930393,4,0.08881730420686351,29.957101345062256,0.1952582250999539,0.34920498842669306,0.15394676332673915,0.7290120594654774,0.8072693493713433,0.0,0.38717375154167255,-0.19686846655728477
Suam,Bukwo,Eastern,8203.615921020508,0.29518309444624696,0.3095802992429919,0.014397204796744945,5,0.21969972110943992,118.10913848876964,0.3574954823248645,0.3574954823248645,0.0,0.30958046154934277,0.3311973271634193,0.29518309444624696,1.0,-0.10984265001600427
Tapac,Moroto,Northern,18853.54852962494,0.8587516792408899,0.8969397358297926,0.038188056588902675,4,0.29981627888829476,719.9803781509399,0.8898691645683445,0.911873793491504,0.022004628923159464,0.990229763947109,1.0,0.8777383096978383,0.8969397358297926,-0.44476965300065746
Tara,Maracha,Northern,23374.77894592285,0.0,0.0,0.0,10,0.0362398605168775,0.0,0.0,0.0,0.0,0.5497279861349699,0.630952156602043,0.0,0.0,-0.21637471334853375
Thatha Division,Nebbi,Northern,14590.145629882812,0.0,0.0,0.0,8,0.0017487035404861462,0.0,0.0,0.0,0.0,0.0,0.0,0.0,0.0,0.1592266851690728
Tirinyi,Kibuku,Eastern,27010.027618408203,0.006609849833727106,0.04919044015302002,0.04258059031929291,4,0.1359420329469022,1150.1029205322266,0.06724350743285022,0.11130785331332628,0.04406434588047606,0.20009603244291088,0.21192836908921292,0.0,0.0,-0.11113863325691652
Tokwe,Bundibugyo,Western,18901.031856536865,0.15518596870611984,0.1686670639204691,0.013481095214349259,4,0.04756620520946886,254.80661010742202,0.19165850408906007,0.24278183623767163,0.05112333214861156,0.23076479257232382,0.2390489639706633,0.15518596870611984,0.18223528367843655,-0.1335084841661443
Toroma,Katakwi,Eastern,15202.637140929699,0.018371062658543453,0.045982161311863404,0.02761109865331995,5,0.07935933744824675,419.76151388883585,0.09486725353619775,0.12364279184601719,0.028775538309819437,1.0,1.0,0.001098981502773621,0.045982161311863404,-0.2815142615981989
Tsekululu,Namisindwa,Eastern,18272.18536376953,0.0,0.0,0.0,5,0.07683099296904933,0.0,0.0,0.0,0.0,0.0,0.042676105402628645,0.0,0.0,-0.3921260242303972
Ttamu Division,Mityana,Central,27059.7391204834,0.0,0.0,0.0,4,0.02220191769903937,0.0,0.0,0.0,0.0,0.11812660015309227,0.1863541217082551,0.0,0.14829490357007302,0.3775312764427782
Tubur,Soroti,Eastern,29457.257873535156,0.018898194725092382,0.34103871123952634,0.322140516514434,5,0.14277449397685205,9489.376266479492,0.23466569951195487,0.3535583626960104,0.1188926631840555,0.6740173831528223,0.7683551587830438,0.0,0.19465727872531016,-0.2834651416831299
Tulel,Bukwo,Eastern,8998.079814910889,0.0,0.0056198295277448155,0.0056198295277448155,5,0.15838227893164186,50.56767463684081,0.013358957049651801,0.03652622838548078,0.02316727133582898,0.6123072468497629,0.950542590047035,0.0,0.09748504217285722,-0.2721643225846769
Ukusijoni,Adjumani,Northern,13050.318315029144,0.5961473966950968,0.6228093459873653,0.026661949292268505,8,0.30597311277332007,347.94692516327,0.6060898319223283,0.6437921865436551,0.03770235462132676,0.7108321675038192,0.7516426113126417,0.42079533350316567,0.3854150866085308,-0.27311339095091597
Uleppi,Madi Okollo,Northern,12167.403049468994,0.0,0.0,0.0,8,0.020425802738300358,0.0,0.05870465728053252,0.09887723402369443,0.04017257674316191,1.0,1.0,0.0,0.0,-0.21796013982061646
Unyama,Gulu,Northern,22108.691856384277,0.0,0.0,0.0,8,0.023853389622849663,0.0,0.0746145827229018,0.12855893409601296,0.053944351373111155,0.5373977541082289,0.5635284374660372,0.0,0.0,-0.12284777004150471
Uriama,Arua,Northern,33248.490089416504,0.18314971478927838,0.29000940673177805,0.10685969194249967,10,0.12490977196630082,3552.923408508301,0.20199681408725492,0.23204775619513382,0.030050942107878897,0.9685995144426223,0.9913485082749002,0.0,0.0,-0.18312693588394513
Usuk,Katakwi,Eastern,27210.373838424683,0.0,0.0,0.0,8,0.03695112062313349,0.0,0.4814442474696753,0.5498171530774262,0.06837290560775089,0.8268155583166474,0.8944522947765087,0.0,0.0,-0.3250729654562973
Vurra,Arua,Northern,55433.0125579834,0.0,0.0,0.0,10,0.03085376032588033,0.0,0.048529312546515394,0.12409433620702927,0.07556502366051387,0.2461002300875676,0.256698427544005,0.0,0.0,0.036210988652949784
Wabinyonyi,Nakasongola,Central,24359.912755966187,1.0,1.0,0.0,4,0.09015346989847295,0.0,0.4366650609936076,0.48799741056670554,0.05133234957309796,0.3514927120797177,0.39587000973530834,0.014845986129047563,0.32775081614556034,-0.17449236113289163
Wadelai,Pakwach,Northern,33377.90926742554,0.9835033384321068,0.9984656064837866,0.014962268051679772,10,0.242961900208297,499.4092254638673,0.20424158843711862,0.23638923564537737,0.032147647208258745,1.0,1.0,0.0010545143130667677,0.09747087184400247,-0.31609419883031337
Waibuga,Luuka,Eastern,44140.049743652344,0.0,0.0,0.0,4,0.05028165259454337,0.0,0.0,0.0,0.0,0.4136820467726043,0.5123276901719275,0.0,0.0,0.08594231992514563
Wairasa,Mayuge,Eastern,21148.689002990723,0.0,0.0,0.0,4,0.07309927029205082,0.0,0.01722800554652765,0.1406330203063259,0.12340501475979826,0.15425102202048876,0.35442132155420764,0.0,0.0,0.028437021004698675
Wakisi Division,Buikwe,Central,50409.68000411987,0.005091054717218842,0.016663424525471208,0.011572369808252367,4,0.042392625933372896,583.3594589233398,0.29461873824616613,0.31597173322560257,0.021352994979436435,0.21529214108115394,0.2677041376999389,0.002605833746406588,0.019369325658316016,0.012131275110657272
Wakiso,Wakiso,Central,287273.6805419922,0.0,0.0,0.0,4,0.00638287409199656,0.0,0.0,0.0,0.0,0.006209862905789704,0.019449226853156337,0.0,0.0,0.9861534252145162
Wakiso Town Council,Wakiso,Central,108494.71368408203,0.0,0.0,0.0,4,0.009737043077064286,0.0,0.0,0.0,0.0,0.0,0.0,0.0,0.0,0.6126029693914498
Wakyato,Nakaseke,Central,16533.338633060455,0.151949445062584,0.23140846647704322,0.07945902141445921,4,0.09981781657411481,1313.7229084968565,0.46011956850591423,0.5015670057194015,0.04144743721348726,0.7330935649615575,0.7466212514296322,0.09482955818308977,0.39281722083491094,-0.2964600375879364
Wanale,Mbale,Eastern,16795.666015625,0.0,0.0,0.0,5,0.0253942935197628,0.0,0.0,0.0,0.0,0.0,0.10335267808296632,0.0,0.0,0.028101785898165237
Wanale Division,Mbale,Eastern,21032.00830078125,0.0,0.0,0.0,4,0.002120446948056798,0.0,0.0,0.0,0.0,0.0,0.0,0.0,0.0,0.9229799416361125
Wankole,Kamuli,Eastern,26361.192413330078,0.0,0.0,0.0,4,0.04718781735474814,0.0,0.0,0.0,0.0,0.6588006066544068,0.714145173725528,0.0,0.0,-0.12763759933735766
Warr,Zombo,Northern,27078.458572387695,0.0,0.0,0.0,9,0.08049903922554824,0.0,0.0,0.0,0.0,0.9198204442982271,0.9368220655386563,0.0,0.0,-0.07907103836658243
Wattuba,Kyankwanzi,Central,30446.121353149414,0.0,0.0,0.0,4,0.025811624024492053,0.0,0.21735680692280412,0.2709457857756376,0.05358897885283348,0.625808203804534,0.6742736521215335,0.0,0.013925287873892925,-0.20396165615656386
Wera,Amuria,Eastern,31844.62240600586,0.0,0.03187388741947944,0.03187388741947944,5,0.036219896797454354,1015.0119094848633,0.23399047759485497,0.2729420900636647,0.03895161246880974,1.0,1.0,0.0016579401570020506,0.02282658799827582,-0.4019108880965676
West Division,Kotido,Northern,15588.30138015747,1.0,1.0,0.0,8,0.16148038430903844,0.0,0.31109711541373253,0.3644482259889626,0.053351110575230065,0.3504725720257449,0.3811617275385569,0.0,1.0,-0.30915907195459646
Western Division,Mubende,Central,50136.989181518555,0.0,0.0,0.0,10,0.031089849364329514,0.0,0.023477799322824126,0.049951888970184,0.026474089647359877,0.053376814528124,0.07371989864633843,0.0,1.0,0.4340597584520477
Western Division,Bugiri,Eastern,18609.215576171875,0.0,0.0,0.0,4,0.00031173945499798905,0.0,0.0,0.0,0.0,0.0,0.0,0.0,0.0,0.6987665431826288
Western Division,Busia,Eastern,21105.587890625,0.0,0.0,0.0,4,0.002747935225367676,0.0,0.0,0.0,0.0,0.0,0.0,0.0,0.0,1.236
Western Division,Kapchorwa,Eastern,26038.649810791016,0.03126827835040707,0.03907649760852315,0.007808219258116082,5,0.03561124898171722,203.3154869079591,0.047949272858555624,0.07451042352804503,0.026561150669489407,0.07256844876873221,0.1035675354431295,0.03647670433973802,0.04596438222104333,-0.06871821460497222
Western Division,Soroti,Eastern,19961.561767578125,0.0,0.0,0.0,5,0.01169412580682519,0.0,0.0,0.0,0.0,0.0,0.0,0.0,0.0,0.8514529770026639
Western Division,Tororo,Eastern,30982.418884277344,0.0,0.0,0.0,4,0.011888706224770042,0.0,0.0,0.0,0.0,0.0,0.0,0.0,0.0,1.0157180975997344
Western Division,Koboko,Northern,14155.132751464844,0.0,0.0,0.0,10,0.006195933289730282,0.0,0.0,0.03083300952952296,0.03083300952952296,0.0,0.0,0.0,0.0,0.2267863839087397
Western Division,Kabarole,Western,18646.587280273438,0.0,0.0,0.0,10,0.0027491413326134195,0.0,0.0,0.0,0.0,0.0,0.0,0.0,0.0,0.64519994404294
Western Division,Ntungamo,Western,6485.393005371094,0.0,0.0,0.0,4,0.023887572613199626,0.0,0.0,0.0,0.0,0.0,0.0,0.0,0.0,0.6351669964859339
Western Division,Rukungiri,Western,15061.589660644531,0.0,0.0,0.0,4,0.0035939766425517466,0.0,0.0,0.0,0.0,0.0,0.0,0.0,0.0,0.456767328776212
Weswa,Manafwa,Eastern,10663.02587890625,0.0,0.0,0.0,5,0.02365296195262309,0.0,0.0,0.0,0.0,0.0,0.0,0.0,0.0,-0.1905400038886564
Willa,Amuria,Eastern,17892.153743743896,0.9893282147091266,1.0,0.010671785290873426,8,0.1822783985930101,190.94122314453202,0.11180906953712941,0.2481296923567264,0.136320622819597,0.4429885035795059,0.5277195384415079,0.0,1.0,-0.3021373362418469
Wobulenzi Town Council,Luwero,Central,31951.317657470703,0.0,0.0,0.0,4,0.11556287067804943,0.0,0.0,0.0,0.0,0.9740097899689089,0.9867266352383435,0.0,0.0,0.7793886758218866
Wol,Agago,Northern,26221.263525009155,0.094115688414766,0.5847663109015238,0.4906506224867577,8,0.2786660435853944,12865.479270935057,0.28681237396485054,0.36172638885067254,0.074914014885822,0.8606626185964639,0.8800678229393057,0.0031509957084206175,0.9949719155396388,-0.3268363215944628
Yivu,Maracha,Northern,29070.69300842285,0.0,0.0,0.0,10,0.027602231520456183,0.0,0.0,0.0,0.0,0.20015233156840115,0.28246315293818053,0.0,0.0,-0.15125353837306085
Yumbe Town Council,Yumbe,Northern,57432.553649902344,0.0,0.0,0.0,10,0.013609536674500093,0.0,0.0,0.0,0.0,0.0,0.0,0.0,0.0,0.44489329432198
Zesui,Sironko,Eastern,14138.440032958984,0.0,0.02402702706978832,0.02402702706978832,5,0.1818135858056641,339.7046813964844,0.0,0.05185478169631628,0.05185478169631628,0.2543506450055018,0.5099971972695048,0.0,0.0,-0.2593968609073947
Zeu,Zombo,Northern,24508.26188659668,0.0,0.0,0.0,9,0.07187085202320437,0.0,0.09723981174185153,0.11953525186240922,0.02229544012055769,1.0,1.0,0.0,0.0,-0.198371896094801
Zirobwe,Luwero,Central,56762.94105529785,0.012467328955286875,0.1182834828076638,0.10581615385237693,4,0.12710679235440248,6006.4361038208,0.025055728354165283,0.08147456353552533,0.05641883518136005,0.8825877174613047,0.9201705033576325,0.0,0.006480620733764269,-0.16945506684251305
Zombo Town Council,Zombo,Northern,19103.584396362305,0.0,0.0,0.0,9,0.040336457294345485,0.0,0.021550374188847903,0.03807417074534848,0.01652379655650058,0.017889368840679983,0.058744845052849055,0.0,0.0,-0.022346806749806682
